split,coco_id,label,expected_class,image_file,marked_area,mean_probability,p95_probability,p99_probability,max_probability,predicted_area_original,ground_truth_area,duration_seconds,windows,original_width,original_height,processed_width,processed_height,pixel_tp,pixel_fp,pixel_fn,pixel_iou,pixel_f1
calibration,000000000285,0,real,000000000285_real.png,0.0,0.006165138445794582,0.018337706103920937,0.04536361247301102,0.125860795378685,0.0,0.0,1.015673151000101,25,256,256,1016,1016,0,0,0,1.0,1.0
calibration,000000000285,1,manipulated,000000000285_manipulated.png,0.06480950461900924,0.16707885265350342,0.54024338722229,0.6503738164901733,0.7550435662269592,0.0640106201171875,0.782501220703125,0.9035898790000374,25,256,256,1016,1016,4095,100,47187,0.07969717021525048,0.14762874704832632
calibration,000000001675,0,real,000000001675_real.png,0.0,0.013951683416962624,0.07146293669939041,0.19043637812137604,0.36737164855003357,0.0,0.0,0.899104847999979,25,256,256,1016,1016,0,0,0,1.0,1.0
calibration,000000001675,1,manipulated,000000001675_manipulated.png,0.06443169136338273,0.08887012302875519,0.6616973876953125,0.9201241731643677,0.9678630828857422,0.0644683837890625,0.185211181640625,0.873653731000104,25,256,256,1016,1016,4176,49,7962,0.34266021170099287,0.5104198496608201
calibration,000000002149,0,real,000000002149_real.png,0.0,0.008052045479416847,0.03254852443933487,0.07266739755868912,0.15159916877746582,0.0,0.0,0.868148538000014,25,256,256,1016,1016,0,0,0,1.0,1.0
calibration,000000002149,1,manipulated,000000002149_manipulated.png,0.7752030504061008,0.7697819471359253,0.9995906949043274,0.9996823072433472,0.9997991919517517,0.7730865478515625,0.7581329345703125,0.9327175670000543,25,256,256,1016,1016,49558,1107,127,0.9757048354071507,0.9877030393622321
calibration,000000008277,0,real,000000008277_real.png,0.0,0.009988092817366123,0.03442414849996567,0.052202630788087845,0.09583009034395218,0.0,0.0,1.0251814959999592,25,256,256,1016,1016,0,0,0,1.0,1.0
calibration,000000008277,1,manipulated,000000008277_manipulated.png,0.027106647963295927,0.03703640401363373,0.10365934669971466,0.7299453020095825,0.9241230487823486,0.026947021484375,0.030426025390625,1.0103216709999288,25,256,256,1016,1016,1659,107,335,0.7896239885768681,0.8824468085106383
calibration,000000010363,0,real,000000010363_real.png,0.0,0.0007692017825320363,0.0021601940970867872,0.0034195121843367815,0.012017929926514626,0.0,0.0,1.021583087999943,25,256,256,1016,1016,0,0,0,1.0,1.0
calibration,000000010363,1,manipulated,000000010363_manipulated.png,0.48355737336474675,0.4861586093902588,0.99793541431427,0.9988543391227722,0.9993357062339783,0.481414794921875,0.53631591796875,0.9679978280000796,25,256,256,1016,1016,31358,192,3790,0.8873231465761177,0.9402980599118415
calibration,000000015440,0,real,000000015440_real.png,0.0,0.009494365192949772,0.03602709248661995,0.20555703341960907,0.41668206453323364,0.0,0.0,0.918888989999914,25,256,256,1016,1016,0,0,0,1.0,1.0
calibration,000000015440,1,manipulated,000000015440_manipulated.png,0.037920825841651684,0.05324739217758179,0.3032621145248413,0.8307390809059143,0.9305822253227234,0.0378570556640625,0.0370635986328125,0.9104253319999316,25,256,256,1016,1016,2200,281,229,0.8118081180811808,0.8961303462321792
calibration,000000015517,0,real,000000015517_real.png,0.0,0.003768962575122714,0.013890495523810387,0.02692084200680256,0.12025430053472519,0.0,0.0,0.9107007609998163,25,256,256,1016,1016,0,0,0,1.0,1.0
calibration,000000015517,1,manipulated,000000015517_manipulated.png,0.04972313069626139,0.06772743910551071,0.49548420310020447,0.9315071702003479,0.9794253706932068,0.049774169921875,0.1201171875,0.9151624609999089,25,256,256,1016,1016,2998,264,4874,0.3684857423795477,0.5385306269085683
calibration,000000017178,0,real,000000017178_real.png,0.0,0.0025627112481743097,0.010982253588736057,0.022594472393393517,0.07951534539461136,0.0,0.0,0.9202191739998398,25,256,256,1016,1016,0,0,0,1.0,1.0
calibration,000000017178,1,manipulated,000000017178_manipulated.png,0.030418810837621674,0.04087065905332565,0.2688943147659302,0.7249763011932373,0.8544792532920837,0.030364990234375,0.04193115234375,0.8874927809999917,25,256,256,1016,1016,1472,518,1276,0.4507042253521127,0.6213592233009708
calibration,000000020247,0,real,000000020247_real.png,0.0,0.007881028577685356,0.022798405960202217,0.047911886125802994,0.09340327978134155,0.0,0.0,0.9164220279999427,25,256,256,1016,1016,0,0,0,1.0,1.0
calibration,000000020247,1,manipulated,000000020247_manipulated.png,0.16681714613429227,0.16468173265457153,0.9926102161407471,0.9964737296104431,0.998246431350708,0.166656494140625,0.1683197021484375,0.9221258269999453,25,256,256,1016,1016,10532,390,499,0.9221609316171964,0.9595043957545666
calibration,000000022589,0,real,000000022589_real.png,0.0,0.0019564423710107803,0.006365276873111725,0.011127829551696777,0.02283824048936367,0.0,0.0,0.9217509079999218,25,256,256,1016,1016,0,0,0,1.0,1.0
calibration,000000022589,1,manipulated,000000022589_manipulated.png,0.2808140616281233,0.2682419717311859,0.9525479078292847,0.9851318001747131,0.9922433495521545,0.280975341796875,0.3739776611328125,0.964136112999995,25,256,256,1016,1016,17498,916,7011,0.688220255653884,0.815320457563544
calibration,000000025139,0,real,000000025139_real.png,0.0,0.0013934356393292546,0.0034514975268393755,0.008466001600027084,0.03651830926537514,0.0,0.0,1.0365980670001136,25,256,256,1016,1016,0,0,0,1.0,1.0
calibration,000000025139,1,manipulated,000000025139_manipulated.png,0.4691965946431893,0.4305623173713684,0.9210405349731445,0.9728151559829712,0.9926398992538452,0.4685516357421875,0.826263427734375,1.0209782779998022,25,256,256,1016,1016,30538,169,23612,0.5621973894953883,0.7197520534546354
calibration,000000029675,0,real,000000029675_real.png,0.0,0.027454519644379616,0.09097146987915039,0.20752277970314026,0.3188292384147644,0.0,0.0,0.9914986830001453,25,256,256,1016,1016,0,0,0,1.0,1.0
calibration,000000029675,1,manipulated,000000029675_manipulated.png,0.40441324632649267,0.3529788553714752,0.8051384687423706,0.8826585412025452,0.967157781124115,0.402252197265625,0.5254364013671875,0.9088841239999965,25,256,256,1016,1016,24994,1368,9441,0.6980979247549088,0.8222116222839942
calibration,000000030213,0,real,000000030213_real.png,0.0,0.007131855934858322,0.036491893231868744,0.09764156490564346,0.1783551424741745,0.0,0.0,0.9203391470000497,25,256,256,1016,1016,0,0,0,1.0,1.0
calibration,000000030213,1,manipulated,000000030213_manipulated.png,0.020668322586645173,0.02426678128540516,0.07364128530025482,0.7242205142974854,0.8618317246437073,0.0208892822265625,0.021514892578125,0.9300809680000839,25,256,256,1016,1016,1298,71,112,0.8764348413234301,0.9341489744512415
calibration,000000031269,0,real,000000031269_real.png,0.0,0.005413724575191736,0.024882635101675987,0.06338310986757278,0.23315097391605377,0.0,0.0,0.930642564999971,25,256,256,1016,1016,0,0,0,1.0,1.0
calibration,000000031269,1,manipulated,000000031269_manipulated.png,0.09859666594333188,0.11317958682775497,0.9387920498847961,0.9857931137084961,0.9958838820457458,0.098907470703125,0.1732940673828125,0.9202908879999541,25,256,256,1016,1016,5951,531,5406,0.5005888290713324,0.6671898649027412
calibration,000000032610,0,real,000000032610_real.png,0.0,0.0009690685546956956,0.002898754319176078,0.007019490003585815,0.01662418246269226,0.0,0.0,0.9229720260000249,25,256,256,1016,1016,0,0,0,1.0,1.0
calibration,000000032610,1,manipulated,000000032610_manipulated.png,0.2242990110980222,0.21735259890556335,0.9783580303192139,0.99094557762146,0.9947517514228821,0.224761962890625,0.23590087890625,0.920016546999932,25,256,256,1016,1016,14576,154,884,0.9335211989240425,0.9656177542232527
calibration,000000034205,0,real,000000034205_real.png,0.0,0.01615135557949543,0.07860385626554489,0.1587934046983719,0.32183101773262024,0.0,0.0,0.9244418109999515,25,256,256,1016,1016,0,0,0,1.0,1.0
calibration,000000034205,1,manipulated,000000034205_manipulated.png,0.05998608872217744,0.0832812488079071,0.5540038347244263,0.7226217985153198,0.819866955280304,0.0604095458984375,0.0984039306640625,0.917758423999885,25,256,256,1016,1016,3799,160,2650,0.5748222121349674,0.7300153727901614
calibration,000000035963,0,real,000000035963_real.png,0.0,0.001617366331629455,0.005429660901427269,0.015289409086108208,0.05413912609219551,0.0,0.0,0.9454396100002214,25,256,256,1016,1016,0,0,0,1.0,1.0
calibration,000000035963,1,manipulated,000000035963_manipulated.png,0.10193789137578275,0.09896020591259003,0.9717756509780884,0.9937987327575684,0.9965318441390991,0.1021270751953125,0.103424072265625,1.0140305990000797,25,256,256,1016,1016,6269,424,509,0.8704526520410997,0.9307401083809665
calibration,000000043581,0,real,000000043581_real.png,0.0,0.02234649658203125,0.1326751410961151,0.3512546420097351,0.4918554127216339,0.0,0.0,1.0296969849998732,25,256,256,1016,1016,0,0,0,1.0,1.0
calibration,000000043581,1,manipulated,000000043581_manipulated.png,0.30301591853183707,0.28772950172424316,0.9479299783706665,0.9700660705566406,0.9830474257469177,0.3022613525390625,0.2973785400390625,0.9955986560000838,25,256,256,1016,1016,19173,636,316,0.952695652173913,0.9757748485928037
calibration,000000044652,0,real,000000044652_real.png,0.0,0.004023503512144089,0.017231713980436325,0.0300800409168005,0.05089593306183815,0.0,0.0,0.9425638269999581,25,256,256,1016,1016,0,0,0,1.0,1.0
calibration,000000044652,1,manipulated,000000044652_manipulated.png,0.04863522227044454,0.05180579796433449,0.4211728572845459,0.9914541244506836,0.9959348440170288,0.0488739013671875,0.0417938232421875,0.8821387460000096,25,256,256,1016,1016,2724,479,15,0.8464885021752642,0.9168630090878492
calibration,000000044699,0,real,000000044699_real.png,0.0,0.012087821029126644,0.053560249507427216,0.16379839181900024,0.4236123859882355,0.0,0.0,0.8345174139999472,25,256,256,1016,1016,0,0,0,1.0,1.0
calibration,000000044699,1,manipulated,000000044699_manipulated.png,0.06862735600471201,0.0719716027379036,0.6813900470733643,0.9628627896308899,0.9863069653511047,0.06854248046875,0.071380615234375,0.866499320999992,25,256,256,1016,1016,3808,684,870,0.7101827676240209,0.8305343511450382
calibration,000000047121,0,real,000000047121_real.png,0.0,0.007636593654751778,0.030642537400126457,0.08259500563144684,0.1749630570411682,0.0,0.0,0.8634474390000832,25,256,256,1016,1016,0,0,0,1.0,1.0
calibration,000000047121,1,manipulated,000000047121_manipulated.png,0.40161355322710646,0.40515315532684326,0.9990667700767517,0.9995185136795044,0.9996604919433594,0.4009246826171875,0.387298583984375,0.8668981210000766,25,256,256,1016,1016,25193,1082,189,0.9519724909310762,0.9753953965580657
calibration,000000048924,0,real,000000048924_real.png,0.001495752991505983,0.008823985233902931,0.032871611416339874,0.1466199904680252,0.5866406559944153,0.0014495849609375,0.0,0.8695088360000227,25,256,256,1016,1016,0,95,0,0.0,0.0
calibration,000000048924,1,manipulated,000000048924_manipulated.png,0.10192336009672019,0.0984819233417511,0.7484156489372253,0.9133914709091187,0.9644538164138794,0.1016845703125,0.1325225830078125,0.8650981620000948,25,256,256,1016,1016,6373,291,2312,0.7100044563279857,0.8304124047169197
calibration,000000049269,0,real,000000049269_real.png,0.0,0.0024777790531516075,0.0071768993511796,0.02190529555082321,0.05988851562142372,0.0,0.0,0.879223058999969,25,256,256,1016,1016,0,0,0,1.0,1.0
calibration,000000049269,1,manipulated,000000049269_manipulated.png,0.2586664548329097,0.25336894392967224,0.9377015233039856,0.9791145920753479,0.9934889078140259,0.2603759765625,0.33380126953125,0.8990107239999361,25,256,256,1016,1016,16543,521,5333,0.7386257088002858,0.8496661530559836
calibration,000000050896,0,real,000000050896_real.png,0.0,0.001674553146585822,0.004067654721438885,0.006085300352424383,0.014943281188607216,0.0,0.0,0.9032590239999081,25,256,256,1016,1016,0,0,0,1.0,1.0
calibration,000000050896,1,manipulated,000000050896_manipulated.png,0.2599965512431025,0.2419194132089615,0.8604623079299927,0.9327571988105774,0.9702745079994202,0.259429931640625,0.3543701171875,0.9920961509999415,25,256,256,1016,1016,16404,598,6820,0.6886071698430023,0.8155919057326108
calibration,000000056344,0,real,000000056344_real.png,0.0,0.002180972136557102,0.008167032152414322,0.01577472873032093,0.03226912021636963,0.0,0.0,0.9846506060000593,25,256,256,1016,1016,0,0,0,1.0,1.0
calibration,000000056344,1,manipulated,000000056344_manipulated.png,0.24832987165974332,0.24973039329051971,0.9983508586883545,0.9991021752357483,0.9995651841163635,0.2491607666015625,0.2406005859375,1.007887718999882,25,256,256,1016,1016,15562,767,206,0.9411551254913819,0.9696856404025298
calibration,000000057027,0,real,000000057027_real.png,0.0,0.002071182243525982,0.005675485357642174,0.03641200065612793,0.08310045301914215,0.0,0.0,0.9312367569998514,25,256,256,1016,1016,0,0,0,1.0,1.0
calibration,000000057027,1,manipulated,000000057027_manipulated.png,0.36228900582801166,0.36009374260902405,0.9435397386550903,0.9698588848114014,0.99534010887146,0.36492919921875,0.744903564453125,0.8772245830000429,25,256,256,1016,1016,21475,2441,27343,0.4189508183928676,0.590507878021283
calibration,000000059920,0,real,000000059920_real.png,0.0,0.0028092917054891586,0.009781671687960625,0.04039889946579933,0.24155157804489136,0.0,0.0,0.8800073830000201,25,256,256,1016,1016,0,0,0,1.0,1.0
calibration,000000059920,1,manipulated,000000059920_manipulated.png,0.1598479446958894,0.1601940393447876,0.993848979473114,0.9970852136611938,0.998134434223175,0.1581878662109375,0.14495849609375,0.8724006899999495,25,256,256,1016,1016,9342,1025,158,0.8876009501187648,0.9404540192278653
calibration,000000060449,0,real,000000060449_real.png,7.846890693781388e-05,0.00647390354424715,0.019491415470838547,0.06151702627539635,0.5570876598358154,4.57763671875e-05,0.0,0.8691291989998717,25,256,256,1016,1016,0,3,0,0.0,0.0
calibration,000000060449,1,manipulated,000000060449_manipulated.png,0.04266480407960816,0.04918152093887329,0.3619852066040039,0.9099693894386292,0.96640944480896,0.0426025390625,0.0684814453125,0.8740701100000479,25,256,256,1016,1016,2764,28,1724,0.6120460584588131,0.7593406593406593
calibration,000000063552,0,real,000000063552_real.png,0.0,0.020035520195961,0.09325140714645386,0.21187724173069,0.2766270041465759,0.0,0.0,0.8914654390000578,25,256,256,1016,1016,0,0,0,1.0,1.0
calibration,000000063552,1,manipulated,000000063552_manipulated.png,0.4463233926467853,0.4169696867465973,0.9567142128944397,0.9840947985649109,0.9957350492477417,0.4458770751953125,0.51495361328125,0.8752099660000567,25,256,256,1016,1016,25593,3628,8155,0.684744220890411,0.8128761771665423
calibration,000000066135,0,real,000000066135_real.png,0.0,0.0019420587923377752,0.007069915067404509,0.018544534221291542,0.04206538200378418,0.0,0.0,0.8731800900000053,25,256,256,1016,1016,0,0,0,1.0,1.0
calibration,000000066135,1,manipulated,000000066135_manipulated.png,0.47940820881641766,0.4800325930118561,0.987740159034729,0.9936731457710266,0.9961333274841309,0.4803619384765625,0.6498260498046875,0.8807865840001341,25,256,256,1016,1016,30979,502,11608,0.718953793311518,0.8365015931306368
calibration,000000066841,0,real,000000066841_real.png,0.0,0.0033943261951208115,0.015050675719976425,0.03289546072483063,0.06283757090568542,0.0,0.0,0.8899009310000565,25,256,256,1016,1016,0,0,0,1.0,1.0
calibration,000000066841,1,manipulated,000000066841_manipulated.png,0.2866013857027714,0.3069669306278229,0.9883180856704712,0.993109405040741,0.9963898062705994,0.2861175537109375,0.47027587890625,0.9399055540002337,25,256,256,1016,1016,17928,823,12892,0.5665708055494106,0.7233261382663251
calibration,000000069795,0,real,000000069795_real.png,0.0,0.0019916770979762077,0.0051283766515553,0.014427023939788342,0.05376579612493515,0.0,0.0,0.9949654950000877,25,256,256,1016,1016,0,0,0,1.0,1.0
calibration,000000069795,1,manipulated,000000069795_manipulated.png,0.07887190774381549,0.07611827552318573,0.8766195774078369,0.9534061551094055,0.9783504009246826,0.0790557861328125,0.0860748291015625,0.9822600020002028,25,256,256,1016,1016,5065,116,576,0.8797985061664061,0.9360561818517834
calibration,000000070774,0,real,000000070774_real.png,0.0,0.004117322154343128,0.012242238037288189,0.03080715797841549,0.08364377915859222,0.0,0.0,0.9564878619999035,25,256,256,1016,1016,0,0,0,1.0,1.0
calibration,000000070774,1,manipulated,000000070774_manipulated.png,0.13116998108996217,0.1440376490354538,0.8259021043777466,0.9233223795890808,0.9605090618133545,0.1313018798828125,0.2282867431640625,0.8836357089999183,25,256,256,1016,1016,8051,554,6910,0.518917176925556,0.683272511245014
calibration,000000076417,0,real,000000076417_real.png,0.0,0.0015647634863853455,0.007518520578742027,0.02095620706677437,0.03933274745941162,0.0,0.0,0.8711457310000696,25,256,256,1016,1016,0,0,0,1.0,1.0
calibration,000000076417,1,manipulated,000000076417_manipulated.png,0.3020801041602083,0.29659703373908997,0.9907057285308838,0.9949345588684082,0.9971786737442017,0.300506591796875,0.29095458984375,0.8708834219996788,25,256,256,1016,1016,18920,774,148,0.9535329099889124,0.9762138176564676
calibration,000000079408,0,real,000000079408_real.png,0.0,0.008947656489908695,0.03173331171274185,0.13682159781455994,0.2856111228466034,0.0,0.0,0.8937603969998236,25,256,256,1016,1016,0,0,0,1.0,1.0
calibration,000000079408,1,manipulated,000000079408_manipulated.png,0.41126038502077006,0.3821956515312195,0.9257138967514038,0.9558365345001221,0.9863539338111877,0.41241455078125,0.5657958984375,0.8867032970001674,25,256,256,1016,1016,26849,179,10231,0.7206044177245766,0.8376177700131029
calibration,000000080413,0,real,000000080413_real.png,0.0,0.0006305048591457307,0.0019453982822597027,0.0034885918721556664,0.007440382149070501,0.0,0.0,0.8946100299999671,25,256,256,1016,1016,0,0,0,1.0,1.0
calibration,000000080413,1,manipulated,000000080413_manipulated.png,0.08335432295864592,0.08223608136177063,0.9860373735427856,0.9969261288642883,0.9986785054206848,0.0834808349609375,0.0817718505859375,0.8793220069997005,25,256,256,1016,1016,5202,269,157,0.9243070362473348,0.9606648199445983
calibration,000000081061,0,real,000000081061_real.png,0.0,0.001607139827683568,0.005017416086047888,0.011335551738739014,0.07037387788295746,0.0,0.0,0.8689585179999995,25,256,256,1016,1016,0,0,0,1.0,1.0
calibration,000000081061,1,manipulated,000000081061_manipulated.png,0.0651485677971356,0.06449727714061737,0.932050347328186,0.9924547672271729,0.9952150583267212,0.0648193359375,0.0640106201171875,0.8698563319999266,25,256,256,1016,1016,4075,173,120,0.9329212454212454,0.965296695487386
calibration,000000083113,0,real,000000083113_real.png,0.0,0.0018821310950443149,0.004904137924313545,0.009556333534419537,0.025742672383785248,0.0,0.0,0.852616331000263,25,256,256,1016,1016,0,0,0,1.0,1.0
calibration,000000083113,1,manipulated,000000083113_manipulated.png,0.07111995473990948,0.0719418078660965,0.9190303683280945,0.9967455267906189,0.9985049962997437,0.070404052734375,0.0921630859375,0.9112643269995715,25,256,256,1016,1016,4238,376,1802,0.6605361596009975,0.7955697390651398
calibration,000000084650,0,real,000000084650_real.png,0.0,0.0009178870241157711,0.003089000005275011,0.00631391117349267,0.02424911968410015,0.0,0.0,0.9617387220000637,25,256,256,1016,1016,0,0,0,1.0,1.0
calibration,000000084650,1,manipulated,000000084650_manipulated.png,0.4081429412858826,0.40096738934516907,0.9937422871589661,0.9961883425712585,0.9983344674110413,0.407806396484375,0.364227294921875,0.9413370319998648,25,256,256,1016,1016,23486,3240,384,0.866322390261896,0.9283737844888924
calibration,000000085195,0,real,000000085195_real.png,0.0,0.006478449795395136,0.0320499949157238,0.05103936791419983,0.10890563577413559,0.0,0.0,0.962205948999781,25,256,256,1016,1016,0,0,0,1.0,1.0
calibration,000000085195,1,manipulated,000000085195_manipulated.png,0.12063867877735755,0.12332300841808319,0.9961360096931458,0.9983830451965332,0.9992048144340515,0.120635986328125,0.1216278076171875,0.9108572969998932,25,256,256,1016,1016,7743,163,228,0.9519301696582247,0.9753731813314858
calibration,000000085911,0,real,000000085911_real.png,0.0,0.001616365509107709,0.0051897745579481125,0.015369035303592682,0.15162914991378784,0.0,0.0,0.9078364440001678,25,256,256,1016,1016,0,0,0,1.0,1.0
calibration,000000085911,1,manipulated,000000085911_manipulated.png,0.10348014446028891,0.10175932943820953,0.943863034248352,0.9759253859519958,0.9877293705940247,0.1037445068359375,0.1094818115234375,0.8937697589999516,25,256,256,1016,1016,6586,213,589,0.8914455874390904,0.9426077000143123
calibration,000000088218,0,real,000000088218_real.png,0.0,0.005151988938450813,0.01841127499938011,0.04562181234359741,0.2658778727054596,0.0,0.0,0.8841318300001149,25,256,256,1016,1016,0,0,0,1.0,1.0
calibration,000000088218,1,manipulated,000000088218_manipulated.png,0.0632750015500031,0.06245026737451553,0.8800890445709229,0.9627783298492432,0.9879728555679321,0.06329345703125,0.0636138916015625,0.8836668590001864,25,256,256,1016,1016,4013,135,156,0.9323884758364313,0.9650114223878803
calibration,000000088265,0,real,000000088265_real.png,0.0,0.007349052932113409,0.03638780117034912,0.1560821831226349,0.2937346398830414,0.0,0.0,0.8839348520000385,25,256,256,1016,1016,0,0,0,1.0,1.0
calibration,000000088265,1,manipulated,000000088265_manipulated.png,0.04523780922561845,0.04832326993346214,0.4216150641441345,0.8807787895202637,0.9424393177032471,0.0451507568359375,0.060211181640625,0.8957713680001689,25,256,256,1016,1016,2690,269,1256,0.638196915776987,0.779145546705286
calibration,000000091654,0,real,000000091654_real.png,0.000527001054002108,0.0396425686776638,0.1745617687702179,0.3617292046546936,0.5350903272628784,0.000518798828125,0.0,0.884078651999971,25,256,256,1016,1016,0,34,0,0.0,0.0
calibration,000000091654,1,manipulated,000000091654_manipulated.png,0.05187763500527001,0.07588378340005875,0.57965087890625,0.9675129055976868,0.9821684956550598,0.05181884765625,0.0650634765625,0.8867406680001295,25,256,256,1016,1016,3270,126,994,0.744874715261959,0.8537859007832899
calibration,000000095786,0,real,000000095786_real.png,0.06590516306032612,0.07715609669685364,0.6072382926940918,0.9118410348892212,0.9526515007019043,0.0675201416015625,0.0,0.8854129500000454,25,256,256,1016,1016,0,4425,0,0.0,0.0
calibration,000000095786,1,manipulated,000000095786_manipulated.png,0.5927783418066837,0.5841416120529175,0.9924390316009521,0.9956462383270264,0.9974361062049866,0.5934600830078125,0.5786590576171875,0.9267490580000413,25,256,256,1016,1016,37857,1036,66,0.9717138530249749,0.9856540304103312
calibration,000000095843,0,real,000000095843_real.png,0.0,0.0006596753373742104,0.0022040056064724922,0.004763063974678516,0.01827993057668209,0.0,0.0,1.0129584960000102,25,256,256,1016,1016,0,0,0,1.0,1.0
calibration,000000095843,1,manipulated,000000095843_manipulated.png,0.5755655573811148,0.5444676876068115,0.9993088245391846,0.9996328353881836,0.9998679161071777,0.5744781494140625,0.5792999267578125,1.0845000969998182,25,256,256,1016,1016,37439,210,526,0.9807203667321546,0.9902663527918111
calibration,000000095899,0,real,000000095899_real.png,0.0,0.005322446580976248,0.01797584630548954,0.040184348821640015,0.11338725686073303,0.0,0.0,0.9938200889996551,25,256,256,1016,1016,0,0,0,1.0,1.0
calibration,000000095899,1,manipulated,000000095899_manipulated.png,0.17346859693719388,0.16958262026309967,0.9572719931602478,0.9741935133934021,0.9839823842048645,0.1743927001953125,0.1761322021484375,0.9141238249999333,25,256,256,1016,1016,11355,74,188,0.977446845140742,0.9885948110743514
calibration,000000098839,0,real,000000098839_real.png,0.0,0.047798316925764084,0.2331613004207611,0.28889161348342896,0.3823176920413971,0.0,0.0,0.8781504510002378,25,256,256,1016,1016,0,0,0,1.0,1.0
calibration,000000098839,1,manipulated,000000098839_manipulated.png,0.6051541478082956,0.6062373518943787,0.9989066123962402,0.9992245435714722,0.9995643496513367,0.6064910888671875,0.487030029296875,0.9025104219999776,25,256,256,1016,1016,31627,8120,291,0.7899245716569259,0.8826344798716249
calibration,000000099428,0,real,000000099428_real.png,0.0,0.0013517281040549278,0.00518406555056572,0.01755324751138687,0.03993861377239227,0.0,0.0,0.8942365779998909,25,256,256,1016,1016,0,0,0,1.0,1.0
calibration,000000099428,1,manipulated,000000099428_manipulated.png,0.29552649730299463,0.29659485816955566,0.9986395239830017,0.999017596244812,0.9993353486061096,0.2957611083984375,0.289398193359375,0.8759003889999804,25,256,256,1016,1016,18933,450,33,0.975123609394314,0.9874051474614722
calibration,000000100582,0,real,000000100582_real.png,0.0,0.015497466549277306,0.06309434771537781,0.15583951771259308,0.24841035902500153,0.0,0.0,0.865023217000271,25,256,256,1016,1016,0,0,0,1.0,1.0
calibration,000000100582,1,manipulated,000000100582_manipulated.png,0.16981640213280427,0.24139252305030823,0.836688220500946,0.9339394569396973,0.9715017676353455,0.1693267822265625,0.968658447265625,0.8705111950002902,25,256,256,1016,1016,10920,177,52562,0.17153898113385382,0.2928438300325829
calibration,000000105014,0,real,000000105014_real.png,0.0,0.01970093883574009,0.10122743248939514,0.1762586534023285,0.30144819617271423,0.0,0.0,0.8742184120001184,25,256,256,1016,1016,0,0,0,1.0,1.0
calibration,000000105014,1,manipulated,000000105014_manipulated.png,0.026904178808357618,0.03448422625660896,0.07539335638284683,0.9537100791931152,0.9940563440322876,0.0268096923828125,0.0250701904296875,0.8726358920002895,25,256,256,1016,1016,1544,213,99,0.8318965517241379,0.908235294117647
calibration,000000111179,0,real,000000111179_real.png,0.0,0.004271268844604492,0.012438914738595486,0.022107237949967384,0.10719136148691177,0.0,0.0,0.8863451329998497,25,256,256,1016,1016,0,0,0,1.0,1.0
calibration,000000111179,1,manipulated,000000111179_manipulated.png,0.0,0.00393679877743125,0.013116014190018177,0.023274635896086693,0.08270389586687088,0.0,0.021331787109375,0.9247407560001193,25,256,256,1016,1016,0,0,1398,0.0,0.0
calibration,000000114871,0,real,000000114871_real.png,0.0,0.00953613966703415,0.04190291464328766,0.09372280538082123,0.21387600898742676,0.0,0.0,0.9813560570000845,25,256,256,1016,1016,0,0,0,1.0,1.0
calibration,000000114871,1,manipulated,000000114871_manipulated.png,0.977134548019096,0.9437631368637085,0.9993211030960083,0.9995237588882446,0.999692440032959,0.97613525390625,0.97320556640625,1.0533990439998888,25,256,256,1016,1016,63413,559,367,0.9856074853510313,0.9927515811885528
calibration,000000116362,0,real,000000116362_real.png,0.028288525327050656,0.045280274003744125,0.33673372864723206,0.7398069500923157,0.928605318069458,0.0274810791015625,0.0,1.5524814450000122,25,256,256,1016,1016,0,1801,0,0.0,0.0
calibration,000000116362,1,manipulated,000000116362_manipulated.png,0.1013004526009052,0.12526392936706543,0.9110777378082275,0.979210376739502,0.991551399230957,0.099456787109375,0.0773162841796875,0.8873458970001593,25,256,256,1016,1016,4200,2318,867,0.5687203791469194,0.7250755287009063
calibration,000000120853,0,real,000000120853_real.png,0.0,0.0061060646548867226,0.022983644157648087,0.05826599523425102,0.1649177521467209,0.0,0.0,0.8818877529997735,25,256,256,1016,1016,0,0,0,1.0,1.0
calibration,000000120853,1,manipulated,000000120853_manipulated.png,0.4447055769111538,0.43704620003700256,0.9959586262702942,0.9976824522018433,0.9992135763168335,0.4443206787109375,0.4477996826171875,0.8750738280000405,25,256,256,1016,1016,28623,496,724,0.9591193914820896,0.9791331714158656
calibration,000000122969,0,real,000000122969_real.png,0.0,0.0020755287259817123,0.008686300367116928,0.016843069344758987,0.044180918484926224,0.0,0.0,0.8705595480000738,25,256,256,1016,1016,0,0,0,1.0,1.0
calibration,000000122969,1,manipulated,000000122969_manipulated.png,0.6751658503317006,0.5813027024269104,0.9255934953689575,0.9475142359733582,0.9777866005897522,0.675323486328125,0.6865997314453125,0.899638041000344,25,256,256,1016,1016,42802,1456,2195,0.9214044302843735,0.9590947285866338
calibration,000000125952,0,real,000000125952_real.png,0.0,0.017499620094895363,0.07286879420280457,0.3088427782058716,0.4718063175678253,0.0,0.0,0.91098623400012,25,256,256,1016,1016,0,0,0,1.0,1.0
calibration,000000125952,1,manipulated,000000125952_manipulated.png,0.31418175336350673,0.31716012954711914,0.9979223608970642,0.9989230036735535,0.9995741248130798,0.3137664794921875,0.318115234375,0.9012136269998337,25,256,256,1016,1016,19633,930,1215,0.90150610708054,0.9482021685059525
calibration,000000127182,0,real,000000127182_real.png,0.056503425506851016,0.06369384378194809,0.5260486602783203,0.7185520529747009,0.8583100438117981,0.05609130859375,0.0,0.8902227749999838,25,256,256,1016,1016,0,3676,0,0.0,0.0
calibration,000000127182,1,manipulated,000000127182_manipulated.png,0.10102823330646661,0.10924877971410751,0.7383452653884888,0.9975079298019409,0.9987350106239319,0.1004638671875,0.045654296875,0.8915443020000566,25,256,256,1016,1016,2940,3644,52,0.4430379746835443,0.6140350877192983
calibration,000000129054,0,real,000000129054_real.png,0.0,0.00245267734862864,0.008031319826841354,0.020183749496936798,0.037685327231884,0.0,0.0,0.8853036870000324,25,256,256,1016,1016,0,0,0,1.0,1.0
calibration,000000129054,1,manipulated,000000129054_manipulated.png,0.004481446462892925,0.03815993666648865,0.26950472593307495,0.46013960242271423,0.6133846640586853,0.00439453125,0.061126708984375,0.9612973439998314,25,256,256,1016,1016,234,54,3772,0.05763546798029557,0.10898928737773637
calibration,000000129113,0,real,000000129113_real.png,0.0,0.0015842884313315153,0.005551466718316078,0.012793593108654022,0.1225292906165123,0.0,0.0,0.9861968079999315,25,256,256,1016,1016,0,0,0,1.0,1.0
calibration,000000129113,1,manipulated,000000129113_manipulated.png,0.12941847758695518,0.12877823412418365,0.9951670169830322,0.9985478520393372,0.9991462230682373,0.129150390625,0.126556396484375,1.0057281650001642,25,256,256,1016,1016,8129,335,165,0.9420558581527407,0.9701635039980905
calibration,000000129135,0,real,000000129135_real.png,0.0,0.0003691218444146216,0.0008872416219674051,0.0020539986435323954,0.013254083693027496,0.0,0.0,0.9764025790000233,25,256,256,1016,1016,0,0,0,1.0,1.0
calibration,000000129135,1,manipulated,000000129135_manipulated.png,0.3371789556079112,0.3088180124759674,0.9675720930099487,0.9812669157981873,0.9891019463539124,0.3377227783203125,0.361236572265625,0.8825655640002878,25,256,256,1016,1016,22087,46,1587,0.9311551433389544,0.9643504267906652
calibration,000000131938,0,real,000000131938_real.png,0.0,0.0011543761938810349,0.0035959132947027683,0.006562006194144487,0.035509150475263596,0.0,0.0,0.8844731170001978,25,256,256,1016,1016,0,0,0,1.0,1.0
calibration,000000131938,1,manipulated,000000131938_manipulated.png,0.05456107787215574,0.05296861007809639,0.5768579840660095,0.8930923938751221,0.9559313058853149,0.0546722412109375,0.085479736328125,0.8774104479998641,25,256,256,1016,1016,3501,82,2101,0.6159394792399718,0.762329885683179
calibration,000000132622,0,real,000000132622_real.png,0.0987022599045198,0.18376761674880981,0.6253980994224548,0.7424280643463135,0.8400774598121643,0.0987091064453125,0.0,0.8768686890002755,25,256,256,1016,1016,0,6469,0,0.0,0.0
calibration,000000132622,1,manipulated,000000132622_manipulated.png,0.19346363692727386,0.27297812700271606,0.812762975692749,0.9257898926734924,0.976371705532074,0.1940765380859375,0.753997802734375,0.8830696199997874,25,256,256,1016,1016,12317,402,37097,0.24724987955676891,0.3964720840777043
calibration,000000139883,0,real,000000139883_real.png,0.0,0.0036959063727408648,0.01067371480166912,0.019584493711590767,0.05894734710454941,0.0,0.0,0.8718957090000004,25,256,256,1016,1016,0,0,0,1.0,1.0
calibration,000000139883,1,manipulated,000000139883_manipulated.png,0.015609499968999938,0.02628086507320404,0.10613097995519638,0.6940034627914429,0.9141160249710083,0.015380859375,0.0670318603515625,0.898581741000271,25,256,256,1016,1016,942,66,3451,0.21125812962547658,0.3488242917978152
calibration,000000140929,0,real,000000140929_real.png,0.018573880897761796,0.026252541691064835,0.12559302151203156,0.6998270153999329,0.8054872751235962,0.0178985595703125,0.0,0.8789857760002633,25,256,256,1016,1016,0,1173,0,0.0,0.0
calibration,000000140929,1,manipulated,000000140929_manipulated.png,0.4277853555707111,0.42282432317733765,0.9719996452331543,0.9809837937355042,0.9892891645431519,0.42669677734375,0.406219482421875,0.8744661559999258,25,256,256,1016,1016,26313,1651,309,0.9306759098786829,0.9640933572710951
calibration,000000141597,0,real,000000141597_real.png,0.0,0.001191561808809638,0.004427765030413866,0.009346877224743366,0.035648200660943985,0.0,0.0,0.887607257000127,25,256,256,1016,1016,0,0,0,1.0,1.0
calibration,000000141597,1,manipulated,000000141597_manipulated.png,0.06884532519065038,0.06567082554101944,0.8652083277702332,0.9725663065910339,0.983720064163208,0.0683441162109375,0.07196044921875,1.98817864800003,25,256,256,1016,1016,4333,146,383,0.8911970382558618,0.942468733007069
calibration,000000143998,0,real,000000143998_real.png,0.0,0.019399411976337433,0.11536070704460144,0.1673516035079956,0.2358999401330948,0.0,0.0,1.8646314839998013,25,256,256,1016,1016,0,0,0,1.0,1.0
calibration,000000143998,1,manipulated,000000143998_manipulated.png,0.06750844751689504,0.08588331192731857,0.898635745048523,0.9753823280334473,0.9906414151191711,0.0673980712890625,0.061920166015625,0.9411183840002195,25,256,256,1016,1016,4026,391,32,0.9049224544841538,0.9500884955752212
calibration,000000146363,0,real,000000146363_real.png,0.0,0.001801780192181468,0.003275023540481925,0.016573263332247734,0.2044621855020523,0.0,0.0,0.8749355069999183,25,256,256,1016,1016,0,0,0,1.0,1.0
calibration,000000146363,1,manipulated,000000146363_manipulated.png,0.07359317843635688,0.07502051442861557,0.975937008857727,0.9952292442321777,0.9979756474494934,0.0736083984375,0.075958251953125,0.8663503630000378,25,256,256,1016,1016,4683,141,295,0.9148271146708341,0.9555192817792287
calibration,000000147518,0,real,000000147518_real.png,0.0,0.004090334288775921,0.012964603491127491,0.022298725321888924,0.04257820546627045,0.0,0.0,0.8876807430001463,25,256,256,1016,1016,0,0,0,1.0,1.0
calibration,000000147518,1,manipulated,000000147518_manipulated.png,0.12731822338644677,0.13238780200481415,0.9981775283813477,0.9994915723800659,0.9997348189353943,0.127227783203125,0.1269073486328125,0.8868630269998903,25,256,256,1016,1016,8025,313,292,0.9298957126303592,0.9636745722005404
calibration,000000148957,0,real,000000148957_real.png,0.0,0.004340046551078558,0.016282185912132263,0.04477506875991821,0.10022785514593124,0.0,0.0,0.8747869150001861,25,256,256,1016,1016,0,0,0,1.0,1.0
calibration,000000148957,1,manipulated,000000148957_manipulated.png,0.6663870202740405,0.6227129697799683,0.9952342510223389,0.9972797632217407,0.9987599849700928,0.6656494140625,0.651519775390625,0.8532656670004144,25,256,256,1016,1016,42292,1332,406,0.9605269134680899,0.9798660828062371
calibration,000000156278,0,real,000000156278_real.png,0.0,0.0030633658170700073,0.011685079894959927,0.03439678996801376,0.11412572115659714,0.0,0.0,0.877739401999861,25,256,256,1016,1016,0,0,0,1.0,1.0
calibration,000000156278,1,manipulated,000000156278_manipulated.png,0.03425700601401203,0.028679518029093742,0.03601774200797081,0.7735366821289062,0.8663336038589478,0.0348663330078125,0.0393218994140625,0.8872327570002199,25,256,256,1016,1016,2285,0,292,0.8866899495537447,0.9399424105306459
calibration,000000156372,0,real,000000156372_real.png,0.0,0.0030883660074323416,0.007515662349760532,0.013755219988524914,0.056947011500597,0.0,0.0,0.8895807009998862,25,256,256,1016,1016,0,0,0,1.0,1.0
calibration,000000156372,1,manipulated,000000156372_manipulated.png,0.3344722626945254,0.33159610629081726,0.998908519744873,0.9994736313819885,0.9997361302375793,0.3329620361328125,0.348907470703125,0.8820034000000305,25,256,256,1016,1016,21705,116,1161,0.9444347750413367,0.9714234564862264
calibration,000000159282,0,real,000000159282_real.png,0.0,0.0035181741695851088,0.00978222768753767,0.01828613504767418,0.035127799957990646,0.0,0.0,1.00531675800039,25,256,256,1016,1016,0,0,0,1.0,1.0
calibration,000000159282,1,manipulated,000000159282_manipulated.png,0.05566448632897266,0.05992717295885086,0.543820321559906,0.8106957674026489,0.8848025798797607,0.0553741455078125,0.0817413330078125,0.9511088250001194,25,256,256,1016,1016,3335,294,2022,0.5901610334454079,0.7422657467171155
calibration,000000161820,0,real,000000161820_real.png,0.0,0.022612400352954865,0.0640203207731247,0.1819184124469757,0.4844569265842438,0.0,0.0,0.985782819999713,25,256,256,1016,1016,0,0,0,1.0,1.0
calibration,000000161820,1,manipulated,000000161820_manipulated.png,0.6916966333932668,0.6912477612495422,0.9984256029129028,0.9991981983184814,0.9996578693389893,0.6912689208984375,0.7010040283203125,0.8990854120002041,25,256,256,1016,1016,44918,385,1023,0.9696067003410612,0.984568848362632
calibration,000000164363,0,real,000000164363_real.png,0.015961156922313844,0.03144065663218498,0.1224306970834732,0.5423116087913513,0.7145668864250183,0.0160980224609375,0.0,0.8571833890000562,25,256,256,1016,1016,0,1055,0,0.0,0.0
calibration,000000164363,1,manipulated,000000164363_manipulated.png,0.5455478098456197,0.5351926684379578,0.9979312419891357,0.9986745119094849,0.9994391798973083,0.5456085205078125,0.56353759765625,0.8890419520002979,25,256,256,1016,1016,35645,112,1287,0.9622340999892021,0.9807536215933635
calibration,000000166563,0,real,000000166563_real.png,0.0,0.010752209462225437,0.04229654371738434,0.07757171243429184,0.4151051938533783,0.0,0.0,0.9031504859999586,25,256,256,1016,1016,0,0,0,1.0,1.0
calibration,000000166563,1,manipulated,000000166563_manipulated.png,0.2860152907805816,0.30298924446105957,0.9648153781890869,0.9800976514816284,0.9898626804351807,0.2860565185546875,0.2946014404296875,0.888710446999994,25,256,256,1016,1016,17879,868,1428,0.8861957868649318,0.9396646870237032
calibration,000000167128,0,real,000000167128_real.png,0.0,0.00425973255187273,0.014717787504196167,0.04955673590302467,0.10953287035226822,0.0,0.0,0.8667109449997952,25,256,256,1016,1016,0,0,0,1.0,1.0
calibration,000000167128,1,manipulated,000000167128_manipulated.png,0.45524075423150845,0.4641013741493225,0.9780482649803162,0.9922320246696472,0.9970003962516785,0.455169677734375,0.7029876708984375,0.8769937789998039,25,256,256,1016,1016,28150,1680,17921,0.5895164499172793,0.7417557080934375
calibration,000000168593,0,real,000000168593_real.png,0.0,0.0007922331569716334,0.0022648549638688564,0.009408802725374699,0.025034140795469284,0.0,0.0,0.8861443370001325,25,256,256,1016,1016,0,0,0,1.0,1.0
calibration,000000168593,1,manipulated,000000168593_manipulated.png,0.3851467077934156,0.35686585307121277,0.9659069776535034,0.985640823841095,0.9924789667129517,0.385986328125,0.453765869140625,0.8721010569997816,25,256,256,1016,1016,24666,630,5072,0.8122365648050579,0.8963913217283861
calibration,000000172856,0,real,000000172856_real.png,0.0,0.0013991453452035785,0.0032835518941283226,0.00897478312253952,0.07920615375041962,0.0,0.0,0.8779455829999279,25,256,256,1016,1016,0,0,0,1.0,1.0
calibration,000000172856,1,manipulated,000000172856_manipulated.png,0.09173015221030442,0.09173790365457535,0.9961832165718079,0.9987996816635132,0.9994428753852844,0.0917510986328125,0.0929107666015625,0.8769380379999347,25,256,256,1016,1016,5822,191,267,0.9270700636942675,0.9621550156998843
calibration,000000173091,0,real,000000173091_real.png,0.08374860499721,0.12274376302957535,0.6157981157302856,0.7747301459312439,0.9328177571296692,0.0833892822265625,0.0,1.0328760970000985,25,256,256,1016,1016,0,5465,0,0.0,0.0
calibration,000000173091,1,manipulated,000000173091_manipulated.png,0.1414523141546283,0.15206630527973175,0.9135028123855591,0.9740831255912781,0.9863981604576111,0.14129638671875,0.139678955078125,0.9956283040000926,25,256,256,1016,1016,8634,626,520,0.8828220858895706,0.9377647442163571
calibration,000000180296,0,real,000000180296_real.png,0.00023928172856345714,0.003103723283857107,0.006179097108542919,0.02283012866973877,0.5636969804763794,0.0002593994140625,0.0,1.0089140800000678,25,256,256,1016,1016,0,17,0,0.0,0.0
calibration,000000180296,1,manipulated,000000180296_manipulated.png,0.5324037835575671,0.4945717751979828,0.9950627088546753,0.9974961876869202,0.998712420463562,0.5301055908203125,0.5514678955078125,0.9508757150001657,25,256,256,1016,1016,33987,754,2154,0.9211817319419976,0.9589740695804294
calibration,000000180798,0,real,000000180798_real.png,0.0,0.013029461726546288,0.06435241550207138,0.10233629494905472,0.19813172519207,0.0,0.0,0.8840488089999781,25,256,256,1016,1016,0,0,0,1.0,1.0
calibration,000000180798,1,manipulated,000000180798_manipulated.png,0.12224196323392647,0.1409580111503601,0.711633563041687,0.8381014466285706,0.8991388082504272,0.1221160888671875,0.1815185546875,0.8897995770003035,25,256,256,1016,1016,7070,933,4826,0.5510951749941538,0.7105884717825016
calibration,000000182417,0,real,000000182417_real.png,0.0,0.002306359587237239,0.006437679287046194,0.019229646772146225,0.04342031106352806,0.0,0.0,0.9121148489998632,25,256,256,1016,1016,0,0,0,1.0,1.0
calibration,000000182417,1,manipulated,000000182417_manipulated.png,0.772767608035216,0.723461389541626,0.9932370185852051,0.9970430135726929,0.9989908337593079,0.771484375,0.7547454833984375,0.9052320360001431,25,256,256,1016,1016,49093,1467,370,0.9639308855291576,0.9816342241284505
calibration,000000183965,0,real,000000183965_real.png,0.011787773575547151,0.03088412620127201,0.1816587746143341,0.5354912281036377,0.7125789523124695,0.0122528076171875,0.0,0.8987428400000681,25,256,256,1016,1016,0,803,0,0.0,0.0
calibration,000000183965,1,manipulated,000000183965_manipulated.png,0.05950461900923802,0.06907055526971817,0.5879569053649902,0.851815402507782,0.9660163521766663,0.0599365234375,0.054046630859375,0.8972759439998299,25,256,256,1016,1016,3161,767,381,0.7335808772336969,0.8463186077643909
calibration,000000184400,0,real,000000184400_real.png,0.0,0.004041335545480251,0.009904628619551659,0.07054747641086578,0.3933289349079132,0.0,0.0,0.8857750910001414,25,256,256,1016,1016,0,0,0,1.0,1.0
calibration,000000184400,1,manipulated,000000184400_manipulated.png,0.13305226610453222,0.13340578973293304,0.9870645999908447,0.9934490323066711,0.9965845346450806,0.133636474609375,0.1346893310546875,0.8946636420000686,25,256,256,1016,1016,8518,240,309,0.9394507554869306,0.9687802104065966
calibration,000000189451,0,real,000000189451_real.png,0.0,0.005312477238476276,0.01867293193936348,0.028073523193597794,0.049193594604730606,0.0,0.0,0.9116162399996028,25,256,256,1016,1016,0,0,0,1.0,1.0
calibration,000000189451,1,manipulated,000000189451_manipulated.png,0.03800995101990204,0.04399416223168373,0.13906709849834442,0.9850323796272278,0.9972749352455139,0.038116455078125,0.0377044677734375,0.9514476360000117,25,256,256,1016,1016,2242,256,229,0.8221488815548221,0.9023948480579593
calibration,000000192904,0,real,000000192904_real.png,0.0,0.009033671580255032,0.0371803380548954,0.12438150495290756,0.24706068634986877,0.0,0.0,0.9706854130004103,25,256,256,1016,1016,0,0,0,1.0,1.0
calibration,000000192904,1,manipulated,000000192904_manipulated.png,0.03455731911463823,0.038281865417957306,0.03929480165243149,0.9961370229721069,0.9985711574554443,0.034576416015625,0.0356292724609375,0.982012007999856,25,256,256,1016,1016,2205,61,130,0.9202838063439065,0.9584872853727451
calibration,000000196754,0,real,000000196754_real.png,0.0,0.005064281169325113,0.017901292070746422,0.06403963267803192,0.22898724675178528,0.0,0.0,1.0419870170003378,25,256,256,1016,1016,0,0,0,1.0,1.0
calibration,000000196754,1,manipulated,000000196754_manipulated.png,0.025798832847665695,0.03266311436891556,0.14570385217666626,0.772061824798584,0.9246983528137207,0.0257720947265625,0.0394287109375,0.9433386749997226,25,256,256,1016,1016,1596,93,988,0.596189764661935,0.7470161479054529
calibration,000000198960,0,real,000000198960_real.png,0.0,0.004622826352715492,0.011452790349721909,0.030232572928071022,0.0757211372256279,0.0,0.0,0.879979657000149,25,256,256,1016,1016,0,0,0,1.0,1.0
calibration,000000198960,1,manipulated,000000198960_manipulated.png,0.14028690557381115,0.13907581567764282,0.7904394268989563,0.877862811088562,0.9290916919708252,0.1403350830078125,0.2182769775390625,0.9088381409997055,25,256,256,1016,1016,8848,349,5457,0.6037941858878122,0.7529571951323292
calibration,000000201934,0,real,000000201934_real.png,0.0,0.0034166721161454916,0.014607319608330727,0.049769170582294464,0.152548685669899,0.0,0.0,0.8991822650000358,25,256,256,1016,1016,0,0,0,1.0,1.0
calibration,000000201934,1,manipulated,000000201934_manipulated.png,0.2760206770413541,0.25496727228164673,0.9618576765060425,0.9736266732215881,0.9879734516143799,0.2772674560546875,0.2817840576171875,0.8881282420002208,25,256,256,1016,1016,17992,179,475,0.9649254531803068,0.9821496806594247
calibration,000000209972,0,real,000000209972_real.png,6.2000124000248e-05,0.009103292599320412,0.02190120331943035,0.06657566875219345,0.5173456072807312,7.62939453125e-05,0.0,0.8782167800000025,25,256,256,1016,1016,0,5,0,0.0,0.0
calibration,000000209972,1,manipulated,000000209972_manipulated.png,0.03582832165664331,0.049836236983537674,0.36664772033691406,0.657885730266571,0.7906058430671692,0.0360260009765625,0.0451812744140625,0.8798400499999843,25,256,256,1016,1016,1986,375,975,0.5953237410071942,0.7463359639233371
calibration,000000210030,0,real,000000210030_real.png,0.0,0.0018713350873440504,0.010267349891364574,0.016836276277899742,0.030167778953909874,0.0,0.0,0.8970809030001874,25,256,256,1016,1016,0,0,0,1.0,1.0
calibration,000000210030,1,manipulated,000000210030_manipulated.png,0.014163153326306653,0.01941639743745327,0.0731806680560112,0.6406987905502319,0.8549288511276245,0.014312744140625,0.033416748046875,0.9008498919997692,25,256,256,1016,1016,897,41,1293,0.4020618556701031,0.5735294117647058
calibration,000000210502,0,real,000000210502_real.png,0.0,0.001400714390911162,0.00482306070625782,0.013415323570370674,0.08227051794528961,0.0,0.0,0.8951601879998634,25,256,256,1016,1016,0,0,0,1.0,1.0
calibration,000000210502,1,manipulated,000000210502_manipulated.png,0.7983290966581933,0.7747638821601868,0.9954124093055725,0.9968927502632141,0.9981616139411926,0.7983856201171875,0.8155364990234375,0.9719632720002664,25,256,256,1016,1016,52182,141,1265,0.9737627827125476,0.9867070057672308
calibration,000000211069,0,real,000000211069_real.png,0.011722867195734392,0.019994329661130905,0.07743686437606812,0.5425816178321838,0.7510475516319275,0.011962890625,0.0,1.0682438369999545,25,256,256,1016,1016,0,784,0,0.0,0.0
calibration,000000211069,1,manipulated,000000211069_manipulated.png,0.045518747287494575,0.04741199314594269,0.45133915543556213,0.8401183485984802,0.9663495421409607,0.0451812744140625,0.060821533203125,0.9979867040001409,25,256,256,1016,1016,2641,320,1345,0.6133302368787737,0.760328199222686
calibration,000000213224,0,real,000000213224_real.png,0.0,0.00483345240354538,0.01547913160175085,0.03237771615386009,0.08228933811187744,0.0,0.0,0.9609401799998523,25,256,256,1016,1016,0,0,0,1.0,1.0
calibration,000000213224,1,manipulated,000000213224_manipulated.png,0.039181172112344224,0.04014383256435394,0.21624603867530823,0.8297064304351807,0.9100335240364075,0.0390472412109375,0.0367279052734375,0.9289355300002171,25,256,256,1016,1016,2302,257,105,0.8641141141141141,0.9271043093032622
calibration,000000214200,0,real,000000214200_real.png,0.00040009455018910037,0.006151087582111359,0.010782836936414242,0.09998519718647003,0.6220764517784119,0.00030517578125,0.0,0.8841625310001291,25,256,256,1016,1016,0,20,0,0.0,0.0
calibration,000000214200,1,manipulated,000000214200_manipulated.png,0.24571424142848286,0.22062867879867554,0.9549619555473328,0.9800922870635986,0.9919398427009583,0.2459716796875,0.2461700439453125,0.894684996000251,25,256,256,1016,1016,15738,382,395,0.9529518619436875,0.9759092177471863
calibration,000000217614,0,real,000000217614_real.png,0.0,0.010702896863222122,0.045303329825401306,0.12877468764781952,0.230679452419281,0.0,0.0,0.8970647920000374,25,256,256,1016,1016,0,0,0,1.0,1.0
calibration,000000217614,1,manipulated,000000217614_manipulated.png,0.0001356252712505425,0.020354662090539932,0.09482772648334503,0.3185259699821472,0.5395699143409729,0.0001220703125,0.025238037109375,0.8765219510000861,25,256,256,1016,1016,8,0,1646,0.0048367593712212815,0.009626955475330927
calibration,000000219283,0,real,000000219283_real.png,0.0546744218488437,0.13590429723262787,0.5120683312416077,0.6967209577560425,0.7890000939369202,0.054473876953125,0.0,0.900320080000256,25,256,256,1016,1016,0,3570,0,0.0,0.0
calibration,000000219283,1,manipulated,000000219283_manipulated.png,0.07745752991505983,0.12328024953603745,0.8671964406967163,0.981356680393219,0.9919719696044922,0.0774993896484375,0.0682525634765625,0.8605882899996686,25,256,256,1016,1016,4352,727,121,0.8369230769230769,0.9112227805695142
calibration,000000221213,0,real,000000221213_real.png,0.0,0.002832971978932619,0.008713401854038239,0.01915249228477478,0.07700847089290619,0.0,0.0,0.8669911560000401,25,256,256,1016,1016,0,0,0,1.0,1.0
calibration,000000221213,1,manipulated,000000221213_manipulated.png,0.45778275931551865,0.46470409631729126,0.9942834377288818,0.996199905872345,0.9977478384971619,0.4579620361328125,0.40374755859375,0.8875024150001991,25,256,256,1016,1016,26195,3818,265,0.8651496135808178,0.9276999628140882
calibration,000000222299,0,real,000000222299_real.png,0.030125279000558,0.04807785898447037,0.2631226181983948,0.837334156036377,0.9028583765029907,0.0299835205078125,0.0,0.8812143600002855,25,256,256,1016,1016,0,1965,0,0.0,0.0
calibration,000000222299,1,manipulated,000000222299_manipulated.png,0.04643809287618575,0.06260485202074051,0.357486367225647,0.9913389086723328,0.9954321384429932,0.046112060546875,0.0484619140625,0.9489692699999068,25,256,256,1016,1016,2999,23,177,0.9374804626445764,0.9677315262988061
calibration,000000222863,0,real,000000222863_real.png,0.0,0.0022772708907723427,0.010876413434743881,0.03341630846261978,0.07011248171329498,0.0,0.0,0.9675979540002118,25,256,256,1016,1016,0,0,0,1.0,1.0
calibration,000000222863,1,manipulated,000000222863_manipulated.png,0.2516555970611941,0.24397417902946472,0.9232321977615356,0.9486590623855591,0.9704660773277283,0.251708984375,0.3697052001953125,0.9668704830000934,25,256,256,1016,1016,16338,158,7891,0.6699471029646943,0.8023572744014733
calibration,000000223789,0,real,000000223789_real.png,1.93750387500775e-06,0.002948225010186434,0.009709062986075878,0.041585687547922134,0.5019469857215881,0.0,0.0,0.9768526819998442,25,256,256,1016,1016,0,0,0,1.0,1.0
calibration,000000223789,1,manipulated,000000223789_manipulated.png,0.3032077314154628,0.300007700920105,0.9995518326759338,0.9997038245201111,0.9998258948326111,0.3025054931640625,0.2938079833984375,0.9363892999999734,25,256,256,1016,1016,19144,681,111,0.9602728731942215,0.9797338792221085
calibration,000000224051,0,real,000000224051_real.png,0.0,0.010483786463737488,0.03334248065948486,0.07141605764627457,0.20497259497642517,0.0,0.0,0.8667970050000804,25,256,256,1016,1016,0,0,0,1.0,1.0
calibration,000000224051,1,manipulated,000000224051_manipulated.png,0.13263376526753054,0.14002922177314758,0.9922769069671631,0.9975214600563049,0.9987610578536987,0.1327056884765625,0.1402587890625,0.8617773989999478,25,256,256,1016,1016,8349,348,843,0.8751572327044025,0.9334227737715914
calibration,000000228436,0,real,000000228436_real.png,0.0,0.0024142491165548563,0.009624190628528595,0.028484342619776726,0.0765438824892044,0.0,0.0,0.8554168719997506,25,256,256,1016,1016,0,0,0,1.0,1.0
calibration,000000228436,1,manipulated,000000228436_manipulated.png,0.032234251968503935,0.052922848612070084,0.3255632519721985,0.8162462115287781,0.8919470906257629,0.03204345703125,0.1096649169921875,0.8703317290000996,25,256,256,1016,1016,1830,270,5357,0.2454070001341022,0.39409927856142996
calibration,000000228981,0,real,000000228981_real.png,0.0,0.0011649868683889508,0.005118376575410366,0.011152799241244793,0.04136541113257408,0.0,0.0,0.8963831680002841,25,256,256,1016,1016,0,0,0,1.0,1.0
calibration,000000228981,1,manipulated,000000228981_manipulated.png,0.2178519669539339,0.21624037623405457,0.9965590238571167,0.9986711740493774,0.9994162321090698,0.217742919921875,0.2143707275390625,0.8834776609996879,25,256,256,1016,1016,13712,558,337,0.938728007119874,0.9683957766870299
calibration,000000231088,0,real,000000231088_real.png,0.0,0.0007726111216470599,0.002570677548646927,0.005890858359634876,0.016133835539221764,0.0,0.0,0.8775711700000102,25,256,256,1016,1016,0,0,0,1.0,1.0
calibration,000000231088,1,manipulated,000000231088_manipulated.png,0.6281658813317627,0.5944303274154663,0.9904850721359253,0.99631667137146,0.9990509152412415,0.627960205078125,0.626220703125,0.8773208140000861,25,256,256,1016,1016,38759,2395,2281,0.8923448831587429,0.943110202691194
calibration,000000231822,0,real,000000231822_real.png,0.0,0.0025541933719068766,0.011203097179532051,0.02705000713467598,0.08153572678565979,0.0,0.0,0.8845318609996866,25,256,256,1016,1016,0,0,0,1.0,1.0
calibration,000000231822,1,manipulated,000000231822_manipulated.png,0.024671205592411184,0.026330124586820602,0.058312222361564636,0.7716110348701477,0.9442232847213745,0.0246429443359375,0.0271453857421875,0.9592061060002379,25,256,256,1016,1016,1492,123,287,0.7844374342797056,0.8791985857395404
calibration,000000233033,0,real,000000233033_real.png,0.0,0.015068386681377888,0.07490867376327515,0.1932959109544754,0.32400402426719666,0.0,0.0,0.9527194209999834,25,256,256,1016,1016,0,0,0,1.0,1.0
calibration,000000233033,1,manipulated,000000233033_manipulated.png,0.07600246450492901,0.08237943053245544,0.8515792489051819,0.9583339095115662,0.9813259840011597,0.075775146484375,0.08453369140625,0.9675599279999005,25,256,256,1016,1016,4942,24,598,0.8882099209202013,0.9407957357700362
calibration,000000238866,0,real,000000238866_real.png,0.04549355973711947,0.0633368194103241,0.4492444097995758,0.8227414488792419,0.9346240758895874,0.0447998046875,0.0,0.9777373760002774,25,256,256,1016,1016,0,2936,0,0.0,0.0
calibration,000000238866,1,manipulated,000000238866_manipulated.png,0.20830588536177072,0.26383280754089355,0.7510465383529663,0.8640961050987244,0.9658557772636414,0.2069549560546875,0.3382415771484375,0.9091550190000817,25,256,256,1016,1016,7061,6502,15106,0.24629390630995152,0.3952420934788693
calibration,000000241319,0,real,000000241319_real.png,0.0,0.003975401166826487,0.014425613917410374,0.041394416242837906,0.2858445346355438,0.0,0.0,0.8485171000002083,25,256,256,1016,1016,0,0,0,1.0,1.0
calibration,000000241319,1,manipulated,000000241319_manipulated.png,0.0029653496806993614,0.019749462604522705,0.1229306012392044,0.37586894631385803,0.7014610171318054,0.0029754638671875,0.033905029296875,0.8616288270000041,25,256,256,1016,1016,164,31,2058,0.07279183311140701,0.13570541994207697
calibration,000000242287,0,real,000000242287_real.png,0.0,0.013391588814556599,0.04951787739992142,0.2308732271194458,0.49266818165779114,0.0,0.0,0.873799383000005,25,256,256,1016,1016,0,0,0,1.0,1.0
calibration,000000242287,1,manipulated,000000242287_manipulated.png,0.1370774304048608,0.13458530604839325,0.9691179990768433,0.9895517826080322,0.995970606803894,0.1358489990234375,0.146636962890625,0.8677433589996326,25,256,256,1016,1016,8374,529,1236,0.8259197159483184,0.9046615891535678
calibration,000000244411,0,real,000000244411_real.png,0.0,0.007121336180716753,0.023418884724378586,0.05313330888748169,0.17948536574840546,0.0,0.0,0.8573779739999736,25,256,256,1016,1016,0,0,0,1.0,1.0
calibration,000000244411,1,manipulated,000000244411_manipulated.png,0.12404384183768367,0.1262340396642685,0.966162919998169,0.9857678413391113,0.9941521286964417,0.1243896484375,0.1516571044921875,0.8692174739999246,25,256,256,1016,1016,8025,127,1914,0.7972382276971985,0.8871814714498922
calibration,000000248314,0,real,000000248314_real.png,0.014689185628371257,0.018098240718245506,0.025305962190032005,0.5570489764213562,0.7343488335609436,0.01458740234375,0.0,0.8676174390002416,25,256,256,1016,1016,0,956,0,0.0,0.0
calibration,000000248314,1,manipulated,000000248314_manipulated.png,0.02591702058404117,0.03882591053843498,0.23576509952545166,0.9227620959281921,0.9744806289672852,0.02593994140625,0.0261993408203125,0.8462114310000288,25,256,256,1016,1016,1625,75,92,0.9068080357142857,0.9511267193444543
calibration,000000248980,0,real,000000248980_real.png,0.0,0.0006091496325097978,0.0015336723299697042,0.0023766320664435625,0.004900642670691013,0.0,0.0,0.8545351060001849,25,256,256,1016,1016,0,0,0,1.0,1.0
calibration,000000248980,1,manipulated,000000248980_manipulated.png,0.0004921259842519685,0.009576058946549892,0.03329496085643768,0.2553907036781311,0.6315189599990845,0.000701904296875,0.03936767578125,0.8790916289999586,25,256,256,1016,1016,46,0,2534,0.017829457364341085,0.035034272658035034
calibration,000000252332,0,real,000000252332_real.png,0.015959219418438836,0.02254052646458149,0.03437456488609314,0.7049065828323364,0.8443853855133057,0.0166778564453125,0.0,0.9387487590001911,25,256,256,1016,1016,0,1093,0,0.0,0.0
calibration,000000252332,1,manipulated,000000252332_manipulated.png,0.728263144026288,0.7249152660369873,0.9935886859893799,0.9961751103401184,0.9975939393043518,0.728546142578125,0.7101898193359375,0.9527738499996303,25,256,256,1016,1016,46128,1618,415,0.9577874213575299,0.9784386301689486
calibration,000000255718,0,real,000000255718_real.png,0.0,0.0016503911465406418,0.003733532503247261,0.005370703525841236,0.024243324995040894,0.0,0.0,0.9501215690002027,25,256,256,1016,1016,0,0,0,1.0,1.0
calibration,000000255718,1,manipulated,000000255718_manipulated.png,0.3933142553785108,0.36841845512390137,0.9760515689849854,0.9879400134086609,0.9953680038452148,0.3929443359375,0.41265869140625,0.973287019000054,25,256,256,1016,1016,25089,663,1955,0.9055112426462627,0.9504129100689446
calibration,000000255912,0,real,000000255912_real.png,0.0,0.0005964283482171595,0.0013703638687729836,0.008716657757759094,0.04160626605153084,0.0,0.0,0.8779953049997857,25,256,256,1016,1016,0,0,0,1.0,1.0
calibration,000000255912,1,manipulated,000000255912_manipulated.png,0.0,0.0050118109211325645,0.029192686080932617,0.11824870109558105,0.1717769354581833,0.0,0.060394287109375,0.8648030019999169,25,256,256,1016,1016,0,0,3958,0.0,0.0
calibration,000000259625,0,real,000000259625_real.png,0.0,0.0010300414869561791,0.003394004888832569,0.006787077523767948,0.01791112683713436,0.0,0.0,0.8826912300000913,25,256,256,1016,1016,0,0,0,1.0,1.0
calibration,000000259625,1,manipulated,000000259625_manipulated.png,0.07479346208692417,0.07736142724752426,0.9475540518760681,0.9962711334228516,0.9983841180801392,0.07470703125,0.1005096435546875,0.883587635999902,25,256,256,1016,1016,4780,116,1807,0.713113531254662,0.8325350518157276
calibration,000000261161,0,real,000000261161_real.png,0.0,0.003592380555346608,0.00900931004434824,0.0288543701171875,0.1322958916425705,0.0,0.0,0.8693858540000292,25,256,256,1016,1016,0,0,0,1.0,1.0
calibration,000000261161,1,manipulated,000000261161_manipulated.png,0.2799702786905574,0.2815748453140259,0.9981961250305176,0.9989035129547119,0.999575674533844,0.2790374755859375,0.30096435546875,0.8720340439999745,25,256,256,1016,1016,17945,342,1779,0.8942988139140835,0.9442003630528005
calibration,000000263860,0,real,000000263860_real.png,0.0,0.020716067403554916,0.07088490575551987,0.14102061092853546,0.22805458307266235,0.0,0.0,0.8768472390001989,25,256,256,1016,1016,0,0,0,1.0,1.0
calibration,000000263860,1,manipulated,000000263860_manipulated.png,0.44691142507285014,0.39520034193992615,0.9285352826118469,0.9821817278862,0.9952530860900879,0.4460601806640625,0.533416748046875,0.8772249310000007,25,256,256,1016,1016,28266,967,6692,0.7868058455114822,0.8806842080665513
calibration,000000267351,0,real,000000267351_real.png,0.0022513795027590054,0.025114744901657104,0.11981028318405151,0.45588546991348267,0.568462073802948,0.0020751953125,0.0,0.8701764420002291,25,256,256,1016,1016,0,136,0,0.0,0.0
calibration,000000267351,1,manipulated,000000267351_manipulated.png,0.0020963791927583854,0.03321055695414543,0.2114264965057373,0.45347046852111816,0.5672145485877991,0.0019378662109375,0.0363006591796875,0.8816852429999926,25,256,256,1016,1016,0,127,2379,0.0,0.0
calibration,000000267940,0,real,000000267940_real.png,0.0,0.00719546340405941,0.031884897500276566,0.07963772118091583,0.14222460985183716,0.0,0.0,0.9544678550000754,25,256,256,1016,1016,0,0,0,1.0,1.0
calibration,000000267940,1,manipulated,000000267940_manipulated.png,0.0705503286006572,0.07849191874265671,0.8959543704986572,0.9880167841911316,0.9968981742858887,0.0704498291015625,0.07879638671875,1.021681806000288,25,256,256,1016,1016,4207,410,957,0.7547542160028705,0.8602392393415806
calibration,000000269196,0,real,000000269196_real.png,0.0,0.010602019727230072,0.03080994449555874,0.06087518855929375,0.3746944069862366,0.0,0.0,1.0277746970000408,25,256,256,1016,1016,0,0,0,1.0,1.0
calibration,000000269196,1,manipulated,000000269196_manipulated.png,0.4985255595511191,0.4389503598213196,0.9562723636627197,0.9793524742126465,0.9930827617645264,0.4990234375,0.5381011962890625,1.0115771640003004,25,256,256,1016,1016,31296,1408,3969,0.8533798707495978,0.920890405920346
calibration,000000269932,0,real,000000269932_real.png,0.0,0.0031185841653496027,0.013938838616013527,0.06325831264257431,0.11797377467155457,0.0,0.0,0.9003430339998886,25,256,256,1016,1016,0,0,0,1.0,1.0
calibration,000000269932,1,manipulated,000000269932_manipulated.png,0.06495675491350983,0.0684245154261589,0.8990379571914673,0.9924306273460388,0.9975417852401733,0.06494140625,0.0710296630859375,0.9080869149997852,25,256,256,1016,1016,3957,299,698,0.7987484860718611,0.8881158119178544
calibration,000000269942,0,real,000000269942_real.png,0.0,0.0016213080380111933,0.00659073144197464,0.025265196338295937,0.05689726769924164,0.0,0.0,0.8927674699998533,25,256,256,1016,1016,0,0,0,1.0,1.0
calibration,000000269942,1,manipulated,000000269942_manipulated.png,0.009667175584351168,0.013308829627931118,0.01887981966137886,0.49573203921318054,0.7805857062339783,0.009613037109375,0.026153564453125,0.8893850720000955,25,256,256,1016,1016,617,13,1097,0.3572669368847713,0.5264505119453925
calibration,000000270402,0,real,000000270402_real.png,0.0,0.0032438142225146294,0.012207916006445885,0.029993388801813126,0.05217834562063217,0.0,0.0,0.8906695820001005,25,256,256,1016,1016,0,0,0,1.0,1.0
calibration,000000270402,1,manipulated,000000270402_manipulated.png,0.11891139407278814,0.12935088574886322,0.6657803058624268,0.8267039656639099,0.8868962526321411,0.118682861328125,0.2859039306640625,0.9168765039999016,25,256,256,1016,1016,7524,254,11213,0.3961876678426623,0.5675278144446539
calibration,000000272416,0,real,000000272416_real.png,0.0,0.000818065193016082,0.0029990924522280693,0.005990282632410526,0.026440324261784554,0.0,0.0,0.9025176700001794,25,256,256,1016,1016,0,0,0,1.0,1.0
calibration,000000272416,1,manipulated,000000272416_manipulated.png,0.1815547693595387,0.17934313416481018,0.9994668364524841,0.9996815919876099,0.9997900128364563,0.18115234375,0.1868743896484375,0.8840584810000109,25,256,256,1016,1016,11786,86,461,0.9556474499310792,0.9773207844437994
calibration,000000283038,0,real,000000283038_real.png,0.0,0.006410765461623669,0.0236987192183733,0.12734290957450867,0.47492989897727966,0.0,0.0,0.8833159510004407,25,256,256,1016,1016,0,0,0,1.0,1.0
calibration,000000283038,1,manipulated,000000283038_manipulated.png,0.30213726052452106,0.2815936803817749,0.7154548168182373,0.8137645721435547,0.8915349841117859,0.30218505859375,0.550048828125,0.8957515870001771,25,256,256,1016,1016,19739,65,16309,0.5465898706836874,0.7068323426197809
calibration,000000284296,0,real,000000284296_real.png,0.0033828817657635315,0.02526310458779335,0.1824149191379547,0.38919898867607117,0.6777627468109131,0.0034637451171875,0.0,0.9506053410000277,25,256,256,1016,1016,0,227,0,0.0,0.0
calibration,000000284296,1,manipulated,000000284296_manipulated.png,0.06303765732531465,0.07770470529794693,0.6263136267662048,0.940432608127594,0.9793254733085632,0.062957763671875,0.093994140625,1.0006422940000448,25,256,256,1016,1016,3553,573,2607,0.5276993910589634,0.6908419210577484
calibration,000000285788,0,real,000000285788_real.png,0.0,0.0012645339593291283,0.00418842863291502,0.020702719688415527,0.08887191861867905,0.0,0.0,1.0150413500000468,25,256,256,1016,1016,0,0,0,1.0,1.0
calibration,000000285788,1,manipulated,000000285788_manipulated.png,0.013094619939239879,0.014706459827721119,0.009212169796228409,0.6999098062515259,0.9056005477905273,0.0131378173828125,0.0272979736328125,1.0236196229998313,25,256,256,1016,1016,799,62,990,0.43165856293895194,0.6030188679245283
calibration,000000288882,0,real,000000288882_real.png,0.0,0.018965527415275574,0.08574733138084412,0.19352875649929047,0.37075093388557434,0.0,0.0,0.936435192999852,25,256,256,1016,1016,0,0,0,1.0,1.0
calibration,000000288882,1,manipulated,000000288882_manipulated.png,0.2849051010602021,0.28883644938468933,0.9907722473144531,0.9980153441429138,0.9989375472068787,0.285003662109375,0.503662109375,0.9009731420001117,25,256,256,1016,1016,17193,1485,15815,0.4984489606586844,0.6652865379406415
calibration,000000290592,0,real,000000290592_real.png,0.0,0.009367674589157104,0.032541729509830475,0.050640497356653214,0.10922719538211823,0.0,0.0,0.9054040159999204,25,256,256,1016,1016,0,0,0,1.0,1.0
calibration,000000290592,1,manipulated,000000290592_manipulated.png,0.3495596053692107,0.3247261941432953,0.9481357932090759,0.9729093909263611,0.9852755069732666,0.3501739501953125,0.370574951171875,0.8884606220003661,25,256,256,1016,1016,20384,2565,3902,0.7591523593162266,0.8630888112628348
calibration,000000293071,0,real,000000293071_real.png,0.0,0.003607342252507806,0.012287384830415249,0.06790458410978317,0.31271329522132874,0.0,0.0,0.882871582000007,25,256,256,1016,1016,0,0,0,1.0,1.0
calibration,000000293071,1,manipulated,000000293071_manipulated.png,0.03476269452538905,0.04480069875717163,0.35483917593955994,0.7968549132347107,0.9026542901992798,0.034912109375,0.07476806640625,0.8832731359998434,25,256,256,1016,1016,2151,137,2749,0.42703990470518166,0.5984974958263773
calibration,000000293474,0,real,000000293474_real.png,0.0,0.002222272567451,0.00902278907597065,0.02613782323896885,0.1323021501302719,0.0,0.0,0.8861744310001995,25,256,256,1016,1016,0,0,0,1.0,1.0
calibration,000000293474,1,manipulated,000000293474_manipulated.png,0.05193769762539525,0.050072260200977325,0.5526906251907349,0.9301947355270386,0.9704766273498535,0.05206298828125,0.0478363037109375,0.8672867669997686,25,256,256,1016,1016,2990,422,145,0.8405960078718021,0.9133954482969299
calibration,000000293858,0,real,000000293858_real.png,0.0,0.003133506514132023,0.009309332817792892,0.019731895998120308,0.04713725298643112,0.0,0.0,0.8906179669997982,25,256,256,1016,1016,0,0,0,1.0,1.0
calibration,000000293858,1,manipulated,000000293858_manipulated.png,0.24971712443424887,0.24304161965847015,0.983222484588623,0.9925627112388611,0.9962779879570007,0.249786376953125,0.255859375,0.8950081399998453,25,256,256,1016,1016,16123,247,645,0.9475756685277696,0.9730822620556461
calibration,000000294855,0,real,000000294855_real.png,0.0,0.004422082100063562,0.013255972415208817,0.03265897184610367,0.09418713301420212,0.0,0.0,0.9638559760001044,25,256,256,1016,1016,0,0,0,1.0,1.0
calibration,000000294855,1,manipulated,000000294855_manipulated.png,0.17005955886911775,0.17042672634124756,0.9950882792472839,0.9982424974441528,0.999002993106842,0.1707611083984375,0.193145751953125,0.9785627240003123,25,256,256,1016,1016,11123,68,1535,0.8740374037403741,0.932785441737599
calibration,000000296969,0,real,000000296969_real.png,0.0,0.031163504347205162,0.16005845367908478,0.23081324994564056,0.31254270672798157,0.0,0.0,1.025101025999902,25,256,256,1016,1016,0,0,0,1.0,1.0
calibration,000000296969,1,manipulated,000000296969_manipulated.png,0.0909735569471139,0.1438547521829605,0.710647463798523,0.8520032167434692,0.9245581030845642,0.090911865234375,0.2248382568359375,1.0284906209999463,25,256,256,1016,1016,5502,456,9233,0.3621881377131196,0.5317740298651717
calibration,000000304545,0,real,000000304545_real.png,0.0,0.009128098376095295,0.03405481576919556,0.048011429607868195,0.10235026478767395,0.0,0.0,0.8938203389998307,25,256,256,1016,1016,0,0,0,1.0,1.0
calibration,000000304545,1,manipulated,000000304545_manipulated.png,0.9992366234732469,0.9036207795143127,0.9836955070495605,0.9882334470748901,0.9937301874160767,0.9990692138671875,0.99249267578125,0.9003186920003827,25,256,256,1016,1016,65044,431,0,0.9934173348606339,0.996697798787916
calibration,000000304817,0,real,000000304817_real.png,0.0,0.0012319717789068818,0.0052635702304542065,0.012845478020608425,0.06732971221208572,0.0,0.0,0.8897766680001951,25,256,256,1016,1016,0,0,0,1.0,1.0
calibration,000000304817,1,manipulated,000000304817_manipulated.png,0.17101184202368405,0.16628193855285645,0.9516559839248657,0.9818377494812012,0.9936123490333557,0.17071533203125,0.1692352294921875,0.8944426509997356,25,256,256,1016,1016,10575,613,516,0.9035372522214627,0.9493244759639122
calibration,000000304984,0,real,000000304984_real.png,0.0,0.025229327380657196,0.09188902378082275,0.13917256891727448,0.301158607006073,0.0,0.0,0.8954814229996373,25,256,256,1016,1016,0,0,0,1.0,1.0
calibration,000000304984,1,manipulated,000000304984_manipulated.png,0.018610693471386944,0.050042878836393356,0.26619839668273926,0.5784809589385986,0.8906635046005249,0.0181121826171875,0.0492095947265625,0.9014082280000366,25,256,256,1016,1016,1138,49,2087,0.34758704948075747,0.5158658204895739
calibration,000000308753,0,real,000000308753_real.png,0.0,0.011096485890448093,0.03615193068981171,0.06887397915124893,0.12425250560045242,0.0,0.0,0.8940234970000347,25,256,256,1016,1016,0,0,0,1.0,1.0
calibration,000000308753,1,manipulated,000000308753_manipulated.png,0.01668287711575423,0.025331174954771996,0.04625657945871353,0.766815721988678,0.9137004613876343,0.0168914794921875,0.0216522216796875,0.8962452480000138,25,256,256,1016,1016,1041,66,378,0.701010101010101,0.8242280285035629
calibration,000000311909,0,real,000000311909_real.png,0.0,0.0046462067402899265,0.011999394744634628,0.018007460981607437,0.08423632383346558,0.0,0.0,0.8696252479999202,25,256,256,1016,1016,0,0,0,1.0,1.0
calibration,000000311909,1,manipulated,000000311909_manipulated.png,0.6328517344534689,0.6275039315223694,0.9973844885826111,0.9983152151107788,0.9993191957473755,0.63336181640625,0.62982177734375,0.8777581509998527,25,256,256,1016,1016,40411,1097,865,0.953696929648597,0.9762997680711248
calibration,000000312406,0,real,000000312406_real.png,0.05228935457870916,0.08091503381729126,0.5090399384498596,0.7059981822967529,0.8189387917518616,0.0525054931640625,0.0,0.946179671000209,25,256,256,1016,1016,0,3441,0,0.0,0.0
calibration,000000312406,1,manipulated,000000312406_manipulated.png,0.12482949965899932,0.1520901918411255,0.9129303097724915,0.9828858375549316,0.9911342859268188,0.1255950927734375,0.0864105224609375,0.9774049729999206,25,256,256,1016,1016,5455,2776,208,0.6464036023225501,0.7852310349791277
calibration,000000313130,0,real,000000313130_real.png,0.0,0.005636147689074278,0.023194702342152596,0.09696999192237854,0.17120353877544403,0.0,0.0,0.9854798110000047,25,256,256,1016,1016,0,0,0,1.0,1.0
calibration,000000313130,1,manipulated,000000313130_manipulated.png,0.02343701562403125,0.030338363721966743,0.1346418410539627,0.6963129043579102,0.9215266108512878,0.0234527587890625,0.0483856201171875,1.0337456800002656,25,256,256,1016,1016,1535,2,1636,0.48376930349826663,0.6520815632965166
calibration,000000318114,0,real,000000318114_real.png,0.0,0.005573189351707697,0.023280441761016846,0.0354606956243515,0.08699263632297516,0.0,0.0,0.9122576490003667,25,256,256,1016,1016,0,0,0,1.0,1.0
calibration,000000318114,1,manipulated,000000318114_manipulated.png,0.038779140058280114,0.04199005663394928,0.08768446743488312,0.9744220972061157,0.9838201999664307,0.0387115478515625,0.03912353515625,0.8963621020002392,25,256,256,1016,1016,2441,96,123,0.9176691729323309,0.9570672417173103
calibration,000000320632,0,real,000000320632_real.png,0.0,0.006627654656767845,0.029451295733451843,0.08979771286249161,0.1650843620300293,0.0,0.0,0.8914821309999752,25,256,256,1016,1016,0,0,0,1.0,1.0
calibration,000000320632,1,manipulated,000000320632_manipulated.png,0.5051140414780829,0.48308101296424866,0.9619088768959045,0.9850119948387146,0.9929336309432983,0.5037689208984375,0.795928955078125,0.8782351130003008,25,256,256,1016,1016,32122,893,20040,0.6054471774573555,0.7542411683905279
calibration,000000323709,0,real,000000323709_real.png,0.0,0.0017021495150402188,0.004171054810285568,0.021625934168696404,0.1681501716375351,0.0,0.0,0.8847718940000959,25,256,256,1016,1016,0,0,0,1.0,1.0
calibration,000000323709,1,manipulated,000000323709_manipulated.png,0.1459725106950214,0.14664992690086365,0.9869035482406616,0.992392361164093,0.9972176551818848,0.1461639404296875,0.1616058349609375,0.8854049780002242,25,256,256,1016,1016,9313,266,1278,0.8577876024684535,0.9234506693108577
calibration,000000330790,0,real,000000330790_real.png,0.0008902830305660611,0.009157205000519753,0.03312402963638306,0.06578072905540466,0.6317037343978882,0.0007171630859375,0.0,0.8799902959999599,25,256,256,1016,1016,0,47,0,0.0,0.0
calibration,000000330790,1,manipulated,000000330790_manipulated.png,0.38571149017298034,0.35944119095802307,0.8522932529449463,0.9116572737693787,0.9416454434394836,0.386444091796875,0.50445556640625,0.8751893459998428,25,256,256,1016,1016,24944,382,8116,0.7458884038036002,0.8544514095844894
calibration,000000331352,0,real,000000331352_real.png,0.0,0.009414689615368843,0.044509757310152054,0.15767699480056763,0.4368305504322052,0.0,0.0,0.8786316910000096,25,256,256,1016,1016,0,0,0,1.0,1.0
calibration,000000331352,1,manipulated,000000331352_manipulated.png,0.32836040672081346,0.317691832780838,0.9961735010147095,0.9975906610488892,0.9987078905105591,0.327178955078125,0.337982177734375,0.8779744920002486,25,256,256,1016,1016,21186,256,964,0.9455502990270463,0.9720132134336575
calibration,000000333956,0,real,000000333956_real.png,0.0,0.00572002399712801,0.013991848565638065,0.03142132610082626,0.28854888677597046,0.0,0.0,0.9346242360002179,25,256,256,1016,1016,0,0,0,1.0,1.0
calibration,000000333956,1,manipulated,000000333956_manipulated.png,0.29526493427986855,0.29856202006340027,0.9994460344314575,0.9997597336769104,0.9998664855957031,0.2944793701171875,0.291290283203125,1.001527525000256,25,256,256,1016,1016,18930,369,160,0.9728146359011255,0.986220010940634
calibration,000000335427,0,real,000000335427_real.png,0.0,0.004331781063228846,0.015238188207149506,0.03740634024143219,0.15112639963626862,0.0,0.0,0.9693245400003434,25,256,256,1016,1016,0,0,0,1.0,1.0
calibration,000000335427,1,manipulated,000000335427_manipulated.png,0.002140941781883564,0.015113023109734058,0.059521231800317764,0.3158002197742462,0.6822903156280518,0.0023040771484375,0.02294921875,0.9798785049997605,25,256,256,1016,1016,144,7,1360,0.09530112508272667,0.17401812688821752
calibration,000000335450,0,real,000000335450_real.png,0.0,0.00150386116001755,0.0033832381013780832,0.005829576402902603,0.10765178501605988,0.0,0.0,0.9004885790000117,25,256,256,1016,1016,0,0,0,1.0,1.0
calibration,000000335450,1,manipulated,000000335450_manipulated.png,0.2568645762291525,0.2555237114429474,0.9966671466827393,0.9979234337806702,0.9987664222717285,0.256256103515625,0.280853271484375,0.8692365379997682,25,256,256,1016,1016,16156,638,2250,0.8483511867254778,0.9179545454545455
calibration,000000337498,0,real,000000337498_real.png,0.0,0.015570453368127346,0.04533810168504715,0.14740197360515594,0.29874294996261597,0.0,0.0,0.8755613220000669,25,256,256,1016,1016,0,0,0,1.0,1.0
calibration,000000337498,1,manipulated,000000337498_manipulated.png,0.32064042253084507,0.2962598204612732,0.8851949572563171,0.9835003614425659,0.9950644373893738,0.318603515625,0.462890625,0.8836407819999295,25,256,256,1016,1016,20509,371,9827,0.6678933142280262,0.8008825367072789
calibration,000000338191,0,real,000000338191_real.png,0.0,0.010564140044152737,0.04476264864206314,0.07464599609375,0.13723039627075195,0.0,0.0,0.9133502019999469,25,256,256,1016,1016,0,0,0,1.0,1.0
calibration,000000338191,1,manipulated,000000338191_manipulated.png,0.2126759253518507,0.21739372611045837,0.9878008365631104,0.9947996735572815,0.9971461892127991,0.2129364013671875,0.29400634765625,0.9271442290000778,25,256,256,1016,1016,13380,575,5888,0.6742932016328176,0.8054660927670589
calibration,000000338986,0,real,000000338986_real.png,0.0,0.007561008911579847,0.04003484919667244,0.06919235736131668,0.11447715759277344,0.0,0.0,0.886602000000039,25,256,256,1016,1016,0,0,0,1.0,1.0
calibration,000000338986,1,manipulated,000000338986_manipulated.png,0.10898459296918594,0.11488309502601624,0.9906142950057983,0.9978525042533875,0.9990332126617432,0.1081085205078125,0.1047515869140625,0.8770215529998495,25,256,256,1016,1016,6852,233,13,0.9653423499577346,0.9823655913978495
calibration,000000340175,0,real,000000340175_real.png,0.0,0.003726152004674077,0.01541481725871563,0.0254258643835783,0.043217938393354416,0.0,0.0,0.8785316520002198,25,256,256,1016,1016,0,0,0,1.0,1.0
calibration,000000340175,1,manipulated,000000340175_manipulated.png,0.03063484251968504,0.03335067629814148,0.04257065802812576,0.9478678107261658,0.9945403933525085,0.0308685302734375,0.0356292724609375,0.8779569179996543,25,256,256,1016,1016,1954,69,381,0.8128119800332779,0.8967416245984396
calibration,000000341058,0,real,000000341058_real.png,0.0,0.0009623210644349456,0.003048508195206523,0.006530042737722397,0.04989447072148323,0.0,0.0,0.9630933849998655,25,256,256,1016,1016,0,0,0,1.0,1.0
calibration,000000341058,1,manipulated,000000341058_manipulated.png,0.18382068014136027,0.18001577258110046,0.9940122365951538,0.9961068034172058,0.9976670742034912,0.1833953857421875,0.1866455078125,0.9830557450000015,25,256,256,1016,1016,11661,358,571,0.9262112787926926,0.961692301348398
calibration,000000344614,0,real,000000344614_real.png,0.0,0.004793286323547363,0.0137226777151227,0.030933594331145287,0.07017582654953003,0.0,0.0,0.9848323790001814,25,256,256,1016,1016,0,0,0,1.0,1.0
calibration,000000344614,1,manipulated,000000344614_manipulated.png,0.043340992931985865,0.04238344728946686,0.3729083836078644,0.8828402161598206,0.9620672464370728,0.04364013671875,0.0641937255859375,1.0080553450002299,25,256,256,1016,1016,2859,1,1348,0.6794201520912547,0.8091127776991651
calibration,000000344795,0,real,000000344795_real.png,0.0,0.007810496725142002,0.02799483761191368,0.04441586136817932,0.08975871652364731,0.0,0.0,0.9093209940001543,25,256,256,1016,1016,0,0,0,1.0,1.0
calibration,000000344795,1,manipulated,000000344795_manipulated.png,0.1260733771467543,0.12306048721075058,0.9626365900039673,0.9789097309112549,0.9881218671798706,0.1261444091796875,0.138458251953125,0.8848322979997647,25,256,256,1016,1016,8106,161,968,0.8777476989713048,0.9348941814197567
calibration,000000346707,0,real,000000346707_real.png,0.004704259408518817,0.018054410815238953,0.0921357199549675,0.3814646303653717,0.6461774110794067,0.0048065185546875,0.0,0.8763396560002548,25,256,256,1016,1016,0,315,0,0.0,0.0
calibration,000000346707,1,manipulated,000000346707_manipulated.png,0.19203860282720567,0.17724032700061798,0.8714523911476135,0.9937582612037659,0.9975798726081848,0.19195556640625,0.2114105224609375,0.8632115250002244,25,256,256,1016,1016,11852,728,2003,0.8127271480490983,0.8966899943257045
calibration,000000347664,0,real,000000347664_real.png,0.0,0.0011438456131145358,0.0032166587188839912,0.010089999996125698,0.12945638597011566,0.0,0.0,0.8659082869999111,25,256,256,1016,1016,0,0,0,1.0,1.0
calibration,000000347664,1,manipulated,000000347664_manipulated.png,0.0038536952073904146,0.009989522397518158,0.025670379400253296,0.21791373193264008,0.7250898480415344,0.00396728515625,0.0201568603515625,0.8865287349999562,25,256,256,1016,1016,254,6,1067,0.19140919366993217,0.3213156230234029
calibration,000000348012,0,real,000000348012_real.png,0.006410231570463141,0.0124456025660038,0.019980452954769135,0.3422386944293976,0.944819450378418,0.00579833984375,0.0,0.8604792619998989,25,256,256,1016,1016,0,380,0,0.0,0.0
calibration,000000348012,1,manipulated,000000348012_manipulated.png,0.2786304947609895,0.28630420565605164,0.9969568252563477,0.9983866810798645,0.9992176294326782,0.27716064453125,0.261199951171875,0.87064849699982,25,256,256,1016,1016,17100,1064,18,0.9404905950940491,0.9693328042627969
calibration,000000350388,0,real,000000350388_real.png,0.0,0.011658474802970886,0.02893909066915512,0.040623247623443604,0.0717526450753212,0.0,0.0,0.8757469039996977,25,256,256,1016,1016,0,0,0,1.0,1.0
calibration,000000350388,1,manipulated,000000350388_manipulated.png,0.1102255642011284,0.1055443212389946,0.8719195127487183,0.9394924640655518,0.9678599834442139,0.1103057861328125,0.1222076416015625,0.8792937459998029,25,256,256,1016,1016,6967,262,1042,0.8423407084995769,0.9144244651529072
calibration,000000355677,0,real,000000355677_real.png,0.0,0.027967941015958786,0.10268187522888184,0.1281789243221283,0.3703036308288574,0.0,0.0,0.9290726539998104,25,256,256,1016,1016,0,0,0,1.0,1.0
calibration,000000355677,1,manipulated,000000355677_manipulated.png,0.03706057412114824,0.053367190062999725,0.1583092212677002,0.9080235958099365,0.9810397624969482,0.0370330810546875,0.03662109375,0.9704837209997095,25,256,256,1016,1016,2224,203,176,0.8543987706492508,0.9214833229749326
calibration,000000357941,0,real,000000357941_real.png,0.0,0.0023843625094741583,0.008135414682328701,0.012129409238696098,0.02884943038225174,0.0,0.0,0.9863145280000936,25,256,256,1016,1016,0,0,0,1.0,1.0
calibration,000000357941,1,manipulated,000000357941_manipulated.png,0.33300847851695703,0.33579814434051514,0.9990358352661133,0.9994109869003296,0.9996269941329956,0.332489013671875,0.3252105712890625,1.0234553650002454,25,256,256,1016,1016,21147,643,166,0.9631535798870469,0.98123100480245
calibration,000000364322,0,real,000000364322_real.png,0.0,0.0031511271372437477,0.009046819061040878,0.033855702728033066,0.08843297511339188,0.0,0.0,0.9110837489997721,25,256,256,1016,1016,0,0,0,1.0,1.0
calibration,000000364322,1,manipulated,000000364322_manipulated.png,0.6975110825221651,0.6066931486129761,0.9506788849830627,0.9722639918327332,0.9880772829055786,0.6959686279296875,0.7768707275390625,0.8675674370001616,25,256,256,1016,1016,42666,2945,8247,0.7921942886850607,0.8840495628030335
calibration,000000365385,0,real,000000365385_real.png,0.0,0.03898932412266731,0.212846040725708,0.3859673738479614,0.47919052839279175,0.0,0.0,0.904199829999925,25,256,256,1016,1016,0,0,0,1.0,1.0
calibration,000000365385,1,manipulated,000000365385_manipulated.png,0.06311612623225246,0.08649268746376038,0.7246364951133728,0.926236629486084,0.9738122820854187,0.063201904296875,0.051666259765625,0.8808787120001398,25,256,256,1016,1016,3290,852,96,0.7763095799905616,0.8740701381509033
calibration,000000365766,0,real,000000365766_real.png,0.0,0.0072438945062458515,0.0355507992208004,0.12898103892803192,0.2088700234889984,0.0,0.0,0.8785629140002129,25,256,256,1016,1016,0,0,0,1.0,1.0
calibration,000000365766,1,manipulated,000000365766_manipulated.png,0.030659061318122637,0.03784488886594772,0.11499419808387756,0.9907989501953125,0.9970582723617554,0.0306396484375,0.031463623046875,0.8876087150001695,25,256,256,1016,1016,1858,150,204,0.8399638336347197,0.913022113022113
calibration,000000366141,0,real,000000366141_real.png,0.0,0.0006474508554674685,0.0028779665008187294,0.005372723564505577,0.010861932300031185,0.0,0.0,0.8828324250002879,25,256,256,1016,1016,0,0,0,1.0,1.0
calibration,000000366141,1,manipulated,000000366141_manipulated.png,0.034679381858763715,0.035317592322826385,0.016320275142788887,0.9968124032020569,0.9983301758766174,0.0349578857421875,0.0361480712890625,0.8863659890002964,25,256,256,1016,1016,2183,108,186,0.8813080339119903,0.9369098712446352
calibration,000000368684,0,real,000000368684_real.png,0.0,0.001148075214587152,0.004838623572140932,0.01051225047558546,0.02410989999771118,0.0,0.0,0.8670075330001055,25,256,256,1016,1016,0,0,0,1.0,1.0
calibration,000000368684,1,manipulated,000000368684_manipulated.png,0.22268216411432823,0.2245190590620041,0.9995107650756836,0.9998027682304382,0.9999241828918457,0.222137451171875,0.22442626953125,0.8649360800000068,25,256,256,1016,1016,14313,245,395,0.9571992242359393,0.9781316203102577
calibration,000000369370,0,real,000000369370_real.png,0.0,0.017727358266711235,0.06838476657867432,0.14386263489723206,0.2735389471054077,0.0,0.0,0.9180872800002362,25,256,256,1016,1016,0,0,0,1.0,1.0
calibration,000000369370,1,manipulated,000000369370_manipulated.png,0.06390759656519313,0.07105279713869095,0.6059035062789917,0.9466670751571655,0.9879994988441467,0.0644683837890625,0.04901123046875,0.9762631540002076,25,256,256,1016,1016,2943,1282,269,0.6548731642189586,0.7914481645824929
calibration,000000369751,0,real,000000369751_real.png,0.0,0.001678850152529776,0.0069783348590135574,0.01959715411067009,0.06558861583471298,0.0,0.0,0.9951735969998481,25,256,256,1016,1016,0,0,0,1.0,1.0
calibration,000000369751,1,manipulated,000000369751_manipulated.png,0.06275090675181351,0.06325563043355942,0.6064830422401428,0.8389995694160461,0.9307885766029358,0.0626678466796875,0.09979248046875,0.969155586999932,25,256,256,1016,1016,3838,269,2702,0.5636657365251873,0.7209542594157978
calibration,000000369771,0,real,000000369771_real.png,0.0,0.0028061727061867714,0.01194583997130394,0.019545000046491623,0.05983859300613403,0.0,0.0,0.9195950650000668,25,256,256,1016,1016,0,0,0,1.0,1.0
calibration,000000369771,1,manipulated,000000369771_manipulated.png,0.07207223789447578,0.0753617212176323,0.9934756755828857,0.9988545179367065,0.9994713664054871,0.07220458984375,0.0764007568359375,0.8768968800000039,25,256,256,1016,1016,4693,39,314,0.93004359889021,0.963753978847931
calibration,000000370900,0,real,000000370900_real.png,0.0,0.015583212487399578,0.06110725924372673,0.17235079407691956,0.2769538462162018,0.0,0.0,0.8776741819997369,25,256,256,1016,1016,0,0,0,1.0,1.0
calibration,000000370900,1,manipulated,000000370900_manipulated.png,0.728753332506665,0.6459749341011047,0.9868618249893188,0.9956145286560059,0.9979329109191895,0.728179931640625,0.7205810546875,0.8860577880000164,25,256,256,1016,1016,45659,2063,1565,0.9263903260494654,0.9617888062688265
calibration,000000375078,0,real,000000375078_real.png,0.02961184047368095,0.1411883383989334,0.44237011671066284,0.5822826623916626,0.7460143566131592,0.0297393798828125,0.0,0.8739171010001883,25,256,256,1016,1016,0,1949,0,0.0,0.0
calibration,000000375078,1,manipulated,000000375078_manipulated.png,0.17641360282720567,0.25632381439208984,0.7136104106903076,0.9558262825012207,0.9834723472595215,0.1751251220703125,0.068450927734375,0.8764161069998408,25,256,256,1016,1016,3697,7780,789,0.3014022501222893,0.4631961410762388
calibration,000000377575,0,real,000000377575_real.png,0.0,0.005095066502690315,0.01766229420900345,0.05339082330465317,0.10597320646047592,0.0,0.0,0.865970742999707,25,256,256,1016,1016,0,0,0,1.0,1.0
calibration,000000377575,1,manipulated,000000377575_manipulated.png,0.06196234267468535,0.06592243164777756,0.6170145869255066,0.8970084190368652,0.967993438243866,0.0617523193359375,0.077728271484375,0.8601479009998911,25,256,256,1016,1016,3793,254,1301,0.7092370979805535,0.8298873208620501
calibration,000000377814,0,real,000000377814_real.png,0.0,0.008117352612316608,0.02509871870279312,0.05157788097858429,0.21261002123355865,0.0,0.0,0.8594164999999521,25,256,256,1016,1016,0,0,0,1.0,1.0
calibration,000000377814,1,manipulated,000000377814_manipulated.png,0.7563114188728377,0.7040438055992126,0.9990386962890625,0.999373733997345,0.9996670484542847,0.7562408447265625,0.7826690673828125,0.8523553919999358,25,256,256,1016,1016,48791,770,2502,0.9371530645564028,0.9675570626846729
calibration,000000377882,0,real,000000377882_real.png,0.0,0.010268633253872395,0.04646240919828415,0.09410595148801804,0.18873141705989838,0.0,0.0,0.8698042690002694,25,256,256,1016,1016,0,0,0,1.0,1.0
calibration,000000377882,1,manipulated,000000377882_manipulated.png,0.006028543307086614,0.018679166212677956,0.05862774699926376,0.35973459482192993,0.7985530495643616,0.005615234375,0.0489654541015625,0.9773621089998414,25,256,256,1016,1016,340,28,2869,0.10503552672227372,0.19010343863572826
calibration,000000382088,0,real,000000382088_real.png,0.0,0.0074724010191857815,0.026337001472711563,0.06675875186920166,0.33787843585014343,0.0,0.0,0.9814558979996946,25,256,256,1016,1016,0,0,0,1.0,1.0
calibration,000000382088,1,manipulated,000000382088_manipulated.png,0.3244679614359229,0.2997356355190277,0.9654442667961121,0.9866008162498474,0.9954172372817993,0.3244781494140625,0.327972412109375,0.9684376640002483,25,256,256,1016,1016,20968,297,526,0.9622321141755771,0.9807525900979911
calibration,000000384513,0,real,000000384513_real.png,0.0,0.0010446502128615975,0.002843134570866823,0.0070336018688976765,0.018696196377277374,0.0,0.0,0.9356539640002666,25,256,256,1016,1016,0,0,0,1.0,1.0
calibration,000000384513,1,manipulated,000000384513_manipulated.png,0.01804494233988468,0.01966339722275734,0.028084490448236465,0.647438108921051,0.7754157185554504,0.018341064453125,0.0323944091796875,0.9255237239999587,25,256,256,1016,1016,1161,41,962,0.5365064695009242,0.6983458646616542
calibration,000000384616,0,real,000000384616_real.png,0.0,0.0015022926963865757,0.005230901762843132,0.01088053546845913,0.03073849529027939,0.0,0.0,0.8992047970000385,25,256,256,1016,1016,0,0,0,1.0,1.0
calibration,000000384616,1,manipulated,000000384616_manipulated.png,0.06551088102176204,0.06580191850662231,0.8578993082046509,0.9841895699501038,0.9931567311286926,0.0653533935546875,0.0608367919921875,0.9172776119999071,25,256,256,1016,1016,3815,468,172,0.856341189674523,0.9226118500604595
calibration,000000384651,0,real,000000384651_real.png,0.00010656271312542625,0.008974968455731869,0.031199628487229347,0.06523618847131729,0.5475459694862366,7.62939453125e-05,0.0,0.9108216769996034,25,256,256,1016,1016,0,5,0,0.0,0.0
calibration,000000384651,1,manipulated,000000384651_manipulated.png,0.16096879068758138,0.16617295145988464,0.9969663619995117,0.998306155204773,0.9989223480224609,0.161468505859375,0.15850830078125,0.9016445930001282,25,256,256,1016,1016,10199,383,189,0.9468944387707734,0.9727229375298044
calibration,000000386210,0,real,000000386210_real.png,0.0,0.002272810088470578,0.010844533331692219,0.024043384939432144,0.06058171018958092,0.0,0.0,0.9208637709998584,25,256,256,1016,1016,0,0,0,1.0,1.0
calibration,000000386210,1,manipulated,000000386210_manipulated.png,0.07251883253766507,0.07789895683526993,0.8651673197746277,0.9820536971092224,0.9916281700134277,0.0727996826171875,0.0765228271484375,0.9192588870000691,25,256,256,1016,1016,4054,717,961,0.7072575017445918,0.8285305538524422
calibration,000000392818,0,real,000000392818_real.png,0.0,0.005848286207765341,0.017210768535733223,0.0330013744533062,0.08315303921699524,0.0,0.0,0.9242020800002138,25,256,256,1016,1016,0,0,0,1.0,1.0
calibration,000000392818,1,manipulated,000000392818_manipulated.png,0.4916590458180916,0.47594398260116577,0.9811814427375793,0.9919330477714539,0.995191216468811,0.4907073974609375,0.6927337646484375,0.9088722320002489,25,256,256,1016,1016,31638,521,13761,0.6889808362369338,0.8158539415663116
calibration,000000393282,0,real,000000393282_real.png,0.0036793198586397174,0.0327574796974659,0.16514678299427032,0.4082914888858795,0.7620172500610352,0.0035400390625,0.0,0.982257134000065,25,256,256,1016,1016,0,232,0,0.0,0.0
calibration,000000393282,1,manipulated,000000393282_manipulated.png,0.03178281356562713,0.040196292102336884,0.17960135638713837,0.9253671765327454,0.9856221079826355,0.0316314697265625,0.0420379638671875,0.9862310159996923,25,256,256,1016,1016,1607,466,1148,0.498913380937597,0.6657000828500415
calibration,000000394328,0,real,000000394328_real.png,0.00810264120528241,0.03402043133974075,0.1809549778699875,0.4546094834804535,0.6913936138153076,0.0078582763671875,0.0,0.9921352160004062,25,256,256,1016,1016,0,515,0,0.0,0.0
calibration,000000394328,1,manipulated,000000394328_manipulated.png,0.1253739382478765,0.14321665465831757,0.9989386796951294,0.9996242523193359,0.9998444318771362,0.1246490478515625,0.1266632080078125,0.976879437000207,25,256,256,1016,1016,8058,111,243,0.9579172610556348,0.9785063752276867
calibration,000000402433,0,real,000000402433_real.png,0.0,0.02138202078640461,0.09633176773786545,0.13373053073883057,0.2111576944589615,0.0,0.0,0.9746075970001584,25,256,256,1016,1016,0,0,0,1.0,1.0
calibration,000000402433,1,manipulated,000000402433_manipulated.png,0.17180524986049972,0.15949395298957825,0.9314302206039429,0.9701967835426331,0.9910502433776855,0.1717681884765625,0.17095947265625,0.8995636439999544,25,256,256,1016,1016,10680,577,524,0.9065444359562007,0.9509817016161346
calibration,000000402473,0,real,000000402473_real.png,0.0,0.0034353830851614475,0.011579352430999279,0.02562451735138893,0.07131283730268478,0.0,0.0,0.894634311000118,25,256,256,1016,1016,0,0,0,1.0,1.0
calibration,000000402473,1,manipulated,000000402473_manipulated.png,0.4499232748465497,0.39374443888664246,0.9781805276870728,0.9856842160224915,0.9928359389305115,0.448822021484375,0.4375457763671875,0.862900345000071,25,256,256,1016,1016,28131,1283,544,0.9390146204686561,0.9685482621494603
calibration,000000405205,0,real,000000405205_real.png,0.0,0.029995683580636978,0.1712116301059723,0.2272145003080368,0.4172631502151489,0.0,0.0,0.8818178980000084,25,256,256,1016,1016,0,0,0,1.0,1.0
calibration,000000405205,1,manipulated,000000405205_manipulated.png,0.7400354175708351,0.7408750653266907,0.9992086291313171,0.9994858503341675,0.9996654987335205,0.73883056640625,0.6847991943359375,0.8682783040003414,25,256,256,1016,1016,44475,3945,404,0.9109249549401933,0.9533864242917931
calibration,000000405432,0,real,000000405432_real.png,0.0006374387748775498,0.004135477356612682,0.016761675477027893,0.03776590898633003,0.5274070501327515,0.0005950927734375,0.0,0.8715800139998464,25,256,256,1016,1016,0,39,0,0.0,0.0
calibration,000000405432,1,manipulated,000000405432_manipulated.png,0.08682923615847232,0.08324498683214188,0.9326944947242737,0.990254819393158,0.9959652423858643,0.0869140625,0.084716796875,0.8807248060002166,25,256,256,1016,1016,5369,327,183,0.9132505528151046,0.9546586059743954
calibration,000000408830,0,real,000000408830_real.png,0.0,0.0011737303575500846,0.0034454052802175283,0.006216262932866812,0.03750045970082283,0.0,0.0,0.8827478150001298,25,256,256,1016,1016,0,0,0,1.0,1.0
calibration,000000408830,1,manipulated,000000408830_manipulated.png,0.5938178126356253,0.5476009845733643,0.9870657920837402,0.9935092926025391,0.9970506429672241,0.5930023193359375,0.6897430419921875,0.8829689539998071,25,256,256,1016,1016,37701,1162,7502,0.8131349077968295,0.8969381200485333
calibration,000000414261,0,real,000000414261_real.png,0.0,0.0029187037143856287,0.0093556959182024,0.0166926272213459,0.04645013436675072,0.0,0.0,0.9512866620002569,25,256,256,1016,1016,0,0,0,1.0,1.0
calibration,000000414261,1,manipulated,000000414261_manipulated.png,0.4179641484282969,0.3809763193130493,0.9776366353034973,0.9911205768585205,0.996209979057312,0.4170989990234375,0.4145050048828125,0.9899630099998831,25,256,256,1016,1016,25323,2012,1842,0.8679096548651335,0.9292844036697248
calibration,000000416256,0,real,000000416256_real.png,0.0,0.0058553172275424,0.02029230259358883,0.1315270960330963,0.4016629159450531,0.0,0.0,1.0355024110003797,25,256,256,1016,1016,0,0,0,1.0,1.0
calibration,000000416256,1,manipulated,000000416256_manipulated.png,0.11316669508339017,0.11781761050224304,0.9763010740280151,0.9954845309257507,0.9971394538879395,0.1139678955078125,0.1235198974609375,0.9939923829997497,25,256,256,1016,1016,7206,263,889,0.8621679827709978,0.9259830377794911
calibration,000000416269,0,real,000000416269_real.png,0.0,0.017758706584572792,0.05989257991313934,0.13448688387870789,0.43373215198516846,0.0,0.0,0.9487209210001311,25,256,256,1016,1016,0,0,0,1.0,1.0
calibration,000000416269,1,manipulated,000000416269_manipulated.png,0.37358949717899437,0.35451194643974304,0.9748815298080444,0.9829370975494385,0.9913014769554138,0.3736114501953125,0.3802032470703125,0.8593675030001577,25,256,256,1016,1016,24036,449,881,0.9475676101868643,0.9730780130359095
calibration,000000416330,0,real,000000416330_real.png,0.0,0.009980808012187481,0.039252396672964096,0.0633343979716301,0.10332602262496948,0.0,0.0,0.8710018000001583,25,256,256,1016,1016,0,0,0,1.0,1.0
calibration,000000416330,1,manipulated,000000416330_manipulated.png,0.2325508401016802,0.24734914302825928,0.8680577278137207,0.9765883684158325,0.9921311736106873,0.2332611083984375,0.5850677490234375,0.8520022570000947,25,256,256,1016,1016,10224,5063,28119,0.23554347325254574,0.3812791348126049
calibration,000000416885,0,real,000000416885_real.png,0.0,0.002338776597753167,0.008099094964563847,0.01219413336366415,0.029837531968951225,0.0,0.0,0.8710845320001681,25,256,256,1016,1016,0,0,0,1.0,1.0
calibration,000000416885,1,manipulated,000000416885_manipulated.png,0.1899703174406349,0.17994911968708038,0.9694955348968506,0.9853288531303406,0.9903456568717957,0.191009521484375,0.1663818359375,0.8816746309998962,25,256,256,1016,1016,10824,1694,80,0.8591839974599143,0.9242592434463325
calibration,000000416991,0,real,000000416991_real.png,0.0,0.011562982574105263,0.050594501197338104,0.08598381280899048,0.18968157470226288,0.0,0.0,0.8759146610000244,25,256,256,1016,1016,0,0,0,1.0,1.0
calibration,000000416991,1,manipulated,000000416991_manipulated.png,0.03359147343294686,0.04459621384739876,0.35521402955055237,0.6070314645767212,0.7880828976631165,0.033599853515625,0.046844482421875,0.889615823999975,25,256,256,1016,1016,1998,204,1072,0.6102626756261453,0.7579666160849773
calibration,000000418961,0,real,000000418961_real.png,0.0002915943331886664,0.009267782792448997,0.027579452842473984,0.14942818880081177,0.5522796511650085,0.000274658203125,0.0,0.8916450930000792,25,256,256,1016,1016,0,18,0,0.0,0.0
calibration,000000418961,1,manipulated,000000418961_manipulated.png,0.07998790997581995,0.08260335773229599,0.9759695529937744,0.9951375722885132,0.997631311416626,0.079986572265625,0.0839691162109375,0.8918213880001531,25,256,256,1016,1016,5211,31,292,0.9416335381279364,0.9699395067473243
calibration,000000420472,0,real,000000420472_real.png,0.0,0.009458290413022041,0.04442194476723671,0.17427432537078857,0.2932419776916504,0.0,0.0,0.9761082730001363,25,256,256,1016,1016,0,0,0,1.0,1.0
calibration,000000420472,1,manipulated,000000420472_manipulated.png,0.16115866606733215,0.17207615077495575,0.9842933416366577,0.9940070509910583,0.9974209070205688,0.1615142822265625,0.1793365478515625,0.9872129200002746,25,256,256,1016,1016,10294,291,1459,0.8546994354035204,0.9216581609812875
calibration,000000423971,0,real,000000423971_real.png,0.0,0.0051672374829649925,0.02590896189212799,0.06017638370394707,0.2581532895565033,0.0,0.0,0.9834827550002956,25,256,256,1016,1016,0,0,0,1.0,1.0
calibration,000000423971,1,manipulated,000000423971_manipulated.png,0.3339355741211482,0.33166390657424927,0.9992388486862183,0.9993923902511597,0.9995880722999573,0.334197998046875,0.3440093994140625,1.0146949810000478,25,256,256,1016,1016,21797,105,748,0.9623399558498896,0.9808086035052984
calibration,000000424721,0,real,000000424721_real.png,0.0,0.0010862762574106455,0.0034625164698809385,0.006094495765864849,0.020313909277319908,0.0,0.0,0.9341127569996388,25,256,256,1016,1016,0,0,0,1.0,1.0
calibration,000000424721,1,manipulated,000000424721_manipulated.png,0.06437841000682001,0.06391248852014542,0.9287238717079163,0.9951496720314026,0.9988697171211243,0.0643310546875,0.0655517578125,0.8877779510003165,25,256,256,1016,1016,4120,96,176,0.9380692167577414,0.9680451127819549
calibration,000000426166,0,real,000000426166_real.png,0.0,0.007778840605169535,0.03152640536427498,0.1444057822227478,0.24237093329429626,0.0,0.0,0.8876978379998945,25,256,256,1016,1016,0,0,0,1.0,1.0
calibration,000000426166,1,manipulated,000000426166_manipulated.png,0.06645735166470333,0.0709894597530365,0.7320837378501892,0.947662889957428,0.9751157760620117,0.066436767578125,0.057220458984375,0.901687414999742,25,256,256,1016,1016,3600,754,150,0.7992895204262878,0.8884501480750246
calibration,000000428280,0,real,000000428280_real.png,0.0,0.0015964446356520057,0.004025878384709358,0.0058251917362213135,0.014297110959887505,0.0,0.0,0.8731244179998612,25,256,256,1016,1016,0,0,0,1.0,1.0
calibration,000000428280,1,manipulated,000000428280_manipulated.png,0.0599754324508649,0.07741808146238327,0.56013023853302,0.8626245856285095,0.9203755259513855,0.06048583984375,0.1447601318359375,0.8679179950004254,25,256,256,1016,1016,3698,266,5789,0.3791653850097406,0.5498475949743513
calibration,000000433192,0,real,000000433192_real.png,0.0,0.01636834815144539,0.055222541093826294,0.16514065861701965,0.4276193678379059,0.0,0.0,0.864645992000078,25,256,256,1016,1016,0,0,0,1.0,1.0
calibration,000000433192,1,manipulated,000000433192_manipulated.png,0.04925231725463451,0.06535419821739197,0.480703741312027,0.9844445586204529,0.9952612519264221,0.0489959716796875,0.0433349609375,0.8622248060000857,25,256,256,1016,1016,2749,462,91,0.8325257419745609,0.9086101470831267
calibration,000000433374,0,real,000000433374_real.png,0.0,0.008984408341348171,0.0388789102435112,0.08406232297420502,0.1830248087644577,0.0,0.0,0.8808647239998209,25,256,256,1016,1016,0,0,0,1.0,1.0
calibration,000000433374,1,manipulated,000000433374_manipulated.png,0.1322065456630913,0.13496138155460358,0.8710325360298157,0.9596115946769714,0.9932906627655029,0.131805419921875,0.1573944091796875,0.8916738240000086,25,256,256,1016,1016,7753,885,2562,0.6922321428571429,0.8181290560861078
calibration,000000435299,0,real,000000435299_real.png,0.0,0.023516813293099403,0.11392030119895935,0.38999348878860474,0.4784589409828186,0.0,0.0,0.9560228649997953,25,256,256,1016,1016,0,0,0,1.0,1.0
calibration,000000435299,1,manipulated,000000435299_manipulated.png,0.5014279403558807,0.498405396938324,0.9964487552642822,0.9982982277870178,0.9992885589599609,0.503021240234375,0.4197998046875,0.9939764230002766,25,256,256,1016,1016,26993,5973,519,0.8061221442436912,0.8926551803961771
calibration,000000438226,0,real,000000438226_real.png,0.0,0.00046866104821674526,0.0011670722160488367,0.002941575599834323,0.022520840167999268,0.0,0.0,0.9828789960001814,25,256,256,1016,1016,0,0,0,1.0,1.0
calibration,000000438226,1,manipulated,000000438226_manipulated.png,0.2543293524087048,0.25313809514045715,0.9987578392028809,0.9991652369499207,0.9994889497756958,0.2544708251953125,0.2555084228515625,0.983013610999933,25,256,256,1016,1016,16359,318,386,0.9587411357908926,0.978936030159775
calibration,000000446522,0,real,000000446522_real.png,0.0,0.0010588635923340917,0.003159603103995323,0.005151621997356415,0.009213886223733425,0.0,0.0,0.9116949460003525,25,256,256,1016,1016,0,0,0,1.0,1.0
calibration,000000446522,1,manipulated,000000446522_manipulated.png,0.2179749984499969,0.21699132025241852,0.9972353577613831,0.9981874823570251,0.9989646673202515,0.2185211181640625,0.22509765625,0.8730844900001102,25,256,256,1016,1016,13967,354,785,0.9245994968886535,0.9608227565094761
calibration,000000450439,0,real,000000450439_real.png,0.0,0.00756261870265007,0.025728881359100342,0.07378973066806793,0.18517832458019257,0.0,0.0,0.8630815159999656,25,256,256,1016,1016,0,0,0,1.0,1.0
calibration,000000450439,1,manipulated,000000450439_manipulated.png,0.17438503627007254,0.17482763528823853,0.9804223775863647,0.9902732372283936,0.9941046833992004,0.173583984375,0.1636810302734375,0.8818322600000101,25,256,256,1016,1016,10550,826,177,0.9131827231022245,0.9546215445867077
calibration,000000451090,0,real,000000451090_real.png,0.0,0.0023927665315568447,0.00822874903678894,0.018768273293972015,0.15818245708942413,0.0,0.0,0.8819665239998358,25,256,256,1016,1016,0,0,0,1.0,1.0
calibration,000000451090,1,manipulated,000000451090_manipulated.png,0.04971538068076136,0.07563965767621994,0.49928805232048035,0.6197525858879089,0.7150915861129761,0.0488739013671875,0.1385955810546875,0.8663609129998804,25,256,256,1016,1016,3203,0,5880,0.3526367940107894,0.5214064789190949
calibration,000000451150,0,real,000000451150_real.png,0.0,0.006127541419118643,0.029006049036979675,0.0615040548145771,0.17648041248321533,0.0,0.0,0.8885191700001087,25,256,256,1016,1016,0,0,0,1.0,1.0
calibration,000000451150,1,manipulated,000000451150_manipulated.png,0.7065185380370761,0.6652587056159973,0.9944769740104675,0.9982677102088928,0.9991464614868164,0.705841064453125,0.720245361328125,0.8905726020002476,25,256,256,1016,1016,45196,1062,2006,0.9364329520968009,0.9671731221913118
calibration,000000452321,0,real,000000452321_real.png,0.0,0.0021356940269470215,0.006368541158735752,0.03296063467860222,0.11200607568025589,0.0,0.0,0.8738058809999529,25,256,256,1016,1016,0,0,0,1.0,1.0
calibration,000000452321,1,manipulated,000000452321_manipulated.png,0.23153461931923863,0.23969416320323944,0.9974977374076843,0.9983592629432678,0.9991400241851807,0.23077392578125,0.279571533203125,0.8844073870000102,25,256,256,1016,1016,14961,163,3361,0.8093589396808223,0.8946361298810022
calibration,000000456394,0,real,000000456394_real.png,0.0,0.010888637974858284,0.03270156681537628,0.057837408035993576,0.10132931917905807,0.0,0.0,0.9138043670000116,25,256,256,1016,1016,0,0,0,1.0,1.0
calibration,000000456394,1,manipulated,000000456394_manipulated.png,0.182122457994916,0.20611543953418732,0.7920372486114502,0.9511449337005615,0.9684463739395142,0.18310546875,0.363006591796875,0.9892323559997749,25,256,256,1016,1016,11888,112,11902,0.4973642373023178,0.6643196423582006
calibration,000000470121,0,real,000000470121_real.png,0.0,0.006467259954661131,0.023666799068450928,0.03766347095370293,0.07051285356283188,0.0,0.0,0.9707358209998347,25,256,256,1016,1016,0,0,0,1.0,1.0
calibration,000000470121,1,manipulated,000000470121_manipulated.png,0.11943645762291524,0.12757565081119537,0.8078497052192688,0.9637917280197144,0.9790517091751099,0.11907958984375,0.1677398681640625,0.9979029109999829,25,256,256,1016,1016,7507,297,3486,0.6649247121346324,0.7987444805022078
calibration,000000471869,0,real,000000471869_real.png,0.0,0.003922517877072096,0.017097173258662224,0.04957636818289757,0.10113614052534103,0.0,0.0,0.9126098470001125,25,256,256,1016,1016,0,0,0,1.0,1.0
calibration,000000471869,1,manipulated,000000471869_manipulated.png,0.036514198028396054,0.036020275205373764,0.08943934738636017,0.9296426177024841,0.9739857316017151,0.0366668701171875,0.029266357421875,0.8721444409998185,25,256,256,1016,1016,1878,525,40,0.7687269750307,0.8692432307336265
calibration,000000474164,0,real,000000474164_real.png,0.0,0.009991297498345375,0.03475426137447357,0.06413444876670837,0.41304221749305725,0.0,0.0,0.8742566999999326,25,256,256,1016,1016,0,0,0,1.0,1.0
calibration,000000474164,1,manipulated,000000474164_manipulated.png,0.3834794857089714,0.3625381886959076,0.9781746864318848,0.9922346472740173,0.9979841709136963,0.3818359375,0.3825225830078125,0.8922127850000834,25,256,256,1016,1016,24180,844,889,0.9331223710106896,0.965404347912882
calibration,000000475678,0,real,000000475678_real.png,0.0,0.0019831873942166567,0.006834784522652626,0.026343733072280884,0.12910372018814087,0.0,0.0,0.8909811280000213,25,256,256,1016,1016,0,0,0,1.0,1.0
calibration,000000475678,1,manipulated,000000475678_manipulated.png,0.5606409650319301,0.5364871621131897,0.9820618629455566,0.9934344291687012,0.9964827299118042,0.5604095458984375,0.7694244384765625,0.8545624379999026,25,256,256,1016,1016,36168,559,14257,0.7093990271457712,0.8299981641270424
calibration,000000476787,0,real,000000476787_real.png,0.0,0.0014711376279592514,0.004746247548609972,0.013540365733206272,0.04399651288986206,0.0,0.0,0.8655828629998723,25,256,256,1016,1016,0,0,0,1.0,1.0
calibration,000000476787,1,manipulated,000000476787_manipulated.png,0.12949500899001798,0.12585051357746124,0.9695292711257935,0.979481041431427,0.987621009349823,0.129486083984375,0.1316375732421875,0.8833510320000642,25,256,256,1016,1016,8271,215,356,0.9354218502601221,0.9666335534389061
calibration,000000478286,0,real,000000478286_real.png,0.0,0.0059806290082633495,0.0202740877866745,0.036899223923683167,0.1379087269306183,0.0,0.0,0.8714041690000158,25,256,256,1016,1016,0,0,0,1.0,1.0
calibration,000000478286,1,manipulated,000000478286_manipulated.png,0.16681423987847976,0.16351424157619476,0.9909520149230957,0.996852695941925,0.9987861514091492,0.1663055419921875,0.1668243408203125,0.8651388839998617,25,256,256,1016,1016,10687,212,246,0.9589053387169134,0.9790216196408941
calibration,000000480842,0,real,000000480842_real.png,0.0003574694649389299,0.006733354181051254,0.011014251038432121,0.098112553358078,0.6254424452781677,0.00030517578125,0.0,0.8602605129999574,25,256,256,1016,1016,0,20,0,0.0,0.0
calibration,000000480842,1,manipulated,000000480842_manipulated.png,0.07703709157418315,0.08499744534492493,0.6445518732070923,0.7967608571052551,0.8948504328727722,0.076873779296875,0.1500396728515625,0.9659212859996842,25,256,256,1016,1016,4891,147,4942,0.4900801603206413,0.6577903301728196
calibration,000000485972,0,real,000000485972_real.png,0.0,0.007804737892001867,0.025682920590043068,0.04647543281316757,0.08469835668802261,0.0,0.0,1.0037377160001597,25,256,256,1016,1016,0,0,0,1.0,1.0
calibration,000000485972,1,manipulated,000000485972_manipulated.png,0.030109778969557938,0.032072361558675766,0.0418793223798275,0.875198483467102,0.9576901197433472,0.029754638671875,0.024932861328125,0.9995845490002466,25,256,256,1016,1016,1462,488,172,0.6889726672950047,0.8158482142857143
calibration,000000489046,0,real,000000489046_real.png,0.0,0.017108002677559853,0.08474547415971756,0.16419675946235657,0.3797929286956787,0.0,0.0,0.9415114059997904,25,256,256,1016,1016,0,0,0,1.0,1.0
calibration,000000489046,1,manipulated,000000489046_manipulated.png,0.035081413912827826,0.042958538979291916,0.2244984656572342,0.9558520913124084,0.9863891005516052,0.0350341796875,0.0316925048828125,0.8759518020001451,25,256,256,1016,1016,1936,360,141,0.7944193680755026,0.8854333409558656
calibration,000000493284,0,real,000000493284_real.png,0.0,0.014627031050622463,0.058554500341415405,0.1958649605512619,0.39821746945381165,0.0,0.0,0.8774645630001032,25,256,256,1016,1016,0,0,0,1.0,1.0
calibration,000000493284,1,manipulated,000000493284_manipulated.png,0.7202108779217559,0.6330994963645935,0.980887234210968,0.9879292249679565,0.9931743741035461,0.7198638916015625,0.7253265380859375,0.8776492519996282,25,256,256,1016,1016,43836,3341,3699,0.8616243415362843,0.9256693977531886
calibration,000000498286,0,real,000000498286_real.png,0.0,0.0028715739026665688,0.006307282485067844,0.011538981460034847,0.03617755323648453,0.0,0.0,0.8764329529999486,25,256,256,1016,1016,0,0,0,1.0,1.0
calibration,000000498286,1,manipulated,000000498286_manipulated.png,0.03830735786471573,0.040972787886857986,0.057180795818567276,0.982715368270874,0.9949535727500916,0.0379486083984375,0.038238525390625,0.9027189650000764,25,256,256,1016,1016,2369,118,137,0.9028201219512195,0.9489284998998598
calibration,000000499768,0,real,000000499768_real.png,0.0,0.0035471338778734207,0.009999134577810764,0.051379211246967316,0.1113109216094017,0.0,0.0,0.9084556719999455,25,256,256,1016,1016,0,0,0,1.0,1.0
calibration,000000499768,1,manipulated,000000499768_manipulated.png,0.059761338272676545,0.05848541855812073,0.6868114471435547,0.9717727899551392,0.9862629175186157,0.0598297119140625,0.070037841796875,0.8933810550001908,25,256,256,1016,1016,3800,121,790,0.8066227977074931,0.8929620491129127
calibration,000000504439,0,real,000000504439_real.png,4.456258912517825e-05,0.024956393986940384,0.12965171039104462,0.27033743262290955,0.547849714756012,3.0517578125e-05,0.0,0.8664186080000036,25,256,256,1016,1016,0,2,0,0.0,0.0
calibration,000000504439,1,manipulated,000000504439_manipulated.png,0.14891364157728315,0.2123459279537201,0.9683897495269775,0.9826779365539551,0.9899861216545105,0.150634765625,0.3013763427734375,0.868033180999646,25,256,256,1016,1016,9804,68,9947,0.49467682526868156,0.6619181041758093
calibration,000000508482,0,real,000000508482_real.png,0.0,0.008190827444195747,0.023371368646621704,0.1575714349746704,0.23465335369110107,0.0,0.0,0.8783660560002318,25,256,256,1016,1016,0,0,0,1.0,1.0
calibration,000000508482,1,manipulated,000000508482_manipulated.png,0.8403264306528613,0.7729156017303467,0.98646479845047,0.9903713464736938,0.9951689839363098,0.8397979736328125,0.944488525390625,0.9300245879999238,25,256,256,1016,1016,54949,88,6949,0.8864743651792341,0.9398212682259375
calibration,000000516871,0,real,000000516871_real.png,0.0,0.0043696388602256775,0.018117785453796387,0.025935489684343338,0.036952752619981766,0.0,0.0,0.9697390530000121,25,256,256,1016,1016,0,0,0,1.0,1.0
calibration,000000516871,1,manipulated,000000516871_manipulated.png,0.11045515841031682,0.08260606229305267,0.6449844241142273,0.7272802591323853,0.8350993990898132,0.111114501953125,0.1183319091796875,0.9833295489997909,25,256,256,1016,1016,7176,106,579,0.9128609591655006,0.9544457006051739
calibration,000000518213,0,real,000000518213_real.png,0.0,0.006046201102435589,0.029332749545574188,0.0976831242442131,0.39768069982528687,0.0,0.0,0.9717224420001003,25,256,256,1016,1016,0,0,0,1.0,1.0
calibration,000000518213,1,manipulated,000000518213_manipulated.png,0.24901284177568356,0.24691876769065857,0.9970909357070923,0.9982596039772034,0.999001681804657,0.24945068359375,0.264739990234375,0.8761587619997044,25,256,256,1016,1016,16087,261,1263,0.913463176423826,0.9547747640809544
calibration,000000520871,0,real,000000520871_real.png,0.0,0.013382948935031891,0.06492309272289276,0.09614037722349167,0.1441156268119812,0.0,0.0,0.8681195409999418,25,256,256,1016,1016,0,0,0,1.0,1.0
calibration,000000520871,1,manipulated,000000520871_manipulated.png,0.4383835017670035,0.43295490741729736,0.9942188262939453,0.9961204528808594,0.9978775978088379,0.4381561279296875,0.43194580078125,0.8710541380000905,25,256,256,1016,1016,28239,476,69,0.9810658699277376,0.9904424530452625
calibration,000000521405,0,real,000000521405_real.png,0.0,0.004181169904768467,0.010462706908583641,0.020207026973366737,0.09145297855138779,0.0,0.0,0.8802939900001547,25,256,256,1016,1016,0,0,0,1.0,1.0
calibration,000000521405,1,manipulated,000000521405_manipulated.png,0.10193692262384525,0.10345590859651566,0.9310198426246643,0.9648076295852661,0.9836041331291199,0.102294921875,0.0957489013671875,0.8727331400000367,25,256,256,1016,1016,6162,542,113,0.9039166788910078,0.9495338623930966
calibration,000000524108,0,real,000000524108_real.png,0.0,0.006026424001902342,0.014505005441606045,0.06325531005859375,0.45556533336639404,0.0,0.0,0.8838004859999273,25,256,256,1016,1016,0,0,0,1.0,1.0
calibration,000000524108,1,manipulated,000000524108_manipulated.png,0.8314071315642632,0.7748540639877319,0.9861162900924683,0.9920225739479065,0.9959807395935059,0.832183837890625,0.9075775146484375,0.8999281689998497,25,256,256,1016,1016,53014,1524,6465,0.8690392275789716,0.9299315014427673
calibration,000000526103,0,real,000000526103_real.png,0.0,0.003593214089050889,0.012095904909074306,0.021238168701529503,0.03961620852351189,0.0,0.0,0.8804895580001357,25,256,256,1016,1016,0,0,0,1.0,1.0
calibration,000000526103,1,manipulated,000000526103_manipulated.png,0.00740998356996714,0.013472606427967548,0.026490792632102966,0.35861116647720337,0.7607929706573486,0.007537841796875,0.0223236083984375,0.8809642280002663,25,256,256,1016,1016,491,3,972,0.334924965893588,0.5017884517118038
calibration,000000530052,0,real,000000530052_real.png,0.0,0.011320527642965317,0.033000439405441284,0.04450420290231705,0.07748360931873322,0.0,0.0,0.8776465989999451,25,256,256,1016,1016,0,0,0,1.0,1.0
calibration,000000530052,1,manipulated,000000530052_manipulated.png,0.4648333359166718,0.43718618154525757,0.9908547401428223,0.9954627752304077,0.9978678226470947,0.4634552001953125,0.4921417236328125,0.9302733859999535,25,256,256,1016,1016,28506,1867,3747,0.8354630715123095,0.9103567208507649
calibration,000000530457,0,real,000000530457_real.png,0.0,0.004648750647902489,0.02068459242582321,0.0513635016977787,0.1702728122472763,0.0,0.0,0.9831991379996907,25,256,256,1016,1016,0,0,0,1.0,1.0
calibration,000000530457,1,manipulated,000000530457_manipulated.png,0.15925700601401202,0.1606697291135788,0.9971893429756165,0.9982025027275085,0.9987964630126953,0.158538818359375,0.1577911376953125,0.99468269099998,25,256,256,1016,1016,10169,221,172,0.9627911380420375,0.9810428826395253
calibration,000000531495,0,real,000000531495_real.png,0.0,0.006735532078891993,0.012669993564486504,0.1396796703338623,0.40128853917121887,0.0,0.0,0.9844527860000198,25,256,256,1016,1016,0,0,0,1.0,1.0
calibration,000000531495,1,manipulated,000000531495_manipulated.png,0.010134114018228037,0.02003641612827778,0.06511731445789337,0.5040974020957947,0.806532084941864,0.0103759765625,0.0327606201171875,0.8983138809999218,25,256,256,1016,1016,565,115,1582,0.2497789566755084,0.39971701450300673
calibration,000000534601,0,real,000000534601_real.png,0.0,0.003049865597859025,0.007797799538820982,0.012598858214914799,0.06967730075120926,0.0,0.0,0.8884437540000363,25,256,256,1016,1016,0,0,0,1.0,1.0
calibration,000000534601,1,manipulated,000000534601_manipulated.png,0.5716343620187241,0.5309393405914307,0.9823541641235352,0.9911717772483826,0.9972496628761292,0.571929931640625,0.563140869140625,0.8892412889999832,25,256,256,1016,1016,36367,1115,539,0.9564977249414797,0.9777652309512287
calibration,000000534639,0,real,000000534639_real.png,0.000457250914501829,0.01239138375967741,0.05616722255945206,0.2751530110836029,0.6352167725563049,0.0003662109375,0.0,0.8688460270000178,25,256,256,1016,1016,0,24,0,0.0,0.0
calibration,000000534639,1,manipulated,000000534639_manipulated.png,0.5250955189410379,0.5140140056610107,0.9872207641601562,0.9925413727760315,0.9962403774261475,0.52606201171875,0.609375,0.8980561859998488,25,256,256,1016,1016,33577,899,6359,0.8222603159054732,0.9024619684997044
calibration,000000534664,0,real,000000534664_real.png,0.0,0.003446821356192231,0.013215256854891777,0.040260251611471176,0.0753951147198677,0.0,0.0,0.876468572000249,25,256,256,1016,1016,0,0,0,1.0,1.0
calibration,000000534664,1,manipulated,000000534664_manipulated.png,0.877382161014322,0.8044860363006592,0.9977096319198608,0.9985346794128418,0.9989959597587585,0.8774566650390625,0.8848114013671875,0.8732192570000734,25,256,256,1016,1016,56373,1132,1614,0.9535513117610244,0.9762234613652894
calibration,000000537802,0,real,000000537802_real.png,0.0,0.00227196142077446,0.008308053016662598,0.02534380555152893,0.051823683083057404,0.0,0.0,0.8695896089998314,25,256,256,1016,1016,0,0,0,1.0,1.0
calibration,000000537802,1,manipulated,000000537802_manipulated.png,0.4482599277698555,0.4353395402431488,0.9976425170898438,0.9988555908203125,0.9994276165962219,0.4486083984375,0.455963134765625,0.8893187849998867,25,256,256,1016,1016,28546,854,1336,0.928748047891723,0.9630579265206977
calibration,000000540928,0,real,000000540928_real.png,0.0,0.00185651786159724,0.009343128651380539,0.016681529581546783,0.031033089384436607,0.0,0.0,0.8860847939999985,25,256,256,1016,1016,0,0,0,1.0,1.0
calibration,000000540928,1,manipulated,000000540928_manipulated.png,0.6313027001054002,0.5955544710159302,0.9955170750617981,0.9979375600814819,0.9994194507598877,0.6326446533203125,0.68048095703125,0.9695654189999914,25,256,256,1016,1016,40936,525,3660,0.9072493960683495,0.9513694411843313
calibration,000000542625,0,real,000000542625_real.png,0.0,0.0041900076903402805,0.012938667088747025,0.042535461485385895,0.23952515423297882,0.0,0.0,0.9852924460001304,25,256,256,1016,1016,0,0,0,1.0,1.0
calibration,000000542625,1,manipulated,000000542625_manipulated.png,0.03884210893421787,0.0453963577747345,0.17165957391262054,0.9738324880599976,0.9943852424621582,0.0388336181640625,0.03533935546875,0.9912470859999303,25,256,256,1016,1016,2297,248,19,0.8958658346333853,0.9450730302406912
calibration,000000544052,0,real,000000544052_real.png,0.0,0.021433698013424873,0.07247382402420044,0.13941678404808044,0.3142867982387543,0.0,0.0,0.9750232430001233,25,256,256,1016,1016,0,0,0,1.0,1.0
calibration,000000544052,1,manipulated,000000544052_manipulated.png,0.06487731725463451,0.0786469355225563,0.8367666602134705,0.9949868321418762,0.9976680874824524,0.064849853515625,0.06744384765625,0.906416752000041,25,256,256,1016,1016,3585,665,835,0.7050147492625368,0.8269896193771626
calibration,000000545407,0,real,000000545407_real.png,0.0,0.00454840250313282,0.019065015017986298,0.0731194019317627,0.12552057206630707,0.0,0.0,0.852824199999759,25,256,256,1016,1016,0,0,0,1.0,1.0
calibration,000000545407,1,manipulated,000000545407_manipulated.png,0.057903272056544115,0.061935000121593475,0.6952895522117615,0.982381284236908,0.9958072900772095,0.057708740234375,0.048736572265625,0.8788485810000566,25,256,256,1016,1016,3133,649,61,0.815248503773094,0.8982224770642202
calibration,000000546829,0,real,000000546829_real.png,0.0,0.0021360418759286404,0.00807499885559082,0.02036077156662941,0.12454869598150253,0.0,0.0,0.8955867070003478,25,256,256,1016,1016,0,0,0,1.0,1.0
calibration,000000546829,1,manipulated,000000546829_manipulated.png,0.04691568758137516,0.04656105861067772,0.37736478447914124,0.9977679252624512,0.9994692206382751,0.0469207763671875,0.0482177734375,0.8729468559999987,25,256,256,1016,1016,2794,281,366,0.8119732635861668,0.8962309542902968
calibration,000000548506,0,real,000000548506_real.png,0.0002528442556885114,0.013317612931132317,0.038023173809051514,0.13382485508918762,0.5811181664466858,0.0002593994140625,0.0,0.8947427519997291,25,256,256,1016,1016,0,17,0,0.0,0.0
calibration,000000548506,1,manipulated,000000548506_manipulated.png,0.24618989862979726,0.23377449810504913,0.9016332626342773,0.9595385789871216,0.9890626072883606,0.24456787109375,0.2992401123046875,0.8960065010001017,25,256,256,1016,1016,14395,1633,5216,0.6776030879307099,0.8078228906534975
calibration,000000549167,0,real,000000549167_real.png,0.0,0.004123188089579344,0.015132391825318336,0.024617427960038185,0.04516999423503876,0.0,0.0,0.8866066560003674,25,256,256,1016,1016,0,0,0,1.0,1.0
calibration,000000549167,1,manipulated,000000549167_manipulated.png,0.0472750945501891,0.05094613507390022,0.4709400534629822,0.7363499999046326,0.9448404312133789,0.04736328125,0.085205078125,0.8826094780001768,25,256,256,1016,1016,2626,478,2958,0.4331903662157704,0.60451197053407
calibration,000000550322,0,real,000000550322_real.png,0.0,0.007138605695217848,0.028708279132843018,0.1373014599084854,0.46423330903053284,0.0,0.0,0.8980941419999908,25,256,256,1016,1016,0,0,0,1.0,1.0
calibration,000000550322,1,manipulated,000000550322_manipulated.png,0.07235705096410193,0.08529340475797653,0.5901383757591248,0.7977900505065918,0.9284785985946655,0.072723388671875,0.10986328125,0.9575191550002273,25,256,256,1016,1016,3896,870,3304,0.48277571251548945,0.6511783386261073
calibration,000000559707,0,real,000000559707_real.png,0.0,0.009696790017187595,0.054881226271390915,0.12711527943611145,0.23593439161777496,0.0,0.0,1.0030201289996512,25,256,256,1016,1016,0,0,0,1.0,1.0
calibration,000000559707,1,manipulated,000000559707_manipulated.png,0.028384431768863537,0.036038968712091446,0.1013631671667099,0.9603610038757324,0.9942502975463867,0.028717041015625,0.030548095703125,1.0122295129999657,25,256,256,1016,1016,1632,250,370,0.7246891651865008,0.8403707518022657
calibration,000000561335,0,real,000000561335_real.png,0.002194223138446277,0.04016229510307312,0.249344140291214,0.359747052192688,0.6452250480651855,0.00213623046875,0.0,0.9775511650000226,25,256,256,1016,1016,0,140,0,0.0,0.0
calibration,000000561335,1,manipulated,000000561335_manipulated.png,0.16196660518321038,0.1660001277923584,0.9882575273513794,0.9953992366790771,0.9978774785995483,0.1620330810546875,0.1535797119140625,0.8949127640003098,25,256,256,1016,1016,9975,644,90,0.9314595200298814,0.964513633726552
calibration,000000567825,0,real,000000567825_real.png,0.0,0.034358005970716476,0.12974362075328827,0.18730305135250092,0.3791370689868927,0.0,0.0,0.8698351560001356,25,256,256,1016,1016,0,0,0,1.0,1.0
calibration,000000567825,1,manipulated,000000567825_manipulated.png,0.12879847634695268,0.15257111191749573,0.9983137845993042,0.9990938901901245,0.9994229078292847,0.1295318603515625,0.123199462890625,0.8640868719999162,25,256,256,1016,1016,8051,438,23,0.9458411654135338,0.9721668779810421
calibration,000000571313,0,real,000000571313_real.png,0.0,0.005210055969655514,0.022736061364412308,0.06739840656518936,0.23909911513328552,0.0,0.0,0.8722378810002738,25,256,256,1016,1016,0,0,0,1.0,1.0
calibration,000000571313,1,manipulated,000000571313_manipulated.png,0.03258687767375535,0.04011005908250809,0.16845791041851044,0.9709475636482239,0.9968112111091614,0.032928466796875,0.0430145263671875,0.8859314780002023,25,256,256,1016,1016,1935,223,884,0.636094674556213,0.7775768535262206
calibration,000000572517,0,real,000000572517_real.png,0.0,0.0019607890862971544,0.007604589685797691,0.012944985181093216,0.04687674343585968,0.0,0.0,0.882969452999987,25,256,256,1016,1016,0,0,0,1.0,1.0
calibration,000000572517,1,manipulated,000000572517_manipulated.png,0.07726571703143406,0.08801548928022385,0.664810299873352,0.8138755559921265,0.8629279732704163,0.077178955078125,0.133758544921875,0.8560593020001761,25,256,256,1016,1016,4870,188,3896,0.5438909984364529,0.7045717592592593
calibration,000000572956,0,real,000000572956_real.png,0.0,0.0016351839294657111,0.004265976138412952,0.008897906169295311,0.11748350411653519,0.0,0.0,0.8721506940000836,25,256,256,1016,1016,0,0,0,1.0,1.0
calibration,000000572956,1,manipulated,000000572956_manipulated.png,0.6814084878169756,0.6057660579681396,0.983875036239624,0.9927099347114563,0.9968083500862122,0.6824951171875,0.78289794921875,0.8786512349997793,25,256,256,1016,1016,42591,2137,8717,0.7969127140050519,0.886979882544046
calibration,000000577584,0,real,000000577584_real.png,0.0,0.002345014363527298,0.006661906838417053,0.014245321042835712,0.057564157992601395,0.0,0.0,0.8605696099998568,25,256,256,1016,1016,0,0,0,1.0,1.0
calibration,000000577584,1,manipulated,000000577584_manipulated.png,0.18731690588381178,0.1885918527841568,0.9969934225082397,0.9984664916992188,0.9992989301681519,0.1872100830078125,0.1909027099609375,0.938264829000218,25,256,256,1016,1016,12153,116,358,0.9624613922546923,0.9808716707021792
calibration,000000580757,0,real,000000580757_real.png,0.0,0.005442949943244457,0.023917336016893387,0.08355887234210968,0.23535534739494324,0.0,0.0,0.983831423999618,25,256,256,1016,1016,0,0,0,1.0,1.0
calibration,000000580757,1,manipulated,000000580757_manipulated.png,0.1912732887965776,0.1856355518102646,0.9771329164505005,0.9914600253105164,0.9964994192123413,0.191253662109375,0.2023468017578125,0.9779177589998653,25,256,256,1016,1016,11978,556,1283,0.8669030903958891,0.9287071137817406
