protocol_version,manifest_index,sample_id,true_class,source_dataset,source_revision,source_partition,source_id,origin_dataset,origin_id,origin_relative_path,origin_input_sha256,group_id,source_root,relative_path,source_metadata_sha256,input_sha256,width,height,generation_method,editing_method,exclusion_manifest_sha256s
diffdetect-hierarchical-external-confirmation-v1,1,raise-1k:real_RAISE_1k/r040b3002t.png,real,RAISE-1k,archive-sha256:bd25842eb4069937d6676a31538bb557dc78db9867fa6e463df5af11d86fa73e,official-archive,real_RAISE_1k/r040b3002t.png,,,,,raise-1k:real_RAISE_1k/r040b3002t.png,raise-1k,images/b6633d9a2d173cdb.png,52a9199d94f33ec806eec2c6fbc42ca5d01783cde4bc1b639e88867f7750d2d8,3e875ad8287e8b19ce86569d96c5d2763c83f226cd26ac68b2fa5bcad85ae4ab,1258,833,,,5a23bee4f802b9c88dd41030711aee173d27a3f8974371153439c0c363cde3a5;9dcda4b93d8c73df7b1240629bec209566cd6119bb7f800c2906b8c3826b8777
diffdetect-hierarchical-external-confirmation-v1,2,openimages:85d3f4b78a93c4cb,real,Open Images V6 validation,Open-Images-V6-validation,validation,85d3f4b78a93c4cb,,,,,openimages:85d3f4b78a93c4cb,openimages-v6,images/85d3f4b78a93c4cb.jpg,ed93a0e121fe345effdfc7359b848dbc64a1ff6778c8c73563157cb500b33a17,c5a473869bd00d96c7c1b40b09e578c0d8541f45a26cbb17e3fc8bace8b30a43,1024,768,,,5a23bee4f802b9c88dd41030711aee173d27a3f8974371153439c0c363cde3a5;9dcda4b93d8c73df7b1240629bec209566cd6119bb7f800c2906b8c3826b8777
diffdetect-hierarchical-external-confirmation-v1,3,abstractedit:flux-kontext:12596017587264297740,edited,DucktorV/AbstractEdit,bc04f61586e5d5004a273a092131d01fd332e3e3,model_outputs_explicit/flux_kontext.parquet,12596017587264297740,Open Images V7 validation,3c134d48cbb1e25c,origins/3c134d48cbb1e25c.jpg,4d4b94d89ba61359621f5a237c63922cdbd3d9ebf741097847efde1e9892d6dc,openimages:3c134d48cbb1e25c,abstractedit,images/12596017587264297740.jpg,42a5e0b480801c86c99fc1d869e4e65b13015f466364b92e6167bb8e7eee8b13,d3b226da8edc94ed59babf8255dab892dfea362324a0ff7fb40949c55953eba7,1024,1024,,Flux-Kontext,5a23bee4f802b9c88dd41030711aee173d27a3f8974371153439c0c363cde3a5;9dcda4b93d8c73df7b1240629bec209566cd6119bb7f800c2906b8c3826b8777
diffdetect-hierarchical-external-confirmation-v1,4,raise-1k:real_RAISE_1k/r06b161adt.png,real,RAISE-1k,archive-sha256:bd25842eb4069937d6676a31538bb557dc78db9867fa6e463df5af11d86fa73e,official-archive,real_RAISE_1k/r06b161adt.png,,,,,raise-1k:real_RAISE_1k/r06b161adt.png,raise-1k,images/97768c4342e73a2f.png,52a9199d94f33ec806eec2c6fbc42ca5d01783cde4bc1b639e88867f7750d2d8,90df7fb1362ee3e5554bed15356d8083caba25699eb3bee70406eb5fa41f221a,833,1258,,,5a23bee4f802b9c88dd41030711aee173d27a3f8974371153439c0c363cde3a5;9dcda4b93d8c73df7b1240629bec209566cd6119bb7f800c2906b8c3826b8777
diffdetect-hierarchical-external-confirmation-v1,5,raise-1k:real_RAISE_1k/r000da54ft.png,real,RAISE-1k,archive-sha256:bd25842eb4069937d6676a31538bb557dc78db9867fa6e463df5af11d86fa73e,official-archive,real_RAISE_1k/r000da54ft.png,,,,,raise-1k:real_RAISE_1k/r000da54ft.png,raise-1k,images/7d6b0b357bf9017c.png,52a9199d94f33ec806eec2c6fbc42ca5d01783cde4bc1b639e88867f7750d2d8,db7d0d5b67efb62de38459bfd7049eab75d11491623e9c60aede0c5190018ffc,1256,835,,,5a23bee4f802b9c88dd41030711aee173d27a3f8974371153439c0c363cde3a5;9dcda4b93d8c73df7b1240629bec209566cd6119bb7f800c2906b8c3826b8777
diffdetect-hierarchical-external-confirmation-v1,6,raise-1k:real_RAISE_1k/r15eef8b9t.png,real,RAISE-1k,archive-sha256:bd25842eb4069937d6676a31538bb557dc78db9867fa6e463df5af11d86fa73e,official-archive,real_RAISE_1k/r15eef8b9t.png,,,,,raise-1k:real_RAISE_1k/r15eef8b9t.png,raise-1k,images/e78861e02516ee58.png,52a9199d94f33ec806eec2c6fbc42ca5d01783cde4bc1b639e88867f7750d2d8,3b6e93420e5f43c104d29a89684af0ac1d45161761eeee9e22f590481a423a2b,833,1258,,,5a23bee4f802b9c88dd41030711aee173d27a3f8974371153439c0c363cde3a5;9dcda4b93d8c73df7b1240629bec209566cd6119bb7f800c2906b8c3826b8777
diffdetect-hierarchical-external-confirmation-v1,7,openimages:1f0c0b509013b719,real,Open Images V6 validation,Open-Images-V6-validation,validation,1f0c0b509013b719,,,,,openimages:1f0c0b509013b719,openimages-v6,images/1f0c0b509013b719.jpg,ed93a0e121fe345effdfc7359b848dbc64a1ff6778c8c73563157cb500b33a17,0756bb04f30dc5fbe81a214ed55d45e3cb5ea24ad06f96d372868918907476f6,692,1024,,,5a23bee4f802b9c88dd41030711aee173d27a3f8974371153439c0c363cde3a5;9dcda4b93d8c73df7b1240629bec209566cd6119bb7f800c2906b8c3826b8777
diffdetect-hierarchical-external-confirmation-v1,8,magicbrush:000000075065:turn-1,edited,osunlp/MagicBrush,1d8d4629150d18ca50afab66391866f2085be989,dev:first-turn,000000075065:turn-1,MS COCO,000000075065,origins/4d26b9f016ae708d.png,6c4dbaea6b3fb8c9f0b34f7f5b15e618eec96a64b58f843ac260342e5047dbdf,coco:000000075065,magicbrush,edited/4d26b9f016ae708d.png,5bd5aea88a705b4f22161c0aeb69713e3ece62318e7aa45eb54d2d50f5f368e6,6d9b8ecaed0514e2ca9743d649e92a0a0da168623c64a8eafe045087141dd58b,1024,1024,,DALL-E 2 (MagicBrush),5a23bee4f802b9c88dd41030711aee173d27a3f8974371153439c0c363cde3a5;9dcda4b93d8c73df7b1240629bec209566cd6119bb7f800c2906b8c3826b8777
diffdetect-hierarchical-external-confirmation-v1,9,raise-1k:real_RAISE_1k/r02b7536at.png,real,RAISE-1k,archive-sha256:bd25842eb4069937d6676a31538bb557dc78db9867fa6e463df5af11d86fa73e,official-archive,real_RAISE_1k/r02b7536at.png,,,,,raise-1k:real_RAISE_1k/r02b7536at.png,raise-1k,images/aca14b8ec0b4298b.png,52a9199d94f33ec806eec2c6fbc42ca5d01783cde4bc1b639e88867f7750d2d8,4a61da9d6dc52c8954c88002dd8b347e32a14911dcbcd29932306554b4f5c62a,1258,833,,,5a23bee4f802b9c88dd41030711aee173d27a3f8974371153439c0c363cde3a5;9dcda4b93d8c73df7b1240629bec209566cd6119bb7f800c2906b8c3826b8777
diffdetect-hierarchical-external-confirmation-v1,10,raise-1k:real_RAISE_1k/r00b8d4a2t.png,real,RAISE-1k,archive-sha256:bd25842eb4069937d6676a31538bb557dc78db9867fa6e463df5af11d86fa73e,official-archive,real_RAISE_1k/r00b8d4a2t.png,,,,,raise-1k:real_RAISE_1k/r00b8d4a2t.png,raise-1k,images/ce59c2936cf138f8.png,52a9199d94f33ec806eec2c6fbc42ca5d01783cde4bc1b639e88867f7750d2d8,70d6fce9c8b24d043803998acbac491d7296ad662649ecbe899ab6f69835684a,835,1256,,,5a23bee4f802b9c88dd41030711aee173d27a3f8974371153439c0c363cde3a5;9dcda4b93d8c73df7b1240629bec209566cd6119bb7f800c2906b8c3826b8777
diffdetect-hierarchical-external-confirmation-v1,11,raise-1k:real_RAISE_1k/r0c925d34t.png,real,RAISE-1k,archive-sha256:bd25842eb4069937d6676a31538bb557dc78db9867fa6e463df5af11d86fa73e,official-archive,real_RAISE_1k/r0c925d34t.png,,,,,raise-1k:real_RAISE_1k/r0c925d34t.png,raise-1k,images/49da16f8cb650ceb.png,52a9199d94f33ec806eec2c6fbc42ca5d01783cde4bc1b639e88867f7750d2d8,28a02a9b901c8398539a9cd337723fc4f9b8283e963c1150fd8ce511a44bc1e6,833,1258,,,5a23bee4f802b9c88dd41030711aee173d27a3f8974371153439c0c363cde3a5;9dcda4b93d8c73df7b1240629bec209566cd6119bb7f800c2906b8c3826b8777
diffdetect-hierarchical-external-confirmation-v1,12,raise-1k:real_RAISE_1k/r05772356t.png,real,RAISE-1k,archive-sha256:bd25842eb4069937d6676a31538bb557dc78db9867fa6e463df5af11d86fa73e,official-archive,real_RAISE_1k/r05772356t.png,,,,,raise-1k:real_RAISE_1k/r05772356t.png,raise-1k,images/25f65ae863ad28e5.png,52a9199d94f33ec806eec2c6fbc42ca5d01783cde4bc1b639e88867f7750d2d8,5d0e8d8eabeb822e50849b7d76e2cc2be2870afa04d2d2f7994066ae5163589a,1256,835,,,5a23bee4f802b9c88dd41030711aee173d27a3f8974371153439c0c363cde3a5;9dcda4b93d8c73df7b1240629bec209566cd6119bb7f800c2906b8c3826b8777
diffdetect-hierarchical-external-confirmation-v1,13,raise-1k:real_RAISE_1k/r10940798t.png,real,RAISE-1k,archive-sha256:bd25842eb4069937d6676a31538bb557dc78db9867fa6e463df5af11d86fa73e,official-archive,real_RAISE_1k/r10940798t.png,,,,,raise-1k:real_RAISE_1k/r10940798t.png,raise-1k,images/be10de7b5b383c9b.png,52a9199d94f33ec806eec2c6fbc42ca5d01783cde4bc1b639e88867f7750d2d8,2848474e6a6ea036ebc6c0bd7df1246d099c81da4e47d7e4099431663283b061,1258,833,,,5a23bee4f802b9c88dd41030711aee173d27a3f8974371153439c0c363cde3a5;9dcda4b93d8c73df7b1240629bec209566cd6119bb7f800c2906b8c3826b8777
diffdetect-hierarchical-external-confirmation-v1,14,raise-1k:real_RAISE_1k/r1db61cf8t.png,real,RAISE-1k,archive-sha256:bd25842eb4069937d6676a31538bb557dc78db9867fa6e463df5af11d86fa73e,official-archive,real_RAISE_1k/r1db61cf8t.png,,,,,raise-1k:real_RAISE_1k/r1db61cf8t.png,raise-1k,images/1ad34672c23d566a.png,52a9199d94f33ec806eec2c6fbc42ca5d01783cde4bc1b639e88867f7750d2d8,4ef0d113ce358b66aba99514c4ddf2682365c667ec7a18c6d51bfbd13e33d900,833,1258,,,5a23bee4f802b9c88dd41030711aee173d27a3f8974371153439c0c363cde3a5;9dcda4b93d8c73df7b1240629bec209566cd6119bb7f800c2906b8c3826b8777
diffdetect-hierarchical-external-confirmation-v1,15,openimages:18f747ec514e9c32,real,Open Images V6 validation,Open-Images-V6-validation,validation,18f747ec514e9c32,,,,,openimages:18f747ec514e9c32,openimages-v6,images/18f747ec514e9c32.jpg,ed93a0e121fe345effdfc7359b848dbc64a1ff6778c8c73563157cb500b33a17,50fedc5ddc35f7791dc60e002ad5fcd9d99bfca518562ad328ac16042d7c92d4,1024,683,,,5a23bee4f802b9c88dd41030711aee173d27a3f8974371153439c0c363cde3a5;9dcda4b93d8c73df7b1240629bec209566cd6119bb7f800c2906b8c3826b8777
diffdetect-hierarchical-external-confirmation-v1,16,magicbrush:000000382564:turn-1,edited,osunlp/MagicBrush,1d8d4629150d18ca50afab66391866f2085be989,dev:first-turn,000000382564:turn-1,MS COCO,000000382564,origins/aaeae18ab29c3eaa.png,0db185a1fdeb93c729aa843837c1e5c3dd800da9af312ab64aa48c4b8d7593e4,coco:000000382564,magicbrush,edited/aaeae18ab29c3eaa.png,5bd5aea88a705b4f22161c0aeb69713e3ece62318e7aa45eb54d2d50f5f368e6,74036949988d5d948a7d73f3beeda93ff4dac07735e14932a63450625861bb1d,1024,1024,,DALL-E 2 (MagicBrush),5a23bee4f802b9c88dd41030711aee173d27a3f8974371153439c0c363cde3a5;9dcda4b93d8c73df7b1240629bec209566cd6119bb7f800c2906b8c3826b8777
diffdetect-hierarchical-external-confirmation-v1,17,raise-1k:real_RAISE_1k/r0b841e5at.png,real,RAISE-1k,archive-sha256:bd25842eb4069937d6676a31538bb557dc78db9867fa6e463df5af11d86fa73e,official-archive,real_RAISE_1k/r0b841e5at.png,,,,,raise-1k:real_RAISE_1k/r0b841e5at.png,raise-1k,images/52ba92060774ed20.png,52a9199d94f33ec806eec2c6fbc42ca5d01783cde4bc1b639e88867f7750d2d8,0638aeedf3536de30d9858436b8c304e541968d416b38af2135d7442b9238221,1258,833,,,5a23bee4f802b9c88dd41030711aee173d27a3f8974371153439c0c363cde3a5;9dcda4b93d8c73df7b1240629bec209566cd6119bb7f800c2906b8c3826b8777
diffdetect-hierarchical-external-confirmation-v1,18,raise-1k:real_RAISE_1k/r1694427et.png,real,RAISE-1k,archive-sha256:bd25842eb4069937d6676a31538bb557dc78db9867fa6e463df5af11d86fa73e,official-archive,real_RAISE_1k/r1694427et.png,,,,,raise-1k:real_RAISE_1k/r1694427et.png,raise-1k,images/323f784857327707.png,52a9199d94f33ec806eec2c6fbc42ca5d01783cde4bc1b639e88867f7750d2d8,8d0ad37afa4c27ccc7ceb09089d2bf1077acb3d496559f048bf410e7f0620708,835,1256,,,5a23bee4f802b9c88dd41030711aee173d27a3f8974371153439c0c363cde3a5;9dcda4b93d8c73df7b1240629bec209566cd6119bb7f800c2906b8c3826b8777
diffdetect-hierarchical-external-confirmation-v1,19,raise-1k:real_RAISE_1k/r1419078bt.png,real,RAISE-1k,archive-sha256:bd25842eb4069937d6676a31538bb557dc78db9867fa6e463df5af11d86fa73e,official-archive,real_RAISE_1k/r1419078bt.png,,,,,raise-1k:real_RAISE_1k/r1419078bt.png,raise-1k,images/0d26bf093c97bc64.png,52a9199d94f33ec806eec2c6fbc42ca5d01783cde4bc1b639e88867f7750d2d8,b67983421cf2a03ca711dd8f91fe985fe4e79eed5a7701067a783ecc01082617,1258,833,,,5a23bee4f802b9c88dd41030711aee173d27a3f8974371153439c0c363cde3a5;9dcda4b93d8c73df7b1240629bec209566cd6119bb7f800c2906b8c3826b8777
diffdetect-hierarchical-external-confirmation-v1,20,raise-1k:real_RAISE_1k/r170632f5t.png,real,RAISE-1k,archive-sha256:bd25842eb4069937d6676a31538bb557dc78db9867fa6e463df5af11d86fa73e,official-archive,real_RAISE_1k/r170632f5t.png,,,,,raise-1k:real_RAISE_1k/r170632f5t.png,raise-1k,images/a5ff455f836e865c.png,52a9199d94f33ec806eec2c6fbc42ca5d01783cde4bc1b639e88867f7750d2d8,561ff06b3c90ec91562fea0240e30dc381a7f0bc194b9ddc825c5c965d93f6eb,1258,833,,,5a23bee4f802b9c88dd41030711aee173d27a3f8974371153439c0c363cde3a5;9dcda4b93d8c73df7b1240629bec209566cd6119bb7f800c2906b8c3826b8777
diffdetect-hierarchical-external-confirmation-v1,21,ai-detector-arena:ai_portrait_gpt_image_1.5_portrait_09.png,synthetic,AI Detector Arena v0.1,v0.1-sha256:1e62844bba714c2e190792844d4169fa3119fac3c2c143dad1eb8062e20b67e4,v0.1,ai_portrait_gpt_image_1.5_portrait_09.png,,,,,ai-detector-arena:ai_portrait_gpt_image_1.5_portrait_09.png,ai-detector-arena-v0.1,images/6783593d2c6c4b81.png,246b431ee755d2c2462e70b8fbf0d3bac7d14d79bc62bd65c047f61c5f9b12ed,04b5e9a3a6bd24d887f0e2b197283e45bafad751099ef92088a349aea5070146,1024,1024,GPT Image 1.5,,5a23bee4f802b9c88dd41030711aee173d27a3f8974371153439c0c363cde3a5;9dcda4b93d8c73df7b1240629bec209566cd6119bb7f800c2906b8c3826b8777
diffdetect-hierarchical-external-confirmation-v1,22,raise-1k:real_RAISE_1k/r0897d8aat.png,real,RAISE-1k,archive-sha256:bd25842eb4069937d6676a31538bb557dc78db9867fa6e463df5af11d86fa73e,official-archive,real_RAISE_1k/r0897d8aat.png,,,,,raise-1k:real_RAISE_1k/r0897d8aat.png,raise-1k,images/2b8f001f83884b37.png,52a9199d94f33ec806eec2c6fbc42ca5d01783cde4bc1b639e88867f7750d2d8,3258507384df5afb59afe55ec9b048c2f8a8bb82fb97709c1205fb0673c843a1,833,1258,,,5a23bee4f802b9c88dd41030711aee173d27a3f8974371153439c0c363cde3a5;9dcda4b93d8c73df7b1240629bec209566cd6119bb7f800c2906b8c3826b8777
diffdetect-hierarchical-external-confirmation-v1,23,magicbrush:000000399759:turn-1,edited,osunlp/MagicBrush,1d8d4629150d18ca50afab66391866f2085be989,dev:first-turn,000000399759:turn-1,MS COCO,000000399759,origins/cb5a97342fd4e916.png,e4fc1659e5d0d935c6db5f92e02afe983c83b18bb028ac9f69262d10efbf6493,coco:000000399759,magicbrush,edited/cb5a97342fd4e916.png,5bd5aea88a705b4f22161c0aeb69713e3ece62318e7aa45eb54d2d50f5f368e6,090a489914dbe1b34c654586d493ae0694ed6267b71c1aa40d601184e46504fd,1024,1024,,DALL-E 2 (MagicBrush),5a23bee4f802b9c88dd41030711aee173d27a3f8974371153439c0c363cde3a5;9dcda4b93d8c73df7b1240629bec209566cd6119bb7f800c2906b8c3826b8777
diffdetect-hierarchical-external-confirmation-v1,24,raise-1k:real_RAISE_1k/r0dd6e8f4t.png,real,RAISE-1k,archive-sha256:bd25842eb4069937d6676a31538bb557dc78db9867fa6e463df5af11d86fa73e,official-archive,real_RAISE_1k/r0dd6e8f4t.png,,,,,raise-1k:real_RAISE_1k/r0dd6e8f4t.png,raise-1k,images/606c0823fc5cc3a0.png,52a9199d94f33ec806eec2c6fbc42ca5d01783cde4bc1b639e88867f7750d2d8,2894168dc38f60333514798a76bdc1c95ea2ed1bf8b8a384224616b1511549cc,1258,833,,,5a23bee4f802b9c88dd41030711aee173d27a3f8974371153439c0c363cde3a5;9dcda4b93d8c73df7b1240629bec209566cd6119bb7f800c2906b8c3826b8777
diffdetect-hierarchical-external-confirmation-v1,25,magicbrush:000000332877:turn-1,edited,osunlp/MagicBrush,1d8d4629150d18ca50afab66391866f2085be989,dev:first-turn,000000332877:turn-1,MS COCO,000000332877,origins/7b7f37773bd071cc.png,dc14ebf7d802d861edd16a5d488521addcf2da468ab06bbf195ceb867d77ee4b,coco:000000332877,magicbrush,edited/7b7f37773bd071cc.png,5bd5aea88a705b4f22161c0aeb69713e3ece62318e7aa45eb54d2d50f5f368e6,764ba33ed0552a316f1d28343b25df41b08a9fba7222fe6a71b1fc707c28cee3,1024,1024,,DALL-E 2 (MagicBrush),5a23bee4f802b9c88dd41030711aee173d27a3f8974371153439c0c363cde3a5;9dcda4b93d8c73df7b1240629bec209566cd6119bb7f800c2906b8c3826b8777
diffdetect-hierarchical-external-confirmation-v1,26,raise-1k:real_RAISE_1k/r0c0d0adct.png,real,RAISE-1k,archive-sha256:bd25842eb4069937d6676a31538bb557dc78db9867fa6e463df5af11d86fa73e,official-archive,real_RAISE_1k/r0c0d0adct.png,,,,,raise-1k:real_RAISE_1k/r0c0d0adct.png,raise-1k,images/7c637bf4e7717320.png,52a9199d94f33ec806eec2c6fbc42ca5d01783cde4bc1b639e88867f7750d2d8,2e3095b72398c6da6c0aaa2d7e250fa4fe0ac2f73ba95d12b7beeea8e5d095bc,1258,833,,,5a23bee4f802b9c88dd41030711aee173d27a3f8974371153439c0c363cde3a5;9dcda4b93d8c73df7b1240629bec209566cd6119bb7f800c2906b8c3826b8777
diffdetect-hierarchical-external-confirmation-v1,27,genimage:VQDM:VQDM/test/ai/VQDM_1000_200_07_788_vqdm_00143.png,synthetic,nebula/GenImage-arrow,3f4b9f921a673be09a93b335ed728cea0c6ecf33,test,VQDM:VQDM/test/ai/VQDM_1000_200_07_788_vqdm_00143.png,,,,,genimage:VQDM:VQDM/test/ai/VQDM_1000_200_07_788_vqdm_00143.png,genimage,images/7dd593ea8e13a232.png,00a9b763814c877217b966467eae5397ff03b3037e12eab9985da0d288b61f10,555d84d033e3e9c4582464d7dd54aeae42d7cfd18d3d2dc9d2eea2615d35316d,256,256,VQDM,,5a23bee4f802b9c88dd41030711aee173d27a3f8974371153439c0c363cde3a5;9dcda4b93d8c73df7b1240629bec209566cd6119bb7f800c2906b8c3826b8777
diffdetect-hierarchical-external-confirmation-v1,28,raise-1k:real_RAISE_1k/r1bc3a653t.png,real,RAISE-1k,archive-sha256:bd25842eb4069937d6676a31538bb557dc78db9867fa6e463df5af11d86fa73e,official-archive,real_RAISE_1k/r1bc3a653t.png,,,,,raise-1k:real_RAISE_1k/r1bc3a653t.png,raise-1k,images/bb9d8de5c3d8c11c.png,52a9199d94f33ec806eec2c6fbc42ca5d01783cde4bc1b639e88867f7750d2d8,672c0397645eeae23a23c6b8dfa1b0ff91c77ec42bda2313138a64e84d136350,1256,835,,,5a23bee4f802b9c88dd41030711aee173d27a3f8974371153439c0c363cde3a5;9dcda4b93d8c73df7b1240629bec209566cd6119bb7f800c2906b8c3826b8777
diffdetect-hierarchical-external-confirmation-v1,29,raise-1k:real_RAISE_1k/r008a2095t.png,real,RAISE-1k,archive-sha256:bd25842eb4069937d6676a31538bb557dc78db9867fa6e463df5af11d86fa73e,official-archive,real_RAISE_1k/r008a2095t.png,,,,,raise-1k:real_RAISE_1k/r008a2095t.png,raise-1k,images/c0d45863b197663d.png,52a9199d94f33ec806eec2c6fbc42ca5d01783cde4bc1b639e88867f7750d2d8,ebf83c01a1f31e993e918a8bdd83d5e42c5cf10f9a376ca1eb2cefd20f470007,1258,833,,,5a23bee4f802b9c88dd41030711aee173d27a3f8974371153439c0c363cde3a5;9dcda4b93d8c73df7b1240629bec209566cd6119bb7f800c2906b8c3826b8777
diffdetect-hierarchical-external-confirmation-v1,30,raise-1k:real_RAISE_1k/r1297fd0bt.png,real,RAISE-1k,archive-sha256:bd25842eb4069937d6676a31538bb557dc78db9867fa6e463df5af11d86fa73e,official-archive,real_RAISE_1k/r1297fd0bt.png,,,,,raise-1k:real_RAISE_1k/r1297fd0bt.png,raise-1k,images/1c0eea8de7f97c84.png,52a9199d94f33ec806eec2c6fbc42ca5d01783cde4bc1b639e88867f7750d2d8,4feec45f837944efe449562ee366af4cddf4d970f20bd7692dd3632c653662c5,1256,835,,,5a23bee4f802b9c88dd41030711aee173d27a3f8974371153439c0c363cde3a5;9dcda4b93d8c73df7b1240629bec209566cd6119bb7f800c2906b8c3826b8777
diffdetect-hierarchical-external-confirmation-v1,31,raise-1k:real_RAISE_1k/r1661f358t.png,real,RAISE-1k,archive-sha256:bd25842eb4069937d6676a31538bb557dc78db9867fa6e463df5af11d86fa73e,official-archive,real_RAISE_1k/r1661f358t.png,,,,,raise-1k:real_RAISE_1k/r1661f358t.png,raise-1k,images/87cf576c12e5107f.png,52a9199d94f33ec806eec2c6fbc42ca5d01783cde4bc1b639e88867f7750d2d8,b1d4d0240f0ca9a004b62eb36ed23bd3ebfa1e07e8cce6e4275a8a18c975049f,1258,833,,,5a23bee4f802b9c88dd41030711aee173d27a3f8974371153439c0c363cde3a5;9dcda4b93d8c73df7b1240629bec209566cd6119bb7f800c2906b8c3826b8777
diffdetect-hierarchical-external-confirmation-v1,32,raise-1k:real_RAISE_1k/r1148801et.png,real,RAISE-1k,archive-sha256:bd25842eb4069937d6676a31538bb557dc78db9867fa6e463df5af11d86fa73e,official-archive,real_RAISE_1k/r1148801et.png,,,,,raise-1k:real_RAISE_1k/r1148801et.png,raise-1k,images/9507d87b6b962698.png,52a9199d94f33ec806eec2c6fbc42ca5d01783cde4bc1b639e88867f7750d2d8,40920361ebb3aa8753504c60ed1dcfb5311caa28fa41dcd47b9bf20c2b5fdf15,1258,833,,,5a23bee4f802b9c88dd41030711aee173d27a3f8974371153439c0c363cde3a5;9dcda4b93d8c73df7b1240629bec209566cd6119bb7f800c2906b8c3826b8777
diffdetect-hierarchical-external-confirmation-v1,33,raise-1k:real_RAISE_1k/r181dd93dt.png,real,RAISE-1k,archive-sha256:bd25842eb4069937d6676a31538bb557dc78db9867fa6e463df5af11d86fa73e,official-archive,real_RAISE_1k/r181dd93dt.png,,,,,raise-1k:real_RAISE_1k/r181dd93dt.png,raise-1k,images/c7e3c6d92f0e4ede.png,52a9199d94f33ec806eec2c6fbc42ca5d01783cde4bc1b639e88867f7750d2d8,760ae4fdc0d01cca9ddc62edf053419fdb9fe95af5c7820fe96ab44c82099269,1258,833,,,5a23bee4f802b9c88dd41030711aee173d27a3f8974371153439c0c363cde3a5;9dcda4b93d8c73df7b1240629bec209566cd6119bb7f800c2906b8c3826b8777
diffdetect-hierarchical-external-confirmation-v1,34,genimage:VQDM:VQDM/test/ai/VQDM_1000_200_01_113_vqdm_00127.png,synthetic,nebula/GenImage-arrow,3f4b9f921a673be09a93b335ed728cea0c6ecf33,test,VQDM:VQDM/test/ai/VQDM_1000_200_01_113_vqdm_00127.png,,,,,genimage:VQDM:VQDM/test/ai/VQDM_1000_200_01_113_vqdm_00127.png,genimage,images/40c8450d706c8185.png,00a9b763814c877217b966467eae5397ff03b3037e12eab9985da0d288b61f10,0c9da92d87a8eb83736408d707827f7d66d778712f8eb1c7f0e8a06a4bc90920,256,256,VQDM,,5a23bee4f802b9c88dd41030711aee173d27a3f8974371153439c0c363cde3a5;9dcda4b93d8c73df7b1240629bec209566cd6119bb7f800c2906b8c3826b8777
diffdetect-hierarchical-external-confirmation-v1,35,raise-1k:real_RAISE_1k/r04eda41ct.png,real,RAISE-1k,archive-sha256:bd25842eb4069937d6676a31538bb557dc78db9867fa6e463df5af11d86fa73e,official-archive,real_RAISE_1k/r04eda41ct.png,,,,,raise-1k:real_RAISE_1k/r04eda41ct.png,raise-1k,images/6a73107c1cc192c6.png,52a9199d94f33ec806eec2c6fbc42ca5d01783cde4bc1b639e88867f7750d2d8,8b3f1cfd205c97cef91e98a2e97072a06b3bfc98ade3f9f8e2bac8b8dff4cf58,833,1258,,,5a23bee4f802b9c88dd41030711aee173d27a3f8974371153439c0c363cde3a5;9dcda4b93d8c73df7b1240629bec209566cd6119bb7f800c2906b8c3826b8777
diffdetect-hierarchical-external-confirmation-v1,36,raise-1k:real_RAISE_1k/r1e69b067t.png,real,RAISE-1k,archive-sha256:bd25842eb4069937d6676a31538bb557dc78db9867fa6e463df5af11d86fa73e,official-archive,real_RAISE_1k/r1e69b067t.png,,,,,raise-1k:real_RAISE_1k/r1e69b067t.png,raise-1k,images/9c802b1655b077e9.png,52a9199d94f33ec806eec2c6fbc42ca5d01783cde4bc1b639e88867f7750d2d8,96d111d7453b1efdc6adfdd702bf6f558fef6b332dc2358cadced8d741069db0,1258,833,,,5a23bee4f802b9c88dd41030711aee173d27a3f8974371153439c0c363cde3a5;9dcda4b93d8c73df7b1240629bec209566cd6119bb7f800c2906b8c3826b8777
diffdetect-hierarchical-external-confirmation-v1,37,raise-1k:real_RAISE_1k/r15199ae3t.png,real,RAISE-1k,archive-sha256:bd25842eb4069937d6676a31538bb557dc78db9867fa6e463df5af11d86fa73e,official-archive,real_RAISE_1k/r15199ae3t.png,,,,,raise-1k:real_RAISE_1k/r15199ae3t.png,raise-1k,images/24ddca500afb8b7b.png,52a9199d94f33ec806eec2c6fbc42ca5d01783cde4bc1b639e88867f7750d2d8,076c3d81cc8182d8bd1dc954db21ac6a1e76f223172626049dca5d5844718250,833,1258,,,5a23bee4f802b9c88dd41030711aee173d27a3f8974371153439c0c363cde3a5;9dcda4b93d8c73df7b1240629bec209566cd6119bb7f800c2906b8c3826b8777
diffdetect-hierarchical-external-confirmation-v1,38,magicbrush:000000490317:turn-1,edited,osunlp/MagicBrush,1d8d4629150d18ca50afab66391866f2085be989,dev:first-turn,000000490317:turn-1,MS COCO,000000490317,origins/d781fed230b0ff0c.png,fbd82a7b0d140e8fa79d23326e64b25ce32d8941e8a6922e08e269a997b971ef,coco:000000490317,magicbrush,edited/d781fed230b0ff0c.png,5bd5aea88a705b4f22161c0aeb69713e3ece62318e7aa45eb54d2d50f5f368e6,315655ca9b12fbd5e9800ba5388eef031fc267f7fd105ec357ddc875b13f43ac,1024,1024,,DALL-E 2 (MagicBrush),5a23bee4f802b9c88dd41030711aee173d27a3f8974371153439c0c363cde3a5;9dcda4b93d8c73df7b1240629bec209566cd6119bb7f800c2906b8c3826b8777
diffdetect-hierarchical-external-confirmation-v1,39,genimage:VQDM:VQDM/test/ai/VQDM_1000_200_05_564_vqdm_00127.png,synthetic,nebula/GenImage-arrow,3f4b9f921a673be09a93b335ed728cea0c6ecf33,test,VQDM:VQDM/test/ai/VQDM_1000_200_05_564_vqdm_00127.png,,,,,genimage:VQDM:VQDM/test/ai/VQDM_1000_200_05_564_vqdm_00127.png,genimage,images/935b29f70cea382a.png,00a9b763814c877217b966467eae5397ff03b3037e12eab9985da0d288b61f10,88bef5fc9df1afa1870c6fea287ba8888059e9f75bd1488562511c5210797dc5,256,256,VQDM,,5a23bee4f802b9c88dd41030711aee173d27a3f8974371153439c0c363cde3a5;9dcda4b93d8c73df7b1240629bec209566cd6119bb7f800c2906b8c3826b8777
diffdetect-hierarchical-external-confirmation-v1,40,raise-1k:real_RAISE_1k/r13928401t.png,real,RAISE-1k,archive-sha256:bd25842eb4069937d6676a31538bb557dc78db9867fa6e463df5af11d86fa73e,official-archive,real_RAISE_1k/r13928401t.png,,,,,raise-1k:real_RAISE_1k/r13928401t.png,raise-1k,images/845c595fa4f41309.png,52a9199d94f33ec806eec2c6fbc42ca5d01783cde4bc1b639e88867f7750d2d8,fc63ae0e0842c68f41b363d5ac1e03cff0fd13af0e0316edd516489af509f7ec,1258,833,,,5a23bee4f802b9c88dd41030711aee173d27a3f8974371153439c0c363cde3a5;9dcda4b93d8c73df7b1240629bec209566cd6119bb7f800c2906b8c3826b8777
diffdetect-hierarchical-external-confirmation-v1,41,magicbrush:000000102171:turn-1,edited,osunlp/MagicBrush,1d8d4629150d18ca50afab66391866f2085be989,dev:first-turn,000000102171:turn-1,MS COCO,000000102171,origins/7dae68c45369e003.png,80ab1795a4a832f8a1c2dee90d59bda6396a9caa984584617dad42c48a1d3ea3,coco:000000102171,magicbrush,edited/7dae68c45369e003.png,5bd5aea88a705b4f22161c0aeb69713e3ece62318e7aa45eb54d2d50f5f368e6,2295c52ed5ccd61c9d29f67da6001cb5897bdc8eb1791bec259686bc6a2c4541,1024,1024,,DALL-E 2 (MagicBrush),5a23bee4f802b9c88dd41030711aee173d27a3f8974371153439c0c363cde3a5;9dcda4b93d8c73df7b1240629bec209566cd6119bb7f800c2906b8c3826b8777
diffdetect-hierarchical-external-confirmation-v1,42,magicbrush:000000002585:turn-1,edited,osunlp/MagicBrush,1d8d4629150d18ca50afab66391866f2085be989,dev:first-turn,000000002585:turn-1,MS COCO,000000002585,origins/24145e2e45358eda.png,6977f509ca50312fb872179e312a72b449c349ae5311e958701ec9f6399f8069,coco:000000002585,magicbrush,edited/24145e2e45358eda.png,5bd5aea88a705b4f22161c0aeb69713e3ece62318e7aa45eb54d2d50f5f368e6,24e283c49914e2f50b1b7e3dcf81a229e300a7572c2d910af9299c677d7e28a1,1024,1024,,DALL-E 2 (MagicBrush),5a23bee4f802b9c88dd41030711aee173d27a3f8974371153439c0c363cde3a5;9dcda4b93d8c73df7b1240629bec209566cd6119bb7f800c2906b8c3826b8777
diffdetect-hierarchical-external-confirmation-v1,43,raise-1k:real_RAISE_1k/r13493fa3t.png,real,RAISE-1k,archive-sha256:bd25842eb4069937d6676a31538bb557dc78db9867fa6e463df5af11d86fa73e,official-archive,real_RAISE_1k/r13493fa3t.png,,,,,raise-1k:real_RAISE_1k/r13493fa3t.png,raise-1k,images/2e235ebdfa1c37ff.png,52a9199d94f33ec806eec2c6fbc42ca5d01783cde4bc1b639e88867f7750d2d8,70ef8c7f7fa0b075c9b8abacf1887e5fd2ab215885bbb12097762e08b2a8f8d3,833,1258,,,5a23bee4f802b9c88dd41030711aee173d27a3f8974371153439c0c363cde3a5;9dcda4b93d8c73df7b1240629bec209566cd6119bb7f800c2906b8c3826b8777
diffdetect-hierarchical-external-confirmation-v1,44,raise-1k:real_RAISE_1k/r16a02a12t.png,real,RAISE-1k,archive-sha256:bd25842eb4069937d6676a31538bb557dc78db9867fa6e463df5af11d86fa73e,official-archive,real_RAISE_1k/r16a02a12t.png,,,,,raise-1k:real_RAISE_1k/r16a02a12t.png,raise-1k,images/ab8e7cef6938e039.png,52a9199d94f33ec806eec2c6fbc42ca5d01783cde4bc1b639e88867f7750d2d8,3a6c371c857a09ee51d61acffad0cc6edabdbc090cac5942b3652c80f378b0b6,835,1256,,,5a23bee4f802b9c88dd41030711aee173d27a3f8974371153439c0c363cde3a5;9dcda4b93d8c73df7b1240629bec209566cd6119bb7f800c2906b8c3826b8777
diffdetect-hierarchical-external-confirmation-v1,45,raise-1k:real_RAISE_1k/r12133015t.png,real,RAISE-1k,archive-sha256:bd25842eb4069937d6676a31538bb557dc78db9867fa6e463df5af11d86fa73e,official-archive,real_RAISE_1k/r12133015t.png,,,,,raise-1k:real_RAISE_1k/r12133015t.png,raise-1k,images/80e4df19e758ea57.png,52a9199d94f33ec806eec2c6fbc42ca5d01783cde4bc1b639e88867f7750d2d8,0a54a2ba90612e7e1fbcbe8501f0a79d520db965e81e223c49c47f75f4e55d48,833,1258,,,5a23bee4f802b9c88dd41030711aee173d27a3f8974371153439c0c363cde3a5;9dcda4b93d8c73df7b1240629bec209566cd6119bb7f800c2906b8c3826b8777
diffdetect-hierarchical-external-confirmation-v1,46,raise-1k:real_RAISE_1k/r072649fdt.png,real,RAISE-1k,archive-sha256:bd25842eb4069937d6676a31538bb557dc78db9867fa6e463df5af11d86fa73e,official-archive,real_RAISE_1k/r072649fdt.png,,,,,raise-1k:real_RAISE_1k/r072649fdt.png,raise-1k,images/f25d7f273c222765.png,52a9199d94f33ec806eec2c6fbc42ca5d01783cde4bc1b639e88867f7750d2d8,54a493c7a2f84d230cba18d30d4133bcacb168d7e0887b9b9526c8f4280795c8,835,1256,,,5a23bee4f802b9c88dd41030711aee173d27a3f8974371153439c0c363cde3a5;9dcda4b93d8c73df7b1240629bec209566cd6119bb7f800c2906b8c3826b8777
diffdetect-hierarchical-external-confirmation-v1,47,raise-1k:real_RAISE_1k/r1d53fccat.png,real,RAISE-1k,archive-sha256:bd25842eb4069937d6676a31538bb557dc78db9867fa6e463df5af11d86fa73e,official-archive,real_RAISE_1k/r1d53fccat.png,,,,,raise-1k:real_RAISE_1k/r1d53fccat.png,raise-1k,images/aa91a99f26f35e98.png,52a9199d94f33ec806eec2c6fbc42ca5d01783cde4bc1b639e88867f7750d2d8,9a4af2c2e117c7576e6dedfb52115e5f0e8845c8b43f1f238c1bbcd1cd06bdb6,1258,833,,,5a23bee4f802b9c88dd41030711aee173d27a3f8974371153439c0c363cde3a5;9dcda4b93d8c73df7b1240629bec209566cd6119bb7f800c2906b8c3826b8777
diffdetect-hierarchical-external-confirmation-v1,48,genimage:Wukong:wukong/test/ai/919_wukong_image61.png,synthetic,nebula/GenImage-arrow,3f4b9f921a673be09a93b335ed728cea0c6ecf33,test,Wukong:wukong/test/ai/919_wukong_image61.png,,,,,genimage:Wukong:wukong/test/ai/919_wukong_image61.png,genimage,images/6b50d30ffd11c3c6.png,00a9b763814c877217b966467eae5397ff03b3037e12eab9985da0d288b61f10,dc793c7cb6aadfb2f757ee95237cc8167153f5adcc7bc24575cf487fb06590de,512,512,Wukong,,5a23bee4f802b9c88dd41030711aee173d27a3f8974371153439c0c363cde3a5;9dcda4b93d8c73df7b1240629bec209566cd6119bb7f800c2906b8c3826b8777
diffdetect-hierarchical-external-confirmation-v1,49,genimage:Wukong:wukong/test/ai/445_wukong_image61.png,synthetic,nebula/GenImage-arrow,3f4b9f921a673be09a93b335ed728cea0c6ecf33,test,Wukong:wukong/test/ai/445_wukong_image61.png,,,,,genimage:Wukong:wukong/test/ai/445_wukong_image61.png,genimage,images/d786fa49a007dff6.png,00a9b763814c877217b966467eae5397ff03b3037e12eab9985da0d288b61f10,569cd8db1cd433cf8db6666aa858aa9a8e9e6b8c042ce0876aa6b4de481a9a94,512,512,Wukong,,5a23bee4f802b9c88dd41030711aee173d27a3f8974371153439c0c363cde3a5;9dcda4b93d8c73df7b1240629bec209566cd6119bb7f800c2906b8c3826b8777
diffdetect-hierarchical-external-confirmation-v1,50,raise-1k:real_RAISE_1k/r1d79b6e7t.png,real,RAISE-1k,archive-sha256:bd25842eb4069937d6676a31538bb557dc78db9867fa6e463df5af11d86fa73e,official-archive,real_RAISE_1k/r1d79b6e7t.png,,,,,raise-1k:real_RAISE_1k/r1d79b6e7t.png,raise-1k,images/68ab04f32f1071b3.png,52a9199d94f33ec806eec2c6fbc42ca5d01783cde4bc1b639e88867f7750d2d8,98a62403cef6676350f6a7d185de95424eca8299061d75f3f05806c83586385e,1258,833,,,5a23bee4f802b9c88dd41030711aee173d27a3f8974371153439c0c363cde3a5;9dcda4b93d8c73df7b1240629bec209566cd6119bb7f800c2906b8c3826b8777
diffdetect-hierarchical-external-confirmation-v1,51,magicbrush:000000393372:turn-1,edited,osunlp/MagicBrush,1d8d4629150d18ca50afab66391866f2085be989,dev:first-turn,000000393372:turn-1,MS COCO,000000393372,origins/169e21338f9c982e.png,ee97b91b7cfad9865d43e3a9cdc4b33347f1effaddcfee8fea5b2b4fb002e552,coco:000000393372,magicbrush,edited/169e21338f9c982e.png,5bd5aea88a705b4f22161c0aeb69713e3ece62318e7aa45eb54d2d50f5f368e6,a8d5239dd1b51c7fd00f8a231b04648f97835b9bb0b9ab27c96f738b800d61ef,1024,1024,,DALL-E 2 (MagicBrush),5a23bee4f802b9c88dd41030711aee173d27a3f8974371153439c0c363cde3a5;9dcda4b93d8c73df7b1240629bec209566cd6119bb7f800c2906b8c3826b8777
diffdetect-hierarchical-external-confirmation-v1,52,abstractedit:flux-kontext:14005135500315689680,edited,DucktorV/AbstractEdit,bc04f61586e5d5004a273a092131d01fd332e3e3,model_outputs_explicit/flux_kontext.parquet,14005135500315689680,Open Images V7 validation,dd6c51b0d2de983c,origins/dd6c51b0d2de983c.jpg,1b8e284414d650bb5af4a0d729a10a967a13c60229b2a4d3663f435438d3c01f,openimages:dd6c51b0d2de983c,abstractedit,images/14005135500315689680.jpg,42a5e0b480801c86c99fc1d869e4e65b13015f466364b92e6167bb8e7eee8b13,60122a2246c4030e4eb7639588dfa6b75d75598c937d7ac76ea57e75410cbfcf,1024,1024,,Flux-Kontext,5a23bee4f802b9c88dd41030711aee173d27a3f8974371153439c0c363cde3a5;9dcda4b93d8c73df7b1240629bec209566cd6119bb7f800c2906b8c3826b8777
diffdetect-hierarchical-external-confirmation-v1,53,raise-1k:real_RAISE_1k/r042d7b17t.png,real,RAISE-1k,archive-sha256:bd25842eb4069937d6676a31538bb557dc78db9867fa6e463df5af11d86fa73e,official-archive,real_RAISE_1k/r042d7b17t.png,,,,,raise-1k:real_RAISE_1k/r042d7b17t.png,raise-1k,images/85ed7a298ed30f6c.png,52a9199d94f33ec806eec2c6fbc42ca5d01783cde4bc1b639e88867f7750d2d8,67fc7d88f0de4970d57d0c76669a7acb9d8d9c122196b94c750381b95fbd9415,1258,833,,,5a23bee4f802b9c88dd41030711aee173d27a3f8974371153439c0c363cde3a5;9dcda4b93d8c73df7b1240629bec209566cd6119bb7f800c2906b8c3826b8777
diffdetect-hierarchical-external-confirmation-v1,54,abstractedit:flux-kontext:3196284423701521110,edited,DucktorV/AbstractEdit,bc04f61586e5d5004a273a092131d01fd332e3e3,model_outputs_explicit/flux_kontext.parquet,3196284423701521110,Open Images V7 validation,ed461fc5e4a754ca,origins/ed461fc5e4a754ca.jpg,23e4998b501b70b41e5dafe5748df450a361a7a1ae80e3dfbc33a282e162566c,openimages:ed461fc5e4a754ca,abstractedit,images/3196284423701521110.jpg,42a5e0b480801c86c99fc1d869e4e65b13015f466364b92e6167bb8e7eee8b13,f1f0f80fb42a4acccfda2a00813e4667847741f92e61837f359f0de5ebf2ecc3,1024,1024,,Flux-Kontext,5a23bee4f802b9c88dd41030711aee173d27a3f8974371153439c0c363cde3a5;9dcda4b93d8c73df7b1240629bec209566cd6119bb7f800c2906b8c3826b8777
diffdetect-hierarchical-external-confirmation-v1,55,raise-1k:real_RAISE_1k/r029afdb0t.png,real,RAISE-1k,archive-sha256:bd25842eb4069937d6676a31538bb557dc78db9867fa6e463df5af11d86fa73e,official-archive,real_RAISE_1k/r029afdb0t.png,,,,,raise-1k:real_RAISE_1k/r029afdb0t.png,raise-1k,images/4eeb7ba56678ad39.png,52a9199d94f33ec806eec2c6fbc42ca5d01783cde4bc1b639e88867f7750d2d8,417a165118fccbf3dd88f09f2365a3e3865ba1c2f21613a321f46ab6ab5a7680,1258,833,,,5a23bee4f802b9c88dd41030711aee173d27a3f8974371153439c0c363cde3a5;9dcda4b93d8c73df7b1240629bec209566cd6119bb7f800c2906b8c3826b8777
diffdetect-hierarchical-external-confirmation-v1,56,raise-1k:real_RAISE_1k/r0b0e2ba5t.png,real,RAISE-1k,archive-sha256:bd25842eb4069937d6676a31538bb557dc78db9867fa6e463df5af11d86fa73e,official-archive,real_RAISE_1k/r0b0e2ba5t.png,,,,,raise-1k:real_RAISE_1k/r0b0e2ba5t.png,raise-1k,images/c6598c389bf0327a.png,52a9199d94f33ec806eec2c6fbc42ca5d01783cde4bc1b639e88867f7750d2d8,3015de75fb2a0a1ee8a1aee9a87cad69d6c0ba30076305049c368f22e92cdf5e,1258,833,,,5a23bee4f802b9c88dd41030711aee173d27a3f8974371153439c0c363cde3a5;9dcda4b93d8c73df7b1240629bec209566cd6119bb7f800c2906b8c3826b8777
diffdetect-hierarchical-external-confirmation-v1,57,raise-1k:real_RAISE_1k/r0b591bc3t.png,real,RAISE-1k,archive-sha256:bd25842eb4069937d6676a31538bb557dc78db9867fa6e463df5af11d86fa73e,official-archive,real_RAISE_1k/r0b591bc3t.png,,,,,raise-1k:real_RAISE_1k/r0b591bc3t.png,raise-1k,images/9f6af4ce3cfb277b.png,52a9199d94f33ec806eec2c6fbc42ca5d01783cde4bc1b639e88867f7750d2d8,d74deded82f638cba864f00fa393cc87c2bab7fe50d230edaf08f995dcf3f438,1256,835,,,5a23bee4f802b9c88dd41030711aee173d27a3f8974371153439c0c363cde3a5;9dcda4b93d8c73df7b1240629bec209566cd6119bb7f800c2906b8c3826b8777
diffdetect-hierarchical-external-confirmation-v1,58,raise-1k:real_RAISE_1k/r18d1abact.png,real,RAISE-1k,archive-sha256:bd25842eb4069937d6676a31538bb557dc78db9867fa6e463df5af11d86fa73e,official-archive,real_RAISE_1k/r18d1abact.png,,,,,raise-1k:real_RAISE_1k/r18d1abact.png,raise-1k,images/b8c03de45d72be2c.png,52a9199d94f33ec806eec2c6fbc42ca5d01783cde4bc1b639e88867f7750d2d8,ab27398f2809b23a02928cef8656dbb86729e8c534e232350f55e79a7dbd03f0,1258,833,,,5a23bee4f802b9c88dd41030711aee173d27a3f8974371153439c0c363cde3a5;9dcda4b93d8c73df7b1240629bec209566cd6119bb7f800c2906b8c3826b8777
diffdetect-hierarchical-external-confirmation-v1,59,magicbrush:000000352426:turn-1,edited,osunlp/MagicBrush,1d8d4629150d18ca50afab66391866f2085be989,dev:first-turn,000000352426:turn-1,MS COCO,000000352426,origins/caf4232cb670bc55.png,bcdfdc3d6fc0b4ff0c9c54fe4a55cb99f31c4ce594a3a5aa847985cdd528f19d,coco:000000352426,magicbrush,edited/caf4232cb670bc55.png,5bd5aea88a705b4f22161c0aeb69713e3ece62318e7aa45eb54d2d50f5f368e6,2e0b446e4ca764bffa9a6f2b78db1b685122b5b73c1fda1d45365f8007d1d4dd,1024,1024,,DALL-E 2 (MagicBrush),5a23bee4f802b9c88dd41030711aee173d27a3f8974371153439c0c363cde3a5;9dcda4b93d8c73df7b1240629bec209566cd6119bb7f800c2906b8c3826b8777
diffdetect-hierarchical-external-confirmation-v1,60,raise-1k:real_RAISE_1k/r082626aft.png,real,RAISE-1k,archive-sha256:bd25842eb4069937d6676a31538bb557dc78db9867fa6e463df5af11d86fa73e,official-archive,real_RAISE_1k/r082626aft.png,,,,,raise-1k:real_RAISE_1k/r082626aft.png,raise-1k,images/8c26de2e849af489.png,52a9199d94f33ec806eec2c6fbc42ca5d01783cde4bc1b639e88867f7750d2d8,61d9e729493ca67a60f0321df487dedbaf920373c88d5dca11f1c7570e4a8ff3,1256,835,,,5a23bee4f802b9c88dd41030711aee173d27a3f8974371153439c0c363cde3a5;9dcda4b93d8c73df7b1240629bec209566cd6119bb7f800c2906b8c3826b8777
diffdetect-hierarchical-external-confirmation-v1,61,raise-1k:real_RAISE_1k/r08c76321t.png,real,RAISE-1k,archive-sha256:bd25842eb4069937d6676a31538bb557dc78db9867fa6e463df5af11d86fa73e,official-archive,real_RAISE_1k/r08c76321t.png,,,,,raise-1k:real_RAISE_1k/r08c76321t.png,raise-1k,images/3b49c7a64d2082ca.png,52a9199d94f33ec806eec2c6fbc42ca5d01783cde4bc1b639e88867f7750d2d8,7d844fd61e92d2c0d1d0a7ec4557e10c2bc93ab3fad5a68b5bdc059566bb0081,1256,835,,,5a23bee4f802b9c88dd41030711aee173d27a3f8974371153439c0c363cde3a5;9dcda4b93d8c73df7b1240629bec209566cd6119bb7f800c2906b8c3826b8777
diffdetect-hierarchical-external-confirmation-v1,62,magicbrush:000000178928:turn-1,edited,osunlp/MagicBrush,1d8d4629150d18ca50afab66391866f2085be989,dev:first-turn,000000178928:turn-1,MS COCO,000000178928,origins/dfc00ca5f3ebd59e.png,053252ef0b54f0142007185e2dea5ebcc362fed529f2a0425bf389fc5b7d4a8f,coco:000000178928,magicbrush,edited/dfc00ca5f3ebd59e.png,5bd5aea88a705b4f22161c0aeb69713e3ece62318e7aa45eb54d2d50f5f368e6,7bcb01a2c38e33540d64745017be2008e7c5bc6ec8fd7eed76e44ee0ea7df22d,1024,1024,,DALL-E 2 (MagicBrush),5a23bee4f802b9c88dd41030711aee173d27a3f8974371153439c0c363cde3a5;9dcda4b93d8c73df7b1240629bec209566cd6119bb7f800c2906b8c3826b8777
diffdetect-hierarchical-external-confirmation-v1,63,raise-1k:real_RAISE_1k/r0ebb0bb4t.png,real,RAISE-1k,archive-sha256:bd25842eb4069937d6676a31538bb557dc78db9867fa6e463df5af11d86fa73e,official-archive,real_RAISE_1k/r0ebb0bb4t.png,,,,,raise-1k:real_RAISE_1k/r0ebb0bb4t.png,raise-1k,images/1cdbef567b3e3831.png,52a9199d94f33ec806eec2c6fbc42ca5d01783cde4bc1b639e88867f7750d2d8,c84a118af082792d2e89b4963e8b802676dbe4118b98b1020ea70bae042feac1,1258,833,,,5a23bee4f802b9c88dd41030711aee173d27a3f8974371153439c0c363cde3a5;9dcda4b93d8c73df7b1240629bec209566cd6119bb7f800c2906b8c3826b8777
diffdetect-hierarchical-external-confirmation-v1,64,abstractedit:flux-kontext:8665671568080663526,edited,DucktorV/AbstractEdit,bc04f61586e5d5004a273a092131d01fd332e3e3,model_outputs_explicit/flux_kontext.parquet,8665671568080663526,Open Images V7 validation,8b95b205b2294c49,origins/8b95b205b2294c49.jpg,85518ae2eae61b986e14e969b4371ab6c59fbc4b810e77e6cf74990729102679,openimages:8b95b205b2294c49,abstractedit,images/8665671568080663526.jpg,42a5e0b480801c86c99fc1d869e4e65b13015f466364b92e6167bb8e7eee8b13,fd8853026e5e374dc2cae3ce4f1bfaced741105b80081250d0fea99c0460239d,1024,1024,,Flux-Kontext,5a23bee4f802b9c88dd41030711aee173d27a3f8974371153439c0c363cde3a5;9dcda4b93d8c73df7b1240629bec209566cd6119bb7f800c2906b8c3826b8777
diffdetect-hierarchical-external-confirmation-v1,65,magicbrush:000000153639:turn-1,edited,osunlp/MagicBrush,1d8d4629150d18ca50afab66391866f2085be989,dev:first-turn,000000153639:turn-1,MS COCO,000000153639,origins/4839934a9dd68e5f.png,89feed4f1878f8958553d999cab0dc3041d8263f79221052f0adbfc8da608f06,coco:000000153639,magicbrush,edited/4839934a9dd68e5f.png,5bd5aea88a705b4f22161c0aeb69713e3ece62318e7aa45eb54d2d50f5f368e6,b810e578204fd8e3b8bf61585b418e67c108604013ccd5c7e5e0a34d8ecc5bb0,1024,1024,,DALL-E 2 (MagicBrush),5a23bee4f802b9c88dd41030711aee173d27a3f8974371153439c0c363cde3a5;9dcda4b93d8c73df7b1240629bec209566cd6119bb7f800c2906b8c3826b8777
diffdetect-hierarchical-external-confirmation-v1,66,openimages:cf660e8310264373,real,Open Images V6 validation,Open-Images-V6-validation,validation,cf660e8310264373,,,,,openimages:cf660e8310264373,openimages-v6,images/cf660e8310264373.jpg,ed93a0e121fe345effdfc7359b848dbc64a1ff6778c8c73563157cb500b33a17,b7f12a9712522995e56d6fe0ccebd4c3b7f9159bfb2f0e9addc2974863c531b2,1024,684,,,5a23bee4f802b9c88dd41030711aee173d27a3f8974371153439c0c363cde3a5;9dcda4b93d8c73df7b1240629bec209566cd6119bb7f800c2906b8c3826b8777
diffdetect-hierarchical-external-confirmation-v1,67,raise-1k:real_RAISE_1k/r1d9eaf70t.png,real,RAISE-1k,archive-sha256:bd25842eb4069937d6676a31538bb557dc78db9867fa6e463df5af11d86fa73e,official-archive,real_RAISE_1k/r1d9eaf70t.png,,,,,raise-1k:real_RAISE_1k/r1d9eaf70t.png,raise-1k,images/f0ea9fcf788ba342.png,52a9199d94f33ec806eec2c6fbc42ca5d01783cde4bc1b639e88867f7750d2d8,17206e64bda3ebce22043ece424af94f1b714089b8d769b71dfd6950b2f47441,1256,835,,,5a23bee4f802b9c88dd41030711aee173d27a3f8974371153439c0c363cde3a5;9dcda4b93d8c73df7b1240629bec209566cd6119bb7f800c2906b8c3826b8777
diffdetect-hierarchical-external-confirmation-v1,68,raise-1k:real_RAISE_1k/r1ced1907t.png,real,RAISE-1k,archive-sha256:bd25842eb4069937d6676a31538bb557dc78db9867fa6e463df5af11d86fa73e,official-archive,real_RAISE_1k/r1ced1907t.png,,,,,raise-1k:real_RAISE_1k/r1ced1907t.png,raise-1k,images/a9f63590a865cb29.png,52a9199d94f33ec806eec2c6fbc42ca5d01783cde4bc1b639e88867f7750d2d8,3598e1c05769ad9227300f8353df6733ae04e4b617af9dd8d0013c00ed66fcae,833,1258,,,5a23bee4f802b9c88dd41030711aee173d27a3f8974371153439c0c363cde3a5;9dcda4b93d8c73df7b1240629bec209566cd6119bb7f800c2906b8c3826b8777
diffdetect-hierarchical-external-confirmation-v1,69,raise-1k:real_RAISE_1k/r0341853dt.png,real,RAISE-1k,archive-sha256:bd25842eb4069937d6676a31538bb557dc78db9867fa6e463df5af11d86fa73e,official-archive,real_RAISE_1k/r0341853dt.png,,,,,raise-1k:real_RAISE_1k/r0341853dt.png,raise-1k,images/8cf293aa244f9e17.png,52a9199d94f33ec806eec2c6fbc42ca5d01783cde4bc1b639e88867f7750d2d8,1307789c838e6d127510d7cd4527335dd4ded1aeb426f954bda46c5f8d50b36b,1258,833,,,5a23bee4f802b9c88dd41030711aee173d27a3f8974371153439c0c363cde3a5;9dcda4b93d8c73df7b1240629bec209566cd6119bb7f800c2906b8c3826b8777
diffdetect-hierarchical-external-confirmation-v1,70,raise-1k:real_RAISE_1k/r1cad9823t.png,real,RAISE-1k,archive-sha256:bd25842eb4069937d6676a31538bb557dc78db9867fa6e463df5af11d86fa73e,official-archive,real_RAISE_1k/r1cad9823t.png,,,,,raise-1k:real_RAISE_1k/r1cad9823t.png,raise-1k,images/50edf9d8afdc6182.png,52a9199d94f33ec806eec2c6fbc42ca5d01783cde4bc1b639e88867f7750d2d8,51e75a5e77f86de0f3f6d712a533f1d9b57f6e3ddaea6e16fe4d5eed6a23e26f,1258,833,,,5a23bee4f802b9c88dd41030711aee173d27a3f8974371153439c0c363cde3a5;9dcda4b93d8c73df7b1240629bec209566cd6119bb7f800c2906b8c3826b8777
diffdetect-hierarchical-external-confirmation-v1,71,raise-1k:real_RAISE_1k/r03aa5df1t.png,real,RAISE-1k,archive-sha256:bd25842eb4069937d6676a31538bb557dc78db9867fa6e463df5af11d86fa73e,official-archive,real_RAISE_1k/r03aa5df1t.png,,,,,raise-1k:real_RAISE_1k/r03aa5df1t.png,raise-1k,images/0430245a106df31f.png,52a9199d94f33ec806eec2c6fbc42ca5d01783cde4bc1b639e88867f7750d2d8,863e64a5c9dbb05d7f9f3ecb9ccede86f424bcb3e5644b86618859d1d71a3327,1258,833,,,5a23bee4f802b9c88dd41030711aee173d27a3f8974371153439c0c363cde3a5;9dcda4b93d8c73df7b1240629bec209566cd6119bb7f800c2906b8c3826b8777
diffdetect-hierarchical-external-confirmation-v1,72,raise-1k:real_RAISE_1k/r1b177fe1t.png,real,RAISE-1k,archive-sha256:bd25842eb4069937d6676a31538bb557dc78db9867fa6e463df5af11d86fa73e,official-archive,real_RAISE_1k/r1b177fe1t.png,,,,,raise-1k:real_RAISE_1k/r1b177fe1t.png,raise-1k,images/5d7b4d8284ec301a.png,52a9199d94f33ec806eec2c6fbc42ca5d01783cde4bc1b639e88867f7750d2d8,eb9c7aad7ef6645b8dc0c591d78aebfb51e8e8a2b2b9e3ea83d801e17b8a86a8,833,1258,,,5a23bee4f802b9c88dd41030711aee173d27a3f8974371153439c0c363cde3a5;9dcda4b93d8c73df7b1240629bec209566cd6119bb7f800c2906b8c3826b8777
diffdetect-hierarchical-external-confirmation-v1,73,raise-1k:real_RAISE_1k/r12e170d4t.png,real,RAISE-1k,archive-sha256:bd25842eb4069937d6676a31538bb557dc78db9867fa6e463df5af11d86fa73e,official-archive,real_RAISE_1k/r12e170d4t.png,,,,,raise-1k:real_RAISE_1k/r12e170d4t.png,raise-1k,images/d6dcfce01d1ac848.png,52a9199d94f33ec806eec2c6fbc42ca5d01783cde4bc1b639e88867f7750d2d8,e0d8a333db744f8700ba44fe17f0068863e9d1b7d3ad236224bd9a34a900f97c,833,1258,,,5a23bee4f802b9c88dd41030711aee173d27a3f8974371153439c0c363cde3a5;9dcda4b93d8c73df7b1240629bec209566cd6119bb7f800c2906b8c3826b8777
diffdetect-hierarchical-external-confirmation-v1,74,magicbrush:000000334809:turn-1,edited,osunlp/MagicBrush,1d8d4629150d18ca50afab66391866f2085be989,dev:first-turn,000000334809:turn-1,MS COCO,000000334809,origins/e4d03e854b073d72.png,dba3d1a305c2611b72028d8d2cee5812dc04772399d1314ca227e7c5b119e668,coco:000000334809,magicbrush,edited/e4d03e854b073d72.png,5bd5aea88a705b4f22161c0aeb69713e3ece62318e7aa45eb54d2d50f5f368e6,5c6b097c9c3c72b098d5985098a46a45308adf7fb274f20cafbe8a603ace0488,1024,1024,,DALL-E 2 (MagicBrush),5a23bee4f802b9c88dd41030711aee173d27a3f8974371153439c0c363cde3a5;9dcda4b93d8c73df7b1240629bec209566cd6119bb7f800c2906b8c3826b8777
diffdetect-hierarchical-external-confirmation-v1,75,magicbrush:000000140513:turn-1,edited,osunlp/MagicBrush,1d8d4629150d18ca50afab66391866f2085be989,dev:first-turn,000000140513:turn-1,MS COCO,000000140513,origins/20f0d8d102e16dfd.png,328543f32d86cedcebdedd56f44daa5468d9e93f8db65c9d53680d97f4f4dffb,coco:000000140513,magicbrush,edited/20f0d8d102e16dfd.png,5bd5aea88a705b4f22161c0aeb69713e3ece62318e7aa45eb54d2d50f5f368e6,fd6df7c96d1d80fbd3d98f2af700d3685119b2d4efae755f0a9971b8418e0570,1024,1024,,DALL-E 2 (MagicBrush),5a23bee4f802b9c88dd41030711aee173d27a3f8974371153439c0c363cde3a5;9dcda4b93d8c73df7b1240629bec209566cd6119bb7f800c2906b8c3826b8777
diffdetect-hierarchical-external-confirmation-v1,76,raise-1k:real_RAISE_1k/r0d89edd8t.png,real,RAISE-1k,archive-sha256:bd25842eb4069937d6676a31538bb557dc78db9867fa6e463df5af11d86fa73e,official-archive,real_RAISE_1k/r0d89edd8t.png,,,,,raise-1k:real_RAISE_1k/r0d89edd8t.png,raise-1k,images/d8daa6a8abf85188.png,52a9199d94f33ec806eec2c6fbc42ca5d01783cde4bc1b639e88867f7750d2d8,5d18d86a056c1114f45915f9eae6151cf2ef1677b992e7186d835a0e27af316a,1258,833,,,5a23bee4f802b9c88dd41030711aee173d27a3f8974371153439c0c363cde3a5;9dcda4b93d8c73df7b1240629bec209566cd6119bb7f800c2906b8c3826b8777
diffdetect-hierarchical-external-confirmation-v1,77,magicbrush:000000293027:turn-1,edited,osunlp/MagicBrush,1d8d4629150d18ca50afab66391866f2085be989,dev:first-turn,000000293027:turn-1,MS COCO,000000293027,origins/d0fe282418f79469.png,264facddfe39e96272267e5c7cc47fbaa2b29dbba6d620fde72911f78ea873c2,coco:000000293027,magicbrush,edited/d0fe282418f79469.png,5bd5aea88a705b4f22161c0aeb69713e3ece62318e7aa45eb54d2d50f5f368e6,7475e01db1aadd2227536d4c8143c23f56c528a1f673334e8e7b91cbfbe49f7f,1024,1024,,DALL-E 2 (MagicBrush),5a23bee4f802b9c88dd41030711aee173d27a3f8974371153439c0c363cde3a5;9dcda4b93d8c73df7b1240629bec209566cd6119bb7f800c2906b8c3826b8777
diffdetect-hierarchical-external-confirmation-v1,78,raise-1k:real_RAISE_1k/r15028ceft.png,real,RAISE-1k,archive-sha256:bd25842eb4069937d6676a31538bb557dc78db9867fa6e463df5af11d86fa73e,official-archive,real_RAISE_1k/r15028ceft.png,,,,,raise-1k:real_RAISE_1k/r15028ceft.png,raise-1k,images/ffa1fc032da7d5aa.png,52a9199d94f33ec806eec2c6fbc42ca5d01783cde4bc1b639e88867f7750d2d8,a3bdb00906450cd0c4171d71deabe87d9adbd6490300050d0268c566000f30f9,1258,833,,,5a23bee4f802b9c88dd41030711aee173d27a3f8974371153439c0c363cde3a5;9dcda4b93d8c73df7b1240629bec209566cd6119bb7f800c2906b8c3826b8777
diffdetect-hierarchical-external-confirmation-v1,79,magicbrush:000000221222:turn-1,edited,osunlp/MagicBrush,1d8d4629150d18ca50afab66391866f2085be989,dev:first-turn,000000221222:turn-1,MS COCO,000000221222,origins/7f14ba3f4bddff42.png,3e2888557a83849e76c14a21f285f930398d6a71f239666aeb1bc8eb3a6dd0bb,coco:000000221222,magicbrush,edited/7f14ba3f4bddff42.png,5bd5aea88a705b4f22161c0aeb69713e3ece62318e7aa45eb54d2d50f5f368e6,86d936f8527672a63fd8bd2a84a554c9c33022b322a5bfa50ef024b2b35e0ff6,1024,1024,,DALL-E 2 (MagicBrush),5a23bee4f802b9c88dd41030711aee173d27a3f8974371153439c0c363cde3a5;9dcda4b93d8c73df7b1240629bec209566cd6119bb7f800c2906b8c3826b8777
diffdetect-hierarchical-external-confirmation-v1,80,abstractedit:flux-kontext:17646866509671440700,edited,DucktorV/AbstractEdit,bc04f61586e5d5004a273a092131d01fd332e3e3,model_outputs_explicit/flux_kontext.parquet,17646866509671440700,Open Images V7 validation,2cab997e4187e1f1,origins/2cab997e4187e1f1.jpg,d44ed34799acdac7e8ad4cfbf3aa761d60052510141bacd1895dfc134b134ecb,openimages:2cab997e4187e1f1,abstractedit,images/17646866509671440700.jpg,42a5e0b480801c86c99fc1d869e4e65b13015f466364b92e6167bb8e7eee8b13,7220adbeff19ce8b7561df11fda59b6255e18c31cdb6a1f3eadbc124b0741d72,1024,1024,,Flux-Kontext,5a23bee4f802b9c88dd41030711aee173d27a3f8974371153439c0c363cde3a5;9dcda4b93d8c73df7b1240629bec209566cd6119bb7f800c2906b8c3826b8777
diffdetect-hierarchical-external-confirmation-v1,81,raise-1k:real_RAISE_1k/r18990432t.png,real,RAISE-1k,archive-sha256:bd25842eb4069937d6676a31538bb557dc78db9867fa6e463df5af11d86fa73e,official-archive,real_RAISE_1k/r18990432t.png,,,,,raise-1k:real_RAISE_1k/r18990432t.png,raise-1k,images/47b42e78c0776f71.png,52a9199d94f33ec806eec2c6fbc42ca5d01783cde4bc1b639e88867f7750d2d8,3a803472763588943feaf7cda8f7426c342a0de4810f9ba1be8204da09640c76,833,1258,,,5a23bee4f802b9c88dd41030711aee173d27a3f8974371153439c0c363cde3a5;9dcda4b93d8c73df7b1240629bec209566cd6119bb7f800c2906b8c3826b8777
diffdetect-hierarchical-external-confirmation-v1,82,magicbrush:000000422328:turn-1,edited,osunlp/MagicBrush,1d8d4629150d18ca50afab66391866f2085be989,dev:first-turn,000000422328:turn-1,MS COCO,000000422328,origins/5d50872c83e79e21.png,fb3c6d8f6dab3c11c9d72de6f4424595289718b9f7d74c2ddcf0bca590569848,coco:000000422328,magicbrush,edited/5d50872c83e79e21.png,5bd5aea88a705b4f22161c0aeb69713e3ece62318e7aa45eb54d2d50f5f368e6,dcc0de78ecf70d2a279ee3797e389b459ac4e41e755f4104ec69b4b9ca5e3c15,1024,1024,,DALL-E 2 (MagicBrush),5a23bee4f802b9c88dd41030711aee173d27a3f8974371153439c0c363cde3a5;9dcda4b93d8c73df7b1240629bec209566cd6119bb7f800c2906b8c3826b8777
diffdetect-hierarchical-external-confirmation-v1,83,raise-1k:real_RAISE_1k/r1de108dft.png,real,RAISE-1k,archive-sha256:bd25842eb4069937d6676a31538bb557dc78db9867fa6e463df5af11d86fa73e,official-archive,real_RAISE_1k/r1de108dft.png,,,,,raise-1k:real_RAISE_1k/r1de108dft.png,raise-1k,images/69472ee0e75d4296.png,52a9199d94f33ec806eec2c6fbc42ca5d01783cde4bc1b639e88867f7750d2d8,2446fcf822b529ef061aa8b3ff4c4b936beccb4eb81e6be16a360efc6baf6855,833,1258,,,5a23bee4f802b9c88dd41030711aee173d27a3f8974371153439c0c363cde3a5;9dcda4b93d8c73df7b1240629bec209566cd6119bb7f800c2906b8c3826b8777
diffdetect-hierarchical-external-confirmation-v1,84,raise-1k:real_RAISE_1k/r0fdfc4f0t.png,real,RAISE-1k,archive-sha256:bd25842eb4069937d6676a31538bb557dc78db9867fa6e463df5af11d86fa73e,official-archive,real_RAISE_1k/r0fdfc4f0t.png,,,,,raise-1k:real_RAISE_1k/r0fdfc4f0t.png,raise-1k,images/1848a14a713acff3.png,52a9199d94f33ec806eec2c6fbc42ca5d01783cde4bc1b639e88867f7750d2d8,95fab21682b2654ec893142c80f47bbdbf8ebdf57f81cac3d612ea8f616f7994,1258,833,,,5a23bee4f802b9c88dd41030711aee173d27a3f8974371153439c0c363cde3a5;9dcda4b93d8c73df7b1240629bec209566cd6119bb7f800c2906b8c3826b8777
diffdetect-hierarchical-external-confirmation-v1,85,raise-1k:real_RAISE_1k/r14a595b6t.png,real,RAISE-1k,archive-sha256:bd25842eb4069937d6676a31538bb557dc78db9867fa6e463df5af11d86fa73e,official-archive,real_RAISE_1k/r14a595b6t.png,,,,,raise-1k:real_RAISE_1k/r14a595b6t.png,raise-1k,images/5e1256c232e11583.png,52a9199d94f33ec806eec2c6fbc42ca5d01783cde4bc1b639e88867f7750d2d8,b88ae7e817810993a320611b40544f0a2f9f975ad8db62eaa998892bc39987dd,1256,835,,,5a23bee4f802b9c88dd41030711aee173d27a3f8974371153439c0c363cde3a5;9dcda4b93d8c73df7b1240629bec209566cd6119bb7f800c2906b8c3826b8777
diffdetect-hierarchical-external-confirmation-v1,86,magicbrush:000000357865:turn-1,edited,osunlp/MagicBrush,1d8d4629150d18ca50afab66391866f2085be989,dev:first-turn,000000357865:turn-1,MS COCO,000000357865,origins/4983bd39af6f4204.png,64439230da3e2adff25525a9b1a39b0d0f6307f823ce9be36521c3c75a564e2c,coco:000000357865,magicbrush,edited/4983bd39af6f4204.png,5bd5aea88a705b4f22161c0aeb69713e3ece62318e7aa45eb54d2d50f5f368e6,385327d0217dcf1450a988e8014be8fff68bac642bb2098e4eca87500b483de7,1024,1024,,DALL-E 2 (MagicBrush),5a23bee4f802b9c88dd41030711aee173d27a3f8974371153439c0c363cde3a5;9dcda4b93d8c73df7b1240629bec209566cd6119bb7f800c2906b8c3826b8777
diffdetect-hierarchical-external-confirmation-v1,87,raise-1k:real_RAISE_1k/r0518cf5dt.png,real,RAISE-1k,archive-sha256:bd25842eb4069937d6676a31538bb557dc78db9867fa6e463df5af11d86fa73e,official-archive,real_RAISE_1k/r0518cf5dt.png,,,,,raise-1k:real_RAISE_1k/r0518cf5dt.png,raise-1k,images/2f0347612a271263.png,52a9199d94f33ec806eec2c6fbc42ca5d01783cde4bc1b639e88867f7750d2d8,20c86733cb66b0e9baaa9ff59737778b2cdc2fe566480f13b381406e101eeef7,1258,833,,,5a23bee4f802b9c88dd41030711aee173d27a3f8974371153439c0c363cde3a5;9dcda4b93d8c73df7b1240629bec209566cd6119bb7f800c2906b8c3826b8777
diffdetect-hierarchical-external-confirmation-v1,88,raise-1k:real_RAISE_1k/r14dd8f91t.png,real,RAISE-1k,archive-sha256:bd25842eb4069937d6676a31538bb557dc78db9867fa6e463df5af11d86fa73e,official-archive,real_RAISE_1k/r14dd8f91t.png,,,,,raise-1k:real_RAISE_1k/r14dd8f91t.png,raise-1k,images/6441609c29916e55.png,52a9199d94f33ec806eec2c6fbc42ca5d01783cde4bc1b639e88867f7750d2d8,94768fc8c077cee3cb425475a50a5628bb9bb0079f8ec249436015ed47a7d1d8,1256,835,,,5a23bee4f802b9c88dd41030711aee173d27a3f8974371153439c0c363cde3a5;9dcda4b93d8c73df7b1240629bec209566cd6119bb7f800c2906b8c3826b8777
diffdetect-hierarchical-external-confirmation-v1,89,genimage:Wukong:wukong/test/ai/900_wukong_image198.png,synthetic,nebula/GenImage-arrow,3f4b9f921a673be09a93b335ed728cea0c6ecf33,test,Wukong:wukong/test/ai/900_wukong_image198.png,,,,,genimage:Wukong:wukong/test/ai/900_wukong_image198.png,genimage,images/55bb383df145b6c3.png,00a9b763814c877217b966467eae5397ff03b3037e12eab9985da0d288b61f10,92c998fbdd4b26485f6b24fe6132cdc146fa0f26b50a44d4ffbf339e400e0ffa,512,512,Wukong,,5a23bee4f802b9c88dd41030711aee173d27a3f8974371153439c0c363cde3a5;9dcda4b93d8c73df7b1240629bec209566cd6119bb7f800c2906b8c3826b8777
diffdetect-hierarchical-external-confirmation-v1,90,raise-1k:real_RAISE_1k/r0f1aef1ft.png,real,RAISE-1k,archive-sha256:bd25842eb4069937d6676a31538bb557dc78db9867fa6e463df5af11d86fa73e,official-archive,real_RAISE_1k/r0f1aef1ft.png,,,,,raise-1k:real_RAISE_1k/r0f1aef1ft.png,raise-1k,images/e954f64c1219eb2d.png,52a9199d94f33ec806eec2c6fbc42ca5d01783cde4bc1b639e88867f7750d2d8,a24fca7d85341e7bf5a928244c801b7bfdeeda46850853b12c1a2746a24378f3,1256,835,,,5a23bee4f802b9c88dd41030711aee173d27a3f8974371153439c0c363cde3a5;9dcda4b93d8c73df7b1240629bec209566cd6119bb7f800c2906b8c3826b8777
diffdetect-hierarchical-external-confirmation-v1,91,abstractedit:flux-kontext:16381785841640917463,edited,DucktorV/AbstractEdit,bc04f61586e5d5004a273a092131d01fd332e3e3,model_outputs_explicit/flux_kontext.parquet,16381785841640917463,Open Images V7 validation,148c25d2f620d40f,origins/148c25d2f620d40f.jpg,7e3c3a8a92dc14d49d0a5ffeac410aff2ab3c6dbfdc8ec355e0ed9d8c66092eb,openimages:148c25d2f620d40f,abstractedit,images/16381785841640917463.jpg,42a5e0b480801c86c99fc1d869e4e65b13015f466364b92e6167bb8e7eee8b13,c046553a8a2d0cd7fd2f40ec8c026cc6d47ee37ab49254e8bbec75aacc90a1f8,1024,1024,,Flux-Kontext,5a23bee4f802b9c88dd41030711aee173d27a3f8974371153439c0c363cde3a5;9dcda4b93d8c73df7b1240629bec209566cd6119bb7f800c2906b8c3826b8777
diffdetect-hierarchical-external-confirmation-v1,92,raise-1k:real_RAISE_1k/r12c5f70bt.png,real,RAISE-1k,archive-sha256:bd25842eb4069937d6676a31538bb557dc78db9867fa6e463df5af11d86fa73e,official-archive,real_RAISE_1k/r12c5f70bt.png,,,,,raise-1k:real_RAISE_1k/r12c5f70bt.png,raise-1k,images/cdb046e5e45b92e6.png,52a9199d94f33ec806eec2c6fbc42ca5d01783cde4bc1b639e88867f7750d2d8,95b8dbc7120031b4442a608f7fbe1677d217d08073fbcaf86db882df6e133782,1258,833,,,5a23bee4f802b9c88dd41030711aee173d27a3f8974371153439c0c363cde3a5;9dcda4b93d8c73df7b1240629bec209566cd6119bb7f800c2906b8c3826b8777
diffdetect-hierarchical-external-confirmation-v1,93,raise-1k:real_RAISE_1k/r10944b31t.png,real,RAISE-1k,archive-sha256:bd25842eb4069937d6676a31538bb557dc78db9867fa6e463df5af11d86fa73e,official-archive,real_RAISE_1k/r10944b31t.png,,,,,raise-1k:real_RAISE_1k/r10944b31t.png,raise-1k,images/e5605e645bcd6fa2.png,52a9199d94f33ec806eec2c6fbc42ca5d01783cde4bc1b639e88867f7750d2d8,8bf24af4b54fa4b9cba63e15a7f60e72953608e898a71790727957b530051c96,1258,833,,,5a23bee4f802b9c88dd41030711aee173d27a3f8974371153439c0c363cde3a5;9dcda4b93d8c73df7b1240629bec209566cd6119bb7f800c2906b8c3826b8777
diffdetect-hierarchical-external-confirmation-v1,94,raise-1k:real_RAISE_1k/r1de76a54t.png,real,RAISE-1k,archive-sha256:bd25842eb4069937d6676a31538bb557dc78db9867fa6e463df5af11d86fa73e,official-archive,real_RAISE_1k/r1de76a54t.png,,,,,raise-1k:real_RAISE_1k/r1de76a54t.png,raise-1k,images/dd1e93b4931dc9fd.png,52a9199d94f33ec806eec2c6fbc42ca5d01783cde4bc1b639e88867f7750d2d8,8c64e3cf8b8c9848c2662ffb92c482ac59d30f07c2b03a7b3ac75f9dec1c27be,1258,833,,,5a23bee4f802b9c88dd41030711aee173d27a3f8974371153439c0c363cde3a5;9dcda4b93d8c73df7b1240629bec209566cd6119bb7f800c2906b8c3826b8777
diffdetect-hierarchical-external-confirmation-v1,95,openimages:d55cba1c1935441b,real,Open Images V6 validation,Open-Images-V6-validation,validation,d55cba1c1935441b,,,,,openimages:d55cba1c1935441b,openimages-v6,images/d55cba1c1935441b.jpg,ed93a0e121fe345effdfc7359b848dbc64a1ff6778c8c73563157cb500b33a17,1ee8a7c1b077493feeb3b535764294940bd155960a3471c5f4be6b789f484912,1024,1024,,,5a23bee4f802b9c88dd41030711aee173d27a3f8974371153439c0c363cde3a5;9dcda4b93d8c73df7b1240629bec209566cd6119bb7f800c2906b8c3826b8777
diffdetect-hierarchical-external-confirmation-v1,96,raise-1k:real_RAISE_1k/r0d280006t.png,real,RAISE-1k,archive-sha256:bd25842eb4069937d6676a31538bb557dc78db9867fa6e463df5af11d86fa73e,official-archive,real_RAISE_1k/r0d280006t.png,,,,,raise-1k:real_RAISE_1k/r0d280006t.png,raise-1k,images/7fd8a50688177e12.png,52a9199d94f33ec806eec2c6fbc42ca5d01783cde4bc1b639e88867f7750d2d8,f02c7987fe5584510dfba993fc0c36d5d4bd5593b3dea7a357b6391f92040278,1258,833,,,5a23bee4f802b9c88dd41030711aee173d27a3f8974371153439c0c363cde3a5;9dcda4b93d8c73df7b1240629bec209566cd6119bb7f800c2906b8c3826b8777
diffdetect-hierarchical-external-confirmation-v1,97,magicbrush:000000007996:turn-1,edited,osunlp/MagicBrush,1d8d4629150d18ca50afab66391866f2085be989,dev:first-turn,000000007996:turn-1,MS COCO,000000007996,origins/c8c3ed20bb803824.png,e41705d5fc213301c616907915cb680e47875dfb44bc28b1e4f2916a40ed96e3,coco:000000007996,magicbrush,edited/c8c3ed20bb803824.png,5bd5aea88a705b4f22161c0aeb69713e3ece62318e7aa45eb54d2d50f5f368e6,81234472fc85a6941e60119ce6406c6b45189bc990a2f1ffacb761223f1a9f92,1024,1024,,DALL-E 2 (MagicBrush),5a23bee4f802b9c88dd41030711aee173d27a3f8974371153439c0c363cde3a5;9dcda4b93d8c73df7b1240629bec209566cd6119bb7f800c2906b8c3826b8777
diffdetect-hierarchical-external-confirmation-v1,98,raise-1k:real_RAISE_1k/r1f11809bt.png,real,RAISE-1k,archive-sha256:bd25842eb4069937d6676a31538bb557dc78db9867fa6e463df5af11d86fa73e,official-archive,real_RAISE_1k/r1f11809bt.png,,,,,raise-1k:real_RAISE_1k/r1f11809bt.png,raise-1k,images/6e6972cca5f7c919.png,52a9199d94f33ec806eec2c6fbc42ca5d01783cde4bc1b639e88867f7750d2d8,947c13e8bb8d92df8d81992ebb7e51f548e274c4f5bdb5d7a8c4b400d07395b9,1258,833,,,5a23bee4f802b9c88dd41030711aee173d27a3f8974371153439c0c363cde3a5;9dcda4b93d8c73df7b1240629bec209566cd6119bb7f800c2906b8c3826b8777
diffdetect-hierarchical-external-confirmation-v1,99,raise-1k:real_RAISE_1k/r1639a65ct.png,real,RAISE-1k,archive-sha256:bd25842eb4069937d6676a31538bb557dc78db9867fa6e463df5af11d86fa73e,official-archive,real_RAISE_1k/r1639a65ct.png,,,,,raise-1k:real_RAISE_1k/r1639a65ct.png,raise-1k,images/950f4b8a9d0223f6.png,52a9199d94f33ec806eec2c6fbc42ca5d01783cde4bc1b639e88867f7750d2d8,a877b32bdc4c2c804ae0e2167678816ecea73e1a87ec72efb3f4640342fc8187,1256,835,,,5a23bee4f802b9c88dd41030711aee173d27a3f8974371153439c0c363cde3a5;9dcda4b93d8c73df7b1240629bec209566cd6119bb7f800c2906b8c3826b8777
diffdetect-hierarchical-external-confirmation-v1,100,ai-detector-arena:ai_portrait_gemini_3_pro_portrait_03.png,synthetic,AI Detector Arena v0.1,v0.1-sha256:1e62844bba714c2e190792844d4169fa3119fac3c2c143dad1eb8062e20b67e4,v0.1,ai_portrait_gemini_3_pro_portrait_03.png,,,,,ai-detector-arena:ai_portrait_gemini_3_pro_portrait_03.png,ai-detector-arena-v0.1,images/afbe2b912514a6ec.png,246b431ee755d2c2462e70b8fbf0d3bac7d14d79bc62bd65c047f61c5f9b12ed,3319fed4df725bd17fe837ec2fdb2a285280c02b527f2f308b772ef3ee74007c,1024,1024,Gemini 3 Pro,,5a23bee4f802b9c88dd41030711aee173d27a3f8974371153439c0c363cde3a5;9dcda4b93d8c73df7b1240629bec209566cd6119bb7f800c2906b8c3826b8777
diffdetect-hierarchical-external-confirmation-v1,101,magicbrush:000000139276:turn-1,edited,osunlp/MagicBrush,1d8d4629150d18ca50afab66391866f2085be989,dev:first-turn,000000139276:turn-1,MS COCO,000000139276,origins/25b1ba978b9e9c44.png,b5704765556c0519da574c6df38bfa93a9d950c6c38e8780adcea49666d3907d,coco:000000139276,magicbrush,edited/25b1ba978b9e9c44.png,5bd5aea88a705b4f22161c0aeb69713e3ece62318e7aa45eb54d2d50f5f368e6,c7d329229ca48a62059bbefb3a75c6c66e9b2890fefeb591da5d0bc730a56c35,1024,1024,,DALL-E 2 (MagicBrush),5a23bee4f802b9c88dd41030711aee173d27a3f8974371153439c0c363cde3a5;9dcda4b93d8c73df7b1240629bec209566cd6119bb7f800c2906b8c3826b8777
diffdetect-hierarchical-external-confirmation-v1,102,raise-1k:real_RAISE_1k/r097555c4t.png,real,RAISE-1k,archive-sha256:bd25842eb4069937d6676a31538bb557dc78db9867fa6e463df5af11d86fa73e,official-archive,real_RAISE_1k/r097555c4t.png,,,,,raise-1k:real_RAISE_1k/r097555c4t.png,raise-1k,images/cf3f21a12b1cad97.png,52a9199d94f33ec806eec2c6fbc42ca5d01783cde4bc1b639e88867f7750d2d8,33c2e408a864820a1392652744640c944a027095864ca930e2fe2e0ecf6da706,1258,833,,,5a23bee4f802b9c88dd41030711aee173d27a3f8974371153439c0c363cde3a5;9dcda4b93d8c73df7b1240629bec209566cd6119bb7f800c2906b8c3826b8777
diffdetect-hierarchical-external-confirmation-v1,103,openimages:3daee3942708ff86,real,Open Images V6 validation,Open-Images-V6-validation,validation,3daee3942708ff86,,,,,openimages:3daee3942708ff86,openimages-v6,images/3daee3942708ff86.jpg,ed93a0e121fe345effdfc7359b848dbc64a1ff6778c8c73563157cb500b33a17,860038d2e4f21c37ce83af5d8373f95a0caf60af3cc70d7432bf32808283c456,768,1024,,,5a23bee4f802b9c88dd41030711aee173d27a3f8974371153439c0c363cde3a5;9dcda4b93d8c73df7b1240629bec209566cd6119bb7f800c2906b8c3826b8777
diffdetect-hierarchical-external-confirmation-v1,104,magicbrush:000000207833:turn-1,edited,osunlp/MagicBrush,1d8d4629150d18ca50afab66391866f2085be989,dev:first-turn,000000207833:turn-1,MS COCO,000000207833,origins/073cb79cc0e5c01c.png,5364e9ad4a18627959d622d3063f59d4ab42caa9998ab1a3471771313f1c5dc9,coco:000000207833,magicbrush,edited/073cb79cc0e5c01c.png,5bd5aea88a705b4f22161c0aeb69713e3ece62318e7aa45eb54d2d50f5f368e6,f67045dac89bf3c0bd70dbdeae96fdea081c9d2b8163f17e3efbb56eb50ee370,1024,1024,,DALL-E 2 (MagicBrush),5a23bee4f802b9c88dd41030711aee173d27a3f8974371153439c0c363cde3a5;9dcda4b93d8c73df7b1240629bec209566cd6119bb7f800c2906b8c3826b8777
diffdetect-hierarchical-external-confirmation-v1,105,magicbrush:000000155790:turn-1,edited,osunlp/MagicBrush,1d8d4629150d18ca50afab66391866f2085be989,dev:first-turn,000000155790:turn-1,MS COCO,000000155790,origins/20cdc03b31da50ec.png,18cec3807c60cb22f65ce7414101bd53c0aed9bd18d0c84e8d2de709cf1b3613,coco:000000155790,magicbrush,edited/20cdc03b31da50ec.png,5bd5aea88a705b4f22161c0aeb69713e3ece62318e7aa45eb54d2d50f5f368e6,c4e0c0c2ef0aef496051555406cefff8dc4190e1770b38f8b45c1fea1783e6fb,1024,1024,,DALL-E 2 (MagicBrush),5a23bee4f802b9c88dd41030711aee173d27a3f8974371153439c0c363cde3a5;9dcda4b93d8c73df7b1240629bec209566cd6119bb7f800c2906b8c3826b8777
diffdetect-hierarchical-external-confirmation-v1,106,ai-detector-arena:ai_product_gemini_3_pro_product_04.png,synthetic,AI Detector Arena v0.1,v0.1-sha256:1e62844bba714c2e190792844d4169fa3119fac3c2c143dad1eb8062e20b67e4,v0.1,ai_product_gemini_3_pro_product_04.png,,,,,ai-detector-arena:ai_product_gemini_3_pro_product_04.png,ai-detector-arena-v0.1,images/11d352c80accb390.png,246b431ee755d2c2462e70b8fbf0d3bac7d14d79bc62bd65c047f61c5f9b12ed,9fcee2d7d69d8d3b9a32ab63b69faeb12ff021b6695c9494aea02276b9aaa794,1024,1024,Gemini 3 Pro,,5a23bee4f802b9c88dd41030711aee173d27a3f8974371153439c0c363cde3a5;9dcda4b93d8c73df7b1240629bec209566cd6119bb7f800c2906b8c3826b8777
diffdetect-hierarchical-external-confirmation-v1,107,magicbrush:000000465545:turn-1,edited,osunlp/MagicBrush,1d8d4629150d18ca50afab66391866f2085be989,dev:first-turn,000000465545:turn-1,MS COCO,000000465545,origins/faf353d8ed2efbaf.png,2b03c96cde2a7a5902c4d38f19f78a8ee431d5aa60063a99d20bc4d979fb5108,coco:000000465545,magicbrush,edited/faf353d8ed2efbaf.png,5bd5aea88a705b4f22161c0aeb69713e3ece62318e7aa45eb54d2d50f5f368e6,28e6b29a3a39aa29ab5d00f40093cd58213c4b534cf55720662eb5fc7a6bd602,1024,1024,,DALL-E 2 (MagicBrush),5a23bee4f802b9c88dd41030711aee173d27a3f8974371153439c0c363cde3a5;9dcda4b93d8c73df7b1240629bec209566cd6119bb7f800c2906b8c3826b8777
diffdetect-hierarchical-external-confirmation-v1,108,abstractedit:flux-kontext:18030049292479793398,edited,DucktorV/AbstractEdit,bc04f61586e5d5004a273a092131d01fd332e3e3,model_outputs_explicit/flux_kontext.parquet,18030049292479793398,Open Images V7 validation,b8ebea0da56447ff,origins/b8ebea0da56447ff.jpg,9b26d68a7dc2f20aa16117294b0118aced886783009b811be75dd57032c78548,openimages:b8ebea0da56447ff,abstractedit,images/18030049292479793398.jpg,42a5e0b480801c86c99fc1d869e4e65b13015f466364b92e6167bb8e7eee8b13,5bd3dc3d6132f026ac0e8223ae6f0b38a408729c0fc33c7ec1d47ace62f94f34,1024,1024,,Flux-Kontext,5a23bee4f802b9c88dd41030711aee173d27a3f8974371153439c0c363cde3a5;9dcda4b93d8c73df7b1240629bec209566cd6119bb7f800c2906b8c3826b8777
diffdetect-hierarchical-external-confirmation-v1,109,magicbrush:000000190360:turn-1,edited,osunlp/MagicBrush,1d8d4629150d18ca50afab66391866f2085be989,dev:first-turn,000000190360:turn-1,MS COCO,000000190360,origins/0c57f1445cc52d25.png,4c426c159b837a39181bd2e6de50d9b62c9292565bd9692d61bc3cc61641cff8,coco:000000190360,magicbrush,edited/0c57f1445cc52d25.png,5bd5aea88a705b4f22161c0aeb69713e3ece62318e7aa45eb54d2d50f5f368e6,223b07b57888a2f6ca3484fb653d4896ed41572a7fa61ce080200ef62cfb37aa,1024,1024,,DALL-E 2 (MagicBrush),5a23bee4f802b9c88dd41030711aee173d27a3f8974371153439c0c363cde3a5;9dcda4b93d8c73df7b1240629bec209566cd6119bb7f800c2906b8c3826b8777
diffdetect-hierarchical-external-confirmation-v1,110,genimage:VQDM:VQDM/test/ai/VQDM_1000_200_02_224_vqdm_00127.png,synthetic,nebula/GenImage-arrow,3f4b9f921a673be09a93b335ed728cea0c6ecf33,test,VQDM:VQDM/test/ai/VQDM_1000_200_02_224_vqdm_00127.png,,,,,genimage:VQDM:VQDM/test/ai/VQDM_1000_200_02_224_vqdm_00127.png,genimage,images/8923f462da0205d7.png,00a9b763814c877217b966467eae5397ff03b3037e12eab9985da0d288b61f10,8989953673bbf344445d5183e5d70973eaeff065d255d59bd3b32c27cb532afe,256,256,VQDM,,5a23bee4f802b9c88dd41030711aee173d27a3f8974371153439c0c363cde3a5;9dcda4b93d8c73df7b1240629bec209566cd6119bb7f800c2906b8c3826b8777
diffdetect-hierarchical-external-confirmation-v1,111,abstractedit:flux-kontext:10856442291627649979,edited,DucktorV/AbstractEdit,bc04f61586e5d5004a273a092131d01fd332e3e3,model_outputs_explicit/flux_kontext.parquet,10856442291627649979,Open Images V7 validation,5de304c57f8e1002,origins/5de304c57f8e1002.jpg,b686d2228b1b6104cdcae255a222765ad6d011e2143d3292caa2fff1819779bb,openimages:5de304c57f8e1002,abstractedit,images/10856442291627649979.jpg,42a5e0b480801c86c99fc1d869e4e65b13015f466364b92e6167bb8e7eee8b13,eebf46d2d94f422bae85007a615cd8b9db23a7da34f08130d96fe25c3b0cd30d,1024,1024,,Flux-Kontext,5a23bee4f802b9c88dd41030711aee173d27a3f8974371153439c0c363cde3a5;9dcda4b93d8c73df7b1240629bec209566cd6119bb7f800c2906b8c3826b8777
diffdetect-hierarchical-external-confirmation-v1,112,genimage:VQDM:VQDM/test/ai/VQDM_1000_200_04_495_vqdm_00020.png,synthetic,nebula/GenImage-arrow,3f4b9f921a673be09a93b335ed728cea0c6ecf33,test,VQDM:VQDM/test/ai/VQDM_1000_200_04_495_vqdm_00020.png,,,,,genimage:VQDM:VQDM/test/ai/VQDM_1000_200_04_495_vqdm_00020.png,genimage,images/e64298c754abd8af.png,00a9b763814c877217b966467eae5397ff03b3037e12eab9985da0d288b61f10,e8284510f13e44462a9956f7b30846cc67dcc8a65e1bc32187f6a643c5401794,256,256,VQDM,,5a23bee4f802b9c88dd41030711aee173d27a3f8974371153439c0c363cde3a5;9dcda4b93d8c73df7b1240629bec209566cd6119bb7f800c2906b8c3826b8777
diffdetect-hierarchical-external-confirmation-v1,113,ai-detector-arena:ai_food_gpt_image_1.5_food_03.png,synthetic,AI Detector Arena v0.1,v0.1-sha256:1e62844bba714c2e190792844d4169fa3119fac3c2c143dad1eb8062e20b67e4,v0.1,ai_food_gpt_image_1.5_food_03.png,,,,,ai-detector-arena:ai_food_gpt_image_1.5_food_03.png,ai-detector-arena-v0.1,images/86e8cb1e7817b916.png,246b431ee755d2c2462e70b8fbf0d3bac7d14d79bc62bd65c047f61c5f9b12ed,9a95b4a47e3649c5ac935d2964eaf82c738917dac9d09a09a2e3357d8fd38a2e,1024,1024,GPT Image 1.5,,5a23bee4f802b9c88dd41030711aee173d27a3f8974371153439c0c363cde3a5;9dcda4b93d8c73df7b1240629bec209566cd6119bb7f800c2906b8c3826b8777
diffdetect-hierarchical-external-confirmation-v1,114,ai-detector-arena:ai_portrait_gpt_image_1.5_portrait_02.png,synthetic,AI Detector Arena v0.1,v0.1-sha256:1e62844bba714c2e190792844d4169fa3119fac3c2c143dad1eb8062e20b67e4,v0.1,ai_portrait_gpt_image_1.5_portrait_02.png,,,,,ai-detector-arena:ai_portrait_gpt_image_1.5_portrait_02.png,ai-detector-arena-v0.1,images/917e262b58dbbd7e.png,246b431ee755d2c2462e70b8fbf0d3bac7d14d79bc62bd65c047f61c5f9b12ed,456699051195ef44c8c8a2f93c21cc434d06a7eefc20377d5249e799e2271a5b,1024,1024,GPT Image 1.5,,5a23bee4f802b9c88dd41030711aee173d27a3f8974371153439c0c363cde3a5;9dcda4b93d8c73df7b1240629bec209566cd6119bb7f800c2906b8c3826b8777
diffdetect-hierarchical-external-confirmation-v1,115,magicbrush:000000428304:turn-1,edited,osunlp/MagicBrush,1d8d4629150d18ca50afab66391866f2085be989,dev:first-turn,000000428304:turn-1,MS COCO,000000428304,origins/088f8fcec84e4a1d.png,288781ed5732de24629969db57c56b1d4e4c57cc69c46a87031d5f394fe1b141,coco:000000428304,magicbrush,edited/088f8fcec84e4a1d.png,5bd5aea88a705b4f22161c0aeb69713e3ece62318e7aa45eb54d2d50f5f368e6,3c2ae52149dc415b62028dc889896b1cb128f62d106d739ae67285cd9367ec56,1024,1024,,DALL-E 2 (MagicBrush),5a23bee4f802b9c88dd41030711aee173d27a3f8974371153439c0c363cde3a5;9dcda4b93d8c73df7b1240629bec209566cd6119bb7f800c2906b8c3826b8777
diffdetect-hierarchical-external-confirmation-v1,116,abstractedit:flux-kontext:13985949695015090313,edited,DucktorV/AbstractEdit,bc04f61586e5d5004a273a092131d01fd332e3e3,model_outputs_explicit/flux_kontext.parquet,13985949695015090313,Open Images V7 validation,62693d8625abb7f3,origins/62693d8625abb7f3.jpg,08021307505e3b250be214141d8763faaacb6858822b9cbe80f91e30dd1d4ea4,openimages:62693d8625abb7f3,abstractedit,images/13985949695015090313.jpg,42a5e0b480801c86c99fc1d869e4e65b13015f466364b92e6167bb8e7eee8b13,0ca635d161e6c075096cd40d75b5af43c6c77bee638a75a82c46aa4e70c63fb7,1024,1024,,Flux-Kontext,5a23bee4f802b9c88dd41030711aee173d27a3f8974371153439c0c363cde3a5;9dcda4b93d8c73df7b1240629bec209566cd6119bb7f800c2906b8c3826b8777
diffdetect-hierarchical-external-confirmation-v1,117,ai-detector-arena:ai_food_gemini_3_pro_food_04.png,synthetic,AI Detector Arena v0.1,v0.1-sha256:1e62844bba714c2e190792844d4169fa3119fac3c2c143dad1eb8062e20b67e4,v0.1,ai_food_gemini_3_pro_food_04.png,,,,,ai-detector-arena:ai_food_gemini_3_pro_food_04.png,ai-detector-arena-v0.1,images/c71b53d792cc9be0.png,246b431ee755d2c2462e70b8fbf0d3bac7d14d79bc62bd65c047f61c5f9b12ed,b55e6f94db38610aae0d8b85282d91ee34e4c7a7b3c2551e30cf235bd5f9d3a9,1024,1024,Gemini 3 Pro,,5a23bee4f802b9c88dd41030711aee173d27a3f8974371153439c0c363cde3a5;9dcda4b93d8c73df7b1240629bec209566cd6119bb7f800c2906b8c3826b8777
diffdetect-hierarchical-external-confirmation-v1,118,magicbrush:000000177572:turn-1,edited,osunlp/MagicBrush,1d8d4629150d18ca50afab66391866f2085be989,dev:first-turn,000000177572:turn-1,MS COCO,000000177572,origins/0e0db624267c7477.png,39c9a93306f21f8984d411bc3070903b0dddd73a43b7f848fc32c0e28236d8a2,coco:000000177572,magicbrush,edited/0e0db624267c7477.png,5bd5aea88a705b4f22161c0aeb69713e3ece62318e7aa45eb54d2d50f5f368e6,4c09d99cead5b42025f298da6cdb045eaffaad00585ad34bd5414294f1c760f1,1024,1024,,DALL-E 2 (MagicBrush),5a23bee4f802b9c88dd41030711aee173d27a3f8974371153439c0c363cde3a5;9dcda4b93d8c73df7b1240629bec209566cd6119bb7f800c2906b8c3826b8777
diffdetect-hierarchical-external-confirmation-v1,119,openimages:d332f09da51a0970,real,Open Images V6 validation,Open-Images-V6-validation,validation,d332f09da51a0970,,,,,openimages:d332f09da51a0970,openimages-v6,images/d332f09da51a0970.jpg,ed93a0e121fe345effdfc7359b848dbc64a1ff6778c8c73563157cb500b33a17,3b1742221cc135ffda65ccb6f0b92a8804c8de2b6aacc4b2fa1fa398b93c92f8,1024,697,,,5a23bee4f802b9c88dd41030711aee173d27a3f8974371153439c0c363cde3a5;9dcda4b93d8c73df7b1240629bec209566cd6119bb7f800c2906b8c3826b8777
diffdetect-hierarchical-external-confirmation-v1,120,magicbrush:000000209923:turn-1,edited,osunlp/MagicBrush,1d8d4629150d18ca50afab66391866f2085be989,dev:first-turn,000000209923:turn-1,MS COCO,000000209923,origins/1bb8f6c29c96c065.png,777b938fa0614717b91224fc3dd130453c37dfe0c37bb940ca2c84cb6e2cb2f1,coco:000000209923,magicbrush,edited/1bb8f6c29c96c065.png,5bd5aea88a705b4f22161c0aeb69713e3ece62318e7aa45eb54d2d50f5f368e6,855725bcdabd58a9bef0c77c4a6aeb232aa46e6e73aa5055203939b107f468e5,1024,1024,,DALL-E 2 (MagicBrush),5a23bee4f802b9c88dd41030711aee173d27a3f8974371153439c0c363cde3a5;9dcda4b93d8c73df7b1240629bec209566cd6119bb7f800c2906b8c3826b8777
diffdetect-hierarchical-external-confirmation-v1,121,abstractedit:flux-kontext:15569979298822761541,edited,DucktorV/AbstractEdit,bc04f61586e5d5004a273a092131d01fd332e3e3,model_outputs_explicit/flux_kontext.parquet,15569979298822761541,Open Images V7 validation,899d7a4efa15f5e0,origins/899d7a4efa15f5e0.jpg,ff3a4c8790838e6399ce41e25bd8ee1311a19c227fc18bfba0a71acfeac02762,openimages:899d7a4efa15f5e0,abstractedit,images/15569979298822761541.jpg,42a5e0b480801c86c99fc1d869e4e65b13015f466364b92e6167bb8e7eee8b13,184058a51447b00689c5ef3fd15812900be739b887712164d76908b25fcb1286,1024,1024,,Flux-Kontext,5a23bee4f802b9c88dd41030711aee173d27a3f8974371153439c0c363cde3a5;9dcda4b93d8c73df7b1240629bec209566cd6119bb7f800c2906b8c3826b8777
diffdetect-hierarchical-external-confirmation-v1,122,genimage:Wukong:wukong/test/ai/635_wukong_image88.png,synthetic,nebula/GenImage-arrow,3f4b9f921a673be09a93b335ed728cea0c6ecf33,test,Wukong:wukong/test/ai/635_wukong_image88.png,,,,,genimage:Wukong:wukong/test/ai/635_wukong_image88.png,genimage,images/89afaf0aaed5149d.png,00a9b763814c877217b966467eae5397ff03b3037e12eab9985da0d288b61f10,bb1c79b0aa2dacd91ac43b6ab7926ff8f769d15393df2beb2d59f9e34517dbd8,512,512,Wukong,,5a23bee4f802b9c88dd41030711aee173d27a3f8974371153439c0c363cde3a5;9dcda4b93d8c73df7b1240629bec209566cd6119bb7f800c2906b8c3826b8777
diffdetect-hierarchical-external-confirmation-v1,123,abstractedit:flux-kontext:8590756778588975762,edited,DucktorV/AbstractEdit,bc04f61586e5d5004a273a092131d01fd332e3e3,model_outputs_explicit/flux_kontext.parquet,8590756778588975762,Open Images V7 validation,316f00e286d5a624,origins/316f00e286d5a624.jpg,92e2b9f8d0165b7254bc6caecb4642ce4bb842c77712201c54b305f4b5f5db34,openimages:316f00e286d5a624,abstractedit,images/8590756778588975762.jpg,42a5e0b480801c86c99fc1d869e4e65b13015f466364b92e6167bb8e7eee8b13,e6b893a789ecaee18e17b21f4b56d446ecf131dd3dcc26fb04064256371bc4cb,1024,1024,,Flux-Kontext,5a23bee4f802b9c88dd41030711aee173d27a3f8974371153439c0c363cde3a5;9dcda4b93d8c73df7b1240629bec209566cd6119bb7f800c2906b8c3826b8777
diffdetect-hierarchical-external-confirmation-v1,124,openimages:350f86d5d3c2d9c3,real,Open Images V6 validation,Open-Images-V6-validation,validation,350f86d5d3c2d9c3,,,,,openimages:350f86d5d3c2d9c3,openimages-v6,images/350f86d5d3c2d9c3.jpg,ed93a0e121fe345effdfc7359b848dbc64a1ff6778c8c73563157cb500b33a17,17508555eb978c16df86f23827587a3620a7980a23e410fde58ea6186100ada9,1024,768,,,5a23bee4f802b9c88dd41030711aee173d27a3f8974371153439c0c363cde3a5;9dcda4b93d8c73df7b1240629bec209566cd6119bb7f800c2906b8c3826b8777
diffdetect-hierarchical-external-confirmation-v1,125,magicbrush:000000369969:turn-1,edited,osunlp/MagicBrush,1d8d4629150d18ca50afab66391866f2085be989,dev:first-turn,000000369969:turn-1,MS COCO,000000369969,origins/ac26e1d10908cd9c.png,977b281980214dc646f6c807732a29a5adf481b202b53e67d7c8d1443844a85f,coco:000000369969,magicbrush,edited/ac26e1d10908cd9c.png,5bd5aea88a705b4f22161c0aeb69713e3ece62318e7aa45eb54d2d50f5f368e6,62b75730eceb7e548738b31bd3e973eecd435522ffbe99f4f7d6549da4839333,1024,1024,,DALL-E 2 (MagicBrush),5a23bee4f802b9c88dd41030711aee173d27a3f8974371153439c0c363cde3a5;9dcda4b93d8c73df7b1240629bec209566cd6119bb7f800c2906b8c3826b8777
diffdetect-hierarchical-external-confirmation-v1,126,magicbrush:000000423935:turn-1,edited,osunlp/MagicBrush,1d8d4629150d18ca50afab66391866f2085be989,dev:first-turn,000000423935:turn-1,MS COCO,000000423935,origins/8801b760ef099dbc.png,240167ea283ce981fc9ed7e4a0283ef64a93d2bc99626bd88f25b97047023984,coco:000000423935,magicbrush,edited/8801b760ef099dbc.png,5bd5aea88a705b4f22161c0aeb69713e3ece62318e7aa45eb54d2d50f5f368e6,f16bb3f124fd8c1cf8d28d8ddd305b42d4e8b79f2cb53a7d91b394c5010bc87c,1024,1024,,DALL-E 2 (MagicBrush),5a23bee4f802b9c88dd41030711aee173d27a3f8974371153439c0c363cde3a5;9dcda4b93d8c73df7b1240629bec209566cd6119bb7f800c2906b8c3826b8777
diffdetect-hierarchical-external-confirmation-v1,127,abstractedit:flux-kontext:8436503790262491812,edited,DucktorV/AbstractEdit,bc04f61586e5d5004a273a092131d01fd332e3e3,model_outputs_explicit/flux_kontext.parquet,8436503790262491812,Open Images V7 validation,c9d9cea323d50bae,origins/c9d9cea323d50bae.jpg,01cbb4566eef3adbd4a6784b97f292a11ca9a961dd1837997dd9cf7bac6740de,openimages:c9d9cea323d50bae,abstractedit,images/8436503790262491812.jpg,42a5e0b480801c86c99fc1d869e4e65b13015f466364b92e6167bb8e7eee8b13,219146e89c4615ccb317e8416ab416e0f8e1861736a6c60afd0f2c5f07ae28cf,1024,1024,,Flux-Kontext,5a23bee4f802b9c88dd41030711aee173d27a3f8974371153439c0c363cde3a5;9dcda4b93d8c73df7b1240629bec209566cd6119bb7f800c2906b8c3826b8777
diffdetect-hierarchical-external-confirmation-v1,128,openimages:bbb06ba600c9b472,real,Open Images V6 validation,Open-Images-V6-validation,validation,bbb06ba600c9b472,,,,,openimages:bbb06ba600c9b472,openimages-v6,images/bbb06ba600c9b472.jpg,ed93a0e121fe345effdfc7359b848dbc64a1ff6778c8c73563157cb500b33a17,b41d9d49bb3ebbce67afa8ae62d12177957623964ec3d1f966881c4098823f54,1024,686,,,5a23bee4f802b9c88dd41030711aee173d27a3f8974371153439c0c363cde3a5;9dcda4b93d8c73df7b1240629bec209566cd6119bb7f800c2906b8c3826b8777
diffdetect-hierarchical-external-confirmation-v1,129,abstractedit:flux-kontext:7862895934361360659,edited,DucktorV/AbstractEdit,bc04f61586e5d5004a273a092131d01fd332e3e3,model_outputs_explicit/flux_kontext.parquet,7862895934361360659,Open Images V7 validation,1dcf6a5c3c456cdd,origins/1dcf6a5c3c456cdd.jpg,367086890b3f751c89e7ab998e61d17c89d8d85fb098bf327b4ca5b201176255,openimages:1dcf6a5c3c456cdd,abstractedit,images/7862895934361360659.jpg,42a5e0b480801c86c99fc1d869e4e65b13015f466364b92e6167bb8e7eee8b13,c1c84ae1032b10004887f864f5e27b8b0d3fd0f735e99e21324dda6e4ad2ea6c,1024,1024,,Flux-Kontext,5a23bee4f802b9c88dd41030711aee173d27a3f8974371153439c0c363cde3a5;9dcda4b93d8c73df7b1240629bec209566cd6119bb7f800c2906b8c3826b8777
diffdetect-hierarchical-external-confirmation-v1,130,magicbrush:000000015653:turn-1,edited,osunlp/MagicBrush,1d8d4629150d18ca50afab66391866f2085be989,dev:first-turn,000000015653:turn-1,MS COCO,000000015653,origins/484dffcb8b2f9928.png,19f510556bf30afa1241d88de0e786d7d424c1352f6520fb250fdb88125105b8,coco:000000015653,magicbrush,edited/484dffcb8b2f9928.png,5bd5aea88a705b4f22161c0aeb69713e3ece62318e7aa45eb54d2d50f5f368e6,49ea7731ef578b7889ec6fe2d641570599e8fd431fcb93104ca6b10b7acfa5a7,1024,1024,,DALL-E 2 (MagicBrush),5a23bee4f802b9c88dd41030711aee173d27a3f8974371153439c0c363cde3a5;9dcda4b93d8c73df7b1240629bec209566cd6119bb7f800c2906b8c3826b8777
diffdetect-hierarchical-external-confirmation-v1,131,magicbrush:000000259097:turn-1,edited,osunlp/MagicBrush,1d8d4629150d18ca50afab66391866f2085be989,dev:first-turn,000000259097:turn-1,MS COCO,000000259097,origins/a5c89a7d3beccc9e.png,017b84044fd28fbbd515a0d4913083e23c3332b22e18ded4cfdf779055085322,coco:000000259097,magicbrush,edited/a5c89a7d3beccc9e.png,5bd5aea88a705b4f22161c0aeb69713e3ece62318e7aa45eb54d2d50f5f368e6,7803073ae2fd37a85fb82308879ec45ea4e42c033bca31748c381e84d6a80100,1024,1024,,DALL-E 2 (MagicBrush),5a23bee4f802b9c88dd41030711aee173d27a3f8974371153439c0c363cde3a5;9dcda4b93d8c73df7b1240629bec209566cd6119bb7f800c2906b8c3826b8777
diffdetect-hierarchical-external-confirmation-v1,132,abstractedit:flux-kontext:10236781476592303685,edited,DucktorV/AbstractEdit,bc04f61586e5d5004a273a092131d01fd332e3e3,model_outputs_explicit/flux_kontext.parquet,10236781476592303685,Open Images V7 validation,56a96142277e2b3b,origins/56a96142277e2b3b.jpg,54f7d9049a94940f0ce360f66b3ceb30a8e8da585c99e8ec8d89389c8f430c95,openimages:56a96142277e2b3b,abstractedit,images/10236781476592303685.jpg,42a5e0b480801c86c99fc1d869e4e65b13015f466364b92e6167bb8e7eee8b13,7649fdafb35a29b29ec83b9e207accc46984ce44e185757a378560f78831d145,1024,1024,,Flux-Kontext,5a23bee4f802b9c88dd41030711aee173d27a3f8974371153439c0c363cde3a5;9dcda4b93d8c73df7b1240629bec209566cd6119bb7f800c2906b8c3826b8777
diffdetect-hierarchical-external-confirmation-v1,133,magicbrush:000000142400:turn-1,edited,osunlp/MagicBrush,1d8d4629150d18ca50afab66391866f2085be989,dev:first-turn,000000142400:turn-1,MS COCO,000000142400,origins/ad4898c801d72646.png,96ed6ad5c41a253d460b061ab49b804762d8375daa51853276fbefd85443356c,coco:000000142400,magicbrush,edited/ad4898c801d72646.png,5bd5aea88a705b4f22161c0aeb69713e3ece62318e7aa45eb54d2d50f5f368e6,9b62c7770bbfa669820261bdf28da1452d887048165af05af9ad09a187cb8b58,1024,1024,,DALL-E 2 (MagicBrush),5a23bee4f802b9c88dd41030711aee173d27a3f8974371153439c0c363cde3a5;9dcda4b93d8c73df7b1240629bec209566cd6119bb7f800c2906b8c3826b8777
diffdetect-hierarchical-external-confirmation-v1,134,magicbrush:000000536073:turn-1,edited,osunlp/MagicBrush,1d8d4629150d18ca50afab66391866f2085be989,dev:first-turn,000000536073:turn-1,MS COCO,000000536073,origins/b3841c5029cd3d9e.png,ba190077bbd640424a91d694ab0c032a01429f517008d355e297018f323fb0d0,coco:000000536073,magicbrush,edited/b3841c5029cd3d9e.png,5bd5aea88a705b4f22161c0aeb69713e3ece62318e7aa45eb54d2d50f5f368e6,0d910f9ab80e1dc301ab550cc67a73a16dbc0df9ef9fa69afd95716839eb14c2,1024,1024,,DALL-E 2 (MagicBrush),5a23bee4f802b9c88dd41030711aee173d27a3f8974371153439c0c363cde3a5;9dcda4b93d8c73df7b1240629bec209566cd6119bb7f800c2906b8c3826b8777
diffdetect-hierarchical-external-confirmation-v1,135,magicbrush:000000266961:turn-1,edited,osunlp/MagicBrush,1d8d4629150d18ca50afab66391866f2085be989,dev:first-turn,000000266961:turn-1,MS COCO,000000266961,origins/73f8a97d60c92886.png,0ff8e6f9688a7bc7e9bfe2a082a2b0a930fd3792b3a4dadf34906bae118b9479,coco:000000266961,magicbrush,edited/73f8a97d60c92886.png,5bd5aea88a705b4f22161c0aeb69713e3ece62318e7aa45eb54d2d50f5f368e6,1e450a5da314fec42e8c120b836a0482e03ccd489af6f1d3669685d77e8f5145,1024,1024,,DALL-E 2 (MagicBrush),5a23bee4f802b9c88dd41030711aee173d27a3f8974371153439c0c363cde3a5;9dcda4b93d8c73df7b1240629bec209566cd6119bb7f800c2906b8c3826b8777
diffdetect-hierarchical-external-confirmation-v1,136,magicbrush:000000142985:turn-1,edited,osunlp/MagicBrush,1d8d4629150d18ca50afab66391866f2085be989,dev:first-turn,000000142985:turn-1,MS COCO,000000142985,origins/fb1bfc49fb2e40fa.png,371fcfb228cda1f0f6a366bfc7054576c09634b18b400ff39fae2887008c7b86,coco:000000142985,magicbrush,edited/fb1bfc49fb2e40fa.png,5bd5aea88a705b4f22161c0aeb69713e3ece62318e7aa45eb54d2d50f5f368e6,7c3a09f9adc63dd4070c6056e866bc7a39f33ce707e54c63a9a48573a42249a0,1024,1024,,DALL-E 2 (MagicBrush),5a23bee4f802b9c88dd41030711aee173d27a3f8974371153439c0c363cde3a5;9dcda4b93d8c73df7b1240629bec209566cd6119bb7f800c2906b8c3826b8777
diffdetect-hierarchical-external-confirmation-v1,137,ai-detector-arena:ai_art_gpt_image_1.5_art_07.png,synthetic,AI Detector Arena v0.1,v0.1-sha256:1e62844bba714c2e190792844d4169fa3119fac3c2c143dad1eb8062e20b67e4,v0.1,ai_art_gpt_image_1.5_art_07.png,,,,,ai-detector-arena:ai_art_gpt_image_1.5_art_07.png,ai-detector-arena-v0.1,images/59353f82452218f5.png,246b431ee755d2c2462e70b8fbf0d3bac7d14d79bc62bd65c047f61c5f9b12ed,d82893632703c4e106ec7ed1fdd3f52e852d4989a666fd02e39edeb2478c3e5c,1024,1024,GPT Image 1.5,,5a23bee4f802b9c88dd41030711aee173d27a3f8974371153439c0c363cde3a5;9dcda4b93d8c73df7b1240629bec209566cd6119bb7f800c2906b8c3826b8777
diffdetect-hierarchical-external-confirmation-v1,138,abstractedit:flux-kontext:13546199434671479252,edited,DucktorV/AbstractEdit,bc04f61586e5d5004a273a092131d01fd332e3e3,model_outputs_explicit/flux_kontext.parquet,13546199434671479252,Open Images V7 validation,de4572c801f7d7e3,origins/de4572c801f7d7e3.jpg,e683bc1b6d3d947ba16746bc4840810338ed71ec81009a539365403179f9b585,openimages:de4572c801f7d7e3,abstractedit,images/13546199434671479252.jpg,42a5e0b480801c86c99fc1d869e4e65b13015f466364b92e6167bb8e7eee8b13,8644a132c9aa8d1d9165357af47f8583de2a948dcd3840251d05644847cfa055,1024,1024,,Flux-Kontext,5a23bee4f802b9c88dd41030711aee173d27a3f8974371153439c0c363cde3a5;9dcda4b93d8c73df7b1240629bec209566cd6119bb7f800c2906b8c3826b8777
diffdetect-hierarchical-external-confirmation-v1,139,magicbrush:000000024629:turn-1,edited,osunlp/MagicBrush,1d8d4629150d18ca50afab66391866f2085be989,dev:first-turn,000000024629:turn-1,MS COCO,000000024629,origins/7584065feedb496c.png,c726818847c59eecc1f81e516a9e720464cc1d22df95bf855b4532e5a214fd17,coco:000000024629,magicbrush,edited/7584065feedb496c.png,5bd5aea88a705b4f22161c0aeb69713e3ece62318e7aa45eb54d2d50f5f368e6,6cdcef9d6683191e04948233b5ece0c3c3bf43114682060f12c3e96f1061bf28,1024,1024,,DALL-E 2 (MagicBrush),5a23bee4f802b9c88dd41030711aee173d27a3f8974371153439c0c363cde3a5;9dcda4b93d8c73df7b1240629bec209566cd6119bb7f800c2906b8c3826b8777
diffdetect-hierarchical-external-confirmation-v1,140,ai-detector-arena:ai_portrait_gpt_image_1.5_portrait_07.png,synthetic,AI Detector Arena v0.1,v0.1-sha256:1e62844bba714c2e190792844d4169fa3119fac3c2c143dad1eb8062e20b67e4,v0.1,ai_portrait_gpt_image_1.5_portrait_07.png,,,,,ai-detector-arena:ai_portrait_gpt_image_1.5_portrait_07.png,ai-detector-arena-v0.1,images/f9ff516adc60049f.png,246b431ee755d2c2462e70b8fbf0d3bac7d14d79bc62bd65c047f61c5f9b12ed,58f860491718de88474b4b7a85985919e7a476938d796ced06d50d2186f59c37,1024,1024,GPT Image 1.5,,5a23bee4f802b9c88dd41030711aee173d27a3f8974371153439c0c363cde3a5;9dcda4b93d8c73df7b1240629bec209566cd6119bb7f800c2906b8c3826b8777
diffdetect-hierarchical-external-confirmation-v1,141,magicbrush:000000098385:turn-1,edited,osunlp/MagicBrush,1d8d4629150d18ca50afab66391866f2085be989,dev:first-turn,000000098385:turn-1,MS COCO,000000098385,origins/753b7b9dd51f7b92.png,07dadc46ae4549989af50244b863500d0c523ee36ad3974cd68fe022de329549,coco:000000098385,magicbrush,edited/753b7b9dd51f7b92.png,5bd5aea88a705b4f22161c0aeb69713e3ece62318e7aa45eb54d2d50f5f368e6,d842586ba08320edcc20ef7f961ec7a2be7c7305e004a8be9e184134f1445db7,1024,1024,,DALL-E 2 (MagicBrush),5a23bee4f802b9c88dd41030711aee173d27a3f8974371153439c0c363cde3a5;9dcda4b93d8c73df7b1240629bec209566cd6119bb7f800c2906b8c3826b8777
diffdetect-hierarchical-external-confirmation-v1,142,magicbrush:000000204863:turn-1,edited,osunlp/MagicBrush,1d8d4629150d18ca50afab66391866f2085be989,dev:first-turn,000000204863:turn-1,MS COCO,000000204863,origins/b498f85aa6ac342f.png,14fdeaa24eb8ed262b12365bf52e3a2616b9048c2c63be85debddc04bb9fc3e7,coco:000000204863,magicbrush,edited/b498f85aa6ac342f.png,5bd5aea88a705b4f22161c0aeb69713e3ece62318e7aa45eb54d2d50f5f368e6,8915243e4f7c8034a06a2344ba57e5eb96d611612c923b4919aee10014adf5a3,1024,1024,,DALL-E 2 (MagicBrush),5a23bee4f802b9c88dd41030711aee173d27a3f8974371153439c0c363cde3a5;9dcda4b93d8c73df7b1240629bec209566cd6119bb7f800c2906b8c3826b8777
diffdetect-hierarchical-external-confirmation-v1,143,ai-detector-arena:ai_product_gemini_3_pro_product_01.png,synthetic,AI Detector Arena v0.1,v0.1-sha256:1e62844bba714c2e190792844d4169fa3119fac3c2c143dad1eb8062e20b67e4,v0.1,ai_product_gemini_3_pro_product_01.png,,,,,ai-detector-arena:ai_product_gemini_3_pro_product_01.png,ai-detector-arena-v0.1,images/0ae6f86c8d7409db.png,246b431ee755d2c2462e70b8fbf0d3bac7d14d79bc62bd65c047f61c5f9b12ed,780476157779cfb0540487aa1713111e0b39ff869454d3edc8ca951e27651a6c,1024,1024,Gemini 3 Pro,,5a23bee4f802b9c88dd41030711aee173d27a3f8974371153439c0c363cde3a5;9dcda4b93d8c73df7b1240629bec209566cd6119bb7f800c2906b8c3826b8777
diffdetect-hierarchical-external-confirmation-v1,144,magicbrush:000000000309:turn-1,edited,osunlp/MagicBrush,1d8d4629150d18ca50afab66391866f2085be989,dev:first-turn,000000000309:turn-1,MS COCO,000000000309,origins/639b11408f073359.png,53fef9602a368a5ea02db1fc71a47686b32551028de6d1cfd75d683e96f4944b,coco:000000000309,magicbrush,edited/639b11408f073359.png,5bd5aea88a705b4f22161c0aeb69713e3ece62318e7aa45eb54d2d50f5f368e6,eddf536385fbf884e16d82dd116974a36fad37a1577d13c15ca11b813ebe9043,1024,1024,,DALL-E 2 (MagicBrush),5a23bee4f802b9c88dd41030711aee173d27a3f8974371153439c0c363cde3a5;9dcda4b93d8c73df7b1240629bec209566cd6119bb7f800c2906b8c3826b8777
diffdetect-hierarchical-external-confirmation-v1,145,magicbrush:000000100081:turn-1,edited,osunlp/MagicBrush,1d8d4629150d18ca50afab66391866f2085be989,dev:first-turn,000000100081:turn-1,MS COCO,000000100081,origins/51180ca6d93f0dfa.png,bf78e83dccb4d9afdb217697fe8fff8540245758a22cb8d218fb3bb5d1ba092e,coco:000000100081,magicbrush,edited/51180ca6d93f0dfa.png,5bd5aea88a705b4f22161c0aeb69713e3ece62318e7aa45eb54d2d50f5f368e6,ee4f94690b5243f7bd647f3c266af7f0b04263ee4f0e0e5000cbd43b0d640303,1024,1024,,DALL-E 2 (MagicBrush),5a23bee4f802b9c88dd41030711aee173d27a3f8974371153439c0c363cde3a5;9dcda4b93d8c73df7b1240629bec209566cd6119bb7f800c2906b8c3826b8777
diffdetect-hierarchical-external-confirmation-v1,146,magicbrush:000000329847:turn-1,edited,osunlp/MagicBrush,1d8d4629150d18ca50afab66391866f2085be989,dev:first-turn,000000329847:turn-1,MS COCO,000000329847,origins/0e293c7fae56605a.png,182dcafe4b9502df8b54d289aafdd4fc82f908770ce17e373502c56bd4a8692f,coco:000000329847,magicbrush,edited/0e293c7fae56605a.png,5bd5aea88a705b4f22161c0aeb69713e3ece62318e7aa45eb54d2d50f5f368e6,8b1478e50aa6f3d27bc00a207209675e2d2adc08b5ab14d660266f348198157a,1024,1024,,DALL-E 2 (MagicBrush),5a23bee4f802b9c88dd41030711aee173d27a3f8974371153439c0c363cde3a5;9dcda4b93d8c73df7b1240629bec209566cd6119bb7f800c2906b8c3826b8777
diffdetect-hierarchical-external-confirmation-v1,147,abstractedit:flux-kontext:12823039608701128616,edited,DucktorV/AbstractEdit,bc04f61586e5d5004a273a092131d01fd332e3e3,model_outputs_explicit/flux_kontext.parquet,12823039608701128616,Open Images V7 validation,bf626ba35cc040e7,origins/bf626ba35cc040e7.jpg,3a13cfa684995b8f04f81c77bed5024e591093c1e701ffd3999729a0e08eb459,openimages:bf626ba35cc040e7,abstractedit,images/12823039608701128616.jpg,42a5e0b480801c86c99fc1d869e4e65b13015f466364b92e6167bb8e7eee8b13,d199118d1f142c36e357fef05a2a38529e839fef011956bdb3982c9c72c49477,1024,1024,,Flux-Kontext,5a23bee4f802b9c88dd41030711aee173d27a3f8974371153439c0c363cde3a5;9dcda4b93d8c73df7b1240629bec209566cd6119bb7f800c2906b8c3826b8777
diffdetect-hierarchical-external-confirmation-v1,148,openimages:bbe0a42e7a110ace,real,Open Images V6 validation,Open-Images-V6-validation,validation,bbe0a42e7a110ace,,,,,openimages:bbe0a42e7a110ace,openimages-v6,images/bbe0a42e7a110ace.jpg,ed93a0e121fe345effdfc7359b848dbc64a1ff6778c8c73563157cb500b33a17,6f30df1f3bc96fc274f8115296f1cf5c0bb27cf2750e43abf3cc1ae9964fd3f3,768,1024,,,5a23bee4f802b9c88dd41030711aee173d27a3f8974371153439c0c363cde3a5;9dcda4b93d8c73df7b1240629bec209566cd6119bb7f800c2906b8c3826b8777
diffdetect-hierarchical-external-confirmation-v1,149,openimages:f4eba961b1205496,real,Open Images V6 validation,Open-Images-V6-validation,validation,f4eba961b1205496,,,,,openimages:f4eba961b1205496,openimages-v6,images/f4eba961b1205496.jpg,ed93a0e121fe345effdfc7359b848dbc64a1ff6778c8c73563157cb500b33a17,2b2afc0ab873c14ff1ed9130078d1637ca53f43044620d920c2b3412f1741fcb,1024,687,,,5a23bee4f802b9c88dd41030711aee173d27a3f8974371153439c0c363cde3a5;9dcda4b93d8c73df7b1240629bec209566cd6119bb7f800c2906b8c3826b8777
diffdetect-hierarchical-external-confirmation-v1,150,magicbrush:000000512576:turn-1,edited,osunlp/MagicBrush,1d8d4629150d18ca50afab66391866f2085be989,dev:first-turn,000000512576:turn-1,MS COCO,000000512576,origins/f895f228e2e739e1.png,ca2c2142890aea74f11a6aae989bb146621bec70e3cdb0d6eb9e2ad71533de09,coco:000000512576,magicbrush,edited/f895f228e2e739e1.png,5bd5aea88a705b4f22161c0aeb69713e3ece62318e7aa45eb54d2d50f5f368e6,627864e0e6bf64b8e41a51dafa7e98229892ddefbb8c0c337b96d463b5afb663,1024,1024,,DALL-E 2 (MagicBrush),5a23bee4f802b9c88dd41030711aee173d27a3f8974371153439c0c363cde3a5;9dcda4b93d8c73df7b1240629bec209566cd6119bb7f800c2906b8c3826b8777
diffdetect-hierarchical-external-confirmation-v1,151,magicbrush:000000240967:turn-1,edited,osunlp/MagicBrush,1d8d4629150d18ca50afab66391866f2085be989,dev:first-turn,000000240967:turn-1,MS COCO,000000240967,origins/3fbb573ac9661728.png,b78869d8045b0d4e1d263980ab2bcd9c22d99f6e440b97cc9dcb4143d39c1825,coco:000000240967,magicbrush,edited/3fbb573ac9661728.png,5bd5aea88a705b4f22161c0aeb69713e3ece62318e7aa45eb54d2d50f5f368e6,c3c936cf5c80012251e0c100c0396f1f276cc8b1f833a380a2a4e02c98481774,1024,1024,,DALL-E 2 (MagicBrush),5a23bee4f802b9c88dd41030711aee173d27a3f8974371153439c0c363cde3a5;9dcda4b93d8c73df7b1240629bec209566cd6119bb7f800c2906b8c3826b8777
diffdetect-hierarchical-external-confirmation-v1,152,magicbrush:000000249441:turn-1,edited,osunlp/MagicBrush,1d8d4629150d18ca50afab66391866f2085be989,dev:first-turn,000000249441:turn-1,MS COCO,000000249441,origins/cf412e2a5d0eafdc.png,c27b952df9046b5deade39dd48a109713fad6da93eed8e5dc332e1e67ea19bec,coco:000000249441,magicbrush,edited/cf412e2a5d0eafdc.png,5bd5aea88a705b4f22161c0aeb69713e3ece62318e7aa45eb54d2d50f5f368e6,c121412b4744bc80b1e465c54e43d30e927b66f2d29ef151e63e52629bb63b3a,1024,1024,,DALL-E 2 (MagicBrush),5a23bee4f802b9c88dd41030711aee173d27a3f8974371153439c0c363cde3a5;9dcda4b93d8c73df7b1240629bec209566cd6119bb7f800c2906b8c3826b8777
diffdetect-hierarchical-external-confirmation-v1,153,openimages:d31b99f18b4337f4,real,Open Images V6 validation,Open-Images-V6-validation,validation,d31b99f18b4337f4,,,,,openimages:d31b99f18b4337f4,openimages-v6,images/d31b99f18b4337f4.jpg,ed93a0e121fe345effdfc7359b848dbc64a1ff6778c8c73563157cb500b33a17,88af85a7ea01fc502b3e5ac32aec72fdd1b0d10f2c0783538fe1dd9fc3713cde,768,1024,,,5a23bee4f802b9c88dd41030711aee173d27a3f8974371153439c0c363cde3a5;9dcda4b93d8c73df7b1240629bec209566cd6119bb7f800c2906b8c3826b8777
diffdetect-hierarchical-external-confirmation-v1,154,magicbrush:000000104304:turn-1,edited,osunlp/MagicBrush,1d8d4629150d18ca50afab66391866f2085be989,dev:first-turn,000000104304:turn-1,MS COCO,000000104304,origins/c744daab88cd4833.png,4753ac63ad69ed90b53bb28a6efc6fe0b28e7296dc0c98dd16879183aafb9918,coco:000000104304,magicbrush,edited/c744daab88cd4833.png,5bd5aea88a705b4f22161c0aeb69713e3ece62318e7aa45eb54d2d50f5f368e6,7db5b7e31df4301e7de21ef1b9b4602406f88927a07fe3cc1e5be9d32df1c7f0,1024,1024,,DALL-E 2 (MagicBrush),5a23bee4f802b9c88dd41030711aee173d27a3f8974371153439c0c363cde3a5;9dcda4b93d8c73df7b1240629bec209566cd6119bb7f800c2906b8c3826b8777
diffdetect-hierarchical-external-confirmation-v1,155,magicbrush:000000234956:turn-1,edited,osunlp/MagicBrush,1d8d4629150d18ca50afab66391866f2085be989,dev:first-turn,000000234956:turn-1,MS COCO,000000234956,origins/b7baa0e20f3fce29.png,652aa7f9e44407d40223798c552c291b75b5e8611150373bfe7979e62859eef4,coco:000000234956,magicbrush,edited/b7baa0e20f3fce29.png,5bd5aea88a705b4f22161c0aeb69713e3ece62318e7aa45eb54d2d50f5f368e6,890988114c9886538176783853e2dfd23f8e9eb4a201a3708c53de14b0b543b6,1024,1024,,DALL-E 2 (MagicBrush),5a23bee4f802b9c88dd41030711aee173d27a3f8974371153439c0c363cde3a5;9dcda4b93d8c73df7b1240629bec209566cd6119bb7f800c2906b8c3826b8777
diffdetect-hierarchical-external-confirmation-v1,156,openimages:b2a04e0085d53e49,real,Open Images V6 validation,Open-Images-V6-validation,validation,b2a04e0085d53e49,,,,,openimages:b2a04e0085d53e49,openimages-v6,images/b2a04e0085d53e49.jpg,ed93a0e121fe345effdfc7359b848dbc64a1ff6778c8c73563157cb500b33a17,9069aa5f934e068c91035e864060175f33714b987abda791e0fa8476da98837e,1024,681,,,5a23bee4f802b9c88dd41030711aee173d27a3f8974371153439c0c363cde3a5;9dcda4b93d8c73df7b1240629bec209566cd6119bb7f800c2906b8c3826b8777
diffdetect-hierarchical-external-confirmation-v1,157,abstractedit:flux-kontext:266680307505786927,edited,DucktorV/AbstractEdit,bc04f61586e5d5004a273a092131d01fd332e3e3,model_outputs_explicit/flux_kontext.parquet,266680307505786927,Open Images V7 validation,ba1b4c9529254ef1,origins/ba1b4c9529254ef1.jpg,47e30dc69148b58d259175019a9b0b203d77d472965766dc46a3eaff37dade2c,openimages:ba1b4c9529254ef1,abstractedit,images/266680307505786927.jpg,42a5e0b480801c86c99fc1d869e4e65b13015f466364b92e6167bb8e7eee8b13,a14c69100f705dd65dd82a2e342ba709862a826591b87ff32816e54bf0c954ee,1024,1024,,Flux-Kontext,5a23bee4f802b9c88dd41030711aee173d27a3f8974371153439c0c363cde3a5;9dcda4b93d8c73df7b1240629bec209566cd6119bb7f800c2906b8c3826b8777
diffdetect-hierarchical-external-confirmation-v1,158,openimages:9da660d400a28f46,real,Open Images V6 validation,Open-Images-V6-validation,validation,9da660d400a28f46,,,,,openimages:9da660d400a28f46,openimages-v6,images/9da660d400a28f46.jpg,ed93a0e121fe345effdfc7359b848dbc64a1ff6778c8c73563157cb500b33a17,cbc0714802df7bdac3cdb3403cb65eb061d8d49ce9028abd500f56997d2467ee,680,1024,,,5a23bee4f802b9c88dd41030711aee173d27a3f8974371153439c0c363cde3a5;9dcda4b93d8c73df7b1240629bec209566cd6119bb7f800c2906b8c3826b8777
diffdetect-hierarchical-external-confirmation-v1,159,genimage:VQDM:VQDM/test/ai/VQDM_1000_200_03_314_vqdm_00127.png,synthetic,nebula/GenImage-arrow,3f4b9f921a673be09a93b335ed728cea0c6ecf33,test,VQDM:VQDM/test/ai/VQDM_1000_200_03_314_vqdm_00127.png,,,,,genimage:VQDM:VQDM/test/ai/VQDM_1000_200_03_314_vqdm_00127.png,genimage,images/9048452c4e7e0cfd.png,00a9b763814c877217b966467eae5397ff03b3037e12eab9985da0d288b61f10,a2cf36b58e8f4defaf816bf23e5d1006c0dde6b722a45d160c0bbd4b5f49016f,256,256,VQDM,,5a23bee4f802b9c88dd41030711aee173d27a3f8974371153439c0c363cde3a5;9dcda4b93d8c73df7b1240629bec209566cd6119bb7f800c2906b8c3826b8777
diffdetect-hierarchical-external-confirmation-v1,160,ai-detector-arena:ai_food_gemini_3_pro_food_09.png,synthetic,AI Detector Arena v0.1,v0.1-sha256:1e62844bba714c2e190792844d4169fa3119fac3c2c143dad1eb8062e20b67e4,v0.1,ai_food_gemini_3_pro_food_09.png,,,,,ai-detector-arena:ai_food_gemini_3_pro_food_09.png,ai-detector-arena-v0.1,images/1fefeb241d245811.png,246b431ee755d2c2462e70b8fbf0d3bac7d14d79bc62bd65c047f61c5f9b12ed,94cc7d899da79a5fdc381d0d80bfab317316b80cd1a7423e056c14eda5242155,1024,1024,Gemini 3 Pro,,5a23bee4f802b9c88dd41030711aee173d27a3f8974371153439c0c363cde3a5;9dcda4b93d8c73df7b1240629bec209566cd6119bb7f800c2906b8c3826b8777
diffdetect-hierarchical-external-confirmation-v1,161,magicbrush:000000262161:turn-1,edited,osunlp/MagicBrush,1d8d4629150d18ca50afab66391866f2085be989,dev:first-turn,000000262161:turn-1,MS COCO,000000262161,origins/3ae6fc694c30c767.png,ba3dbc08c7deaeb52bdbaa3a7116341fd82dc82f19bc52dac78dcf879e5986d3,coco:000000262161,magicbrush,edited/3ae6fc694c30c767.png,5bd5aea88a705b4f22161c0aeb69713e3ece62318e7aa45eb54d2d50f5f368e6,da432329279e907202f6643a0263ed0eed3946a3edef62497f8ef4330e32f23c,1024,1024,,DALL-E 2 (MagicBrush),5a23bee4f802b9c88dd41030711aee173d27a3f8974371153439c0c363cde3a5;9dcda4b93d8c73df7b1240629bec209566cd6119bb7f800c2906b8c3826b8777
diffdetect-hierarchical-external-confirmation-v1,162,genimage:VQDM:VQDM/test/ai/VQDM_1000_200_01_120_vqdm_00127.png,synthetic,nebula/GenImage-arrow,3f4b9f921a673be09a93b335ed728cea0c6ecf33,test,VQDM:VQDM/test/ai/VQDM_1000_200_01_120_vqdm_00127.png,,,,,genimage:VQDM:VQDM/test/ai/VQDM_1000_200_01_120_vqdm_00127.png,genimage,images/b74c5f0dedeab99e.png,00a9b763814c877217b966467eae5397ff03b3037e12eab9985da0d288b61f10,938e1780e278cedecc08936c03d7758181894de83d01cacaba96640f70d4ba4a,256,256,VQDM,,5a23bee4f802b9c88dd41030711aee173d27a3f8974371153439c0c363cde3a5;9dcda4b93d8c73df7b1240629bec209566cd6119bb7f800c2906b8c3826b8777
diffdetect-hierarchical-external-confirmation-v1,163,magicbrush:000000253975:turn-1,edited,osunlp/MagicBrush,1d8d4629150d18ca50afab66391866f2085be989,dev:first-turn,000000253975:turn-1,MS COCO,000000253975,origins/5a6e1677341f7498.png,c5a0b42ae53480a1d8d87338eb64136f497f57fe2151be4700ee535d1d4e86a4,coco:000000253975,magicbrush,edited/5a6e1677341f7498.png,5bd5aea88a705b4f22161c0aeb69713e3ece62318e7aa45eb54d2d50f5f368e6,1da23916eab204da7c88185b6626248263c57664185d1acc603d4cb0234c1e43,1024,1024,,DALL-E 2 (MagicBrush),5a23bee4f802b9c88dd41030711aee173d27a3f8974371153439c0c363cde3a5;9dcda4b93d8c73df7b1240629bec209566cd6119bb7f800c2906b8c3826b8777
diffdetect-hierarchical-external-confirmation-v1,164,ai-detector-arena:ai_landscape_gpt_image_1.5_landscape_02.png,synthetic,AI Detector Arena v0.1,v0.1-sha256:1e62844bba714c2e190792844d4169fa3119fac3c2c143dad1eb8062e20b67e4,v0.1,ai_landscape_gpt_image_1.5_landscape_02.png,,,,,ai-detector-arena:ai_landscape_gpt_image_1.5_landscape_02.png,ai-detector-arena-v0.1,images/41baf36ee749cbdf.png,246b431ee755d2c2462e70b8fbf0d3bac7d14d79bc62bd65c047f61c5f9b12ed,4126aa6ab46cb56b779d1081c6d667f9d351d35b4e823754c4f74c478842b5f4,1024,1024,GPT Image 1.5,,5a23bee4f802b9c88dd41030711aee173d27a3f8974371153439c0c363cde3a5;9dcda4b93d8c73df7b1240629bec209566cd6119bb7f800c2906b8c3826b8777
diffdetect-hierarchical-external-confirmation-v1,165,magicbrush:000000122896:turn-1,edited,osunlp/MagicBrush,1d8d4629150d18ca50afab66391866f2085be989,dev:first-turn,000000122896:turn-1,MS COCO,000000122896,origins/17dc12ad3738992b.png,204b539a470653f4ad2cefb723b26b78510b89e8b15dffc5614637750e963056,coco:000000122896,magicbrush,edited/17dc12ad3738992b.png,5bd5aea88a705b4f22161c0aeb69713e3ece62318e7aa45eb54d2d50f5f368e6,5e92e8b04d0ab3b5a075062c1432422ec001451476e68e37f6f60ffbe23ee475,1024,1024,,DALL-E 2 (MagicBrush),5a23bee4f802b9c88dd41030711aee173d27a3f8974371153439c0c363cde3a5;9dcda4b93d8c73df7b1240629bec209566cd6119bb7f800c2906b8c3826b8777
diffdetect-hierarchical-external-confirmation-v1,166,magicbrush:000000458821:turn-1,edited,osunlp/MagicBrush,1d8d4629150d18ca50afab66391866f2085be989,dev:first-turn,000000458821:turn-1,MS COCO,000000458821,origins/192e843ee27da4e2.png,76761330adf226255c97ed0a957c49c1475de50b152e2ac578f7cc3c7fe905b4,coco:000000458821,magicbrush,edited/192e843ee27da4e2.png,5bd5aea88a705b4f22161c0aeb69713e3ece62318e7aa45eb54d2d50f5f368e6,3a5731be631e69dec4f7dd44f057c32f75ea0b85778638bc976f8dc8779c5b77,1024,1024,,DALL-E 2 (MagicBrush),5a23bee4f802b9c88dd41030711aee173d27a3f8974371153439c0c363cde3a5;9dcda4b93d8c73df7b1240629bec209566cd6119bb7f800c2906b8c3826b8777
diffdetect-hierarchical-external-confirmation-v1,167,ai-detector-arena:ai_product_gpt_image_1.5_product_02.png,synthetic,AI Detector Arena v0.1,v0.1-sha256:1e62844bba714c2e190792844d4169fa3119fac3c2c143dad1eb8062e20b67e4,v0.1,ai_product_gpt_image_1.5_product_02.png,,,,,ai-detector-arena:ai_product_gpt_image_1.5_product_02.png,ai-detector-arena-v0.1,images/4f8f412667451224.png,246b431ee755d2c2462e70b8fbf0d3bac7d14d79bc62bd65c047f61c5f9b12ed,9963a6f486923ce26cd5af4e959302b6d02277d7d01bf59daa60127fba92a19c,1024,1024,GPT Image 1.5,,5a23bee4f802b9c88dd41030711aee173d27a3f8974371153439c0c363cde3a5;9dcda4b93d8c73df7b1240629bec209566cd6119bb7f800c2906b8c3826b8777
diffdetect-hierarchical-external-confirmation-v1,168,magicbrush:000000205344:turn-1,edited,osunlp/MagicBrush,1d8d4629150d18ca50afab66391866f2085be989,dev:first-turn,000000205344:turn-1,MS COCO,000000205344,origins/f8c26fb35acc12dc.png,46b164d462577dc83c338cc00ebd705affb6746d7cec307bfc6c4dc98e833dd4,coco:000000205344,magicbrush,edited/f8c26fb35acc12dc.png,5bd5aea88a705b4f22161c0aeb69713e3ece62318e7aa45eb54d2d50f5f368e6,e3e22f2fafefc98bbd61452b4b02092370adaf718ed049dd19e0ccbb6ba2747d,1024,1024,,DALL-E 2 (MagicBrush),5a23bee4f802b9c88dd41030711aee173d27a3f8974371153439c0c363cde3a5;9dcda4b93d8c73df7b1240629bec209566cd6119bb7f800c2906b8c3826b8777
diffdetect-hierarchical-external-confirmation-v1,169,openimages:f1c0d9bb51ae9f1e,real,Open Images V6 validation,Open-Images-V6-validation,validation,f1c0d9bb51ae9f1e,,,,,openimages:f1c0d9bb51ae9f1e,openimages-v6,images/f1c0d9bb51ae9f1e.jpg,ed93a0e121fe345effdfc7359b848dbc64a1ff6778c8c73563157cb500b33a17,9b1f546b642fb9e4643574ed45474293aeb190e70c1da237d1b081ec1f5f2450,683,1024,,,5a23bee4f802b9c88dd41030711aee173d27a3f8974371153439c0c363cde3a5;9dcda4b93d8c73df7b1240629bec209566cd6119bb7f800c2906b8c3826b8777
diffdetect-hierarchical-external-confirmation-v1,170,magicbrush:000000483587:turn-1,edited,osunlp/MagicBrush,1d8d4629150d18ca50afab66391866f2085be989,dev:first-turn,000000483587:turn-1,MS COCO,000000483587,origins/e13c8d0bf7834c26.png,cfaf0c9eebc1be8798f7033d55cd1d256b0b3cf42d24803c2b5ff434cfa39942,coco:000000483587,magicbrush,edited/e13c8d0bf7834c26.png,5bd5aea88a705b4f22161c0aeb69713e3ece62318e7aa45eb54d2d50f5f368e6,714389ab3529c5ef1197506688253e082f7c64bbde51e4df88945290dbb8ece0,1024,1024,,DALL-E 2 (MagicBrush),5a23bee4f802b9c88dd41030711aee173d27a3f8974371153439c0c363cde3a5;9dcda4b93d8c73df7b1240629bec209566cd6119bb7f800c2906b8c3826b8777
diffdetect-hierarchical-external-confirmation-v1,171,magicbrush:000000381112:turn-1,edited,osunlp/MagicBrush,1d8d4629150d18ca50afab66391866f2085be989,dev:first-turn,000000381112:turn-1,MS COCO,000000381112,origins/fc34bb2b6c4a40f5.png,f97455fbf49a356d214da4059f38b0c03728103e7b45548b51661ae02260433b,coco:000000381112,magicbrush,edited/fc34bb2b6c4a40f5.png,5bd5aea88a705b4f22161c0aeb69713e3ece62318e7aa45eb54d2d50f5f368e6,593906bf85dbf49c2d92244fbf719a955eea7b924f1f16d67dc46b234d401e25,1024,1024,,DALL-E 2 (MagicBrush),5a23bee4f802b9c88dd41030711aee173d27a3f8974371153439c0c363cde3a5;9dcda4b93d8c73df7b1240629bec209566cd6119bb7f800c2906b8c3826b8777
diffdetect-hierarchical-external-confirmation-v1,172,openimages:d5bf04d2f991bb46,real,Open Images V6 validation,Open-Images-V6-validation,validation,d5bf04d2f991bb46,,,,,openimages:d5bf04d2f991bb46,openimages-v6,images/d5bf04d2f991bb46.jpg,ed93a0e121fe345effdfc7359b848dbc64a1ff6778c8c73563157cb500b33a17,63ed540cf2e4c2397f5489b33588e05a87759a5e0a72477503c6d0f4a3fee163,1024,666,,,5a23bee4f802b9c88dd41030711aee173d27a3f8974371153439c0c363cde3a5;9dcda4b93d8c73df7b1240629bec209566cd6119bb7f800c2906b8c3826b8777
diffdetect-hierarchical-external-confirmation-v1,173,magicbrush:000000358868:turn-1,edited,osunlp/MagicBrush,1d8d4629150d18ca50afab66391866f2085be989,dev:first-turn,000000358868:turn-1,MS COCO,000000358868,origins/7a86c906feee76bc.png,327241d9e28f90531071dc81186baa2a1762f09f5d9eec4cf98f8715395e89c5,coco:000000358868,magicbrush,edited/7a86c906feee76bc.png,5bd5aea88a705b4f22161c0aeb69713e3ece62318e7aa45eb54d2d50f5f368e6,6cdb957c6240189973e039aaa927e9e0a9258d6ae5753604d15f1248d7a7db4a,1024,1024,,DALL-E 2 (MagicBrush),5a23bee4f802b9c88dd41030711aee173d27a3f8974371153439c0c363cde3a5;9dcda4b93d8c73df7b1240629bec209566cd6119bb7f800c2906b8c3826b8777
diffdetect-hierarchical-external-confirmation-v1,174,genimage:VQDM:VQDM/test/ai/VQDM_1000_200_06_668_vqdm_00143.png,synthetic,nebula/GenImage-arrow,3f4b9f921a673be09a93b335ed728cea0c6ecf33,test,VQDM:VQDM/test/ai/VQDM_1000_200_06_668_vqdm_00143.png,,,,,genimage:VQDM:VQDM/test/ai/VQDM_1000_200_06_668_vqdm_00143.png,genimage,images/7caed71bb3d4041e.png,00a9b763814c877217b966467eae5397ff03b3037e12eab9985da0d288b61f10,d0d1753a89c61426a82ac54979abc36ff5f46ccf903224f8a128015add52d0b2,256,256,VQDM,,5a23bee4f802b9c88dd41030711aee173d27a3f8974371153439c0c363cde3a5;9dcda4b93d8c73df7b1240629bec209566cd6119bb7f800c2906b8c3826b8777
diffdetect-hierarchical-external-confirmation-v1,175,openimages:0e824294a2a8d4b2,real,Open Images V6 validation,Open-Images-V6-validation,validation,0e824294a2a8d4b2,,,,,openimages:0e824294a2a8d4b2,openimages-v6,images/0e824294a2a8d4b2.jpg,ed93a0e121fe345effdfc7359b848dbc64a1ff6778c8c73563157cb500b33a17,ced1107116baf2798dd99f546fc756bf1ded3b6afc0bc629df1e087ebe989d82,1024,680,,,5a23bee4f802b9c88dd41030711aee173d27a3f8974371153439c0c363cde3a5;9dcda4b93d8c73df7b1240629bec209566cd6119bb7f800c2906b8c3826b8777
diffdetect-hierarchical-external-confirmation-v1,176,ai-detector-arena:ai_product_gemini_3_pro_product_09.png,synthetic,AI Detector Arena v0.1,v0.1-sha256:1e62844bba714c2e190792844d4169fa3119fac3c2c143dad1eb8062e20b67e4,v0.1,ai_product_gemini_3_pro_product_09.png,,,,,ai-detector-arena:ai_product_gemini_3_pro_product_09.png,ai-detector-arena-v0.1,images/6884d1449d73f3c1.png,246b431ee755d2c2462e70b8fbf0d3bac7d14d79bc62bd65c047f61c5f9b12ed,526acc322dd447fd6fc5990c9a29b8be4446eda20cb333677699e40165d3e776,1024,1024,Gemini 3 Pro,,5a23bee4f802b9c88dd41030711aee173d27a3f8974371153439c0c363cde3a5;9dcda4b93d8c73df7b1240629bec209566cd6119bb7f800c2906b8c3826b8777
diffdetect-hierarchical-external-confirmation-v1,177,openimages:8ff60a922c406662,real,Open Images V6 validation,Open-Images-V6-validation,validation,8ff60a922c406662,,,,,openimages:8ff60a922c406662,openimages-v6,images/8ff60a922c406662.jpg,ed93a0e121fe345effdfc7359b848dbc64a1ff6778c8c73563157cb500b33a17,adbaa6dfff59eb54adbce4796c4ab2036710c0f4f8ce65c83c4b9a0d40a6933f,1024,768,,,5a23bee4f802b9c88dd41030711aee173d27a3f8974371153439c0c363cde3a5;9dcda4b93d8c73df7b1240629bec209566cd6119bb7f800c2906b8c3826b8777
diffdetect-hierarchical-external-confirmation-v1,178,ai-detector-arena:ai_landscape_gemini_3_pro_landscape_09.png,synthetic,AI Detector Arena v0.1,v0.1-sha256:1e62844bba714c2e190792844d4169fa3119fac3c2c143dad1eb8062e20b67e4,v0.1,ai_landscape_gemini_3_pro_landscape_09.png,,,,,ai-detector-arena:ai_landscape_gemini_3_pro_landscape_09.png,ai-detector-arena-v0.1,images/4c22e4e7aeace5f6.png,246b431ee755d2c2462e70b8fbf0d3bac7d14d79bc62bd65c047f61c5f9b12ed,af0838ee1bcfef0134e0308415e6e7d2af21e1de681264c703be781a4a80aec3,1024,1024,Gemini 3 Pro,,5a23bee4f802b9c88dd41030711aee173d27a3f8974371153439c0c363cde3a5;9dcda4b93d8c73df7b1240629bec209566cd6119bb7f800c2906b8c3826b8777
diffdetect-hierarchical-external-confirmation-v1,179,magicbrush:000000501972:turn-1,edited,osunlp/MagicBrush,1d8d4629150d18ca50afab66391866f2085be989,dev:first-turn,000000501972:turn-1,MS COCO,000000501972,origins/51f18779a20171b4.png,0273075e5727694defaf64423ab99d7cc82ec3cdfd8e967696f7be72213b1185,coco:000000501972,magicbrush,edited/51f18779a20171b4.png,5bd5aea88a705b4f22161c0aeb69713e3ece62318e7aa45eb54d2d50f5f368e6,e30e94b5eeb97cdba98e026e2ced7e0b2e13c0d4e9ba9e6b3f908d0bb6d7870d,1024,1024,,DALL-E 2 (MagicBrush),5a23bee4f802b9c88dd41030711aee173d27a3f8974371153439c0c363cde3a5;9dcda4b93d8c73df7b1240629bec209566cd6119bb7f800c2906b8c3826b8777
diffdetect-hierarchical-external-confirmation-v1,180,magicbrush:000000129587:turn-1,edited,osunlp/MagicBrush,1d8d4629150d18ca50afab66391866f2085be989,dev:first-turn,000000129587:turn-1,MS COCO,000000129587,origins/9021ad4ff4bcc181.png,bcad526c86bb6afbd02e5468f782dfe15e3db4250677a00181e6cdf7f26722a9,coco:000000129587,magicbrush,edited/9021ad4ff4bcc181.png,5bd5aea88a705b4f22161c0aeb69713e3ece62318e7aa45eb54d2d50f5f368e6,f43d664d8e000e8b9133cd3c54028fa5259948b29d5ed2501867721046002fc5,1024,1024,,DALL-E 2 (MagicBrush),5a23bee4f802b9c88dd41030711aee173d27a3f8974371153439c0c363cde3a5;9dcda4b93d8c73df7b1240629bec209566cd6119bb7f800c2906b8c3826b8777
diffdetect-hierarchical-external-confirmation-v1,181,magicbrush:000000039480:turn-1,edited,osunlp/MagicBrush,1d8d4629150d18ca50afab66391866f2085be989,dev:first-turn,000000039480:turn-1,MS COCO,000000039480,origins/3b8d5aaa9ce05c2d.png,618b4381eaf6fbc42f186b778f7c6ccdd81e031dbcd37675030e97547f80240d,coco:000000039480,magicbrush,edited/3b8d5aaa9ce05c2d.png,5bd5aea88a705b4f22161c0aeb69713e3ece62318e7aa45eb54d2d50f5f368e6,4367fb021519867960d6a2d7e0afbf532e3cf4d01762eb3d0eb158d639aa49d4,1024,1024,,DALL-E 2 (MagicBrush),5a23bee4f802b9c88dd41030711aee173d27a3f8974371153439c0c363cde3a5;9dcda4b93d8c73df7b1240629bec209566cd6119bb7f800c2906b8c3826b8777
diffdetect-hierarchical-external-confirmation-v1,182,openimages:90735a1f346057b9,real,Open Images V6 validation,Open-Images-V6-validation,validation,90735a1f346057b9,,,,,openimages:90735a1f346057b9,openimages-v6,images/90735a1f346057b9.jpg,ed93a0e121fe345effdfc7359b848dbc64a1ff6778c8c73563157cb500b33a17,5dd12c4ca8f4aba0cb34047990a530c7ad9c3809be4d3843dcc11ccc0128e4e6,1024,500,,,5a23bee4f802b9c88dd41030711aee173d27a3f8974371153439c0c363cde3a5;9dcda4b93d8c73df7b1240629bec209566cd6119bb7f800c2906b8c3826b8777
diffdetect-hierarchical-external-confirmation-v1,183,magicbrush:000000058268:turn-1,edited,osunlp/MagicBrush,1d8d4629150d18ca50afab66391866f2085be989,dev:first-turn,000000058268:turn-1,MS COCO,000000058268,origins/0b0602c1a2e006d8.png,2d8e4df458542705559331f781a4d757f370363f12908e9dc1839ca903988a70,coco:000000058268,magicbrush,edited/0b0602c1a2e006d8.png,5bd5aea88a705b4f22161c0aeb69713e3ece62318e7aa45eb54d2d50f5f368e6,e8cc3c7bc7457f57786c47b0ca043a77ebdfca6a899633b372c634a406e46ba9,1024,1024,,DALL-E 2 (MagicBrush),5a23bee4f802b9c88dd41030711aee173d27a3f8974371153439c0c363cde3a5;9dcda4b93d8c73df7b1240629bec209566cd6119bb7f800c2906b8c3826b8777
diffdetect-hierarchical-external-confirmation-v1,184,magicbrush:000000308192:turn-1,edited,osunlp/MagicBrush,1d8d4629150d18ca50afab66391866f2085be989,dev:first-turn,000000308192:turn-1,MS COCO,000000308192,origins/4be0a55dad9f4662.png,1fc30a0d88c88967c93d35d73e4814d0f3f481a03d6606695b2d0f5c12f19f0c,coco:000000308192,magicbrush,edited/4be0a55dad9f4662.png,5bd5aea88a705b4f22161c0aeb69713e3ece62318e7aa45eb54d2d50f5f368e6,df2569024f84399e0b9bcbecde3dabd6a9fe627002a3bc844af012356914c0cf,1024,1024,,DALL-E 2 (MagicBrush),5a23bee4f802b9c88dd41030711aee173d27a3f8974371153439c0c363cde3a5;9dcda4b93d8c73df7b1240629bec209566cd6119bb7f800c2906b8c3826b8777
diffdetect-hierarchical-external-confirmation-v1,185,magicbrush:000000221427:turn-1,edited,osunlp/MagicBrush,1d8d4629150d18ca50afab66391866f2085be989,dev:first-turn,000000221427:turn-1,MS COCO,000000221427,origins/b1d5958806823a1b.png,b0830d2f683abcc914f9f99c887b2b2017af88a71151c4ff2bfc3bdf5106dc98,coco:000000221427,magicbrush,edited/b1d5958806823a1b.png,5bd5aea88a705b4f22161c0aeb69713e3ece62318e7aa45eb54d2d50f5f368e6,8d8f6944f2c6d07395d7d5c55cdf3a5b18bc406b3186b7edc5cdd54d8407278e,1024,1024,,DALL-E 2 (MagicBrush),5a23bee4f802b9c88dd41030711aee173d27a3f8974371153439c0c363cde3a5;9dcda4b93d8c73df7b1240629bec209566cd6119bb7f800c2906b8c3826b8777
diffdetect-hierarchical-external-confirmation-v1,186,magicbrush:000000519172:turn-1,edited,osunlp/MagicBrush,1d8d4629150d18ca50afab66391866f2085be989,dev:first-turn,000000519172:turn-1,MS COCO,000000519172,origins/08314067d15a61ce.png,053fa319ba66248f8af2b0de8852097d3ab2b086391cac77dae0f7ee4d809a32,coco:000000519172,magicbrush,edited/08314067d15a61ce.png,5bd5aea88a705b4f22161c0aeb69713e3ece62318e7aa45eb54d2d50f5f368e6,6e2bf32814d6ea74e99458e476ad306b2f2c5ee253383f2fe94aeb09355d2e03,1024,1024,,DALL-E 2 (MagicBrush),5a23bee4f802b9c88dd41030711aee173d27a3f8974371153439c0c363cde3a5;9dcda4b93d8c73df7b1240629bec209566cd6119bb7f800c2906b8c3826b8777
diffdetect-hierarchical-external-confirmation-v1,187,magicbrush:000000175584:turn-1,edited,osunlp/MagicBrush,1d8d4629150d18ca50afab66391866f2085be989,dev:first-turn,000000175584:turn-1,MS COCO,000000175584,origins/99ef615ac4f9f53d.png,08f2929c59bcd22ef86f5b42ffe92198db59d69e6fef4c1013a5114fb80ca609,coco:000000175584,magicbrush,edited/99ef615ac4f9f53d.png,5bd5aea88a705b4f22161c0aeb69713e3ece62318e7aa45eb54d2d50f5f368e6,e325692498433d14ff1910f18bd92533dd46ba2e1c7c26694c82efc1c4e6a8ae,1024,1024,,DALL-E 2 (MagicBrush),5a23bee4f802b9c88dd41030711aee173d27a3f8974371153439c0c363cde3a5;9dcda4b93d8c73df7b1240629bec209566cd6119bb7f800c2906b8c3826b8777
diffdetect-hierarchical-external-confirmation-v1,188,genimage:VQDM:VQDM/test/ai/VQDM_1000_200_06_640_vqdm_00074.png,synthetic,nebula/GenImage-arrow,3f4b9f921a673be09a93b335ed728cea0c6ecf33,test,VQDM:VQDM/test/ai/VQDM_1000_200_06_640_vqdm_00074.png,,,,,genimage:VQDM:VQDM/test/ai/VQDM_1000_200_06_640_vqdm_00074.png,genimage,images/c1da0b762890047b.png,00a9b763814c877217b966467eae5397ff03b3037e12eab9985da0d288b61f10,22c905d6a19e50a3c85e409ab3e85b51f6b0244a242d4db123b426669a559026,256,256,VQDM,,5a23bee4f802b9c88dd41030711aee173d27a3f8974371153439c0c363cde3a5;9dcda4b93d8c73df7b1240629bec209566cd6119bb7f800c2906b8c3826b8777
diffdetect-hierarchical-external-confirmation-v1,189,ai-detector-arena:ai_animal_gpt_image_1.5_animal_10.png,synthetic,AI Detector Arena v0.1,v0.1-sha256:1e62844bba714c2e190792844d4169fa3119fac3c2c143dad1eb8062e20b67e4,v0.1,ai_animal_gpt_image_1.5_animal_10.png,,,,,ai-detector-arena:ai_animal_gpt_image_1.5_animal_10.png,ai-detector-arena-v0.1,images/13d0b11ee58af923.png,246b431ee755d2c2462e70b8fbf0d3bac7d14d79bc62bd65c047f61c5f9b12ed,09653a57bb1061bfbe507f85a33d9fa04467ad92da9da229a2bebfe452527ecd,1024,1024,GPT Image 1.5,,5a23bee4f802b9c88dd41030711aee173d27a3f8974371153439c0c363cde3a5;9dcda4b93d8c73df7b1240629bec209566cd6119bb7f800c2906b8c3826b8777
diffdetect-hierarchical-external-confirmation-v1,190,abstractedit:flux-kontext:17908578957232001148,edited,DucktorV/AbstractEdit,bc04f61586e5d5004a273a092131d01fd332e3e3,model_outputs_explicit/flux_kontext.parquet,17908578957232001148,Open Images V7 validation,7d03ec6aa435a569,origins/7d03ec6aa435a569.jpg,113866c5135e793e3d6d31914afb5c8ec91e324b9daf68a9b00e67867635e4e4,openimages:7d03ec6aa435a569,abstractedit,images/17908578957232001148.jpg,42a5e0b480801c86c99fc1d869e4e65b13015f466364b92e6167bb8e7eee8b13,58964e36198b954e5e1e02d956b735f2d07bce6630f1800a7f41daef814c1556,1024,1024,,Flux-Kontext,5a23bee4f802b9c88dd41030711aee173d27a3f8974371153439c0c363cde3a5;9dcda4b93d8c73df7b1240629bec209566cd6119bb7f800c2906b8c3826b8777
diffdetect-hierarchical-external-confirmation-v1,191,ai-detector-arena:ai_animal_gemini_3_pro_animal_06.png,synthetic,AI Detector Arena v0.1,v0.1-sha256:1e62844bba714c2e190792844d4169fa3119fac3c2c143dad1eb8062e20b67e4,v0.1,ai_animal_gemini_3_pro_animal_06.png,,,,,ai-detector-arena:ai_animal_gemini_3_pro_animal_06.png,ai-detector-arena-v0.1,images/350832c43b9a9830.png,246b431ee755d2c2462e70b8fbf0d3bac7d14d79bc62bd65c047f61c5f9b12ed,e7cfe89e4a6d6bdc036a47bb0451e15d640a048f6802c1eaf4895a211f45c6ab,1024,1024,Gemini 3 Pro,,5a23bee4f802b9c88dd41030711aee173d27a3f8974371153439c0c363cde3a5;9dcda4b93d8c73df7b1240629bec209566cd6119bb7f800c2906b8c3826b8777
diffdetect-hierarchical-external-confirmation-v1,192,ai-detector-arena:ai_animal_gemini_3_pro_animal_02.png,synthetic,AI Detector Arena v0.1,v0.1-sha256:1e62844bba714c2e190792844d4169fa3119fac3c2c143dad1eb8062e20b67e4,v0.1,ai_animal_gemini_3_pro_animal_02.png,,,,,ai-detector-arena:ai_animal_gemini_3_pro_animal_02.png,ai-detector-arena-v0.1,images/1a519c8aa7ee0389.png,246b431ee755d2c2462e70b8fbf0d3bac7d14d79bc62bd65c047f61c5f9b12ed,a19f35f9f52cb2d5dc0d3389c56f77682c20ec85997e9188f9b05ae614f9586f,1024,1024,Gemini 3 Pro,,5a23bee4f802b9c88dd41030711aee173d27a3f8974371153439c0c363cde3a5;9dcda4b93d8c73df7b1240629bec209566cd6119bb7f800c2906b8c3826b8777
diffdetect-hierarchical-external-confirmation-v1,193,abstractedit:flux-kontext:12307694725512462380,edited,DucktorV/AbstractEdit,bc04f61586e5d5004a273a092131d01fd332e3e3,model_outputs_explicit/flux_kontext.parquet,12307694725512462380,Open Images V7 validation,3415bffff7de8f03,origins/3415bffff7de8f03.jpg,ef6e61ce33ee3bfe96bde68598a5739a89c58f96dc949f0412103721707da570,openimages:3415bffff7de8f03,abstractedit,images/12307694725512462380.jpg,42a5e0b480801c86c99fc1d869e4e65b13015f466364b92e6167bb8e7eee8b13,c4718fd8687ca5e8209637d500f18126401be7b5189a6780f7110459d8b88ccc,1024,1024,,Flux-Kontext,5a23bee4f802b9c88dd41030711aee173d27a3f8974371153439c0c363cde3a5;9dcda4b93d8c73df7b1240629bec209566cd6119bb7f800c2906b8c3826b8777
diffdetect-hierarchical-external-confirmation-v1,194,magicbrush:000000142585:turn-1,edited,osunlp/MagicBrush,1d8d4629150d18ca50afab66391866f2085be989,dev:first-turn,000000142585:turn-1,MS COCO,000000142585,origins/7e48503bb405778a.png,d85d3ea9fec2abe5d0113777d8bfaf79cde772e836f128576da3375852953009,coco:000000142585,magicbrush,edited/7e48503bb405778a.png,5bd5aea88a705b4f22161c0aeb69713e3ece62318e7aa45eb54d2d50f5f368e6,bc0f23e050a032fb1446b188196ec13ba2de4abdbbedaf7fc7564a4ba647185e,1024,1024,,DALL-E 2 (MagicBrush),5a23bee4f802b9c88dd41030711aee173d27a3f8974371153439c0c363cde3a5;9dcda4b93d8c73df7b1240629bec209566cd6119bb7f800c2906b8c3826b8777
diffdetect-hierarchical-external-confirmation-v1,195,magicbrush:000000057350:turn-1,edited,osunlp/MagicBrush,1d8d4629150d18ca50afab66391866f2085be989,dev:first-turn,000000057350:turn-1,MS COCO,000000057350,origins/bc1bcbe5c31f6e81.png,a5dc8b9c695b7f6e5527b158c280516978f573d6435d4b827dbfed553ae8f083,coco:000000057350,magicbrush,edited/bc1bcbe5c31f6e81.png,5bd5aea88a705b4f22161c0aeb69713e3ece62318e7aa45eb54d2d50f5f368e6,12bfdcb64f9f05544357291110054e7d2e7cced81b1f3674c206888ae2d8ac79,1024,1024,,DALL-E 2 (MagicBrush),5a23bee4f802b9c88dd41030711aee173d27a3f8974371153439c0c363cde3a5;9dcda4b93d8c73df7b1240629bec209566cd6119bb7f800c2906b8c3826b8777
diffdetect-hierarchical-external-confirmation-v1,196,magicbrush:000000493074:turn-1,edited,osunlp/MagicBrush,1d8d4629150d18ca50afab66391866f2085be989,dev:first-turn,000000493074:turn-1,MS COCO,000000493074,origins/f39a8ab1d15c3b36.png,8a56a87b2f1f10053eb5f029725edc4038ef74670115e7e05f7d50a977abf57b,coco:000000493074,magicbrush,edited/f39a8ab1d15c3b36.png,5bd5aea88a705b4f22161c0aeb69713e3ece62318e7aa45eb54d2d50f5f368e6,cad65f5dea25bad00d27f34f63334b75347541abbc0c342180e507cfc9b95342,1024,1024,,DALL-E 2 (MagicBrush),5a23bee4f802b9c88dd41030711aee173d27a3f8974371153439c0c363cde3a5;9dcda4b93d8c73df7b1240629bec209566cd6119bb7f800c2906b8c3826b8777
diffdetect-hierarchical-external-confirmation-v1,197,ai-detector-arena:ai_art_gemini_3_pro_art_09.png,synthetic,AI Detector Arena v0.1,v0.1-sha256:1e62844bba714c2e190792844d4169fa3119fac3c2c143dad1eb8062e20b67e4,v0.1,ai_art_gemini_3_pro_art_09.png,,,,,ai-detector-arena:ai_art_gemini_3_pro_art_09.png,ai-detector-arena-v0.1,images/6a39427c463ceb9b.png,246b431ee755d2c2462e70b8fbf0d3bac7d14d79bc62bd65c047f61c5f9b12ed,86ac93d8d27e8263a357e6be5d7b58b82a80253bd49738a8adb0352a83798299,1024,1024,Gemini 3 Pro,,5a23bee4f802b9c88dd41030711aee173d27a3f8974371153439c0c363cde3a5;9dcda4b93d8c73df7b1240629bec209566cd6119bb7f800c2906b8c3826b8777
diffdetect-hierarchical-external-confirmation-v1,198,openimages:cbde53689ac59c5a,real,Open Images V6 validation,Open-Images-V6-validation,validation,cbde53689ac59c5a,,,,,openimages:cbde53689ac59c5a,openimages-v6,images/cbde53689ac59c5a.jpg,ed93a0e121fe345effdfc7359b848dbc64a1ff6778c8c73563157cb500b33a17,d0491b9832b4e02efaf63d91de2b8ec6e0a15e00fa258dc77f1333dd44446323,1024,682,,,5a23bee4f802b9c88dd41030711aee173d27a3f8974371153439c0c363cde3a5;9dcda4b93d8c73df7b1240629bec209566cd6119bb7f800c2906b8c3826b8777
diffdetect-hierarchical-external-confirmation-v1,199,genimage:VQDM:VQDM/test/ai/VQDM_1000_200_09_918_vqdm_00074.png,synthetic,nebula/GenImage-arrow,3f4b9f921a673be09a93b335ed728cea0c6ecf33,test,VQDM:VQDM/test/ai/VQDM_1000_200_09_918_vqdm_00074.png,,,,,genimage:VQDM:VQDM/test/ai/VQDM_1000_200_09_918_vqdm_00074.png,genimage,images/8895aec605cd677a.png,00a9b763814c877217b966467eae5397ff03b3037e12eab9985da0d288b61f10,cb83278f39b81ae539de633245f4f6ee04c3f8b92f6c01f7d24131fbdf37186c,256,256,VQDM,,5a23bee4f802b9c88dd41030711aee173d27a3f8974371153439c0c363cde3a5;9dcda4b93d8c73df7b1240629bec209566cd6119bb7f800c2906b8c3826b8777
diffdetect-hierarchical-external-confirmation-v1,200,openimages:834a8e0b1492543d,real,Open Images V6 validation,Open-Images-V6-validation,validation,834a8e0b1492543d,,,,,openimages:834a8e0b1492543d,openimages-v6,images/834a8e0b1492543d.jpg,ed93a0e121fe345effdfc7359b848dbc64a1ff6778c8c73563157cb500b33a17,3b047c3db9ff6c8a39580da8f7fa3c9fa8a91aaf51aba2859f8fa6a82af9174b,1024,768,,,5a23bee4f802b9c88dd41030711aee173d27a3f8974371153439c0c363cde3a5;9dcda4b93d8c73df7b1240629bec209566cd6119bb7f800c2906b8c3826b8777
diffdetect-hierarchical-external-confirmation-v1,201,ai-detector-arena:ai_product_gemini_3_pro_product_05.png,synthetic,AI Detector Arena v0.1,v0.1-sha256:1e62844bba714c2e190792844d4169fa3119fac3c2c143dad1eb8062e20b67e4,v0.1,ai_product_gemini_3_pro_product_05.png,,,,,ai-detector-arena:ai_product_gemini_3_pro_product_05.png,ai-detector-arena-v0.1,images/589f52fb15c1ac7d.png,246b431ee755d2c2462e70b8fbf0d3bac7d14d79bc62bd65c047f61c5f9b12ed,8e03d6f10dacbd3831ccb53ea9ccd3ee27b064a028014eaaa60848e8d7f136f0,1024,1024,Gemini 3 Pro,,5a23bee4f802b9c88dd41030711aee173d27a3f8974371153439c0c363cde3a5;9dcda4b93d8c73df7b1240629bec209566cd6119bb7f800c2906b8c3826b8777
diffdetect-hierarchical-external-confirmation-v1,202,genimage:VQDM:VQDM/test/ai/VQDM_1000_200_09_907_vqdm_00035.png,synthetic,nebula/GenImage-arrow,3f4b9f921a673be09a93b335ed728cea0c6ecf33,test,VQDM:VQDM/test/ai/VQDM_1000_200_09_907_vqdm_00035.png,,,,,genimage:VQDM:VQDM/test/ai/VQDM_1000_200_09_907_vqdm_00035.png,genimage,images/c84792a8b1798f7d.png,00a9b763814c877217b966467eae5397ff03b3037e12eab9985da0d288b61f10,b2943f8b1a8080a29de41ad570aed22233288975d455f93220e6c7b22f5e6829,256,256,VQDM,,5a23bee4f802b9c88dd41030711aee173d27a3f8974371153439c0c363cde3a5;9dcda4b93d8c73df7b1240629bec209566cd6119bb7f800c2906b8c3826b8777
diffdetect-hierarchical-external-confirmation-v1,203,ai-detector-arena:ai_landscape_gpt_image_1.5_landscape_04.png,synthetic,AI Detector Arena v0.1,v0.1-sha256:1e62844bba714c2e190792844d4169fa3119fac3c2c143dad1eb8062e20b67e4,v0.1,ai_landscape_gpt_image_1.5_landscape_04.png,,,,,ai-detector-arena:ai_landscape_gpt_image_1.5_landscape_04.png,ai-detector-arena-v0.1,images/3dd7b069678769e6.png,246b431ee755d2c2462e70b8fbf0d3bac7d14d79bc62bd65c047f61c5f9b12ed,1aad1b724520a2cc9c3329522f03a6b577c0481d5cf55d2a310860a89765f1d5,1024,1024,GPT Image 1.5,,5a23bee4f802b9c88dd41030711aee173d27a3f8974371153439c0c363cde3a5;9dcda4b93d8c73df7b1240629bec209566cd6119bb7f800c2906b8c3826b8777
diffdetect-hierarchical-external-confirmation-v1,204,openimages:2e0982a26b23f67a,real,Open Images V6 validation,Open-Images-V6-validation,validation,2e0982a26b23f67a,,,,,openimages:2e0982a26b23f67a,openimages-v6,images/2e0982a26b23f67a.jpg,ed93a0e121fe345effdfc7359b848dbc64a1ff6778c8c73563157cb500b33a17,1cad54c2047eadd7280d1eccea28671dbef375707987b312deb0bf1d1bda3ffc,1024,682,,,5a23bee4f802b9c88dd41030711aee173d27a3f8974371153439c0c363cde3a5;9dcda4b93d8c73df7b1240629bec209566cd6119bb7f800c2906b8c3826b8777
diffdetect-hierarchical-external-confirmation-v1,205,genimage:Wukong:wukong/test/ai/588_wukong_image128.png,synthetic,nebula/GenImage-arrow,3f4b9f921a673be09a93b335ed728cea0c6ecf33,test,Wukong:wukong/test/ai/588_wukong_image128.png,,,,,genimage:Wukong:wukong/test/ai/588_wukong_image128.png,genimage,images/af55eef9117a6932.png,00a9b763814c877217b966467eae5397ff03b3037e12eab9985da0d288b61f10,1d8f104d0dddeb6a0a3050375434ee86beadf7e2a2dcb1cab89aae05679f727e,512,512,Wukong,,5a23bee4f802b9c88dd41030711aee173d27a3f8974371153439c0c363cde3a5;9dcda4b93d8c73df7b1240629bec209566cd6119bb7f800c2906b8c3826b8777
diffdetect-hierarchical-external-confirmation-v1,206,genimage:VQDM:VQDM/test/ai/VQDM_1000_200_02_226_vqdm_00039.png,synthetic,nebula/GenImage-arrow,3f4b9f921a673be09a93b335ed728cea0c6ecf33,test,VQDM:VQDM/test/ai/VQDM_1000_200_02_226_vqdm_00039.png,,,,,genimage:VQDM:VQDM/test/ai/VQDM_1000_200_02_226_vqdm_00039.png,genimage,images/533688af5c2ccca5.png,00a9b763814c877217b966467eae5397ff03b3037e12eab9985da0d288b61f10,77db46d4d363b4729fbe9392a2ad59ac52eac140b256eb9e11712c1e71e56706,256,256,VQDM,,5a23bee4f802b9c88dd41030711aee173d27a3f8974371153439c0c363cde3a5;9dcda4b93d8c73df7b1240629bec209566cd6119bb7f800c2906b8c3826b8777
diffdetect-hierarchical-external-confirmation-v1,207,genimage:VQDM:VQDM/test/ai/VQDM_1000_200_03_392_vqdm_00143.png,synthetic,nebula/GenImage-arrow,3f4b9f921a673be09a93b335ed728cea0c6ecf33,test,VQDM:VQDM/test/ai/VQDM_1000_200_03_392_vqdm_00143.png,,,,,genimage:VQDM:VQDM/test/ai/VQDM_1000_200_03_392_vqdm_00143.png,genimage,images/cb0bbf66675f1c02.png,00a9b763814c877217b966467eae5397ff03b3037e12eab9985da0d288b61f10,9365e083ba80c389d514e500ae29d94e5bdaff6e70ef1356e09b115ad566f2d3,256,256,VQDM,,5a23bee4f802b9c88dd41030711aee173d27a3f8974371153439c0c363cde3a5;9dcda4b93d8c73df7b1240629bec209566cd6119bb7f800c2906b8c3826b8777
diffdetect-hierarchical-external-confirmation-v1,208,ai-detector-arena:ai_landscape_gemini_3_pro_landscape_10.png,synthetic,AI Detector Arena v0.1,v0.1-sha256:1e62844bba714c2e190792844d4169fa3119fac3c2c143dad1eb8062e20b67e4,v0.1,ai_landscape_gemini_3_pro_landscape_10.png,,,,,ai-detector-arena:ai_landscape_gemini_3_pro_landscape_10.png,ai-detector-arena-v0.1,images/77decd0f0623a062.png,246b431ee755d2c2462e70b8fbf0d3bac7d14d79bc62bd65c047f61c5f9b12ed,2fee5a047af074fe87b2d10ebcc41721d383133bc49dbaa2bdfef14df2a19e93,1024,1024,Gemini 3 Pro,,5a23bee4f802b9c88dd41030711aee173d27a3f8974371153439c0c363cde3a5;9dcda4b93d8c73df7b1240629bec209566cd6119bb7f800c2906b8c3826b8777
diffdetect-hierarchical-external-confirmation-v1,209,ai-detector-arena:ai_landscape_gemini_3_pro_landscape_06.png,synthetic,AI Detector Arena v0.1,v0.1-sha256:1e62844bba714c2e190792844d4169fa3119fac3c2c143dad1eb8062e20b67e4,v0.1,ai_landscape_gemini_3_pro_landscape_06.png,,,,,ai-detector-arena:ai_landscape_gemini_3_pro_landscape_06.png,ai-detector-arena-v0.1,images/95993650350cacb9.png,246b431ee755d2c2462e70b8fbf0d3bac7d14d79bc62bd65c047f61c5f9b12ed,4097909da74617e75bb91c55cde98477b98dc407edb796fd3ec6eb5b2d48e2a6,1024,1024,Gemini 3 Pro,,5a23bee4f802b9c88dd41030711aee173d27a3f8974371153439c0c363cde3a5;9dcda4b93d8c73df7b1240629bec209566cd6119bb7f800c2906b8c3826b8777
diffdetect-hierarchical-external-confirmation-v1,210,ai-detector-arena:ai_food_gpt_image_1.5_food_05.png,synthetic,AI Detector Arena v0.1,v0.1-sha256:1e62844bba714c2e190792844d4169fa3119fac3c2c143dad1eb8062e20b67e4,v0.1,ai_food_gpt_image_1.5_food_05.png,,,,,ai-detector-arena:ai_food_gpt_image_1.5_food_05.png,ai-detector-arena-v0.1,images/d66a1dc39fd7f6d9.png,246b431ee755d2c2462e70b8fbf0d3bac7d14d79bc62bd65c047f61c5f9b12ed,26cdc4193ef644b32a94d7b4acc7712d86b46f882dfbf153674615477eb33152,1024,1024,GPT Image 1.5,,5a23bee4f802b9c88dd41030711aee173d27a3f8974371153439c0c363cde3a5;9dcda4b93d8c73df7b1240629bec209566cd6119bb7f800c2906b8c3826b8777
diffdetect-hierarchical-external-confirmation-v1,211,ai-detector-arena:ai_product_gpt_image_1.5_product_05.png,synthetic,AI Detector Arena v0.1,v0.1-sha256:1e62844bba714c2e190792844d4169fa3119fac3c2c143dad1eb8062e20b67e4,v0.1,ai_product_gpt_image_1.5_product_05.png,,,,,ai-detector-arena:ai_product_gpt_image_1.5_product_05.png,ai-detector-arena-v0.1,images/9e0588faeab9deda.png,246b431ee755d2c2462e70b8fbf0d3bac7d14d79bc62bd65c047f61c5f9b12ed,e1332242a9543c5c9d1cc1fcf687a2e6813373acc8e50eb047e89aab620bec69,1024,1024,GPT Image 1.5,,5a23bee4f802b9c88dd41030711aee173d27a3f8974371153439c0c363cde3a5;9dcda4b93d8c73df7b1240629bec209566cd6119bb7f800c2906b8c3826b8777
diffdetect-hierarchical-external-confirmation-v1,212,ai-detector-arena:ai_landscape_gpt_image_1.5_landscape_10.png,synthetic,AI Detector Arena v0.1,v0.1-sha256:1e62844bba714c2e190792844d4169fa3119fac3c2c143dad1eb8062e20b67e4,v0.1,ai_landscape_gpt_image_1.5_landscape_10.png,,,,,ai-detector-arena:ai_landscape_gpt_image_1.5_landscape_10.png,ai-detector-arena-v0.1,images/311b4544eb477335.png,246b431ee755d2c2462e70b8fbf0d3bac7d14d79bc62bd65c047f61c5f9b12ed,de39ba7b5a600a95911f7c083039d0bfca6228b54a064a047a1bf35e7c37128c,1024,1024,GPT Image 1.5,,5a23bee4f802b9c88dd41030711aee173d27a3f8974371153439c0c363cde3a5;9dcda4b93d8c73df7b1240629bec209566cd6119bb7f800c2906b8c3826b8777
diffdetect-hierarchical-external-confirmation-v1,213,abstractedit:flux-kontext:10460769277753248922,edited,DucktorV/AbstractEdit,bc04f61586e5d5004a273a092131d01fd332e3e3,model_outputs_explicit/flux_kontext.parquet,10460769277753248922,Open Images V7 validation,69880145390e240c,origins/69880145390e240c.jpg,9cefd532c421ba6c3a03a0ae2a7ecd081345515f519586c1b94ac328721f2f9b,openimages:69880145390e240c,abstractedit,images/10460769277753248922.jpg,42a5e0b480801c86c99fc1d869e4e65b13015f466364b92e6167bb8e7eee8b13,2dcc3fd56795219ebdc614111b62cab6b1f746f7fb0fd806d559038a8349982e,1024,1024,,Flux-Kontext,5a23bee4f802b9c88dd41030711aee173d27a3f8974371153439c0c363cde3a5;9dcda4b93d8c73df7b1240629bec209566cd6119bb7f800c2906b8c3826b8777
diffdetect-hierarchical-external-confirmation-v1,214,genimage:Wukong:wukong/test/ai/271_wukong_image86.png,synthetic,nebula/GenImage-arrow,3f4b9f921a673be09a93b335ed728cea0c6ecf33,test,Wukong:wukong/test/ai/271_wukong_image86.png,,,,,genimage:Wukong:wukong/test/ai/271_wukong_image86.png,genimage,images/21cbecaecb68bd91.png,00a9b763814c877217b966467eae5397ff03b3037e12eab9985da0d288b61f10,49d64de46c23a45e0fe046483e9f29a5231e32252e1647550834808a46983c5e,512,512,Wukong,,5a23bee4f802b9c88dd41030711aee173d27a3f8974371153439c0c363cde3a5;9dcda4b93d8c73df7b1240629bec209566cd6119bb7f800c2906b8c3826b8777
diffdetect-hierarchical-external-confirmation-v1,215,ai-detector-arena:ai_art_gemini_3_pro_art_03.png,synthetic,AI Detector Arena v0.1,v0.1-sha256:1e62844bba714c2e190792844d4169fa3119fac3c2c143dad1eb8062e20b67e4,v0.1,ai_art_gemini_3_pro_art_03.png,,,,,ai-detector-arena:ai_art_gemini_3_pro_art_03.png,ai-detector-arena-v0.1,images/60ec959682680720.png,246b431ee755d2c2462e70b8fbf0d3bac7d14d79bc62bd65c047f61c5f9b12ed,ac4a7b16e38ed3287d3fce8b2db4d5f91afc6033b6a9a6436a470fb657bfc02b,1024,1024,Gemini 3 Pro,,5a23bee4f802b9c88dd41030711aee173d27a3f8974371153439c0c363cde3a5;9dcda4b93d8c73df7b1240629bec209566cd6119bb7f800c2906b8c3826b8777
diffdetect-hierarchical-external-confirmation-v1,216,genimage:Wukong:wukong/test/ai/9_wukong_image61.png,synthetic,nebula/GenImage-arrow,3f4b9f921a673be09a93b335ed728cea0c6ecf33,test,Wukong:wukong/test/ai/9_wukong_image61.png,,,,,genimage:Wukong:wukong/test/ai/9_wukong_image61.png,genimage,images/98422ea8a55992d0.png,00a9b763814c877217b966467eae5397ff03b3037e12eab9985da0d288b61f10,ee589eba6f77da4c8ae97b2c54b7a8a7d6b46f47fe4ee9c5d5b64899cd59ef7a,512,512,Wukong,,5a23bee4f802b9c88dd41030711aee173d27a3f8974371153439c0c363cde3a5;9dcda4b93d8c73df7b1240629bec209566cd6119bb7f800c2906b8c3826b8777
diffdetect-hierarchical-external-confirmation-v1,217,ai-detector-arena:ai_art_gpt_image_1.5_art_10.png,synthetic,AI Detector Arena v0.1,v0.1-sha256:1e62844bba714c2e190792844d4169fa3119fac3c2c143dad1eb8062e20b67e4,v0.1,ai_art_gpt_image_1.5_art_10.png,,,,,ai-detector-arena:ai_art_gpt_image_1.5_art_10.png,ai-detector-arena-v0.1,images/9966a17617b8a196.png,246b431ee755d2c2462e70b8fbf0d3bac7d14d79bc62bd65c047f61c5f9b12ed,28bc3b6eabe2abccfe45e85ef682527e58120281bcc5cb58a17955ba7d41d367,1024,1024,GPT Image 1.5,,5a23bee4f802b9c88dd41030711aee173d27a3f8974371153439c0c363cde3a5;9dcda4b93d8c73df7b1240629bec209566cd6119bb7f800c2906b8c3826b8777
diffdetect-hierarchical-external-confirmation-v1,218,ai-detector-arena:ai_art_gpt_image_1.5_art_08.png,synthetic,AI Detector Arena v0.1,v0.1-sha256:1e62844bba714c2e190792844d4169fa3119fac3c2c143dad1eb8062e20b67e4,v0.1,ai_art_gpt_image_1.5_art_08.png,,,,,ai-detector-arena:ai_art_gpt_image_1.5_art_08.png,ai-detector-arena-v0.1,images/fdb6aceed986f5e1.png,246b431ee755d2c2462e70b8fbf0d3bac7d14d79bc62bd65c047f61c5f9b12ed,08d96822224139cdcbe16f74502803522ecb16da132b9ab5a8f045f964a3c859,1024,1024,GPT Image 1.5,,5a23bee4f802b9c88dd41030711aee173d27a3f8974371153439c0c363cde3a5;9dcda4b93d8c73df7b1240629bec209566cd6119bb7f800c2906b8c3826b8777
diffdetect-hierarchical-external-confirmation-v1,219,ai-detector-arena:ai_product_gpt_image_1.5_product_10.png,synthetic,AI Detector Arena v0.1,v0.1-sha256:1e62844bba714c2e190792844d4169fa3119fac3c2c143dad1eb8062e20b67e4,v0.1,ai_product_gpt_image_1.5_product_10.png,,,,,ai-detector-arena:ai_product_gpt_image_1.5_product_10.png,ai-detector-arena-v0.1,images/c0732e9378e87068.png,246b431ee755d2c2462e70b8fbf0d3bac7d14d79bc62bd65c047f61c5f9b12ed,05d0fa20cb912882c0ac13a14ff9fcc9ba21242466afaa9ca69e441bc246806f,1024,1024,GPT Image 1.5,,5a23bee4f802b9c88dd41030711aee173d27a3f8974371153439c0c363cde3a5;9dcda4b93d8c73df7b1240629bec209566cd6119bb7f800c2906b8c3826b8777
diffdetect-hierarchical-external-confirmation-v1,220,genimage:VQDM:VQDM/test/ai/VQDM_1000_200_04_444_vqdm_00035.png,synthetic,nebula/GenImage-arrow,3f4b9f921a673be09a93b335ed728cea0c6ecf33,test,VQDM:VQDM/test/ai/VQDM_1000_200_04_444_vqdm_00035.png,,,,,genimage:VQDM:VQDM/test/ai/VQDM_1000_200_04_444_vqdm_00035.png,genimage,images/8e35be6b03a6121b.png,00a9b763814c877217b966467eae5397ff03b3037e12eab9985da0d288b61f10,5f3e4a3b9baead5856b097ccd45b73d3e55bbeb237aab004ac908ea842d1fc3f,256,256,VQDM,,5a23bee4f802b9c88dd41030711aee173d27a3f8974371153439c0c363cde3a5;9dcda4b93d8c73df7b1240629bec209566cd6119bb7f800c2906b8c3826b8777
diffdetect-hierarchical-external-confirmation-v1,221,abstractedit:flux-kontext:16134984437982402783,edited,DucktorV/AbstractEdit,bc04f61586e5d5004a273a092131d01fd332e3e3,model_outputs_explicit/flux_kontext.parquet,16134984437982402783,Open Images V7 validation,c52c06b1667d3458,origins/c52c06b1667d3458.jpg,e44c01469877f0fea611352c8d8b8f2758026e382e15cd1b0e57c365b98b11f9,openimages:c52c06b1667d3458,abstractedit,images/16134984437982402783.jpg,42a5e0b480801c86c99fc1d869e4e65b13015f466364b92e6167bb8e7eee8b13,99f65e10b83223ece2940f1d58612fdf1f2bae35110c640d9cb0fc6705dee555,1024,1024,,Flux-Kontext,5a23bee4f802b9c88dd41030711aee173d27a3f8974371153439c0c363cde3a5;9dcda4b93d8c73df7b1240629bec209566cd6119bb7f800c2906b8c3826b8777
diffdetect-hierarchical-external-confirmation-v1,222,abstractedit:flux-kontext:11946233872029668710,edited,DucktorV/AbstractEdit,bc04f61586e5d5004a273a092131d01fd332e3e3,model_outputs_explicit/flux_kontext.parquet,11946233872029668710,Open Images V7 validation,2a277d57dbea96dc,origins/2a277d57dbea96dc.jpg,48cfe749a861a97cba5ab72b37cdc4c4d837ff10bb825a37a1ca787fccb2470b,openimages:2a277d57dbea96dc,abstractedit,images/11946233872029668710.jpg,42a5e0b480801c86c99fc1d869e4e65b13015f466364b92e6167bb8e7eee8b13,b4a7114c65096296e7719ab1da7e8a4125860f0d66fb91739902eb059d74a732,1024,1024,,Flux-Kontext,5a23bee4f802b9c88dd41030711aee173d27a3f8974371153439c0c363cde3a5;9dcda4b93d8c73df7b1240629bec209566cd6119bb7f800c2906b8c3826b8777
diffdetect-hierarchical-external-confirmation-v1,223,abstractedit:flux-kontext:16126721997430350180,edited,DucktorV/AbstractEdit,bc04f61586e5d5004a273a092131d01fd332e3e3,model_outputs_explicit/flux_kontext.parquet,16126721997430350180,Open Images V7 validation,4026bdf4bb0d8abc,origins/4026bdf4bb0d8abc.jpg,0a3e2af7dd26bbb296c51284e859b552b25425a4d9c2b461a288889aabb0142b,openimages:4026bdf4bb0d8abc,abstractedit,images/16126721997430350180.jpg,42a5e0b480801c86c99fc1d869e4e65b13015f466364b92e6167bb8e7eee8b13,1019cae06bc21c052fa8745399161470f8c6416437829e23c2eb131cf362f30a,1024,1024,,Flux-Kontext,5a23bee4f802b9c88dd41030711aee173d27a3f8974371153439c0c363cde3a5;9dcda4b93d8c73df7b1240629bec209566cd6119bb7f800c2906b8c3826b8777
diffdetect-hierarchical-external-confirmation-v1,224,genimage:Wukong:wukong/test/ai/644_wukong_image128.png,synthetic,nebula/GenImage-arrow,3f4b9f921a673be09a93b335ed728cea0c6ecf33,test,Wukong:wukong/test/ai/644_wukong_image128.png,,,,,genimage:Wukong:wukong/test/ai/644_wukong_image128.png,genimage,images/0d996c701f81d9a2.png,00a9b763814c877217b966467eae5397ff03b3037e12eab9985da0d288b61f10,3cd25ae502766c20c184cf2a155c42fc7e8807b78920f952702a1a5e365b262f,512,512,Wukong,,5a23bee4f802b9c88dd41030711aee173d27a3f8974371153439c0c363cde3a5;9dcda4b93d8c73df7b1240629bec209566cd6119bb7f800c2906b8c3826b8777
diffdetect-hierarchical-external-confirmation-v1,225,openimages:a0fad99f5b702765,real,Open Images V6 validation,Open-Images-V6-validation,validation,a0fad99f5b702765,,,,,openimages:a0fad99f5b702765,openimages-v6,images/a0fad99f5b702765.jpg,ed93a0e121fe345effdfc7359b848dbc64a1ff6778c8c73563157cb500b33a17,a80a71a1870dd350e9c42e119cb2a46d33f581aafdd9d70966fee186e5cd800b,1024,680,,,5a23bee4f802b9c88dd41030711aee173d27a3f8974371153439c0c363cde3a5;9dcda4b93d8c73df7b1240629bec209566cd6119bb7f800c2906b8c3826b8777
diffdetect-hierarchical-external-confirmation-v1,226,openimages:f21f01d2f7180170,real,Open Images V6 validation,Open-Images-V6-validation,validation,f21f01d2f7180170,,,,,openimages:f21f01d2f7180170,openimages-v6,images/f21f01d2f7180170.jpg,ed93a0e121fe345effdfc7359b848dbc64a1ff6778c8c73563157cb500b33a17,eed07498551d42a6c1652088e2b2e04b7060b1d7bbbbc985e74594f8e46d38d9,1024,576,,,5a23bee4f802b9c88dd41030711aee173d27a3f8974371153439c0c363cde3a5;9dcda4b93d8c73df7b1240629bec209566cd6119bb7f800c2906b8c3826b8777
diffdetect-hierarchical-external-confirmation-v1,227,openimages:b26bf5279224840f,real,Open Images V6 validation,Open-Images-V6-validation,validation,b26bf5279224840f,,,,,openimages:b26bf5279224840f,openimages-v6,images/b26bf5279224840f.jpg,ed93a0e121fe345effdfc7359b848dbc64a1ff6778c8c73563157cb500b33a17,21bb6c0116f39d171fd3d2c6a1693172310ce9ed8550b4d1f603805845773281,1024,768,,,5a23bee4f802b9c88dd41030711aee173d27a3f8974371153439c0c363cde3a5;9dcda4b93d8c73df7b1240629bec209566cd6119bb7f800c2906b8c3826b8777
diffdetect-hierarchical-external-confirmation-v1,228,openimages:0b45ddc2b9b8eb9a,real,Open Images V6 validation,Open-Images-V6-validation,validation,0b45ddc2b9b8eb9a,,,,,openimages:0b45ddc2b9b8eb9a,openimages-v6,images/0b45ddc2b9b8eb9a.jpg,ed93a0e121fe345effdfc7359b848dbc64a1ff6778c8c73563157cb500b33a17,358eb2adbf1219066d9dda92ee5ef17113c7a12a934bd8f02241e4927e7467e9,1024,683,,,5a23bee4f802b9c88dd41030711aee173d27a3f8974371153439c0c363cde3a5;9dcda4b93d8c73df7b1240629bec209566cd6119bb7f800c2906b8c3826b8777
diffdetect-hierarchical-external-confirmation-v1,229,genimage:Wukong:wukong/test/ai/959_wukong_image198.png,synthetic,nebula/GenImage-arrow,3f4b9f921a673be09a93b335ed728cea0c6ecf33,test,Wukong:wukong/test/ai/959_wukong_image198.png,,,,,genimage:Wukong:wukong/test/ai/959_wukong_image198.png,genimage,images/92906698844118d6.png,00a9b763814c877217b966467eae5397ff03b3037e12eab9985da0d288b61f10,19a079c78fc960fc63b8d3c6bd67249132f98a331231eddbf101e629b0383272,512,512,Wukong,,5a23bee4f802b9c88dd41030711aee173d27a3f8974371153439c0c363cde3a5;9dcda4b93d8c73df7b1240629bec209566cd6119bb7f800c2906b8c3826b8777
diffdetect-hierarchical-external-confirmation-v1,230,ai-detector-arena:ai_food_gemini_3_pro_food_02.png,synthetic,AI Detector Arena v0.1,v0.1-sha256:1e62844bba714c2e190792844d4169fa3119fac3c2c143dad1eb8062e20b67e4,v0.1,ai_food_gemini_3_pro_food_02.png,,,,,ai-detector-arena:ai_food_gemini_3_pro_food_02.png,ai-detector-arena-v0.1,images/35dde8bb516e8bea.png,246b431ee755d2c2462e70b8fbf0d3bac7d14d79bc62bd65c047f61c5f9b12ed,0bb45cf3bc23ad139ead6b84bdb0162e38f2cce6891147a1225d987e6ce03771,1024,1024,Gemini 3 Pro,,5a23bee4f802b9c88dd41030711aee173d27a3f8974371153439c0c363cde3a5;9dcda4b93d8c73df7b1240629bec209566cd6119bb7f800c2906b8c3826b8777
diffdetect-hierarchical-external-confirmation-v1,231,openimages:f4e2a246378d9e16,real,Open Images V6 validation,Open-Images-V6-validation,validation,f4e2a246378d9e16,,,,,openimages:f4e2a246378d9e16,openimages-v6,images/f4e2a246378d9e16.jpg,ed93a0e121fe345effdfc7359b848dbc64a1ff6778c8c73563157cb500b33a17,d74fd463a40763141c980720769303d790c1d6a0022733e1e744a8d2e28296cc,1024,768,,,5a23bee4f802b9c88dd41030711aee173d27a3f8974371153439c0c363cde3a5;9dcda4b93d8c73df7b1240629bec209566cd6119bb7f800c2906b8c3826b8777
diffdetect-hierarchical-external-confirmation-v1,232,genimage:VQDM:VQDM/test/ai/VQDM_1000_200_05_553_vqdm_00020.png,synthetic,nebula/GenImage-arrow,3f4b9f921a673be09a93b335ed728cea0c6ecf33,test,VQDM:VQDM/test/ai/VQDM_1000_200_05_553_vqdm_00020.png,,,,,genimage:VQDM:VQDM/test/ai/VQDM_1000_200_05_553_vqdm_00020.png,genimage,images/af5b587aabbcdd45.png,00a9b763814c877217b966467eae5397ff03b3037e12eab9985da0d288b61f10,f8610d1abdd6a4bf380bc1e0d65f30cb2127afaf5d43acc8383435d9ab72e960,256,256,VQDM,,5a23bee4f802b9c88dd41030711aee173d27a3f8974371153439c0c363cde3a5;9dcda4b93d8c73df7b1240629bec209566cd6119bb7f800c2906b8c3826b8777
diffdetect-hierarchical-external-confirmation-v1,233,genimage:Wukong:wukong/test/ai/211_wukong_image61.png,synthetic,nebula/GenImage-arrow,3f4b9f921a673be09a93b335ed728cea0c6ecf33,test,Wukong:wukong/test/ai/211_wukong_image61.png,,,,,genimage:Wukong:wukong/test/ai/211_wukong_image61.png,genimage,images/8228e84ab8fc100d.png,00a9b763814c877217b966467eae5397ff03b3037e12eab9985da0d288b61f10,ddc585cf62aa00e8f92dbe72593f81268ac22edab441d55a193ea5dc30e2a9fb,512,512,Wukong,,5a23bee4f802b9c88dd41030711aee173d27a3f8974371153439c0c363cde3a5;9dcda4b93d8c73df7b1240629bec209566cd6119bb7f800c2906b8c3826b8777
diffdetect-hierarchical-external-confirmation-v1,234,ai-detector-arena:ai_animal_gpt_image_1.5_animal_07.png,synthetic,AI Detector Arena v0.1,v0.1-sha256:1e62844bba714c2e190792844d4169fa3119fac3c2c143dad1eb8062e20b67e4,v0.1,ai_animal_gpt_image_1.5_animal_07.png,,,,,ai-detector-arena:ai_animal_gpt_image_1.5_animal_07.png,ai-detector-arena-v0.1,images/f308263fdc0ef1e7.png,246b431ee755d2c2462e70b8fbf0d3bac7d14d79bc62bd65c047f61c5f9b12ed,1872c390a7c36feecfde2001e21b2f63f0be368a0c408ed5344fed992afbe1ab,1024,1024,GPT Image 1.5,,5a23bee4f802b9c88dd41030711aee173d27a3f8974371153439c0c363cde3a5;9dcda4b93d8c73df7b1240629bec209566cd6119bb7f800c2906b8c3826b8777
diffdetect-hierarchical-external-confirmation-v1,235,ai-detector-arena:ai_landscape_gpt_image_1.5_landscape_03.png,synthetic,AI Detector Arena v0.1,v0.1-sha256:1e62844bba714c2e190792844d4169fa3119fac3c2c143dad1eb8062e20b67e4,v0.1,ai_landscape_gpt_image_1.5_landscape_03.png,,,,,ai-detector-arena:ai_landscape_gpt_image_1.5_landscape_03.png,ai-detector-arena-v0.1,images/e30a3c5414339aa5.png,246b431ee755d2c2462e70b8fbf0d3bac7d14d79bc62bd65c047f61c5f9b12ed,c9bdff7a815cf1219d10ba16892939edd3c492e5acb4ee72a06020cd91d669cc,1024,1024,GPT Image 1.5,,5a23bee4f802b9c88dd41030711aee173d27a3f8974371153439c0c363cde3a5;9dcda4b93d8c73df7b1240629bec209566cd6119bb7f800c2906b8c3826b8777
diffdetect-hierarchical-external-confirmation-v1,236,ai-detector-arena:ai_food_gemini_3_pro_food_06.png,synthetic,AI Detector Arena v0.1,v0.1-sha256:1e62844bba714c2e190792844d4169fa3119fac3c2c143dad1eb8062e20b67e4,v0.1,ai_food_gemini_3_pro_food_06.png,,,,,ai-detector-arena:ai_food_gemini_3_pro_food_06.png,ai-detector-arena-v0.1,images/fa0774fda3e690f4.png,246b431ee755d2c2462e70b8fbf0d3bac7d14d79bc62bd65c047f61c5f9b12ed,295d86691089fd2b68fc383ad36b46d30543ef48ee9be15cd3777ce8fc8c46d5,1024,1024,Gemini 3 Pro,,5a23bee4f802b9c88dd41030711aee173d27a3f8974371153439c0c363cde3a5;9dcda4b93d8c73df7b1240629bec209566cd6119bb7f800c2906b8c3826b8777
diffdetect-hierarchical-external-confirmation-v1,237,genimage:VQDM:VQDM/test/ai/VQDM_1000_200_04_478_vqdm_00143.png,synthetic,nebula/GenImage-arrow,3f4b9f921a673be09a93b335ed728cea0c6ecf33,test,VQDM:VQDM/test/ai/VQDM_1000_200_04_478_vqdm_00143.png,,,,,genimage:VQDM:VQDM/test/ai/VQDM_1000_200_04_478_vqdm_00143.png,genimage,images/85730a35f3e933d1.png,00a9b763814c877217b966467eae5397ff03b3037e12eab9985da0d288b61f10,a293fec0088d52cb9e194b228e485efdb8d726caa0744f72490aeec4e8bd200f,256,256,VQDM,,5a23bee4f802b9c88dd41030711aee173d27a3f8974371153439c0c363cde3a5;9dcda4b93d8c73df7b1240629bec209566cd6119bb7f800c2906b8c3826b8777
diffdetect-hierarchical-external-confirmation-v1,238,genimage:Wukong:wukong/test/ai/560_wukong_image128.png,synthetic,nebula/GenImage-arrow,3f4b9f921a673be09a93b335ed728cea0c6ecf33,test,Wukong:wukong/test/ai/560_wukong_image128.png,,,,,genimage:Wukong:wukong/test/ai/560_wukong_image128.png,genimage,images/fe50631e918b6493.png,00a9b763814c877217b966467eae5397ff03b3037e12eab9985da0d288b61f10,237a68dd0d2bacff95b11c0d9d67ecba3ec1eaa81ce86be9d860f12154a1e0cf,512,512,Wukong,,5a23bee4f802b9c88dd41030711aee173d27a3f8974371153439c0c363cde3a5;9dcda4b93d8c73df7b1240629bec209566cd6119bb7f800c2906b8c3826b8777
diffdetect-hierarchical-external-confirmation-v1,239,genimage:VQDM:VQDM/test/ai/VQDM_1000_200_07_782_vqdm_00143.png,synthetic,nebula/GenImage-arrow,3f4b9f921a673be09a93b335ed728cea0c6ecf33,test,VQDM:VQDM/test/ai/VQDM_1000_200_07_782_vqdm_00143.png,,,,,genimage:VQDM:VQDM/test/ai/VQDM_1000_200_07_782_vqdm_00143.png,genimage,images/c0527dc1bf09f75a.png,00a9b763814c877217b966467eae5397ff03b3037e12eab9985da0d288b61f10,dfcfe9279e5b3fe66fa5c9fdfc11d7a4f0ef5eaf20dedd70b22624228e08b781,256,256,VQDM,,5a23bee4f802b9c88dd41030711aee173d27a3f8974371153439c0c363cde3a5;9dcda4b93d8c73df7b1240629bec209566cd6119bb7f800c2906b8c3826b8777
diffdetect-hierarchical-external-confirmation-v1,240,openimages:e5be9f4f7de03315,real,Open Images V6 validation,Open-Images-V6-validation,validation,e5be9f4f7de03315,,,,,openimages:e5be9f4f7de03315,openimages-v6,images/e5be9f4f7de03315.jpg,ed93a0e121fe345effdfc7359b848dbc64a1ff6778c8c73563157cb500b33a17,708750a3be1e47c7e8fccb029889e912f488eecc049de70aeb1d03ce73ab4c71,768,1024,,,5a23bee4f802b9c88dd41030711aee173d27a3f8974371153439c0c363cde3a5;9dcda4b93d8c73df7b1240629bec209566cd6119bb7f800c2906b8c3826b8777
diffdetect-hierarchical-external-confirmation-v1,241,genimage:VQDM:VQDM/test/ai/VQDM_1000_200_09_913_vqdm_00035.png,synthetic,nebula/GenImage-arrow,3f4b9f921a673be09a93b335ed728cea0c6ecf33,test,VQDM:VQDM/test/ai/VQDM_1000_200_09_913_vqdm_00035.png,,,,,genimage:VQDM:VQDM/test/ai/VQDM_1000_200_09_913_vqdm_00035.png,genimage,images/a25f74304404c641.png,00a9b763814c877217b966467eae5397ff03b3037e12eab9985da0d288b61f10,c43f392b75b6d19fcae5719a384fe45e52dbba2a913a36b4e82c21670368abe3,256,256,VQDM,,5a23bee4f802b9c88dd41030711aee173d27a3f8974371153439c0c363cde3a5;9dcda4b93d8c73df7b1240629bec209566cd6119bb7f800c2906b8c3826b8777
diffdetect-hierarchical-external-confirmation-v1,242,abstractedit:flux-kontext:2572849500183809468,edited,DucktorV/AbstractEdit,bc04f61586e5d5004a273a092131d01fd332e3e3,model_outputs_explicit/flux_kontext.parquet,2572849500183809468,Open Images V7 validation,e44ad1342907539a,origins/e44ad1342907539a.jpg,e663cca379b7aa19bd543e9866753aec5c943d1a59f8262bf44d335039d00e4f,openimages:e44ad1342907539a,abstractedit,images/2572849500183809468.jpg,42a5e0b480801c86c99fc1d869e4e65b13015f466364b92e6167bb8e7eee8b13,865cd34009110f3746cdbdee928dc25cd12f6400b58f708d72471f0847763b88,1024,1024,,Flux-Kontext,5a23bee4f802b9c88dd41030711aee173d27a3f8974371153439c0c363cde3a5;9dcda4b93d8c73df7b1240629bec209566cd6119bb7f800c2906b8c3826b8777
diffdetect-hierarchical-external-confirmation-v1,243,ai-detector-arena:ai_food_gpt_image_1.5_food_02.png,synthetic,AI Detector Arena v0.1,v0.1-sha256:1e62844bba714c2e190792844d4169fa3119fac3c2c143dad1eb8062e20b67e4,v0.1,ai_food_gpt_image_1.5_food_02.png,,,,,ai-detector-arena:ai_food_gpt_image_1.5_food_02.png,ai-detector-arena-v0.1,images/fe36a1cd68c83294.png,246b431ee755d2c2462e70b8fbf0d3bac7d14d79bc62bd65c047f61c5f9b12ed,676d2ebd7e338d11f2d5dd905090959a93a2eb413567f3e23ef898e76da5b1f0,1024,1024,GPT Image 1.5,,5a23bee4f802b9c88dd41030711aee173d27a3f8974371153439c0c363cde3a5;9dcda4b93d8c73df7b1240629bec209566cd6119bb7f800c2906b8c3826b8777
diffdetect-hierarchical-external-confirmation-v1,244,abstractedit:flux-kontext:738260878263867553,edited,DucktorV/AbstractEdit,bc04f61586e5d5004a273a092131d01fd332e3e3,model_outputs_explicit/flux_kontext.parquet,738260878263867553,Open Images V7 validation,2c2541c2b82f1c70,origins/2c2541c2b82f1c70.jpg,fcd75595c70c32460291f6e2581d00b287203ef0f5fedd36aae834ec6f6fac11,openimages:2c2541c2b82f1c70,abstractedit,images/738260878263867553.jpg,42a5e0b480801c86c99fc1d869e4e65b13015f466364b92e6167bb8e7eee8b13,f1230b17a7f2792161cd0bf1e523318050aa223d1d8c7d4fe2420b5818b9b435,1024,1024,,Flux-Kontext,5a23bee4f802b9c88dd41030711aee173d27a3f8974371153439c0c363cde3a5;9dcda4b93d8c73df7b1240629bec209566cd6119bb7f800c2906b8c3826b8777
diffdetect-hierarchical-external-confirmation-v1,245,abstractedit:flux-kontext:1214916689350609554,edited,DucktorV/AbstractEdit,bc04f61586e5d5004a273a092131d01fd332e3e3,model_outputs_explicit/flux_kontext.parquet,1214916689350609554,Open Images V7 validation,148aa1f69209814f,origins/148aa1f69209814f.jpg,e0542e2870e5de20563884606c4e4f48abbbe1e7a36da5066f359c290afac78e,openimages:148aa1f69209814f,abstractedit,images/1214916689350609554.jpg,42a5e0b480801c86c99fc1d869e4e65b13015f466364b92e6167bb8e7eee8b13,06a846f8c92c8b882181c55e5ace6b12f6c4bc7ab671573ded0289fb1d38a009,1024,1024,,Flux-Kontext,5a23bee4f802b9c88dd41030711aee173d27a3f8974371153439c0c363cde3a5;9dcda4b93d8c73df7b1240629bec209566cd6119bb7f800c2906b8c3826b8777
diffdetect-hierarchical-external-confirmation-v1,246,ai-detector-arena:ai_art_gpt_image_1.5_art_09.png,synthetic,AI Detector Arena v0.1,v0.1-sha256:1e62844bba714c2e190792844d4169fa3119fac3c2c143dad1eb8062e20b67e4,v0.1,ai_art_gpt_image_1.5_art_09.png,,,,,ai-detector-arena:ai_art_gpt_image_1.5_art_09.png,ai-detector-arena-v0.1,images/242e54ad2c643a1c.png,246b431ee755d2c2462e70b8fbf0d3bac7d14d79bc62bd65c047f61c5f9b12ed,c6a6e1366bbdbac9b5653892ab0813163866e3219fbf45d8ec777d5f1affc4b6,1024,1024,GPT Image 1.5,,5a23bee4f802b9c88dd41030711aee173d27a3f8974371153439c0c363cde3a5;9dcda4b93d8c73df7b1240629bec209566cd6119bb7f800c2906b8c3826b8777
diffdetect-hierarchical-external-confirmation-v1,247,openimages:2d5ae4046c2689cc,real,Open Images V6 validation,Open-Images-V6-validation,validation,2d5ae4046c2689cc,,,,,openimages:2d5ae4046c2689cc,openimages-v6,images/2d5ae4046c2689cc.jpg,ed93a0e121fe345effdfc7359b848dbc64a1ff6778c8c73563157cb500b33a17,9cdf04fbcb9c6abbeaee93d0fd94f5fd794e4a84a9c62a731d3c2be546daa635,1024,768,,,5a23bee4f802b9c88dd41030711aee173d27a3f8974371153439c0c363cde3a5;9dcda4b93d8c73df7b1240629bec209566cd6119bb7f800c2906b8c3826b8777
diffdetect-hierarchical-external-confirmation-v1,248,openimages:895f7651cd702d42,real,Open Images V6 validation,Open-Images-V6-validation,validation,895f7651cd702d42,,,,,openimages:895f7651cd702d42,openimages-v6,images/895f7651cd702d42.jpg,ed93a0e121fe345effdfc7359b848dbc64a1ff6778c8c73563157cb500b33a17,52e5230f80c9bd3ad61c17e7754f71588e74b18a978d23586af3fd9774c926cc,1024,768,,,5a23bee4f802b9c88dd41030711aee173d27a3f8974371153439c0c363cde3a5;9dcda4b93d8c73df7b1240629bec209566cd6119bb7f800c2906b8c3826b8777
diffdetect-hierarchical-external-confirmation-v1,249,genimage:Wukong:wukong/test/ai/350_wukong_image198.png,synthetic,nebula/GenImage-arrow,3f4b9f921a673be09a93b335ed728cea0c6ecf33,test,Wukong:wukong/test/ai/350_wukong_image198.png,,,,,genimage:Wukong:wukong/test/ai/350_wukong_image198.png,genimage,images/0178e771d040ed38.png,00a9b763814c877217b966467eae5397ff03b3037e12eab9985da0d288b61f10,463746516cba66400739327bb35d76df62c63d00bab29a10d59be6a6523bb6e0,512,512,Wukong,,5a23bee4f802b9c88dd41030711aee173d27a3f8974371153439c0c363cde3a5;9dcda4b93d8c73df7b1240629bec209566cd6119bb7f800c2906b8c3826b8777
diffdetect-hierarchical-external-confirmation-v1,250,genimage:VQDM:VQDM/test/ai/VQDM_1000_200_09_903_vqdm_00127.png,synthetic,nebula/GenImage-arrow,3f4b9f921a673be09a93b335ed728cea0c6ecf33,test,VQDM:VQDM/test/ai/VQDM_1000_200_09_903_vqdm_00127.png,,,,,genimage:VQDM:VQDM/test/ai/VQDM_1000_200_09_903_vqdm_00127.png,genimage,images/594124104fa19a58.png,00a9b763814c877217b966467eae5397ff03b3037e12eab9985da0d288b61f10,f53e7801824a3efb28bbadf3b05a180f023cd643cba1ba549b3ac0e8fea4ccf4,256,256,VQDM,,5a23bee4f802b9c88dd41030711aee173d27a3f8974371153439c0c363cde3a5;9dcda4b93d8c73df7b1240629bec209566cd6119bb7f800c2906b8c3826b8777
diffdetect-hierarchical-external-confirmation-v1,251,openimages:1503bd61338a3622,real,Open Images V6 validation,Open-Images-V6-validation,validation,1503bd61338a3622,,,,,openimages:1503bd61338a3622,openimages-v6,images/1503bd61338a3622.jpg,ed93a0e121fe345effdfc7359b848dbc64a1ff6778c8c73563157cb500b33a17,222b28a2ffce65a3e5e54d2503e22cd2c7d9be127afd3e501a3a51f083c6fc54,1024,768,,,5a23bee4f802b9c88dd41030711aee173d27a3f8974371153439c0c363cde3a5;9dcda4b93d8c73df7b1240629bec209566cd6119bb7f800c2906b8c3826b8777
diffdetect-hierarchical-external-confirmation-v1,252,abstractedit:flux-kontext:11963954476771596357,edited,DucktorV/AbstractEdit,bc04f61586e5d5004a273a092131d01fd332e3e3,model_outputs_explicit/flux_kontext.parquet,11963954476771596357,Open Images V7 validation,b5fd88202b337194,origins/b5fd88202b337194.jpg,7f399141769bc20ab376c7c9f1681a7f783ddde012c3e7327b4bab856f99c7e9,openimages:b5fd88202b337194,abstractedit,images/11963954476771596357.jpg,42a5e0b480801c86c99fc1d869e4e65b13015f466364b92e6167bb8e7eee8b13,b0ae43e58ee7b4e94224fec80bbf0ff8ffa214bb8eb8b81c8ce65528ec14d830,1024,1024,,Flux-Kontext,5a23bee4f802b9c88dd41030711aee173d27a3f8974371153439c0c363cde3a5;9dcda4b93d8c73df7b1240629bec209566cd6119bb7f800c2906b8c3826b8777
diffdetect-hierarchical-external-confirmation-v1,253,openimages:d441acb00a3270ad,real,Open Images V6 validation,Open-Images-V6-validation,validation,d441acb00a3270ad,,,,,openimages:d441acb00a3270ad,openimages-v6,images/d441acb00a3270ad.jpg,ed93a0e121fe345effdfc7359b848dbc64a1ff6778c8c73563157cb500b33a17,d0e7b07757e006ef185348c707cd3f735d9e7472df0c26877e3e989f20b4d9fd,1024,768,,,5a23bee4f802b9c88dd41030711aee173d27a3f8974371153439c0c363cde3a5;9dcda4b93d8c73df7b1240629bec209566cd6119bb7f800c2906b8c3826b8777
diffdetect-hierarchical-external-confirmation-v1,254,genimage:Wukong:wukong/test/ai/441_wukong_image128.png,synthetic,nebula/GenImage-arrow,3f4b9f921a673be09a93b335ed728cea0c6ecf33,test,Wukong:wukong/test/ai/441_wukong_image128.png,,,,,genimage:Wukong:wukong/test/ai/441_wukong_image128.png,genimage,images/12be7249b1e3a652.png,00a9b763814c877217b966467eae5397ff03b3037e12eab9985da0d288b61f10,0988a3b83a0bd21cc2599f8e5cc78cb8067d2ae42279b59f8779ea560088b52c,512,512,Wukong,,5a23bee4f802b9c88dd41030711aee173d27a3f8974371153439c0c363cde3a5;9dcda4b93d8c73df7b1240629bec209566cd6119bb7f800c2906b8c3826b8777
diffdetect-hierarchical-external-confirmation-v1,255,genimage:VQDM:VQDM/test/ai/VQDM_1000_200_08_861_vqdm_00127.png,synthetic,nebula/GenImage-arrow,3f4b9f921a673be09a93b335ed728cea0c6ecf33,test,VQDM:VQDM/test/ai/VQDM_1000_200_08_861_vqdm_00127.png,,,,,genimage:VQDM:VQDM/test/ai/VQDM_1000_200_08_861_vqdm_00127.png,genimage,images/f7092d06032c3f9e.png,00a9b763814c877217b966467eae5397ff03b3037e12eab9985da0d288b61f10,880ec74592355000d11f06f27d75a2837af7a573e14ba7640d4296307c6869e5,256,256,VQDM,,5a23bee4f802b9c88dd41030711aee173d27a3f8974371153439c0c363cde3a5;9dcda4b93d8c73df7b1240629bec209566cd6119bb7f800c2906b8c3826b8777
diffdetect-hierarchical-external-confirmation-v1,256,genimage:VQDM:VQDM/test/ai/VQDM_1000_200_04_475_vqdm_00143.png,synthetic,nebula/GenImage-arrow,3f4b9f921a673be09a93b335ed728cea0c6ecf33,test,VQDM:VQDM/test/ai/VQDM_1000_200_04_475_vqdm_00143.png,,,,,genimage:VQDM:VQDM/test/ai/VQDM_1000_200_04_475_vqdm_00143.png,genimage,images/a28a45ac216e5542.png,00a9b763814c877217b966467eae5397ff03b3037e12eab9985da0d288b61f10,5f8f9c90d9de2c553dcc12e25cf8bd51ef9e87597e65f472c851007b8b03816c,256,256,VQDM,,5a23bee4f802b9c88dd41030711aee173d27a3f8974371153439c0c363cde3a5;9dcda4b93d8c73df7b1240629bec209566cd6119bb7f800c2906b8c3826b8777
diffdetect-hierarchical-external-confirmation-v1,257,ai-detector-arena:ai_food_gpt_image_1.5_food_06.png,synthetic,AI Detector Arena v0.1,v0.1-sha256:1e62844bba714c2e190792844d4169fa3119fac3c2c143dad1eb8062e20b67e4,v0.1,ai_food_gpt_image_1.5_food_06.png,,,,,ai-detector-arena:ai_food_gpt_image_1.5_food_06.png,ai-detector-arena-v0.1,images/4b46012895162267.png,246b431ee755d2c2462e70b8fbf0d3bac7d14d79bc62bd65c047f61c5f9b12ed,e721430d431a264fec9c56c7edbce89b59c4e6a6de2f27d689e47081ad682596,1024,1024,GPT Image 1.5,,5a23bee4f802b9c88dd41030711aee173d27a3f8974371153439c0c363cde3a5;9dcda4b93d8c73df7b1240629bec209566cd6119bb7f800c2906b8c3826b8777
diffdetect-hierarchical-external-confirmation-v1,258,abstractedit:flux-kontext:6445827548758055382,edited,DucktorV/AbstractEdit,bc04f61586e5d5004a273a092131d01fd332e3e3,model_outputs_explicit/flux_kontext.parquet,6445827548758055382,Open Images V7 validation,3369464caa4198ea,origins/3369464caa4198ea.jpg,9b2fe332e7ca2524c0ed1bc55dd381d0f17137d6d2c84252c0f66f346b670b95,openimages:3369464caa4198ea,abstractedit,images/6445827548758055382.jpg,42a5e0b480801c86c99fc1d869e4e65b13015f466364b92e6167bb8e7eee8b13,c83a04c058da2c6afb7fe6f5b956241c0fa9d9f94f63a5ad960b16158febde8c,1024,1024,,Flux-Kontext,5a23bee4f802b9c88dd41030711aee173d27a3f8974371153439c0c363cde3a5;9dcda4b93d8c73df7b1240629bec209566cd6119bb7f800c2906b8c3826b8777
diffdetect-hierarchical-external-confirmation-v1,259,abstractedit:flux-kontext:16989230150568390479,edited,DucktorV/AbstractEdit,bc04f61586e5d5004a273a092131d01fd332e3e3,model_outputs_explicit/flux_kontext.parquet,16989230150568390479,Open Images V7 validation,a69d0921f6aaa2bb,origins/a69d0921f6aaa2bb.jpg,ed05c7e7bcaea6d5bcbb305b5705430c99b1ddf7a79b06c167f5d7641253d1cd,openimages:a69d0921f6aaa2bb,abstractedit,images/16989230150568390479.jpg,42a5e0b480801c86c99fc1d869e4e65b13015f466364b92e6167bb8e7eee8b13,fc984cff3fc84e7df9ac01c106238101b9ccaa12b09d05fe17b613b872b74a37,1024,1024,,Flux-Kontext,5a23bee4f802b9c88dd41030711aee173d27a3f8974371153439c0c363cde3a5;9dcda4b93d8c73df7b1240629bec209566cd6119bb7f800c2906b8c3826b8777
diffdetect-hierarchical-external-confirmation-v1,260,ai-detector-arena:ai_animal_gemini_3_pro_animal_01.png,synthetic,AI Detector Arena v0.1,v0.1-sha256:1e62844bba714c2e190792844d4169fa3119fac3c2c143dad1eb8062e20b67e4,v0.1,ai_animal_gemini_3_pro_animal_01.png,,,,,ai-detector-arena:ai_animal_gemini_3_pro_animal_01.png,ai-detector-arena-v0.1,images/207d7e3f820cc897.png,246b431ee755d2c2462e70b8fbf0d3bac7d14d79bc62bd65c047f61c5f9b12ed,fda5f59b985fdb227db9751a8d0a3a94eccba9e1975f14920d665d0c3f89af93,1024,1024,Gemini 3 Pro,,5a23bee4f802b9c88dd41030711aee173d27a3f8974371153439c0c363cde3a5;9dcda4b93d8c73df7b1240629bec209566cd6119bb7f800c2906b8c3826b8777
diffdetect-hierarchical-external-confirmation-v1,261,genimage:VQDM:VQDM/test/ai/VQDM_1000_200_00_014_vqdm_00143.png,synthetic,nebula/GenImage-arrow,3f4b9f921a673be09a93b335ed728cea0c6ecf33,test,VQDM:VQDM/test/ai/VQDM_1000_200_00_014_vqdm_00143.png,,,,,genimage:VQDM:VQDM/test/ai/VQDM_1000_200_00_014_vqdm_00143.png,genimage,images/56c8c60efd0db503.png,00a9b763814c877217b966467eae5397ff03b3037e12eab9985da0d288b61f10,9c296cda2c5cf48d6df4340b10d822544e77a28e2e9dff4e0eab4f98597134ac,256,256,VQDM,,5a23bee4f802b9c88dd41030711aee173d27a3f8974371153439c0c363cde3a5;9dcda4b93d8c73df7b1240629bec209566cd6119bb7f800c2906b8c3826b8777
diffdetect-hierarchical-external-confirmation-v1,262,genimage:Wukong:wukong/test/ai/553_wukong_image61.png,synthetic,nebula/GenImage-arrow,3f4b9f921a673be09a93b335ed728cea0c6ecf33,test,Wukong:wukong/test/ai/553_wukong_image61.png,,,,,genimage:Wukong:wukong/test/ai/553_wukong_image61.png,genimage,images/d0f688cb3d9457a3.png,00a9b763814c877217b966467eae5397ff03b3037e12eab9985da0d288b61f10,89fea64bbaf1bd6322d1e6df58ac85867c04a8f4831ca614d49b938a8c9e04a9,512,512,Wukong,,5a23bee4f802b9c88dd41030711aee173d27a3f8974371153439c0c363cde3a5;9dcda4b93d8c73df7b1240629bec209566cd6119bb7f800c2906b8c3826b8777
diffdetect-hierarchical-external-confirmation-v1,263,genimage:Wukong:wukong/test/ai/897_wukong_image61.png,synthetic,nebula/GenImage-arrow,3f4b9f921a673be09a93b335ed728cea0c6ecf33,test,Wukong:wukong/test/ai/897_wukong_image61.png,,,,,genimage:Wukong:wukong/test/ai/897_wukong_image61.png,genimage,images/2e598d51d0b1c7f1.png,00a9b763814c877217b966467eae5397ff03b3037e12eab9985da0d288b61f10,4210ddb86ac55f097f7451642bfb591faa0cbe2526f755ad36c0ce00de666bb4,512,512,Wukong,,5a23bee4f802b9c88dd41030711aee173d27a3f8974371153439c0c363cde3a5;9dcda4b93d8c73df7b1240629bec209566cd6119bb7f800c2906b8c3826b8777
diffdetect-hierarchical-external-confirmation-v1,264,abstractedit:flux-kontext:1598761218907881472,edited,DucktorV/AbstractEdit,bc04f61586e5d5004a273a092131d01fd332e3e3,model_outputs_explicit/flux_kontext.parquet,1598761218907881472,Open Images V7 validation,2b844596f13b4c98,origins/2b844596f13b4c98.jpg,c7830e59176ed1698677b1072d522e67fc6aede1b813c1bb65b918d79b5ae4a0,openimages:2b844596f13b4c98,abstractedit,images/1598761218907881472.jpg,42a5e0b480801c86c99fc1d869e4e65b13015f466364b92e6167bb8e7eee8b13,1ce0cd146518ee0a0a55b615ac0c7acfd61b5cb2338d4f7d5eb638542a113586,1024,1024,,Flux-Kontext,5a23bee4f802b9c88dd41030711aee173d27a3f8974371153439c0c363cde3a5;9dcda4b93d8c73df7b1240629bec209566cd6119bb7f800c2906b8c3826b8777
diffdetect-hierarchical-external-confirmation-v1,265,abstractedit:flux-kontext:1554932375515344964,edited,DucktorV/AbstractEdit,bc04f61586e5d5004a273a092131d01fd332e3e3,model_outputs_explicit/flux_kontext.parquet,1554932375515344964,Open Images V7 validation,01125dd72c09cc5a,origins/01125dd72c09cc5a.jpg,5251c6f9c200714986bc18bdb82e119578b0c783c75bfdcd5d5158f0b905c0eb,openimages:01125dd72c09cc5a,abstractedit,images/1554932375515344964.jpg,42a5e0b480801c86c99fc1d869e4e65b13015f466364b92e6167bb8e7eee8b13,74fa756a3c65dc632527a2719fe668c0bc0f2667f2b038ee55e611b744349fa6,1024,1024,,Flux-Kontext,5a23bee4f802b9c88dd41030711aee173d27a3f8974371153439c0c363cde3a5;9dcda4b93d8c73df7b1240629bec209566cd6119bb7f800c2906b8c3826b8777
diffdetect-hierarchical-external-confirmation-v1,266,abstractedit:flux-kontext:6814222598811989975,edited,DucktorV/AbstractEdit,bc04f61586e5d5004a273a092131d01fd332e3e3,model_outputs_explicit/flux_kontext.parquet,6814222598811989975,Open Images V7 validation,bf090acbcee8189f,origins/bf090acbcee8189f.jpg,883287642825a68d4bb4a16fd94d18fd7739b80c05272f96bb5da6cd846667d0,openimages:bf090acbcee8189f,abstractedit,images/6814222598811989975.jpg,42a5e0b480801c86c99fc1d869e4e65b13015f466364b92e6167bb8e7eee8b13,37490850ac07517b6b651f967a91c23345c0b9e9f781c2f0366f2bc08f81cfaa,1024,1024,,Flux-Kontext,5a23bee4f802b9c88dd41030711aee173d27a3f8974371153439c0c363cde3a5;9dcda4b93d8c73df7b1240629bec209566cd6119bb7f800c2906b8c3826b8777
diffdetect-hierarchical-external-confirmation-v1,267,openimages:5c223a1623b91b1c,real,Open Images V6 validation,Open-Images-V6-validation,validation,5c223a1623b91b1c,,,,,openimages:5c223a1623b91b1c,openimages-v6,images/5c223a1623b91b1c.jpg,ed93a0e121fe345effdfc7359b848dbc64a1ff6778c8c73563157cb500b33a17,c4227c2a9ed08a54104014ba5850d52c9ca0b88f3683f153d203198103c75cae,730,1024,,,5a23bee4f802b9c88dd41030711aee173d27a3f8974371153439c0c363cde3a5;9dcda4b93d8c73df7b1240629bec209566cd6119bb7f800c2906b8c3826b8777
diffdetect-hierarchical-external-confirmation-v1,268,ai-detector-arena:ai_landscape_gemini_3_pro_landscape_08.png,synthetic,AI Detector Arena v0.1,v0.1-sha256:1e62844bba714c2e190792844d4169fa3119fac3c2c143dad1eb8062e20b67e4,v0.1,ai_landscape_gemini_3_pro_landscape_08.png,,,,,ai-detector-arena:ai_landscape_gemini_3_pro_landscape_08.png,ai-detector-arena-v0.1,images/93ffb3077cbe51e9.png,246b431ee755d2c2462e70b8fbf0d3bac7d14d79bc62bd65c047f61c5f9b12ed,0534f002e341d35b69b6f5c3e953be9f13ef9df4e3b46e2abedcc2a2277e18ae,1024,1024,Gemini 3 Pro,,5a23bee4f802b9c88dd41030711aee173d27a3f8974371153439c0c363cde3a5;9dcda4b93d8c73df7b1240629bec209566cd6119bb7f800c2906b8c3826b8777
diffdetect-hierarchical-external-confirmation-v1,269,genimage:Wukong:wukong/test/ai/140_wukong_image86.png,synthetic,nebula/GenImage-arrow,3f4b9f921a673be09a93b335ed728cea0c6ecf33,test,Wukong:wukong/test/ai/140_wukong_image86.png,,,,,genimage:Wukong:wukong/test/ai/140_wukong_image86.png,genimage,images/d19dfb99a7d08480.png,00a9b763814c877217b966467eae5397ff03b3037e12eab9985da0d288b61f10,09708faff09237fba8d8d42259759cfbebacc6c310934ff2e5208ca151ce15be,512,512,Wukong,,5a23bee4f802b9c88dd41030711aee173d27a3f8974371153439c0c363cde3a5;9dcda4b93d8c73df7b1240629bec209566cd6119bb7f800c2906b8c3826b8777
diffdetect-hierarchical-external-confirmation-v1,270,openimages:3fc146f200e5ca73,real,Open Images V6 validation,Open-Images-V6-validation,validation,3fc146f200e5ca73,,,,,openimages:3fc146f200e5ca73,openimages-v6,images/3fc146f200e5ca73.jpg,ed93a0e121fe345effdfc7359b848dbc64a1ff6778c8c73563157cb500b33a17,19834b3d28a54fff03bdd4ae9311dbef00940be42f717e19f55ec9b366d573b5,1024,683,,,5a23bee4f802b9c88dd41030711aee173d27a3f8974371153439c0c363cde3a5;9dcda4b93d8c73df7b1240629bec209566cd6119bb7f800c2906b8c3826b8777
diffdetect-hierarchical-external-confirmation-v1,271,abstractedit:flux-kontext:5871856139845580043,edited,DucktorV/AbstractEdit,bc04f61586e5d5004a273a092131d01fd332e3e3,model_outputs_explicit/flux_kontext.parquet,5871856139845580043,Open Images V7 validation,1d30594a307e3c7b,origins/1d30594a307e3c7b.jpg,c9fff3cd29dba1be2723894fdb4130fcab30fd6259aead3807a1c11835727409,openimages:1d30594a307e3c7b,abstractedit,images/5871856139845580043.jpg,42a5e0b480801c86c99fc1d869e4e65b13015f466364b92e6167bb8e7eee8b13,19b7822074d639703545d55ed7d616db9a22fd6690919e78fa6b266d695a77c4,1024,1024,,Flux-Kontext,5a23bee4f802b9c88dd41030711aee173d27a3f8974371153439c0c363cde3a5;9dcda4b93d8c73df7b1240629bec209566cd6119bb7f800c2906b8c3826b8777
diffdetect-hierarchical-external-confirmation-v1,272,genimage:Wukong:wukong/test/ai/199_wukong_image198.png,synthetic,nebula/GenImage-arrow,3f4b9f921a673be09a93b335ed728cea0c6ecf33,test,Wukong:wukong/test/ai/199_wukong_image198.png,,,,,genimage:Wukong:wukong/test/ai/199_wukong_image198.png,genimage,images/bf93c038d9e7b99e.png,00a9b763814c877217b966467eae5397ff03b3037e12eab9985da0d288b61f10,6dfc3040cee83a9d55d3a80463444c0dbc3832fd07f8e53fb2e8d224c07c537b,512,512,Wukong,,5a23bee4f802b9c88dd41030711aee173d27a3f8974371153439c0c363cde3a5;9dcda4b93d8c73df7b1240629bec209566cd6119bb7f800c2906b8c3826b8777
diffdetect-hierarchical-external-confirmation-v1,273,genimage:Wukong:wukong/test/ai/716_wukong_image188.png,synthetic,nebula/GenImage-arrow,3f4b9f921a673be09a93b335ed728cea0c6ecf33,test,Wukong:wukong/test/ai/716_wukong_image188.png,,,,,genimage:Wukong:wukong/test/ai/716_wukong_image188.png,genimage,images/a4b71ff207e78fa5.png,00a9b763814c877217b966467eae5397ff03b3037e12eab9985da0d288b61f10,6ca13f1445d5d8c1f9662cdf84a4220dfd8ddac40a769ecafefefc47f7886d55,512,512,Wukong,,5a23bee4f802b9c88dd41030711aee173d27a3f8974371153439c0c363cde3a5;9dcda4b93d8c73df7b1240629bec209566cd6119bb7f800c2906b8c3826b8777
diffdetect-hierarchical-external-confirmation-v1,274,openimages:87dfc734bb6b4dd2,real,Open Images V6 validation,Open-Images-V6-validation,validation,87dfc734bb6b4dd2,,,,,openimages:87dfc734bb6b4dd2,openimages-v6,images/87dfc734bb6b4dd2.jpg,ed93a0e121fe345effdfc7359b848dbc64a1ff6778c8c73563157cb500b33a17,fa2d1ff24612905b007882e8d1ed90f992237c3f8bd2dbb10122c1c84fe22916,1024,768,,,5a23bee4f802b9c88dd41030711aee173d27a3f8974371153439c0c363cde3a5;9dcda4b93d8c73df7b1240629bec209566cd6119bb7f800c2906b8c3826b8777
diffdetect-hierarchical-external-confirmation-v1,275,ai-detector-arena:ai_landscape_gemini_3_pro_landscape_07.png,synthetic,AI Detector Arena v0.1,v0.1-sha256:1e62844bba714c2e190792844d4169fa3119fac3c2c143dad1eb8062e20b67e4,v0.1,ai_landscape_gemini_3_pro_landscape_07.png,,,,,ai-detector-arena:ai_landscape_gemini_3_pro_landscape_07.png,ai-detector-arena-v0.1,images/10243df0a538320a.png,246b431ee755d2c2462e70b8fbf0d3bac7d14d79bc62bd65c047f61c5f9b12ed,f41f7cb1c9f21a5252d894f43bfcd5413ac6430f1fae92164ecaefdbba486d88,1024,1024,Gemini 3 Pro,,5a23bee4f802b9c88dd41030711aee173d27a3f8974371153439c0c363cde3a5;9dcda4b93d8c73df7b1240629bec209566cd6119bb7f800c2906b8c3826b8777
diffdetect-hierarchical-external-confirmation-v1,276,openimages:4d27afeb34e5280f,real,Open Images V6 validation,Open-Images-V6-validation,validation,4d27afeb34e5280f,,,,,openimages:4d27afeb34e5280f,openimages-v6,images/4d27afeb34e5280f.jpg,ed93a0e121fe345effdfc7359b848dbc64a1ff6778c8c73563157cb500b33a17,e2dc8c939c47329fe5cbb96beca1050fec10fff552003f436db90ad0c82e52c7,1024,679,,,5a23bee4f802b9c88dd41030711aee173d27a3f8974371153439c0c363cde3a5;9dcda4b93d8c73df7b1240629bec209566cd6119bb7f800c2906b8c3826b8777
diffdetect-hierarchical-external-confirmation-v1,277,genimage:Wukong:wukong/test/ai/415_wukong_image88.png,synthetic,nebula/GenImage-arrow,3f4b9f921a673be09a93b335ed728cea0c6ecf33,test,Wukong:wukong/test/ai/415_wukong_image88.png,,,,,genimage:Wukong:wukong/test/ai/415_wukong_image88.png,genimage,images/3460d899d75c4f1b.png,00a9b763814c877217b966467eae5397ff03b3037e12eab9985da0d288b61f10,ee8436c4d0ad43cc22b8b0bfb83b9cfa7daa473732a48ad591c3a4e4950a794d,512,512,Wukong,,5a23bee4f802b9c88dd41030711aee173d27a3f8974371153439c0c363cde3a5;9dcda4b93d8c73df7b1240629bec209566cd6119bb7f800c2906b8c3826b8777
diffdetect-hierarchical-external-confirmation-v1,278,abstractedit:flux-kontext:10577139408020270277,edited,DucktorV/AbstractEdit,bc04f61586e5d5004a273a092131d01fd332e3e3,model_outputs_explicit/flux_kontext.parquet,10577139408020270277,Open Images V7 validation,f4333d13560136a2,origins/f4333d13560136a2.jpg,86e1ed1842a533c8d459f5d0e022ac4fb351e8131c071e0102ba206761cc1a87,openimages:f4333d13560136a2,abstractedit,images/10577139408020270277.jpg,42a5e0b480801c86c99fc1d869e4e65b13015f466364b92e6167bb8e7eee8b13,de40b7055870a8c19c7804230286f965fd283a1aa7274fb1858b68837aea545e,1024,1024,,Flux-Kontext,5a23bee4f802b9c88dd41030711aee173d27a3f8974371153439c0c363cde3a5;9dcda4b93d8c73df7b1240629bec209566cd6119bb7f800c2906b8c3826b8777
diffdetect-hierarchical-external-confirmation-v1,279,genimage:VQDM:VQDM/test/ai/VQDM_1000_200_02_274_vqdm_00039.png,synthetic,nebula/GenImage-arrow,3f4b9f921a673be09a93b335ed728cea0c6ecf33,test,VQDM:VQDM/test/ai/VQDM_1000_200_02_274_vqdm_00039.png,,,,,genimage:VQDM:VQDM/test/ai/VQDM_1000_200_02_274_vqdm_00039.png,genimage,images/83a39b5dd647bc16.png,00a9b763814c877217b966467eae5397ff03b3037e12eab9985da0d288b61f10,4f1f0be478b6b44404775c26d2e4978b4b12014a03f651b5b93d569b0032f0d8,256,256,VQDM,,5a23bee4f802b9c88dd41030711aee173d27a3f8974371153439c0c363cde3a5;9dcda4b93d8c73df7b1240629bec209566cd6119bb7f800c2906b8c3826b8777
diffdetect-hierarchical-external-confirmation-v1,280,genimage:Wukong:wukong/test/ai/528_wukong_image61.png,synthetic,nebula/GenImage-arrow,3f4b9f921a673be09a93b335ed728cea0c6ecf33,test,Wukong:wukong/test/ai/528_wukong_image61.png,,,,,genimage:Wukong:wukong/test/ai/528_wukong_image61.png,genimage,images/0ee2799b7c918440.png,00a9b763814c877217b966467eae5397ff03b3037e12eab9985da0d288b61f10,77d5c58159ed71ff91ee6d9bd90ba67e100ac0deb4b9cf75adb378e846d64da7,512,512,Wukong,,5a23bee4f802b9c88dd41030711aee173d27a3f8974371153439c0c363cde3a5;9dcda4b93d8c73df7b1240629bec209566cd6119bb7f800c2906b8c3826b8777
diffdetect-hierarchical-external-confirmation-v1,281,ai-detector-arena:ai_product_gemini_3_pro_product_07.png,synthetic,AI Detector Arena v0.1,v0.1-sha256:1e62844bba714c2e190792844d4169fa3119fac3c2c143dad1eb8062e20b67e4,v0.1,ai_product_gemini_3_pro_product_07.png,,,,,ai-detector-arena:ai_product_gemini_3_pro_product_07.png,ai-detector-arena-v0.1,images/5c33ad0dbc3844be.png,246b431ee755d2c2462e70b8fbf0d3bac7d14d79bc62bd65c047f61c5f9b12ed,904ac5d50fd94b6009860de968b22de7f932c1c2862c94d96ecb4d0d03ab73e7,1024,1024,Gemini 3 Pro,,5a23bee4f802b9c88dd41030711aee173d27a3f8974371153439c0c363cde3a5;9dcda4b93d8c73df7b1240629bec209566cd6119bb7f800c2906b8c3826b8777
diffdetect-hierarchical-external-confirmation-v1,282,abstractedit:flux-kontext:10582780758830187743,edited,DucktorV/AbstractEdit,bc04f61586e5d5004a273a092131d01fd332e3e3,model_outputs_explicit/flux_kontext.parquet,10582780758830187743,Open Images V7 validation,48abd1db27d7de96,origins/48abd1db27d7de96.jpg,daab836ecec3e95026706b0b02b877b375bf8cd47ce71734e9b9097736024509,openimages:48abd1db27d7de96,abstractedit,images/10582780758830187743.jpg,42a5e0b480801c86c99fc1d869e4e65b13015f466364b92e6167bb8e7eee8b13,c739869bc00f0860331db7492ccffc0b66972d0738448bdacbf2b98608f794bd,1024,1024,,Flux-Kontext,5a23bee4f802b9c88dd41030711aee173d27a3f8974371153439c0c363cde3a5;9dcda4b93d8c73df7b1240629bec209566cd6119bb7f800c2906b8c3826b8777
diffdetect-hierarchical-external-confirmation-v1,283,ai-detector-arena:ai_food_gpt_image_1.5_food_04.png,synthetic,AI Detector Arena v0.1,v0.1-sha256:1e62844bba714c2e190792844d4169fa3119fac3c2c143dad1eb8062e20b67e4,v0.1,ai_food_gpt_image_1.5_food_04.png,,,,,ai-detector-arena:ai_food_gpt_image_1.5_food_04.png,ai-detector-arena-v0.1,images/e018289be376796d.png,246b431ee755d2c2462e70b8fbf0d3bac7d14d79bc62bd65c047f61c5f9b12ed,aafb2f98ceefda5414f5894cdb011e318b7dc17fa98ac52d48ba9d51874f6d69,1024,1024,GPT Image 1.5,,5a23bee4f802b9c88dd41030711aee173d27a3f8974371153439c0c363cde3a5;9dcda4b93d8c73df7b1240629bec209566cd6119bb7f800c2906b8c3826b8777
diffdetect-hierarchical-external-confirmation-v1,284,ai-detector-arena:ai_product_gemini_3_pro_product_10.png,synthetic,AI Detector Arena v0.1,v0.1-sha256:1e62844bba714c2e190792844d4169fa3119fac3c2c143dad1eb8062e20b67e4,v0.1,ai_product_gemini_3_pro_product_10.png,,,,,ai-detector-arena:ai_product_gemini_3_pro_product_10.png,ai-detector-arena-v0.1,images/b911dd0cb0cda5aa.png,246b431ee755d2c2462e70b8fbf0d3bac7d14d79bc62bd65c047f61c5f9b12ed,2f5e0bb6d4b6ce1096575eee6160ffd768feaff250b240ca2ca9f424781477b9,1024,1024,Gemini 3 Pro,,5a23bee4f802b9c88dd41030711aee173d27a3f8974371153439c0c363cde3a5;9dcda4b93d8c73df7b1240629bec209566cd6119bb7f800c2906b8c3826b8777
diffdetect-hierarchical-external-confirmation-v1,285,genimage:Wukong:wukong/test/ai/58_wukong_image61.png,synthetic,nebula/GenImage-arrow,3f4b9f921a673be09a93b335ed728cea0c6ecf33,test,Wukong:wukong/test/ai/58_wukong_image61.png,,,,,genimage:Wukong:wukong/test/ai/58_wukong_image61.png,genimage,images/9171b1450b3123d5.png,00a9b763814c877217b966467eae5397ff03b3037e12eab9985da0d288b61f10,151fcbb36df2b374bd130acf56f229bc5362e5a6299e270f489951b32226b5d4,512,512,Wukong,,5a23bee4f802b9c88dd41030711aee173d27a3f8974371153439c0c363cde3a5;9dcda4b93d8c73df7b1240629bec209566cd6119bb7f800c2906b8c3826b8777
diffdetect-hierarchical-external-confirmation-v1,286,abstractedit:flux-kontext:13307126470389788110,edited,DucktorV/AbstractEdit,bc04f61586e5d5004a273a092131d01fd332e3e3,model_outputs_explicit/flux_kontext.parquet,13307126470389788110,Open Images V7 validation,aee0aed0e42e7c8c,origins/aee0aed0e42e7c8c.jpg,8bb844df9053336e6e2c3a8d1d5b3a241fb9f0613be8349f894e8cc3082878ef,openimages:aee0aed0e42e7c8c,abstractedit,images/13307126470389788110.jpg,42a5e0b480801c86c99fc1d869e4e65b13015f466364b92e6167bb8e7eee8b13,4bba5cba8d1994a83fd695f5d88469e39181bdcd80e18b243e9f2a259ba47f93,1024,1024,,Flux-Kontext,5a23bee4f802b9c88dd41030711aee173d27a3f8974371153439c0c363cde3a5;9dcda4b93d8c73df7b1240629bec209566cd6119bb7f800c2906b8c3826b8777
diffdetect-hierarchical-external-confirmation-v1,287,genimage:VQDM:VQDM/test/ai/VQDM_1000_200_06_646_vqdm_00143.png,synthetic,nebula/GenImage-arrow,3f4b9f921a673be09a93b335ed728cea0c6ecf33,test,VQDM:VQDM/test/ai/VQDM_1000_200_06_646_vqdm_00143.png,,,,,genimage:VQDM:VQDM/test/ai/VQDM_1000_200_06_646_vqdm_00143.png,genimage,images/edb0e8a6ae18abb3.png,00a9b763814c877217b966467eae5397ff03b3037e12eab9985da0d288b61f10,c48ddda2c538a9bcad988e12f0db82d4a7a0c73e52cc2c598b05eab259d4d1ba,256,256,VQDM,,5a23bee4f802b9c88dd41030711aee173d27a3f8974371153439c0c363cde3a5;9dcda4b93d8c73df7b1240629bec209566cd6119bb7f800c2906b8c3826b8777
diffdetect-hierarchical-external-confirmation-v1,288,ai-detector-arena:ai_landscape_gpt_image_1.5_landscape_01.png,synthetic,AI Detector Arena v0.1,v0.1-sha256:1e62844bba714c2e190792844d4169fa3119fac3c2c143dad1eb8062e20b67e4,v0.1,ai_landscape_gpt_image_1.5_landscape_01.png,,,,,ai-detector-arena:ai_landscape_gpt_image_1.5_landscape_01.png,ai-detector-arena-v0.1,images/3689ad8c028e47fa.png,246b431ee755d2c2462e70b8fbf0d3bac7d14d79bc62bd65c047f61c5f9b12ed,7320327610e74b3f3126f784a53a214241902ddb81045c2d64ed4e119e25944c,1024,1024,GPT Image 1.5,,5a23bee4f802b9c88dd41030711aee173d27a3f8974371153439c0c363cde3a5;9dcda4b93d8c73df7b1240629bec209566cd6119bb7f800c2906b8c3826b8777
diffdetect-hierarchical-external-confirmation-v1,289,openimages:0104146c74de8719,real,Open Images V6 validation,Open-Images-V6-validation,validation,0104146c74de8719,,,,,openimages:0104146c74de8719,openimages-v6,images/0104146c74de8719.jpg,ed93a0e121fe345effdfc7359b848dbc64a1ff6778c8c73563157cb500b33a17,8508f0159456db76d6eaa668f8794ceb6d441ae23a8a9259bdbcd61640975119,1024,683,,,5a23bee4f802b9c88dd41030711aee173d27a3f8974371153439c0c363cde3a5;9dcda4b93d8c73df7b1240629bec209566cd6119bb7f800c2906b8c3826b8777
diffdetect-hierarchical-external-confirmation-v1,290,genimage:Wukong:wukong/test/ai/346_wukong_image61.png,synthetic,nebula/GenImage-arrow,3f4b9f921a673be09a93b335ed728cea0c6ecf33,test,Wukong:wukong/test/ai/346_wukong_image61.png,,,,,genimage:Wukong:wukong/test/ai/346_wukong_image61.png,genimage,images/c7d0b9a5b2293d54.png,00a9b763814c877217b966467eae5397ff03b3037e12eab9985da0d288b61f10,70792719eab586ac9f5d937ab76279b920de6c727b67ea4922704d6f853465de,512,512,Wukong,,5a23bee4f802b9c88dd41030711aee173d27a3f8974371153439c0c363cde3a5;9dcda4b93d8c73df7b1240629bec209566cd6119bb7f800c2906b8c3826b8777
diffdetect-hierarchical-external-confirmation-v1,291,abstractedit:flux-kontext:14517967753570929311,edited,DucktorV/AbstractEdit,bc04f61586e5d5004a273a092131d01fd332e3e3,model_outputs_explicit/flux_kontext.parquet,14517967753570929311,Open Images V7 validation,99613ebed03f72d0,origins/99613ebed03f72d0.jpg,ba224ff3643a56f7aab12dba9342ffe4973591ec398ed0a2ea6cf33829bb51fa,openimages:99613ebed03f72d0,abstractedit,images/14517967753570929311.jpg,42a5e0b480801c86c99fc1d869e4e65b13015f466364b92e6167bb8e7eee8b13,972f6ea567182265d738b5744c91764f0ab1b2b803e6715079f4469a3dca2367,1024,1024,,Flux-Kontext,5a23bee4f802b9c88dd41030711aee173d27a3f8974371153439c0c363cde3a5;9dcda4b93d8c73df7b1240629bec209566cd6119bb7f800c2906b8c3826b8777
diffdetect-hierarchical-external-confirmation-v1,292,ai-detector-arena:ai_animal_gpt_image_1.5_animal_09.png,synthetic,AI Detector Arena v0.1,v0.1-sha256:1e62844bba714c2e190792844d4169fa3119fac3c2c143dad1eb8062e20b67e4,v0.1,ai_animal_gpt_image_1.5_animal_09.png,,,,,ai-detector-arena:ai_animal_gpt_image_1.5_animal_09.png,ai-detector-arena-v0.1,images/f42d947dbf6689f5.png,246b431ee755d2c2462e70b8fbf0d3bac7d14d79bc62bd65c047f61c5f9b12ed,29eaaece0a83090c02242459bfbc5a746596eee218c37503a1dccf1ce5ed87b7,1024,1024,GPT Image 1.5,,5a23bee4f802b9c88dd41030711aee173d27a3f8974371153439c0c363cde3a5;9dcda4b93d8c73df7b1240629bec209566cd6119bb7f800c2906b8c3826b8777
diffdetect-hierarchical-external-confirmation-v1,293,openimages:39657155a78d956c,real,Open Images V6 validation,Open-Images-V6-validation,validation,39657155a78d956c,,,,,openimages:39657155a78d956c,openimages-v6,images/39657155a78d956c.jpg,ed93a0e121fe345effdfc7359b848dbc64a1ff6778c8c73563157cb500b33a17,2dd34e0a9c6b7d0e93f72c92570693b2bdb05b209f6efef06fc569ee2d76520b,1024,768,,,5a23bee4f802b9c88dd41030711aee173d27a3f8974371153439c0c363cde3a5;9dcda4b93d8c73df7b1240629bec209566cd6119bb7f800c2906b8c3826b8777
diffdetect-hierarchical-external-confirmation-v1,294,abstractedit:flux-kontext:9923499766750841402,edited,DucktorV/AbstractEdit,bc04f61586e5d5004a273a092131d01fd332e3e3,model_outputs_explicit/flux_kontext.parquet,9923499766750841402,Open Images V7 validation,f8a3225d94b50ace,origins/f8a3225d94b50ace.jpg,61197f2113dd2f88b61f5d3f63b03b2c15e748fbf30fb63cd40b7682252e0b8a,openimages:f8a3225d94b50ace,abstractedit,images/9923499766750841402.jpg,42a5e0b480801c86c99fc1d869e4e65b13015f466364b92e6167bb8e7eee8b13,9fd4f7948ddeb78d2bac9a645bd12fc52b5c56da7230844adc8778e1feeb879f,1024,1024,,Flux-Kontext,5a23bee4f802b9c88dd41030711aee173d27a3f8974371153439c0c363cde3a5;9dcda4b93d8c73df7b1240629bec209566cd6119bb7f800c2906b8c3826b8777
diffdetect-hierarchical-external-confirmation-v1,295,abstractedit:flux-kontext:9962029174975201178,edited,DucktorV/AbstractEdit,bc04f61586e5d5004a273a092131d01fd332e3e3,model_outputs_explicit/flux_kontext.parquet,9962029174975201178,Open Images V7 validation,95e4d236be42b088,origins/95e4d236be42b088.jpg,51b5756014c8fcee17a30b522f6cd8c1153c50758c729b46c4ada25ec4c2df81,openimages:95e4d236be42b088,abstractedit,images/9962029174975201178.jpg,42a5e0b480801c86c99fc1d869e4e65b13015f466364b92e6167bb8e7eee8b13,dcae28d64b975a01415b41c80e94e87e228305eee3fda58fdfefde7d2e93510b,1024,1024,,Flux-Kontext,5a23bee4f802b9c88dd41030711aee173d27a3f8974371153439c0c363cde3a5;9dcda4b93d8c73df7b1240629bec209566cd6119bb7f800c2906b8c3826b8777
diffdetect-hierarchical-external-confirmation-v1,296,abstractedit:flux-kontext:4224071043788371404,edited,DucktorV/AbstractEdit,bc04f61586e5d5004a273a092131d01fd332e3e3,model_outputs_explicit/flux_kontext.parquet,4224071043788371404,Open Images V7 validation,15a16396c6dd9b84,origins/15a16396c6dd9b84.jpg,96a17172f8cb09e87013f97faa31ed1b60b64ce5435805d0e054a2dc2f0da85c,openimages:15a16396c6dd9b84,abstractedit,images/4224071043788371404.jpg,42a5e0b480801c86c99fc1d869e4e65b13015f466364b92e6167bb8e7eee8b13,9f3553bcfb89a6759dfd5d5cd23e26c902142c99dc1387b56f9b07f650c51aeb,1024,1024,,Flux-Kontext,5a23bee4f802b9c88dd41030711aee173d27a3f8974371153439c0c363cde3a5;9dcda4b93d8c73df7b1240629bec209566cd6119bb7f800c2906b8c3826b8777
diffdetect-hierarchical-external-confirmation-v1,297,ai-detector-arena:ai_product_gemini_3_pro_product_08.png,synthetic,AI Detector Arena v0.1,v0.1-sha256:1e62844bba714c2e190792844d4169fa3119fac3c2c143dad1eb8062e20b67e4,v0.1,ai_product_gemini_3_pro_product_08.png,,,,,ai-detector-arena:ai_product_gemini_3_pro_product_08.png,ai-detector-arena-v0.1,images/89cf262d8bb49aac.png,246b431ee755d2c2462e70b8fbf0d3bac7d14d79bc62bd65c047f61c5f9b12ed,fc7bec35661381bdb75a42ec03e29edb30edc8d1aee9eb50fd31a1836af7d64b,1024,1024,Gemini 3 Pro,,5a23bee4f802b9c88dd41030711aee173d27a3f8974371153439c0c363cde3a5;9dcda4b93d8c73df7b1240629bec209566cd6119bb7f800c2906b8c3826b8777
diffdetect-hierarchical-external-confirmation-v1,298,ai-detector-arena:ai_art_gpt_image_1.5_art_03.png,synthetic,AI Detector Arena v0.1,v0.1-sha256:1e62844bba714c2e190792844d4169fa3119fac3c2c143dad1eb8062e20b67e4,v0.1,ai_art_gpt_image_1.5_art_03.png,,,,,ai-detector-arena:ai_art_gpt_image_1.5_art_03.png,ai-detector-arena-v0.1,images/7c6902c912789714.png,246b431ee755d2c2462e70b8fbf0d3bac7d14d79bc62bd65c047f61c5f9b12ed,89146f1ac003534ed5a058a3209b9b3a0aef9b3b7d8f69d60751c224959325e1,1024,1024,GPT Image 1.5,,5a23bee4f802b9c88dd41030711aee173d27a3f8974371153439c0c363cde3a5;9dcda4b93d8c73df7b1240629bec209566cd6119bb7f800c2906b8c3826b8777
diffdetect-hierarchical-external-confirmation-v1,299,abstractedit:flux-kontext:1019040821684615087,edited,DucktorV/AbstractEdit,bc04f61586e5d5004a273a092131d01fd332e3e3,model_outputs_explicit/flux_kontext.parquet,1019040821684615087,Open Images V7 validation,a0805ac4c8992d3b,origins/a0805ac4c8992d3b.jpg,77cd16f7c74a70e3b59fcf7004c9c26c9be2ce8e703cbeb052f0714961c60234,openimages:a0805ac4c8992d3b,abstractedit,images/1019040821684615087.jpg,42a5e0b480801c86c99fc1d869e4e65b13015f466364b92e6167bb8e7eee8b13,19cb560d9b008fdbaead11cb460130bb4c67f519859f5374b42fc5f5c827f49a,1024,1024,,Flux-Kontext,5a23bee4f802b9c88dd41030711aee173d27a3f8974371153439c0c363cde3a5;9dcda4b93d8c73df7b1240629bec209566cd6119bb7f800c2906b8c3826b8777
diffdetect-hierarchical-external-confirmation-v1,300,genimage:VQDM:VQDM/test/ai/VQDM_1000_200_01_107_vqdm_00039.png,synthetic,nebula/GenImage-arrow,3f4b9f921a673be09a93b335ed728cea0c6ecf33,test,VQDM:VQDM/test/ai/VQDM_1000_200_01_107_vqdm_00039.png,,,,,genimage:VQDM:VQDM/test/ai/VQDM_1000_200_01_107_vqdm_00039.png,genimage,images/4384f486805fc93f.png,00a9b763814c877217b966467eae5397ff03b3037e12eab9985da0d288b61f10,57ed89577b06b240d014a82a44c42bfe62754de21a38ba8d389db519b02760d1,256,256,VQDM,,5a23bee4f802b9c88dd41030711aee173d27a3f8974371153439c0c363cde3a5;9dcda4b93d8c73df7b1240629bec209566cd6119bb7f800c2906b8c3826b8777
diffdetect-hierarchical-external-confirmation-v1,301,abstractedit:flux-kontext:18416575642768718639,edited,DucktorV/AbstractEdit,bc04f61586e5d5004a273a092131d01fd332e3e3,model_outputs_explicit/flux_kontext.parquet,18416575642768718639,Open Images V7 validation,8705740f007afce1,origins/8705740f007afce1.jpg,474617b65b3223dd0f4bf742079be6ff9729e821699519919cdb0ccf7a91767f,openimages:8705740f007afce1,abstractedit,images/18416575642768718639.jpg,42a5e0b480801c86c99fc1d869e4e65b13015f466364b92e6167bb8e7eee8b13,6f06c8201dc96bb36d23274aa6d6778ccfc2da54dcbb4ee4e1bde0eb54382522,1024,1024,,Flux-Kontext,5a23bee4f802b9c88dd41030711aee173d27a3f8974371153439c0c363cde3a5;9dcda4b93d8c73df7b1240629bec209566cd6119bb7f800c2906b8c3826b8777
diffdetect-hierarchical-external-confirmation-v1,302,openimages:d1ef645e3687eb31,real,Open Images V6 validation,Open-Images-V6-validation,validation,d1ef645e3687eb31,,,,,openimages:d1ef645e3687eb31,openimages-v6,images/d1ef645e3687eb31.jpg,ed93a0e121fe345effdfc7359b848dbc64a1ff6778c8c73563157cb500b33a17,b0e1529be47c784f0475c75dfe007cbd928920a4b3d51b87da239c50803cf673,1024,612,,,5a23bee4f802b9c88dd41030711aee173d27a3f8974371153439c0c363cde3a5;9dcda4b93d8c73df7b1240629bec209566cd6119bb7f800c2906b8c3826b8777
diffdetect-hierarchical-external-confirmation-v1,303,openimages:638699f2a652a5d7,real,Open Images V6 validation,Open-Images-V6-validation,validation,638699f2a652a5d7,,,,,openimages:638699f2a652a5d7,openimages-v6,images/638699f2a652a5d7.jpg,ed93a0e121fe345effdfc7359b848dbc64a1ff6778c8c73563157cb500b33a17,59cd2adb905a4b06b4ba5bddd1b633af546c22c82827cb2c8d915df25a9d2ab0,1024,757,,,5a23bee4f802b9c88dd41030711aee173d27a3f8974371153439c0c363cde3a5;9dcda4b93d8c73df7b1240629bec209566cd6119bb7f800c2906b8c3826b8777
diffdetect-hierarchical-external-confirmation-v1,304,openimages:97c04935d9677194,real,Open Images V6 validation,Open-Images-V6-validation,validation,97c04935d9677194,,,,,openimages:97c04935d9677194,openimages-v6,images/97c04935d9677194.jpg,ed93a0e121fe345effdfc7359b848dbc64a1ff6778c8c73563157cb500b33a17,9c8daa9cb699e6db8990c1a6bc13596a1e1c185d11429e439fbefb4c42d44d53,1024,768,,,5a23bee4f802b9c88dd41030711aee173d27a3f8974371153439c0c363cde3a5;9dcda4b93d8c73df7b1240629bec209566cd6119bb7f800c2906b8c3826b8777
diffdetect-hierarchical-external-confirmation-v1,305,openimages:7044752744573b2d,real,Open Images V6 validation,Open-Images-V6-validation,validation,7044752744573b2d,,,,,openimages:7044752744573b2d,openimages-v6,images/7044752744573b2d.jpg,ed93a0e121fe345effdfc7359b848dbc64a1ff6778c8c73563157cb500b33a17,63cf716ba3c1619a4b184f04b4da9977e9c3bc25a39a6d56dd01ce9940b8287f,1024,842,,,5a23bee4f802b9c88dd41030711aee173d27a3f8974371153439c0c363cde3a5;9dcda4b93d8c73df7b1240629bec209566cd6119bb7f800c2906b8c3826b8777
diffdetect-hierarchical-external-confirmation-v1,306,abstractedit:flux-kontext:11434897803421363514,edited,DucktorV/AbstractEdit,bc04f61586e5d5004a273a092131d01fd332e3e3,model_outputs_explicit/flux_kontext.parquet,11434897803421363514,Open Images V7 validation,887fcb285db7fdf3,origins/887fcb285db7fdf3.jpg,02bd70d04246dee00d40c009081cea16f171562729e0a1b279aa455b13c603e5,openimages:887fcb285db7fdf3,abstractedit,images/11434897803421363514.jpg,42a5e0b480801c86c99fc1d869e4e65b13015f466364b92e6167bb8e7eee8b13,91a344da2bfd20923d3a036b4952f3c0cc4adab15aec187acc08df564a31a9c4,1024,1024,,Flux-Kontext,5a23bee4f802b9c88dd41030711aee173d27a3f8974371153439c0c363cde3a5;9dcda4b93d8c73df7b1240629bec209566cd6119bb7f800c2906b8c3826b8777
diffdetect-hierarchical-external-confirmation-v1,307,genimage:Wukong:wukong/test/ai/187_wukong_image61.png,synthetic,nebula/GenImage-arrow,3f4b9f921a673be09a93b335ed728cea0c6ecf33,test,Wukong:wukong/test/ai/187_wukong_image61.png,,,,,genimage:Wukong:wukong/test/ai/187_wukong_image61.png,genimage,images/f0e6e73c0e4fb258.png,00a9b763814c877217b966467eae5397ff03b3037e12eab9985da0d288b61f10,57e2a24f6b8525957633b3f055ed2320d2fa208e7440429d7b91f44d702a90f2,512,512,Wukong,,5a23bee4f802b9c88dd41030711aee173d27a3f8974371153439c0c363cde3a5;9dcda4b93d8c73df7b1240629bec209566cd6119bb7f800c2906b8c3826b8777
diffdetect-hierarchical-external-confirmation-v1,308,abstractedit:flux-kontext:7829415723351139676,edited,DucktorV/AbstractEdit,bc04f61586e5d5004a273a092131d01fd332e3e3,model_outputs_explicit/flux_kontext.parquet,7829415723351139676,Open Images V7 validation,7f2797813fd18a9b,origins/7f2797813fd18a9b.jpg,3d23fa25590e020a192af5101008caa3277249bdb38b6a0065ddc9e534c64910,openimages:7f2797813fd18a9b,abstractedit,images/7829415723351139676.jpg,42a5e0b480801c86c99fc1d869e4e65b13015f466364b92e6167bb8e7eee8b13,8bf4b2213860a67c54a303bcae6f7bf087ba7c957b05f4170b76da8370acc196,1024,1024,,Flux-Kontext,5a23bee4f802b9c88dd41030711aee173d27a3f8974371153439c0c363cde3a5;9dcda4b93d8c73df7b1240629bec209566cd6119bb7f800c2906b8c3826b8777
diffdetect-hierarchical-external-confirmation-v1,309,genimage:Wukong:wukong/test/ai/370_wukong_image86.png,synthetic,nebula/GenImage-arrow,3f4b9f921a673be09a93b335ed728cea0c6ecf33,test,Wukong:wukong/test/ai/370_wukong_image86.png,,,,,genimage:Wukong:wukong/test/ai/370_wukong_image86.png,genimage,images/6806d4109b118ef0.png,00a9b763814c877217b966467eae5397ff03b3037e12eab9985da0d288b61f10,c2d2c20e68343f541e9aa6e7bed02639e3dab46bbe01bf071fca1309b90f755f,512,512,Wukong,,5a23bee4f802b9c88dd41030711aee173d27a3f8974371153439c0c363cde3a5;9dcda4b93d8c73df7b1240629bec209566cd6119bb7f800c2906b8c3826b8777
diffdetect-hierarchical-external-confirmation-v1,310,openimages:fc418b3caef440aa,real,Open Images V6 validation,Open-Images-V6-validation,validation,fc418b3caef440aa,,,,,openimages:fc418b3caef440aa,openimages-v6,images/fc418b3caef440aa.jpg,ed93a0e121fe345effdfc7359b848dbc64a1ff6778c8c73563157cb500b33a17,ed6fde28b9595d1e654c93c47275bc7c631d38bda9ea97b2a57f47baa4c0f676,1024,768,,,5a23bee4f802b9c88dd41030711aee173d27a3f8974371153439c0c363cde3a5;9dcda4b93d8c73df7b1240629bec209566cd6119bb7f800c2906b8c3826b8777
diffdetect-hierarchical-external-confirmation-v1,311,openimages:26df0c72545ba7f7,real,Open Images V6 validation,Open-Images-V6-validation,validation,26df0c72545ba7f7,,,,,openimages:26df0c72545ba7f7,openimages-v6,images/26df0c72545ba7f7.jpg,ed93a0e121fe345effdfc7359b848dbc64a1ff6778c8c73563157cb500b33a17,5fb481d8ae66c55337fca5224b21b593dc681145be367d56e57ebacc882e2249,1024,768,,,5a23bee4f802b9c88dd41030711aee173d27a3f8974371153439c0c363cde3a5;9dcda4b93d8c73df7b1240629bec209566cd6119bb7f800c2906b8c3826b8777
diffdetect-hierarchical-external-confirmation-v1,312,ai-detector-arena:ai_landscape_gemini_3_pro_landscape_04.png,synthetic,AI Detector Arena v0.1,v0.1-sha256:1e62844bba714c2e190792844d4169fa3119fac3c2c143dad1eb8062e20b67e4,v0.1,ai_landscape_gemini_3_pro_landscape_04.png,,,,,ai-detector-arena:ai_landscape_gemini_3_pro_landscape_04.png,ai-detector-arena-v0.1,images/b655b698090159e9.png,246b431ee755d2c2462e70b8fbf0d3bac7d14d79bc62bd65c047f61c5f9b12ed,6b3767adcace65448d82d952037254ac72849aa1b569e140e481af8ec35000f8,1024,1024,Gemini 3 Pro,,5a23bee4f802b9c88dd41030711aee173d27a3f8974371153439c0c363cde3a5;9dcda4b93d8c73df7b1240629bec209566cd6119bb7f800c2906b8c3826b8777
diffdetect-hierarchical-external-confirmation-v1,313,openimages:53b6dd3efef932e9,real,Open Images V6 validation,Open-Images-V6-validation,validation,53b6dd3efef932e9,,,,,openimages:53b6dd3efef932e9,openimages-v6,images/53b6dd3efef932e9.jpg,ed93a0e121fe345effdfc7359b848dbc64a1ff6778c8c73563157cb500b33a17,2ba69f96f6624aed59f2b22b7d230df4cedde492fe1c84e6e0ecf12ca2a15500,1024,768,,,5a23bee4f802b9c88dd41030711aee173d27a3f8974371153439c0c363cde3a5;9dcda4b93d8c73df7b1240629bec209566cd6119bb7f800c2906b8c3826b8777
diffdetect-hierarchical-external-confirmation-v1,314,ai-detector-arena:ai_food_gemini_3_pro_food_07.png,synthetic,AI Detector Arena v0.1,v0.1-sha256:1e62844bba714c2e190792844d4169fa3119fac3c2c143dad1eb8062e20b67e4,v0.1,ai_food_gemini_3_pro_food_07.png,,,,,ai-detector-arena:ai_food_gemini_3_pro_food_07.png,ai-detector-arena-v0.1,images/471fc99f89230ada.png,246b431ee755d2c2462e70b8fbf0d3bac7d14d79bc62bd65c047f61c5f9b12ed,a5d54352da0e552c52282487bb21012c2ee96023f5763af1b9c329c2fb487181,1024,1024,Gemini 3 Pro,,5a23bee4f802b9c88dd41030711aee173d27a3f8974371153439c0c363cde3a5;9dcda4b93d8c73df7b1240629bec209566cd6119bb7f800c2906b8c3826b8777
diffdetect-hierarchical-external-confirmation-v1,315,abstractedit:flux-kontext:4044830575416753097,edited,DucktorV/AbstractEdit,bc04f61586e5d5004a273a092131d01fd332e3e3,model_outputs_explicit/flux_kontext.parquet,4044830575416753097,Open Images V7 validation,234c83ec99360973,origins/234c83ec99360973.jpg,10b006f08c0c6eda2ff896f2800c655825a4efa8115bb1c555c46218e284d191,openimages:234c83ec99360973,abstractedit,images/4044830575416753097.jpg,42a5e0b480801c86c99fc1d869e4e65b13015f466364b92e6167bb8e7eee8b13,8ff7cf125b6d8292370f427dfb8e4110be33f35dc6fa309e835f271e3877fc10,1024,1024,,Flux-Kontext,5a23bee4f802b9c88dd41030711aee173d27a3f8974371153439c0c363cde3a5;9dcda4b93d8c73df7b1240629bec209566cd6119bb7f800c2906b8c3826b8777
diffdetect-hierarchical-external-confirmation-v1,316,genimage:VQDM:VQDM/test/ai/VQDM_1000_200_05_573_vqdm_00127.png,synthetic,nebula/GenImage-arrow,3f4b9f921a673be09a93b335ed728cea0c6ecf33,test,VQDM:VQDM/test/ai/VQDM_1000_200_05_573_vqdm_00127.png,,,,,genimage:VQDM:VQDM/test/ai/VQDM_1000_200_05_573_vqdm_00127.png,genimage,images/38d17ad9fbfb3b21.png,00a9b763814c877217b966467eae5397ff03b3037e12eab9985da0d288b61f10,9fbeeb3f21b0363824c31c4bd74a01ae9acb209e1c8f0b2e0a4bf3844d1b2d24,256,256,VQDM,,5a23bee4f802b9c88dd41030711aee173d27a3f8974371153439c0c363cde3a5;9dcda4b93d8c73df7b1240629bec209566cd6119bb7f800c2906b8c3826b8777
diffdetect-hierarchical-external-confirmation-v1,317,abstractedit:flux-kontext:16898932076317732401,edited,DucktorV/AbstractEdit,bc04f61586e5d5004a273a092131d01fd332e3e3,model_outputs_explicit/flux_kontext.parquet,16898932076317732401,Open Images V7 validation,5ffb4b7a1789ef44,origins/5ffb4b7a1789ef44.jpg,4bf65f93d0ff3e9a32d3dbff13d7f860b4f5c54030ab95ad36c836ac73d39ab3,openimages:5ffb4b7a1789ef44,abstractedit,images/16898932076317732401.jpg,42a5e0b480801c86c99fc1d869e4e65b13015f466364b92e6167bb8e7eee8b13,17813fc5c658c82abfe14716c7a1b020ce98973aa0aeccc6982d0f30ed9e6ee6,1024,1024,,Flux-Kontext,5a23bee4f802b9c88dd41030711aee173d27a3f8974371153439c0c363cde3a5;9dcda4b93d8c73df7b1240629bec209566cd6119bb7f800c2906b8c3826b8777
diffdetect-hierarchical-external-confirmation-v1,318,genimage:VQDM:VQDM/test/ai/VQDM_1000_200_07_724_vqdm_00035.png,synthetic,nebula/GenImage-arrow,3f4b9f921a673be09a93b335ed728cea0c6ecf33,test,VQDM:VQDM/test/ai/VQDM_1000_200_07_724_vqdm_00035.png,,,,,genimage:VQDM:VQDM/test/ai/VQDM_1000_200_07_724_vqdm_00035.png,genimage,images/697c5c49e0f2b41e.png,00a9b763814c877217b966467eae5397ff03b3037e12eab9985da0d288b61f10,18845e7cfb2fa9bf687f48ef9694f0b3d4555e5f5e0ca9d09cf29daf8b80314e,256,256,VQDM,,5a23bee4f802b9c88dd41030711aee173d27a3f8974371153439c0c363cde3a5;9dcda4b93d8c73df7b1240629bec209566cd6119bb7f800c2906b8c3826b8777
diffdetect-hierarchical-external-confirmation-v1,319,openimages:4b7ca572ce0a7af7,real,Open Images V6 validation,Open-Images-V6-validation,validation,4b7ca572ce0a7af7,,,,,openimages:4b7ca572ce0a7af7,openimages-v6,images/4b7ca572ce0a7af7.jpg,ed93a0e121fe345effdfc7359b848dbc64a1ff6778c8c73563157cb500b33a17,73466451c2d59ecba3037cab7afe9725f692f6a07535571a53e8557521722cd3,1024,683,,,5a23bee4f802b9c88dd41030711aee173d27a3f8974371153439c0c363cde3a5;9dcda4b93d8c73df7b1240629bec209566cd6119bb7f800c2906b8c3826b8777
diffdetect-hierarchical-external-confirmation-v1,320,ai-detector-arena:ai_portrait_gemini_3_pro_portrait_07.png,synthetic,AI Detector Arena v0.1,v0.1-sha256:1e62844bba714c2e190792844d4169fa3119fac3c2c143dad1eb8062e20b67e4,v0.1,ai_portrait_gemini_3_pro_portrait_07.png,,,,,ai-detector-arena:ai_portrait_gemini_3_pro_portrait_07.png,ai-detector-arena-v0.1,images/f290d296ad6c5a65.png,246b431ee755d2c2462e70b8fbf0d3bac7d14d79bc62bd65c047f61c5f9b12ed,2a0ffb07e3e2bba51a7c0642e5988ce7717c6187744ff746dcf8ab5a9cfeaf0a,1024,1024,Gemini 3 Pro,,5a23bee4f802b9c88dd41030711aee173d27a3f8974371153439c0c363cde3a5;9dcda4b93d8c73df7b1240629bec209566cd6119bb7f800c2906b8c3826b8777
diffdetect-hierarchical-external-confirmation-v1,321,genimage:Wukong:wukong/test/ai/243_wukong_image198.png,synthetic,nebula/GenImage-arrow,3f4b9f921a673be09a93b335ed728cea0c6ecf33,test,Wukong:wukong/test/ai/243_wukong_image198.png,,,,,genimage:Wukong:wukong/test/ai/243_wukong_image198.png,genimage,images/55b00f51e8f37996.png,00a9b763814c877217b966467eae5397ff03b3037e12eab9985da0d288b61f10,e903e09e156200e772bebc16296333fd1b210367bc0e3ae2adb6a26818a0df8a,512,512,Wukong,,5a23bee4f802b9c88dd41030711aee173d27a3f8974371153439c0c363cde3a5;9dcda4b93d8c73df7b1240629bec209566cd6119bb7f800c2906b8c3826b8777
diffdetect-hierarchical-external-confirmation-v1,322,openimages:b0708f1633e67a6f,real,Open Images V6 validation,Open-Images-V6-validation,validation,b0708f1633e67a6f,,,,,openimages:b0708f1633e67a6f,openimages-v6,images/b0708f1633e67a6f.jpg,ed93a0e121fe345effdfc7359b848dbc64a1ff6778c8c73563157cb500b33a17,567e1c640069b8c62832ccdd9b48f36d9d6d80ef8dd136df3408a9818f3e46fb,1024,678,,,5a23bee4f802b9c88dd41030711aee173d27a3f8974371153439c0c363cde3a5;9dcda4b93d8c73df7b1240629bec209566cd6119bb7f800c2906b8c3826b8777
diffdetect-hierarchical-external-confirmation-v1,323,openimages:22d77e5802dcb496,real,Open Images V6 validation,Open-Images-V6-validation,validation,22d77e5802dcb496,,,,,openimages:22d77e5802dcb496,openimages-v6,images/22d77e5802dcb496.jpg,ed93a0e121fe345effdfc7359b848dbc64a1ff6778c8c73563157cb500b33a17,f03e41ac6d4bc3252f18ec8cf8e3daeb6830b7cefac57feef1fc1e5c0dba5fde,1024,768,,,5a23bee4f802b9c88dd41030711aee173d27a3f8974371153439c0c363cde3a5;9dcda4b93d8c73df7b1240629bec209566cd6119bb7f800c2906b8c3826b8777
diffdetect-hierarchical-external-confirmation-v1,324,ai-detector-arena:ai_product_gemini_3_pro_product_03.png,synthetic,AI Detector Arena v0.1,v0.1-sha256:1e62844bba714c2e190792844d4169fa3119fac3c2c143dad1eb8062e20b67e4,v0.1,ai_product_gemini_3_pro_product_03.png,,,,,ai-detector-arena:ai_product_gemini_3_pro_product_03.png,ai-detector-arena-v0.1,images/1f2da3689c0f6d0c.png,246b431ee755d2c2462e70b8fbf0d3bac7d14d79bc62bd65c047f61c5f9b12ed,ed7b6917bd71eda2aafd936cb65c9a08c10d3cf575250bc73e8da9a525b1c95f,1024,1024,Gemini 3 Pro,,5a23bee4f802b9c88dd41030711aee173d27a3f8974371153439c0c363cde3a5;9dcda4b93d8c73df7b1240629bec209566cd6119bb7f800c2906b8c3826b8777
diffdetect-hierarchical-external-confirmation-v1,325,openimages:349e88c4a0922c63,real,Open Images V6 validation,Open-Images-V6-validation,validation,349e88c4a0922c63,,,,,openimages:349e88c4a0922c63,openimages-v6,images/349e88c4a0922c63.jpg,ed93a0e121fe345effdfc7359b848dbc64a1ff6778c8c73563157cb500b33a17,f83819e0f8a2ea6174d128f587273c5b0ccf38588da879b6330caf2f7db276b3,732,1024,,,5a23bee4f802b9c88dd41030711aee173d27a3f8974371153439c0c363cde3a5;9dcda4b93d8c73df7b1240629bec209566cd6119bb7f800c2906b8c3826b8777
diffdetect-hierarchical-external-confirmation-v1,326,ai-detector-arena:ai_landscape_gemini_3_pro_landscape_02.png,synthetic,AI Detector Arena v0.1,v0.1-sha256:1e62844bba714c2e190792844d4169fa3119fac3c2c143dad1eb8062e20b67e4,v0.1,ai_landscape_gemini_3_pro_landscape_02.png,,,,,ai-detector-arena:ai_landscape_gemini_3_pro_landscape_02.png,ai-detector-arena-v0.1,images/894be363d1412792.png,246b431ee755d2c2462e70b8fbf0d3bac7d14d79bc62bd65c047f61c5f9b12ed,1abc8197ddc38f6f22708ea253a6096740b5dc74bb5d1f3df6b235f78357ff45,1024,1024,Gemini 3 Pro,,5a23bee4f802b9c88dd41030711aee173d27a3f8974371153439c0c363cde3a5;9dcda4b93d8c73df7b1240629bec209566cd6119bb7f800c2906b8c3826b8777
diffdetect-hierarchical-external-confirmation-v1,327,openimages:0b5e89a49ffe9399,real,Open Images V6 validation,Open-Images-V6-validation,validation,0b5e89a49ffe9399,,,,,openimages:0b5e89a49ffe9399,openimages-v6,images/0b5e89a49ffe9399.jpg,ed93a0e121fe345effdfc7359b848dbc64a1ff6778c8c73563157cb500b33a17,1598962f8f5e2ee5b9f2e748ab44ad496fd21dfedac3aa631e345b86d42ea0c8,680,1024,,,5a23bee4f802b9c88dd41030711aee173d27a3f8974371153439c0c363cde3a5;9dcda4b93d8c73df7b1240629bec209566cd6119bb7f800c2906b8c3826b8777
diffdetect-hierarchical-external-confirmation-v1,328,ai-detector-arena:ai_animal_gemini_3_pro_animal_08.png,synthetic,AI Detector Arena v0.1,v0.1-sha256:1e62844bba714c2e190792844d4169fa3119fac3c2c143dad1eb8062e20b67e4,v0.1,ai_animal_gemini_3_pro_animal_08.png,,,,,ai-detector-arena:ai_animal_gemini_3_pro_animal_08.png,ai-detector-arena-v0.1,images/855f620823a11fae.png,246b431ee755d2c2462e70b8fbf0d3bac7d14d79bc62bd65c047f61c5f9b12ed,3875cd46e047852ba43850400f4801d0f285b9950f8a6413501a036f0bacb7c8,1024,1024,Gemini 3 Pro,,5a23bee4f802b9c88dd41030711aee173d27a3f8974371153439c0c363cde3a5;9dcda4b93d8c73df7b1240629bec209566cd6119bb7f800c2906b8c3826b8777
diffdetect-hierarchical-external-confirmation-v1,329,genimage:Wukong:wukong/test/ai/392_wukong_image61.png,synthetic,nebula/GenImage-arrow,3f4b9f921a673be09a93b335ed728cea0c6ecf33,test,Wukong:wukong/test/ai/392_wukong_image61.png,,,,,genimage:Wukong:wukong/test/ai/392_wukong_image61.png,genimage,images/de513fc02752778f.png,00a9b763814c877217b966467eae5397ff03b3037e12eab9985da0d288b61f10,996f4626ea8d4a5bfc5624e07ea28151b6cf3850a78d1a4c5298f0f0867f874c,512,512,Wukong,,5a23bee4f802b9c88dd41030711aee173d27a3f8974371153439c0c363cde3a5;9dcda4b93d8c73df7b1240629bec209566cd6119bb7f800c2906b8c3826b8777
diffdetect-hierarchical-external-confirmation-v1,330,openimages:8f939cbb01f114d1,real,Open Images V6 validation,Open-Images-V6-validation,validation,8f939cbb01f114d1,,,,,openimages:8f939cbb01f114d1,openimages-v6,images/8f939cbb01f114d1.jpg,ed93a0e121fe345effdfc7359b848dbc64a1ff6778c8c73563157cb500b33a17,7f89cd9505136d51cfa9db37b82a08443cc40c6580c01ea18f66333459e98340,1024,913,,,5a23bee4f802b9c88dd41030711aee173d27a3f8974371153439c0c363cde3a5;9dcda4b93d8c73df7b1240629bec209566cd6119bb7f800c2906b8c3826b8777
diffdetect-hierarchical-external-confirmation-v1,331,openimages:592e029deb4fe7d9,real,Open Images V6 validation,Open-Images-V6-validation,validation,592e029deb4fe7d9,,,,,openimages:592e029deb4fe7d9,openimages-v6,images/592e029deb4fe7d9.jpg,ed93a0e121fe345effdfc7359b848dbc64a1ff6778c8c73563157cb500b33a17,5f1c49ecbf3f0a50d0efad280a0c29ee1e5271d3487a15abbc04381de0575d8c,683,1024,,,5a23bee4f802b9c88dd41030711aee173d27a3f8974371153439c0c363cde3a5;9dcda4b93d8c73df7b1240629bec209566cd6119bb7f800c2906b8c3826b8777
diffdetect-hierarchical-external-confirmation-v1,332,ai-detector-arena:ai_portrait_gpt_image_1.5_portrait_06.png,synthetic,AI Detector Arena v0.1,v0.1-sha256:1e62844bba714c2e190792844d4169fa3119fac3c2c143dad1eb8062e20b67e4,v0.1,ai_portrait_gpt_image_1.5_portrait_06.png,,,,,ai-detector-arena:ai_portrait_gpt_image_1.5_portrait_06.png,ai-detector-arena-v0.1,images/e49f272ec11a314d.png,246b431ee755d2c2462e70b8fbf0d3bac7d14d79bc62bd65c047f61c5f9b12ed,b556905fb3db9a729f227fc5a5b5aa611e9f63f3d76b15dc23a684c8a4e55094,1024,1024,GPT Image 1.5,,5a23bee4f802b9c88dd41030711aee173d27a3f8974371153439c0c363cde3a5;9dcda4b93d8c73df7b1240629bec209566cd6119bb7f800c2906b8c3826b8777
diffdetect-hierarchical-external-confirmation-v1,333,ai-detector-arena:ai_landscape_gpt_image_1.5_landscape_09.png,synthetic,AI Detector Arena v0.1,v0.1-sha256:1e62844bba714c2e190792844d4169fa3119fac3c2c143dad1eb8062e20b67e4,v0.1,ai_landscape_gpt_image_1.5_landscape_09.png,,,,,ai-detector-arena:ai_landscape_gpt_image_1.5_landscape_09.png,ai-detector-arena-v0.1,images/63fc28ceb7d9f6bb.png,246b431ee755d2c2462e70b8fbf0d3bac7d14d79bc62bd65c047f61c5f9b12ed,35234b3098638362a01b860eb07ca0f9ecd87111e43f29e976bde4874da443c6,1024,1024,GPT Image 1.5,,5a23bee4f802b9c88dd41030711aee173d27a3f8974371153439c0c363cde3a5;9dcda4b93d8c73df7b1240629bec209566cd6119bb7f800c2906b8c3826b8777
diffdetect-hierarchical-external-confirmation-v1,334,openimages:8dc70cb9ab5c611b,real,Open Images V6 validation,Open-Images-V6-validation,validation,8dc70cb9ab5c611b,,,,,openimages:8dc70cb9ab5c611b,openimages-v6,images/8dc70cb9ab5c611b.jpg,ed93a0e121fe345effdfc7359b848dbc64a1ff6778c8c73563157cb500b33a17,285447124b0297af65725ab1fb2e3fa9c588714ad4a0ac815ece20b7e6994b3d,1024,681,,,5a23bee4f802b9c88dd41030711aee173d27a3f8974371153439c0c363cde3a5;9dcda4b93d8c73df7b1240629bec209566cd6119bb7f800c2906b8c3826b8777
diffdetect-hierarchical-external-confirmation-v1,335,openimages:8e50483f8705d3d0,real,Open Images V6 validation,Open-Images-V6-validation,validation,8e50483f8705d3d0,,,,,openimages:8e50483f8705d3d0,openimages-v6,images/8e50483f8705d3d0.jpg,ed93a0e121fe345effdfc7359b848dbc64a1ff6778c8c73563157cb500b33a17,ea173c2d03bb5499841fa92c08ae404856f7e1607eb1e503bf8238fe9058448a,1024,683,,,5a23bee4f802b9c88dd41030711aee173d27a3f8974371153439c0c363cde3a5;9dcda4b93d8c73df7b1240629bec209566cd6119bb7f800c2906b8c3826b8777
diffdetect-hierarchical-external-confirmation-v1,336,ai-detector-arena:ai_art_gpt_image_1.5_art_04.png,synthetic,AI Detector Arena v0.1,v0.1-sha256:1e62844bba714c2e190792844d4169fa3119fac3c2c143dad1eb8062e20b67e4,v0.1,ai_art_gpt_image_1.5_art_04.png,,,,,ai-detector-arena:ai_art_gpt_image_1.5_art_04.png,ai-detector-arena-v0.1,images/dd7563e4fdc19832.png,246b431ee755d2c2462e70b8fbf0d3bac7d14d79bc62bd65c047f61c5f9b12ed,6291f49921ec18a415b6976d5e3b5345a88481c57b505d087041afcb62888d86,1024,1024,GPT Image 1.5,,5a23bee4f802b9c88dd41030711aee173d27a3f8974371153439c0c363cde3a5;9dcda4b93d8c73df7b1240629bec209566cd6119bb7f800c2906b8c3826b8777
diffdetect-hierarchical-external-confirmation-v1,337,genimage:Wukong:wukong/test/ai/949_wukong_image198.png,synthetic,nebula/GenImage-arrow,3f4b9f921a673be09a93b335ed728cea0c6ecf33,test,Wukong:wukong/test/ai/949_wukong_image198.png,,,,,genimage:Wukong:wukong/test/ai/949_wukong_image198.png,genimage,images/39fa1da81ca91b89.png,00a9b763814c877217b966467eae5397ff03b3037e12eab9985da0d288b61f10,ffe8dd147b5d212e146208275cf7e7f3f6601d35829335b5c94d7f7876c4904e,512,512,Wukong,,5a23bee4f802b9c88dd41030711aee173d27a3f8974371153439c0c363cde3a5;9dcda4b93d8c73df7b1240629bec209566cd6119bb7f800c2906b8c3826b8777
diffdetect-hierarchical-external-confirmation-v1,338,abstractedit:flux-kontext:17290165646512723903,edited,DucktorV/AbstractEdit,bc04f61586e5d5004a273a092131d01fd332e3e3,model_outputs_explicit/flux_kontext.parquet,17290165646512723903,Open Images V7 validation,37954c4e6ef506e8,origins/37954c4e6ef506e8.jpg,8624023e17a24f9150fba149d1c11a4898287b555ce38722548722d215e13ea9,openimages:37954c4e6ef506e8,abstractedit,images/17290165646512723903.jpg,42a5e0b480801c86c99fc1d869e4e65b13015f466364b92e6167bb8e7eee8b13,78d152411d0a9e398075eddc345ce310dc6b0bb4151ae80d895fb5974c50aa90,1024,1024,,Flux-Kontext,5a23bee4f802b9c88dd41030711aee173d27a3f8974371153439c0c363cde3a5;9dcda4b93d8c73df7b1240629bec209566cd6119bb7f800c2906b8c3826b8777
diffdetect-hierarchical-external-confirmation-v1,339,abstractedit:flux-kontext:9662103482243304784,edited,DucktorV/AbstractEdit,bc04f61586e5d5004a273a092131d01fd332e3e3,model_outputs_explicit/flux_kontext.parquet,9662103482243304784,Open Images V7 validation,bb869b6de934bfb7,origins/bb869b6de934bfb7.jpg,3c6b555fe519b140981adb366cc3d4cfcb3029818cb4f40776c2da23683e02ea,openimages:bb869b6de934bfb7,abstractedit,images/9662103482243304784.jpg,42a5e0b480801c86c99fc1d869e4e65b13015f466364b92e6167bb8e7eee8b13,78a58619d2c1a81284591ffc23b343dbc9666ead5b863a497d8d8df6a8484781,1024,1024,,Flux-Kontext,5a23bee4f802b9c88dd41030711aee173d27a3f8974371153439c0c363cde3a5;9dcda4b93d8c73df7b1240629bec209566cd6119bb7f800c2906b8c3826b8777
diffdetect-hierarchical-external-confirmation-v1,340,genimage:VQDM:VQDM/test/ai/VQDM_1000_200_00_034_vqdm_00143.png,synthetic,nebula/GenImage-arrow,3f4b9f921a673be09a93b335ed728cea0c6ecf33,test,VQDM:VQDM/test/ai/VQDM_1000_200_00_034_vqdm_00143.png,,,,,genimage:VQDM:VQDM/test/ai/VQDM_1000_200_00_034_vqdm_00143.png,genimage,images/288de718b97e40c1.png,00a9b763814c877217b966467eae5397ff03b3037e12eab9985da0d288b61f10,5f7ce4824864d7ed2c4db65069290e2082b96fbae1a9a5f33cf4db8a90f56de9,256,256,VQDM,,5a23bee4f802b9c88dd41030711aee173d27a3f8974371153439c0c363cde3a5;9dcda4b93d8c73df7b1240629bec209566cd6119bb7f800c2906b8c3826b8777
diffdetect-hierarchical-external-confirmation-v1,341,abstractedit:flux-kontext:16681299671661954716,edited,DucktorV/AbstractEdit,bc04f61586e5d5004a273a092131d01fd332e3e3,model_outputs_explicit/flux_kontext.parquet,16681299671661954716,Open Images V7 validation,ff2b828ecce27941,origins/ff2b828ecce27941.jpg,3ff85d422f9defc5709ba97a78b2a15b35092429a75269b3e1ae5ae059ebea8f,openimages:ff2b828ecce27941,abstractedit,images/16681299671661954716.jpg,42a5e0b480801c86c99fc1d869e4e65b13015f466364b92e6167bb8e7eee8b13,d1a8a96eb019101393acf52cd4bc323c273ec77111e8a178195ad1bd136bdd57,1024,1024,,Flux-Kontext,5a23bee4f802b9c88dd41030711aee173d27a3f8974371153439c0c363cde3a5;9dcda4b93d8c73df7b1240629bec209566cd6119bb7f800c2906b8c3826b8777
diffdetect-hierarchical-external-confirmation-v1,342,openimages:6c277643925fdb38,real,Open Images V6 validation,Open-Images-V6-validation,validation,6c277643925fdb38,,,,,openimages:6c277643925fdb38,openimages-v6,images/6c277643925fdb38.jpg,ed93a0e121fe345effdfc7359b848dbc64a1ff6778c8c73563157cb500b33a17,aa1b91c3d0a7d8551d4bb027ff7bb1ca4458008b2ee0f026b0bcc2d31f3f0257,1024,678,,,5a23bee4f802b9c88dd41030711aee173d27a3f8974371153439c0c363cde3a5;9dcda4b93d8c73df7b1240629bec209566cd6119bb7f800c2906b8c3826b8777
diffdetect-hierarchical-external-confirmation-v1,343,abstractedit:flux-kontext:10733033383074087089,edited,DucktorV/AbstractEdit,bc04f61586e5d5004a273a092131d01fd332e3e3,model_outputs_explicit/flux_kontext.parquet,10733033383074087089,Open Images V7 validation,89a7c15bcd91ffb0,origins/89a7c15bcd91ffb0.jpg,c7429b36879faeded7d85fb2717fdc257cb8608e5b465fbf472f1fa400f0423c,openimages:89a7c15bcd91ffb0,abstractedit,images/10733033383074087089.jpg,42a5e0b480801c86c99fc1d869e4e65b13015f466364b92e6167bb8e7eee8b13,a5d112509b0e38cf0706e0b2072b83bef16a7f4e198fd13a789d623fab44040e,1024,1024,,Flux-Kontext,5a23bee4f802b9c88dd41030711aee173d27a3f8974371153439c0c363cde3a5;9dcda4b93d8c73df7b1240629bec209566cd6119bb7f800c2906b8c3826b8777
diffdetect-hierarchical-external-confirmation-v1,344,abstractedit:flux-kontext:15257796667316491794,edited,DucktorV/AbstractEdit,bc04f61586e5d5004a273a092131d01fd332e3e3,model_outputs_explicit/flux_kontext.parquet,15257796667316491794,Open Images V7 validation,e0b72503eeebbf59,origins/e0b72503eeebbf59.jpg,13d0d68af30c2009dd4d5f5d52a757253ae8bd134f34388a263f7e44f8762256,openimages:e0b72503eeebbf59,abstractedit,images/15257796667316491794.jpg,42a5e0b480801c86c99fc1d869e4e65b13015f466364b92e6167bb8e7eee8b13,b56fdd90f46a50031ea5b3bd58478db743f95c05df8cee469c2ba678f789f5f0,1024,1024,,Flux-Kontext,5a23bee4f802b9c88dd41030711aee173d27a3f8974371153439c0c363cde3a5;9dcda4b93d8c73df7b1240629bec209566cd6119bb7f800c2906b8c3826b8777
diffdetect-hierarchical-external-confirmation-v1,345,ai-detector-arena:ai_animal_gpt_image_1.5_animal_01.png,synthetic,AI Detector Arena v0.1,v0.1-sha256:1e62844bba714c2e190792844d4169fa3119fac3c2c143dad1eb8062e20b67e4,v0.1,ai_animal_gpt_image_1.5_animal_01.png,,,,,ai-detector-arena:ai_animal_gpt_image_1.5_animal_01.png,ai-detector-arena-v0.1,images/c9e2c35dc091f14d.png,246b431ee755d2c2462e70b8fbf0d3bac7d14d79bc62bd65c047f61c5f9b12ed,bffdc6b93560c64a6f9429c232cbe2f66f3846c37cbef1e07fe58490b6429469,1024,1024,GPT Image 1.5,,5a23bee4f802b9c88dd41030711aee173d27a3f8974371153439c0c363cde3a5;9dcda4b93d8c73df7b1240629bec209566cd6119bb7f800c2906b8c3826b8777
diffdetect-hierarchical-external-confirmation-v1,346,genimage:VQDM:VQDM/test/ai/VQDM_1000_200_02_283_vqdm_00143.png,synthetic,nebula/GenImage-arrow,3f4b9f921a673be09a93b335ed728cea0c6ecf33,test,VQDM:VQDM/test/ai/VQDM_1000_200_02_283_vqdm_00143.png,,,,,genimage:VQDM:VQDM/test/ai/VQDM_1000_200_02_283_vqdm_00143.png,genimage,images/4822dc9a29455c9f.png,00a9b763814c877217b966467eae5397ff03b3037e12eab9985da0d288b61f10,657f4f8f09bb70222d428abbc9b94448614ebfe7900e721917db357578c64228,256,256,VQDM,,5a23bee4f802b9c88dd41030711aee173d27a3f8974371153439c0c363cde3a5;9dcda4b93d8c73df7b1240629bec209566cd6119bb7f800c2906b8c3826b8777
diffdetect-hierarchical-external-confirmation-v1,347,ai-detector-arena:ai_art_gemini_3_pro_art_05.png,synthetic,AI Detector Arena v0.1,v0.1-sha256:1e62844bba714c2e190792844d4169fa3119fac3c2c143dad1eb8062e20b67e4,v0.1,ai_art_gemini_3_pro_art_05.png,,,,,ai-detector-arena:ai_art_gemini_3_pro_art_05.png,ai-detector-arena-v0.1,images/72e44818969d87fc.png,246b431ee755d2c2462e70b8fbf0d3bac7d14d79bc62bd65c047f61c5f9b12ed,ada032ac1e42368585cfba8fbb7173fcf51e6ab16db75f2c5b6cd3f17e9b5a51,1024,1024,Gemini 3 Pro,,5a23bee4f802b9c88dd41030711aee173d27a3f8974371153439c0c363cde3a5;9dcda4b93d8c73df7b1240629bec209566cd6119bb7f800c2906b8c3826b8777
diffdetect-hierarchical-external-confirmation-v1,348,abstractedit:flux-kontext:3743745316806588105,edited,DucktorV/AbstractEdit,bc04f61586e5d5004a273a092131d01fd332e3e3,model_outputs_explicit/flux_kontext.parquet,3743745316806588105,Open Images V7 validation,3c57d2aef24bc93d,origins/3c57d2aef24bc93d.jpg,b5ef8743bcc150f420853559c0e9c03741e093b926a6928028ebeef6df123509,openimages:3c57d2aef24bc93d,abstractedit,images/3743745316806588105.jpg,42a5e0b480801c86c99fc1d869e4e65b13015f466364b92e6167bb8e7eee8b13,e347533efd8c928b0cf3c637c6862c21a4fb8b4410c10cedcd4b71568789d7a9,1024,1024,,Flux-Kontext,5a23bee4f802b9c88dd41030711aee173d27a3f8974371153439c0c363cde3a5;9dcda4b93d8c73df7b1240629bec209566cd6119bb7f800c2906b8c3826b8777
diffdetect-hierarchical-external-confirmation-v1,349,openimages:748c347e2c2a3e1b,real,Open Images V6 validation,Open-Images-V6-validation,validation,748c347e2c2a3e1b,,,,,openimages:748c347e2c2a3e1b,openimages-v6,images/748c347e2c2a3e1b.jpg,ed93a0e121fe345effdfc7359b848dbc64a1ff6778c8c73563157cb500b33a17,a2e814305e5378139e0514e84a0b4b97ac33ad83d2fb27f53fa303fd8d79ea40,1024,576,,,5a23bee4f802b9c88dd41030711aee173d27a3f8974371153439c0c363cde3a5;9dcda4b93d8c73df7b1240629bec209566cd6119bb7f800c2906b8c3826b8777
diffdetect-hierarchical-external-confirmation-v1,350,abstractedit:flux-kontext:8808874853254817239,edited,DucktorV/AbstractEdit,bc04f61586e5d5004a273a092131d01fd332e3e3,model_outputs_explicit/flux_kontext.parquet,8808874853254817239,Open Images V7 validation,a4497efa6e10b093,origins/a4497efa6e10b093.jpg,1ddee2736bb346b3fa9f7fbf0ca7aec6022053fbec7f2518f2d34ace3e270256,openimages:a4497efa6e10b093,abstractedit,images/8808874853254817239.jpg,42a5e0b480801c86c99fc1d869e4e65b13015f466364b92e6167bb8e7eee8b13,06c6c101c918e6fb67bda38e962dba4264a81e37fac08697463b802ddbdd38f8,1024,1024,,Flux-Kontext,5a23bee4f802b9c88dd41030711aee173d27a3f8974371153439c0c363cde3a5;9dcda4b93d8c73df7b1240629bec209566cd6119bb7f800c2906b8c3826b8777
diffdetect-hierarchical-external-confirmation-v1,351,abstractedit:flux-kontext:15190744496476899321,edited,DucktorV/AbstractEdit,bc04f61586e5d5004a273a092131d01fd332e3e3,model_outputs_explicit/flux_kontext.parquet,15190744496476899321,Open Images V7 validation,29af2f1dd764c49f,origins/29af2f1dd764c49f.jpg,847fc3c3403bd30abfec1fb079db4af5d2122955be51644d32ec978c3d6d23af,openimages:29af2f1dd764c49f,abstractedit,images/15190744496476899321.jpg,42a5e0b480801c86c99fc1d869e4e65b13015f466364b92e6167bb8e7eee8b13,85c072154edc4829124bf9c1b9e095d06da1ba35826cb32a74d817a272555491,1024,1024,,Flux-Kontext,5a23bee4f802b9c88dd41030711aee173d27a3f8974371153439c0c363cde3a5;9dcda4b93d8c73df7b1240629bec209566cd6119bb7f800c2906b8c3826b8777
diffdetect-hierarchical-external-confirmation-v1,352,ai-detector-arena:ai_food_gemini_3_pro_food_08.png,synthetic,AI Detector Arena v0.1,v0.1-sha256:1e62844bba714c2e190792844d4169fa3119fac3c2c143dad1eb8062e20b67e4,v0.1,ai_food_gemini_3_pro_food_08.png,,,,,ai-detector-arena:ai_food_gemini_3_pro_food_08.png,ai-detector-arena-v0.1,images/3d02a807942fafdf.png,246b431ee755d2c2462e70b8fbf0d3bac7d14d79bc62bd65c047f61c5f9b12ed,5f89536a0a3b91d4e250fbfd649327cf0975043950cf1473a76c9d830590bf8e,1024,1024,Gemini 3 Pro,,5a23bee4f802b9c88dd41030711aee173d27a3f8974371153439c0c363cde3a5;9dcda4b93d8c73df7b1240629bec209566cd6119bb7f800c2906b8c3826b8777
diffdetect-hierarchical-external-confirmation-v1,353,abstractedit:flux-kontext:14713278733661021568,edited,DucktorV/AbstractEdit,bc04f61586e5d5004a273a092131d01fd332e3e3,model_outputs_explicit/flux_kontext.parquet,14713278733661021568,Open Images V7 validation,cb9677559a7ef567,origins/cb9677559a7ef567.jpg,7686cdd24b4a17123547dafd387869ac109da7049bb4982c7962a0b9c64a7b39,openimages:cb9677559a7ef567,abstractedit,images/14713278733661021568.jpg,42a5e0b480801c86c99fc1d869e4e65b13015f466364b92e6167bb8e7eee8b13,26fe6320d2e29c8a780ac70c1a1f8962a303ba2e77471c034ba5525daaac90c1,1024,1024,,Flux-Kontext,5a23bee4f802b9c88dd41030711aee173d27a3f8974371153439c0c363cde3a5;9dcda4b93d8c73df7b1240629bec209566cd6119bb7f800c2906b8c3826b8777
diffdetect-hierarchical-external-confirmation-v1,354,genimage:VQDM:VQDM/test/ai/VQDM_1000_200_08_837_vqdm_00039.png,synthetic,nebula/GenImage-arrow,3f4b9f921a673be09a93b335ed728cea0c6ecf33,test,VQDM:VQDM/test/ai/VQDM_1000_200_08_837_vqdm_00039.png,,,,,genimage:VQDM:VQDM/test/ai/VQDM_1000_200_08_837_vqdm_00039.png,genimage,images/fefd94f5f5508a3e.png,00a9b763814c877217b966467eae5397ff03b3037e12eab9985da0d288b61f10,e32c60af2560d784235d21a3b8101ddb115d6860f9964b67756abf47be62bb9e,256,256,VQDM,,5a23bee4f802b9c88dd41030711aee173d27a3f8974371153439c0c363cde3a5;9dcda4b93d8c73df7b1240629bec209566cd6119bb7f800c2906b8c3826b8777
diffdetect-hierarchical-external-confirmation-v1,355,ai-detector-arena:ai_animal_gpt_image_1.5_animal_04.png,synthetic,AI Detector Arena v0.1,v0.1-sha256:1e62844bba714c2e190792844d4169fa3119fac3c2c143dad1eb8062e20b67e4,v0.1,ai_animal_gpt_image_1.5_animal_04.png,,,,,ai-detector-arena:ai_animal_gpt_image_1.5_animal_04.png,ai-detector-arena-v0.1,images/0cc76dcdbe30965d.png,246b431ee755d2c2462e70b8fbf0d3bac7d14d79bc62bd65c047f61c5f9b12ed,2379ea6fa5d239e07a809a721b2de79bd5247b163a1392194fcbf2222ced589c,1024,1024,GPT Image 1.5,,5a23bee4f802b9c88dd41030711aee173d27a3f8974371153439c0c363cde3a5;9dcda4b93d8c73df7b1240629bec209566cd6119bb7f800c2906b8c3826b8777
diffdetect-hierarchical-external-confirmation-v1,356,openimages:a5dc9b8e19130d1e,real,Open Images V6 validation,Open-Images-V6-validation,validation,a5dc9b8e19130d1e,,,,,openimages:a5dc9b8e19130d1e,openimages-v6,images/a5dc9b8e19130d1e.jpg,ed93a0e121fe345effdfc7359b848dbc64a1ff6778c8c73563157cb500b33a17,433de194ac6b897274bb74c0b4ba384ca791f158b567c713a1a3abd75a9b6ce6,1024,768,,,5a23bee4f802b9c88dd41030711aee173d27a3f8974371153439c0c363cde3a5;9dcda4b93d8c73df7b1240629bec209566cd6119bb7f800c2906b8c3826b8777
diffdetect-hierarchical-external-confirmation-v1,357,abstractedit:flux-kontext:4671921508888278891,edited,DucktorV/AbstractEdit,bc04f61586e5d5004a273a092131d01fd332e3e3,model_outputs_explicit/flux_kontext.parquet,4671921508888278891,Open Images V7 validation,1109ae1bfb4efe78,origins/1109ae1bfb4efe78.jpg,8e34d06af38283bf5b64db87131852293b03ea7a0348a280d4d36bdda6ef4372,openimages:1109ae1bfb4efe78,abstractedit,images/4671921508888278891.jpg,42a5e0b480801c86c99fc1d869e4e65b13015f466364b92e6167bb8e7eee8b13,9c800d4b27b88147738d9c1b0f0f95fdda3045396ac494f43fb77a9fedbdf75e,1024,1024,,Flux-Kontext,5a23bee4f802b9c88dd41030711aee173d27a3f8974371153439c0c363cde3a5;9dcda4b93d8c73df7b1240629bec209566cd6119bb7f800c2906b8c3826b8777
diffdetect-hierarchical-external-confirmation-v1,358,genimage:Wukong:wukong/test/ai/227_wukong_image188.png,synthetic,nebula/GenImage-arrow,3f4b9f921a673be09a93b335ed728cea0c6ecf33,test,Wukong:wukong/test/ai/227_wukong_image188.png,,,,,genimage:Wukong:wukong/test/ai/227_wukong_image188.png,genimage,images/c08fd9723f71e3c7.png,00a9b763814c877217b966467eae5397ff03b3037e12eab9985da0d288b61f10,dfd1fc044d3f8cc3d45060fccedabb03efe123eb62b2bf27f391f51cb409bc07,512,512,Wukong,,5a23bee4f802b9c88dd41030711aee173d27a3f8974371153439c0c363cde3a5;9dcda4b93d8c73df7b1240629bec209566cd6119bb7f800c2906b8c3826b8777
diffdetect-hierarchical-external-confirmation-v1,359,abstractedit:flux-kontext:12088210435613663796,edited,DucktorV/AbstractEdit,bc04f61586e5d5004a273a092131d01fd332e3e3,model_outputs_explicit/flux_kontext.parquet,12088210435613663796,Open Images V7 validation,e6197090a250d3e1,origins/e6197090a250d3e1.jpg,e702c0b4a2ebb612c30a6fa4fbb27e6b65e10568fd4c85d3ac6fc5ff6b592215,openimages:e6197090a250d3e1,abstractedit,images/12088210435613663796.jpg,42a5e0b480801c86c99fc1d869e4e65b13015f466364b92e6167bb8e7eee8b13,4f5c5f36fa85ba721c6cab6acd7f4c8c774456c6993fb8bb16434e1ea73c00b9,1024,1024,,Flux-Kontext,5a23bee4f802b9c88dd41030711aee173d27a3f8974371153439c0c363cde3a5;9dcda4b93d8c73df7b1240629bec209566cd6119bb7f800c2906b8c3826b8777
diffdetect-hierarchical-external-confirmation-v1,360,openimages:88db0f763f545ba2,real,Open Images V6 validation,Open-Images-V6-validation,validation,88db0f763f545ba2,,,,,openimages:88db0f763f545ba2,openimages-v6,images/88db0f763f545ba2.jpg,ed93a0e121fe345effdfc7359b848dbc64a1ff6778c8c73563157cb500b33a17,fdc6be8c196d4d6a71149a240457c4f306d655cc16a4948fea7ee855ab269704,683,1024,,,5a23bee4f802b9c88dd41030711aee173d27a3f8974371153439c0c363cde3a5;9dcda4b93d8c73df7b1240629bec209566cd6119bb7f800c2906b8c3826b8777
diffdetect-hierarchical-external-confirmation-v1,361,abstractedit:flux-kontext:12227777225538573219,edited,DucktorV/AbstractEdit,bc04f61586e5d5004a273a092131d01fd332e3e3,model_outputs_explicit/flux_kontext.parquet,12227777225538573219,Open Images V7 validation,2a2e45485cf52616,origins/2a2e45485cf52616.jpg,76251ed746c24b1d86de62ee3ed247806411263e068f4ae82e4f8ade49979e8e,openimages:2a2e45485cf52616,abstractedit,images/12227777225538573219.jpg,42a5e0b480801c86c99fc1d869e4e65b13015f466364b92e6167bb8e7eee8b13,23570b63e6733017b903a15d5b155781e8201f87c51872edbbaa5599d8b6866f,1024,1024,,Flux-Kontext,5a23bee4f802b9c88dd41030711aee173d27a3f8974371153439c0c363cde3a5;9dcda4b93d8c73df7b1240629bec209566cd6119bb7f800c2906b8c3826b8777
diffdetect-hierarchical-external-confirmation-v1,362,genimage:VQDM:VQDM/test/ai/VQDM_1000_200_04_410_vqdm_00035.png,synthetic,nebula/GenImage-arrow,3f4b9f921a673be09a93b335ed728cea0c6ecf33,test,VQDM:VQDM/test/ai/VQDM_1000_200_04_410_vqdm_00035.png,,,,,genimage:VQDM:VQDM/test/ai/VQDM_1000_200_04_410_vqdm_00035.png,genimage,images/4e5beb46851efb63.png,00a9b763814c877217b966467eae5397ff03b3037e12eab9985da0d288b61f10,e2ff58e7d5d62176cd4cce4720d1788078fa1e8865f50ac13dcef099560ca95a,256,256,VQDM,,5a23bee4f802b9c88dd41030711aee173d27a3f8974371153439c0c363cde3a5;9dcda4b93d8c73df7b1240629bec209566cd6119bb7f800c2906b8c3826b8777
diffdetect-hierarchical-external-confirmation-v1,363,ai-detector-arena:ai_food_gemini_3_pro_food_01.png,synthetic,AI Detector Arena v0.1,v0.1-sha256:1e62844bba714c2e190792844d4169fa3119fac3c2c143dad1eb8062e20b67e4,v0.1,ai_food_gemini_3_pro_food_01.png,,,,,ai-detector-arena:ai_food_gemini_3_pro_food_01.png,ai-detector-arena-v0.1,images/55be7c081213eabe.png,246b431ee755d2c2462e70b8fbf0d3bac7d14d79bc62bd65c047f61c5f9b12ed,93b48991febc12668fa2a8c63e6f8dfa763761dcbaa320a6cebe7c6eaa5dbf28,1024,1024,Gemini 3 Pro,,5a23bee4f802b9c88dd41030711aee173d27a3f8974371153439c0c363cde3a5;9dcda4b93d8c73df7b1240629bec209566cd6119bb7f800c2906b8c3826b8777
diffdetect-hierarchical-external-confirmation-v1,364,genimage:Wukong:wukong/test/ai/625_wukong_image198.png,synthetic,nebula/GenImage-arrow,3f4b9f921a673be09a93b335ed728cea0c6ecf33,test,Wukong:wukong/test/ai/625_wukong_image198.png,,,,,genimage:Wukong:wukong/test/ai/625_wukong_image198.png,genimage,images/696f904ebabef753.png,00a9b763814c877217b966467eae5397ff03b3037e12eab9985da0d288b61f10,b9264ba68cbcb135af1af0acc15081a0db640071908c4e74a5d099b25429a87a,512,512,Wukong,,5a23bee4f802b9c88dd41030711aee173d27a3f8974371153439c0c363cde3a5;9dcda4b93d8c73df7b1240629bec209566cd6119bb7f800c2906b8c3826b8777
diffdetect-hierarchical-external-confirmation-v1,365,genimage:Wukong:wukong/test/ai/86_wukong_image88.png,synthetic,nebula/GenImage-arrow,3f4b9f921a673be09a93b335ed728cea0c6ecf33,test,Wukong:wukong/test/ai/86_wukong_image88.png,,,,,genimage:Wukong:wukong/test/ai/86_wukong_image88.png,genimage,images/ce2aaa7406f03c33.png,00a9b763814c877217b966467eae5397ff03b3037e12eab9985da0d288b61f10,174e9b7a763e238ab9906b5f6ec88cdf024dd4f9b13e2728316b16fd12610a2f,512,512,Wukong,,5a23bee4f802b9c88dd41030711aee173d27a3f8974371153439c0c363cde3a5;9dcda4b93d8c73df7b1240629bec209566cd6119bb7f800c2906b8c3826b8777
diffdetect-hierarchical-external-confirmation-v1,366,openimages:90e8fa554d15ccbf,real,Open Images V6 validation,Open-Images-V6-validation,validation,90e8fa554d15ccbf,,,,,openimages:90e8fa554d15ccbf,openimages-v6,images/90e8fa554d15ccbf.jpg,ed93a0e121fe345effdfc7359b848dbc64a1ff6778c8c73563157cb500b33a17,268c5e852934c0ecad6670b2e3f268b311b7e2f4ad1d6a46bcd63ffe090cada8,1024,768,,,5a23bee4f802b9c88dd41030711aee173d27a3f8974371153439c0c363cde3a5;9dcda4b93d8c73df7b1240629bec209566cd6119bb7f800c2906b8c3826b8777
diffdetect-hierarchical-external-confirmation-v1,367,ai-detector-arena:ai_portrait_gpt_image_1.5_portrait_08.png,synthetic,AI Detector Arena v0.1,v0.1-sha256:1e62844bba714c2e190792844d4169fa3119fac3c2c143dad1eb8062e20b67e4,v0.1,ai_portrait_gpt_image_1.5_portrait_08.png,,,,,ai-detector-arena:ai_portrait_gpt_image_1.5_portrait_08.png,ai-detector-arena-v0.1,images/e0e194074280a6c9.png,246b431ee755d2c2462e70b8fbf0d3bac7d14d79bc62bd65c047f61c5f9b12ed,3e267a739577cc232c9587e76760de79cb2f951eaa46410722c5cffb03c7fda2,1024,1024,GPT Image 1.5,,5a23bee4f802b9c88dd41030711aee173d27a3f8974371153439c0c363cde3a5;9dcda4b93d8c73df7b1240629bec209566cd6119bb7f800c2906b8c3826b8777
diffdetect-hierarchical-external-confirmation-v1,368,ai-detector-arena:ai_art_gemini_3_pro_art_02.png,synthetic,AI Detector Arena v0.1,v0.1-sha256:1e62844bba714c2e190792844d4169fa3119fac3c2c143dad1eb8062e20b67e4,v0.1,ai_art_gemini_3_pro_art_02.png,,,,,ai-detector-arena:ai_art_gemini_3_pro_art_02.png,ai-detector-arena-v0.1,images/2dfa5a7c2d24cf18.png,246b431ee755d2c2462e70b8fbf0d3bac7d14d79bc62bd65c047f61c5f9b12ed,3f1b564f376a36169930e11157ce5ba64c89273a9424c4e324015500827e10c0,1024,1024,Gemini 3 Pro,,5a23bee4f802b9c88dd41030711aee173d27a3f8974371153439c0c363cde3a5;9dcda4b93d8c73df7b1240629bec209566cd6119bb7f800c2906b8c3826b8777
diffdetect-hierarchical-external-confirmation-v1,369,ai-detector-arena:ai_food_gpt_image_1.5_food_07.png,synthetic,AI Detector Arena v0.1,v0.1-sha256:1e62844bba714c2e190792844d4169fa3119fac3c2c143dad1eb8062e20b67e4,v0.1,ai_food_gpt_image_1.5_food_07.png,,,,,ai-detector-arena:ai_food_gpt_image_1.5_food_07.png,ai-detector-arena-v0.1,images/6615f883729c180c.png,246b431ee755d2c2462e70b8fbf0d3bac7d14d79bc62bd65c047f61c5f9b12ed,03e3ed388cc97051d63bb027fb5643bab7d03f4b3af4632662a3507a1a46ce27,1024,1024,GPT Image 1.5,,5a23bee4f802b9c88dd41030711aee173d27a3f8974371153439c0c363cde3a5;9dcda4b93d8c73df7b1240629bec209566cd6119bb7f800c2906b8c3826b8777
diffdetect-hierarchical-external-confirmation-v1,370,abstractedit:flux-kontext:7443190458546874128,edited,DucktorV/AbstractEdit,bc04f61586e5d5004a273a092131d01fd332e3e3,model_outputs_explicit/flux_kontext.parquet,7443190458546874128,Open Images V7 validation,b4a47870bd2760e2,origins/b4a47870bd2760e2.jpg,0bbb501478f19a806dc09c67aac4f32c10a56f14f960cf1f1818a8f138497888,openimages:b4a47870bd2760e2,abstractedit,images/7443190458546874128.jpg,42a5e0b480801c86c99fc1d869e4e65b13015f466364b92e6167bb8e7eee8b13,b3722250140e7fed6c90f4c47f629589f34c57617e369220c4b60bc321e73fcd,1024,1024,,Flux-Kontext,5a23bee4f802b9c88dd41030711aee173d27a3f8974371153439c0c363cde3a5;9dcda4b93d8c73df7b1240629bec209566cd6119bb7f800c2906b8c3826b8777
diffdetect-hierarchical-external-confirmation-v1,371,genimage:Wukong:wukong/test/ai/850_wukong_image198.png,synthetic,nebula/GenImage-arrow,3f4b9f921a673be09a93b335ed728cea0c6ecf33,test,Wukong:wukong/test/ai/850_wukong_image198.png,,,,,genimage:Wukong:wukong/test/ai/850_wukong_image198.png,genimage,images/c7d405948e341989.png,00a9b763814c877217b966467eae5397ff03b3037e12eab9985da0d288b61f10,a96f03e8b3d02728e0ebe651fa32f2ba8bc322baa252f6d2cb4804846f3bf721,512,512,Wukong,,5a23bee4f802b9c88dd41030711aee173d27a3f8974371153439c0c363cde3a5;9dcda4b93d8c73df7b1240629bec209566cd6119bb7f800c2906b8c3826b8777
diffdetect-hierarchical-external-confirmation-v1,372,openimages:ffd05e30558b94f1,real,Open Images V6 validation,Open-Images-V6-validation,validation,ffd05e30558b94f1,,,,,openimages:ffd05e30558b94f1,openimages-v6,images/ffd05e30558b94f1.jpg,ed93a0e121fe345effdfc7359b848dbc64a1ff6778c8c73563157cb500b33a17,87cb46adcee0f73e6f4ce2aadc716e7b5a9aa3b00e8374e9f399f5648ab3c097,685,1024,,,5a23bee4f802b9c88dd41030711aee173d27a3f8974371153439c0c363cde3a5;9dcda4b93d8c73df7b1240629bec209566cd6119bb7f800c2906b8c3826b8777
diffdetect-hierarchical-external-confirmation-v1,373,abstractedit:flux-kontext:6464529597583844593,edited,DucktorV/AbstractEdit,bc04f61586e5d5004a273a092131d01fd332e3e3,model_outputs_explicit/flux_kontext.parquet,6464529597583844593,Open Images V7 validation,3f7d5b7ffa990565,origins/3f7d5b7ffa990565.jpg,330c0a691289ac542671545e74b09787a64b3f67932ffcded340e76d5145144f,openimages:3f7d5b7ffa990565,abstractedit,images/6464529597583844593.jpg,42a5e0b480801c86c99fc1d869e4e65b13015f466364b92e6167bb8e7eee8b13,35fad98b6709d55a74c435047518af18352628989d2f909866ff1f8143d6b244,1024,1024,,Flux-Kontext,5a23bee4f802b9c88dd41030711aee173d27a3f8974371153439c0c363cde3a5;9dcda4b93d8c73df7b1240629bec209566cd6119bb7f800c2906b8c3826b8777
diffdetect-hierarchical-external-confirmation-v1,374,abstractedit:flux-kontext:4185009072210675484,edited,DucktorV/AbstractEdit,bc04f61586e5d5004a273a092131d01fd332e3e3,model_outputs_explicit/flux_kontext.parquet,4185009072210675484,Open Images V7 validation,668610524eaa3551,origins/668610524eaa3551.jpg,a7258f5e88518cb263e84e1ebbac170f6eadf9fe3c952307c49954d6a7498ab1,openimages:668610524eaa3551,abstractedit,images/4185009072210675484.jpg,42a5e0b480801c86c99fc1d869e4e65b13015f466364b92e6167bb8e7eee8b13,876e2410ced0d46429ddc52f93beca6db4529ec687205fb038a5b848acbb08b3,1024,1024,,Flux-Kontext,5a23bee4f802b9c88dd41030711aee173d27a3f8974371153439c0c363cde3a5;9dcda4b93d8c73df7b1240629bec209566cd6119bb7f800c2906b8c3826b8777
diffdetect-hierarchical-external-confirmation-v1,375,abstractedit:flux-kontext:10691109536256464928,edited,DucktorV/AbstractEdit,bc04f61586e5d5004a273a092131d01fd332e3e3,model_outputs_explicit/flux_kontext.parquet,10691109536256464928,Open Images V7 validation,fe0455bcba01344d,origins/fe0455bcba01344d.jpg,90768f4f18b57b938b4b81261c02c75c47993179d1e3a5a6f8eeff63138d918d,openimages:fe0455bcba01344d,abstractedit,images/10691109536256464928.jpg,42a5e0b480801c86c99fc1d869e4e65b13015f466364b92e6167bb8e7eee8b13,2a87cece9039e581c418aad250f753788bc8a14cac043a219694dfb27ebfbb0b,1024,1024,,Flux-Kontext,5a23bee4f802b9c88dd41030711aee173d27a3f8974371153439c0c363cde3a5;9dcda4b93d8c73df7b1240629bec209566cd6119bb7f800c2906b8c3826b8777
diffdetect-hierarchical-external-confirmation-v1,376,genimage:Wukong:wukong/test/ai/671_wukong_image128.png,synthetic,nebula/GenImage-arrow,3f4b9f921a673be09a93b335ed728cea0c6ecf33,test,Wukong:wukong/test/ai/671_wukong_image128.png,,,,,genimage:Wukong:wukong/test/ai/671_wukong_image128.png,genimage,images/fb8ed1eef0d4ab0d.png,00a9b763814c877217b966467eae5397ff03b3037e12eab9985da0d288b61f10,0278c88163ce3e640fe37232d0e81bed060b5c221cb68422cd687ea4f044a978,512,512,Wukong,,5a23bee4f802b9c88dd41030711aee173d27a3f8974371153439c0c363cde3a5;9dcda4b93d8c73df7b1240629bec209566cd6119bb7f800c2906b8c3826b8777
diffdetect-hierarchical-external-confirmation-v1,377,abstractedit:flux-kontext:13820175108634475101,edited,DucktorV/AbstractEdit,bc04f61586e5d5004a273a092131d01fd332e3e3,model_outputs_explicit/flux_kontext.parquet,13820175108634475101,Open Images V7 validation,11c078ba905b60a5,origins/11c078ba905b60a5.jpg,8b84b499512bbcb038c31e112dbd7cb12b7715b8ddea8f1073f455d068e2480f,openimages:11c078ba905b60a5,abstractedit,images/13820175108634475101.jpg,42a5e0b480801c86c99fc1d869e4e65b13015f466364b92e6167bb8e7eee8b13,97f58ee8692f5bd6497b9df98d00938ee402f999beafea0e9980597268b4d406,1024,1024,,Flux-Kontext,5a23bee4f802b9c88dd41030711aee173d27a3f8974371153439c0c363cde3a5;9dcda4b93d8c73df7b1240629bec209566cd6119bb7f800c2906b8c3826b8777
diffdetect-hierarchical-external-confirmation-v1,378,openimages:175aa1739edb9890,real,Open Images V6 validation,Open-Images-V6-validation,validation,175aa1739edb9890,,,,,openimages:175aa1739edb9890,openimages-v6,images/175aa1739edb9890.jpg,ed93a0e121fe345effdfc7359b848dbc64a1ff6778c8c73563157cb500b33a17,a84bb08fa81dfcdea366e7eda26f164913bdc4418c5fe4609b6f11d7c2a36692,768,1024,,,5a23bee4f802b9c88dd41030711aee173d27a3f8974371153439c0c363cde3a5;9dcda4b93d8c73df7b1240629bec209566cd6119bb7f800c2906b8c3826b8777
diffdetect-hierarchical-external-confirmation-v1,379,abstractedit:flux-kontext:16025603578064067144,edited,DucktorV/AbstractEdit,bc04f61586e5d5004a273a092131d01fd332e3e3,model_outputs_explicit/flux_kontext.parquet,16025603578064067144,Open Images V7 validation,7b9ac446f589d9b3,origins/7b9ac446f589d9b3.jpg,da747f79725bc6edf61aabd0d8ee98eb2978af7295ee0ae2eae06b9a507cad07,openimages:7b9ac446f589d9b3,abstractedit,images/16025603578064067144.jpg,42a5e0b480801c86c99fc1d869e4e65b13015f466364b92e6167bb8e7eee8b13,c35e117b7c871597800f92b2655764b996c90bdb363fe5dcce45c2b26a80209a,1024,1024,,Flux-Kontext,5a23bee4f802b9c88dd41030711aee173d27a3f8974371153439c0c363cde3a5;9dcda4b93d8c73df7b1240629bec209566cd6119bb7f800c2906b8c3826b8777
diffdetect-hierarchical-external-confirmation-v1,380,openimages:9659e2d1a4884bb6,real,Open Images V6 validation,Open-Images-V6-validation,validation,9659e2d1a4884bb6,,,,,openimages:9659e2d1a4884bb6,openimages-v6,images/9659e2d1a4884bb6.jpg,ed93a0e121fe345effdfc7359b848dbc64a1ff6778c8c73563157cb500b33a17,9318550b02975f236e71fb2c97af2b5a445f410368c1794eae6fdcb837b6982c,1024,678,,,5a23bee4f802b9c88dd41030711aee173d27a3f8974371153439c0c363cde3a5;9dcda4b93d8c73df7b1240629bec209566cd6119bb7f800c2906b8c3826b8777
diffdetect-hierarchical-external-confirmation-v1,381,openimages:8fdbacd880af6412,real,Open Images V6 validation,Open-Images-V6-validation,validation,8fdbacd880af6412,,,,,openimages:8fdbacd880af6412,openimages-v6,images/8fdbacd880af6412.jpg,ed93a0e121fe345effdfc7359b848dbc64a1ff6778c8c73563157cb500b33a17,3dead00a18693679a1ea217682e23e039e0179029dad103ab4a82a39d18083bc,575,1024,,,5a23bee4f802b9c88dd41030711aee173d27a3f8974371153439c0c363cde3a5;9dcda4b93d8c73df7b1240629bec209566cd6119bb7f800c2906b8c3826b8777
diffdetect-hierarchical-external-confirmation-v1,382,openimages:79a6209e9b93590d,real,Open Images V6 validation,Open-Images-V6-validation,validation,79a6209e9b93590d,,,,,openimages:79a6209e9b93590d,openimages-v6,images/79a6209e9b93590d.jpg,ed93a0e121fe345effdfc7359b848dbc64a1ff6778c8c73563157cb500b33a17,90b8344d3fc1113ece0138a8d30b101457ee40e2a5a43d32e4337e542d035e87,683,1024,,,5a23bee4f802b9c88dd41030711aee173d27a3f8974371153439c0c363cde3a5;9dcda4b93d8c73df7b1240629bec209566cd6119bb7f800c2906b8c3826b8777
diffdetect-hierarchical-external-confirmation-v1,383,genimage:VQDM:VQDM/test/ai/VQDM_1000_200_01_193_vqdm_00035.png,synthetic,nebula/GenImage-arrow,3f4b9f921a673be09a93b335ed728cea0c6ecf33,test,VQDM:VQDM/test/ai/VQDM_1000_200_01_193_vqdm_00035.png,,,,,genimage:VQDM:VQDM/test/ai/VQDM_1000_200_01_193_vqdm_00035.png,genimage,images/52032ab62a109285.png,00a9b763814c877217b966467eae5397ff03b3037e12eab9985da0d288b61f10,a18d2ade3f4b23ddd26775017a84981bd6c2fe8967a89c74f7649f1c8b7097d1,256,256,VQDM,,5a23bee4f802b9c88dd41030711aee173d27a3f8974371153439c0c363cde3a5;9dcda4b93d8c73df7b1240629bec209566cd6119bb7f800c2906b8c3826b8777
diffdetect-hierarchical-external-confirmation-v1,384,ai-detector-arena:ai_portrait_gpt_image_1.5_portrait_01.png,synthetic,AI Detector Arena v0.1,v0.1-sha256:1e62844bba714c2e190792844d4169fa3119fac3c2c143dad1eb8062e20b67e4,v0.1,ai_portrait_gpt_image_1.5_portrait_01.png,,,,,ai-detector-arena:ai_portrait_gpt_image_1.5_portrait_01.png,ai-detector-arena-v0.1,images/46e0688396cfc814.png,246b431ee755d2c2462e70b8fbf0d3bac7d14d79bc62bd65c047f61c5f9b12ed,122393c4993a2e54e6b71d9dca11c676dd80e18b1d713b6ba074921bc3c589e4,1024,1024,GPT Image 1.5,,5a23bee4f802b9c88dd41030711aee173d27a3f8974371153439c0c363cde3a5;9dcda4b93d8c73df7b1240629bec209566cd6119bb7f800c2906b8c3826b8777
