protocol_version,manifest_sha256,manifest_index,sample_id,true_class,source_dataset,source_revision,source_partition,source_id,input_sha256,environment_id,attempt,run_started_utc,distildire_score,distildire_threshold,distildire_detected,distildire_duration_seconds,distildire_error,dinolizer_score,dinolizer_threshold,dinolizer_detected,dinolizer_duration_seconds,dinolizer_error,dinolizer_marked_area,dinolizer_processed_width,dinolizer_processed_height,dinolizer_window_count,localization_width,localization_height,localization_mode,total_duration_seconds
diffdetect-hierarchical-calibration-v1,5a23bee4f802b9c88dd41030711aee173d27a3f8974371153439c0c363cde3a5,1,diffusiondb:9df74de5-fe24-492f-8e90-d517c9c394fc.png,synthetic,poloclub/diffusiondb,fb620fbe49fa4420e0734bd9c0df11f51176b61f,part-001800,9df74de5-fe24-492f-8e90-d517c9c394fc.png,6498cafb9bc0f4458568c4a6f192560af53b0b37110a4da47a938fa26c834b82,colab-t4-hierarchical-calibration-v1,1,2026-10-08T13:09:31.473394+00:00,0.9911790490150452,0.9877818822860718,True,15.577751594999881,,0.9597411155700684,0.5946570634841919,True,6.359074444999806,,0.5341008504231771,512,768,8,512,768,F,21.969393410000066
diffdetect-hierarchical-calibration-v1,5a23bee4f802b9c88dd41030711aee173d27a3f8974371153439c0c363cde3a5,2,diffusiondb:97a6cbf1-d1fc-425a-8f5d-30d07239689e.png,synthetic,poloclub/diffusiondb,fb620fbe49fa4420e0734bd9c0df11f51176b61f,part-001800,97a6cbf1-d1fc-425a-8f5d-30d07239689e.png,8c044bfeacff70bc9593bd68403cc62c7dca88424417d072645619ae0cd0d808,colab-t4-hierarchical-calibration-v1,1,2026-10-08T13:09:53.467717+00:00,0.9928386807441711,0.9877818822860718,True,0.8338507839998783,,0.9130160212516785,0.5946570634841919,True,0.15690945300002568,,0.5020065307617188,512,512,4,512,512,F,1.0049185290004061
diffdetect-hierarchical-calibration-v1,5a23bee4f802b9c88dd41030711aee173d27a3f8974371153439c0c363cde3a5,3,diffusiondb:99dac20a-f960-4ebb-b78a-0f64cc0d4929.png,synthetic,poloclub/diffusiondb,fb620fbe49fa4420e0734bd9c0df11f51176b61f,part-001800,99dac20a-f960-4ebb-b78a-0f64cc0d4929.png,46e6580aedea6e7c5d2ebb93d4a292036b6900ae8225ac9d7eef4eac0b65662c,colab-t4-hierarchical-calibration-v1,1,2026-10-08T13:09:54.493810+00:00,0.9812921285629272,0.9877818822860718,False,0.8009743579996211,,0.9971943497657776,0.5946570634841919,True,0.15131597199979296,,0.5740928649902344,512,512,4,512,512,F,0.9680622250002671
diffdetect-hierarchical-calibration-v1,5a23bee4f802b9c88dd41030711aee173d27a3f8974371153439c0c363cde3a5,4,cocoglide:000000224051:edited,edited,nebula/CocoGlide,275f045df7caa2544dd28de7fa86b044ab661bd0,calibration,000000224051,f548c7cdf3375eff8f92c49eb61bffc28e5b188bbe56d55e734b39ccdf36a9e7,colab-t4-hierarchical-calibration-v1,1,2026-10-08T13:09:55.484967+00:00,0.8315638303756714,0.9877818822860718,False,0.7962082310000369,,0.9975214600563049,0.5946570634841919,True,0.7636018029998013,,0.13263376526753054,1016,1016,25,256,256,F,1.5638653729997714
diffdetect-hierarchical-calibration-v1,5a23bee4f802b9c88dd41030711aee173d27a3f8974371153439c0c363cde3a5,5,cocoglide:000000173091:edited,edited,nebula/CocoGlide,275f045df7caa2544dd28de7fa86b044ab661bd0,calibration,000000173091,d05a2bf7925a24754a591abafcbf0e56491b46c57d88bd22efdbf9df229dbaf7,colab-t4-hierarchical-calibration-v1,1,2026-10-08T13:09:57.068438+00:00,0.9957423806190491,0.9877818822860718,True,0.7983290890001626,,0.9740831255912781,0.5946570634841919,True,0.7890568539996821,,0.1414523141546283,1016,1016,25,256,256,F,1.5938357730001371
diffdetect-hierarchical-calibration-v1,5a23bee4f802b9c88dd41030711aee173d27a3f8974371153439c0c363cde3a5,6,diffusiondb:91167cf9-b06f-4bfa-91a6-d8a64c269ede.png,synthetic,poloclub/diffusiondb,fb620fbe49fa4420e0734bd9c0df11f51176b61f,part-001800,91167cf9-b06f-4bfa-91a6-d8a64c269ede.png,d699ec482f09ebb800423082c5982ae36a8cf100ef31a195baccfc97469abe1a,colab-t4-hierarchical-calibration-v1,1,2026-10-08T13:09:58.681526+00:00,0.9954238533973694,0.9877818822860718,True,0.8123806759999752,,0.9943047165870667,0.5946570634841919,True,0.21187407400020675,,0.3519248962402344,512,512,4,512,512,F,1.0393646520001312
diffdetect-hierarchical-calibration-v1,5a23bee4f802b9c88dd41030711aee173d27a3f8974371153439c0c363cde3a5,7,cocoglide:000000340175:real,real,nebula/CocoGlide,275f045df7caa2544dd28de7fa86b044ab661bd0,calibration,000000340175,a6c0cc848b5847878c3adbe0e0d34d023167ce8cac985302b68b7d2422ae26db,colab-t4-hierarchical-calibration-v1,1,2026-10-08T13:09:59.757594+00:00,0.9947295784950256,0.9877818822860718,True,0.8000800269996944,,0.0254258643835783,0.5946570634841919,False,0.9076020450002034,,0.0,1016,1016,25,256,256,F,1.7138204080001742
diffdetect-hierarchical-calibration-v1,5a23bee4f802b9c88dd41030711aee173d27a3f8974371153439c0c363cde3a5,8,cocoglide:000000284296:edited,edited,nebula/CocoGlide,275f045df7caa2544dd28de7fa86b044ab661bd0,calibration,000000284296,b6d1ff52be2effe39658951165b0a152b7d2e85472880751d9e1915d1fa7da6f,colab-t4-hierarchical-calibration-v1,1,2026-10-08T13:10:01.492274+00:00,0.9961304664611816,0.9877818822860718,True,0.8071290699999736,,0.940432608127594,0.5946570634841919,True,0.7947826980002901,,0.06303765732531465,1016,1016,25,256,256,F,1.608415333999801
diffdetect-hierarchical-calibration-v1,5a23bee4f802b9c88dd41030711aee173d27a3f8974371153439c0c363cde3a5,9,cocoglide:000000015517:real,real,nebula/CocoGlide,275f045df7caa2544dd28de7fa86b044ab661bd0,calibration,000000015517,d8f582209f09c2247f25cc2a8a2c8783b4e24b43bcc7d5f7ccf5f4c1b73d39cf,colab-t4-hierarchical-calibration-v1,1,2026-10-08T13:10:03.117635+00:00,0.9912768602371216,0.9877818822860718,True,0.8030876109996825,,0.02692084200680256,0.5946570634841919,False,0.8132616369998686,,0.0,1016,1016,25,256,256,F,1.6206741040000452
diffdetect-hierarchical-calibration-v1,5a23bee4f802b9c88dd41030711aee173d27a3f8974371153439c0c363cde3a5,10,diffusiondb:8bf50cc5-76fe-415a-92a3-a165ae1e6925.png,synthetic,poloclub/diffusiondb,fb620fbe49fa4420e0734bd9c0df11f51176b61f,part-001800,8bf50cc5-76fe-415a-92a3-a165ae1e6925.png,c7a49a1f3f679d54f829f9abb69898694318c7e85e176d7f7b915e971c702809,colab-t4-hierarchical-calibration-v1,1,2026-10-08T13:10:04.756165+00:00,0.9938197731971741,0.9877818822860718,True,0.8124567149998256,,0.9310381412506104,0.5946570634841919,True,0.28157501899977433,,0.7511723836263021,768,512,8,768,512,F,1.1137679479998042
diffdetect-hierarchical-calibration-v1,5a23bee4f802b9c88dd41030711aee173d27a3f8974371153439c0c363cde3a5,11,cocoglide:000000192904:real,real,nebula/CocoGlide,275f045df7caa2544dd28de7fa86b044ab661bd0,calibration,000000192904,e5a64302f58a601462f8e99d45539b94d3747755138704d13b42a4467720a02e,colab-t4-hierarchical-calibration-v1,1,2026-10-08T13:10:05.888264+00:00,0.9943943023681641,0.9877818822860718,True,0.8091018569998596,,0.12438150495290756,0.5946570634841919,False,0.7597409560003143,,0.0,1016,1016,25,256,256,F,1.5742048810002416
diffdetect-hierarchical-calibration-v1,5a23bee4f802b9c88dd41030711aee173d27a3f8974371153439c0c363cde3a5,12,cocoglide:000000044699:real,real,nebula/CocoGlide,275f045df7caa2544dd28de7fa86b044ab661bd0,calibration,000000044699,04e5b65c1d0059616df53a693942ab638fe2c7b45b1f335d45f9d56cac573342,colab-t4-hierarchical-calibration-v1,1,2026-10-08T13:10:07.478458+00:00,0.9944222569465637,0.9877818822860718,True,0.8117772149998927,,0.16379839181900024,0.5946570634841919,False,0.7730308870000044,,0.0,1016,1016,25,256,256,F,1.5892898229999446
diffdetect-hierarchical-calibration-v1,5a23bee4f802b9c88dd41030711aee173d27a3f8974371153439c0c363cde3a5,13,cocoglide:000000283038:edited,edited,nebula/CocoGlide,275f045df7caa2544dd28de7fa86b044ab661bd0,calibration,000000283038,bf55acfc327c03d9155604b174ae2f2e657938d4fbb3d4a12108cf9eb0c50ebd,colab-t4-hierarchical-calibration-v1,1,2026-10-08T13:10:09.084443+00:00,0.9935436248779297,0.9877818822860718,True,0.8089017160000367,,0.8137645721435547,0.5946570634841919,True,0.7685592389998419,,0.30213726052452106,1016,1016,25,256,256,F,1.582484981000107
diffdetect-hierarchical-calibration-v1,5a23bee4f802b9c88dd41030711aee173d27a3f8974371153439c0c363cde3a5,14,cocoglide:000000261161:real,real,nebula/CocoGlide,275f045df7caa2544dd28de7fa86b044ab661bd0,calibration,000000261161,10e6befbe05f72d44940713173f276ab7bae4d98daf4618e1cd6ccda0cc195fa,colab-t4-hierarchical-calibration-v1,1,2026-10-08T13:10:10.682283+00:00,0.9949650168418884,0.9877818822860718,True,0.811266107999927,,0.0288543701171875,0.5946570634841919,False,0.7706749119997767,,0.0,1016,1016,25,256,256,F,1.587592400000176
diffdetect-hierarchical-calibration-v1,5a23bee4f802b9c88dd41030711aee173d27a3f8974371153439c0c363cde3a5,15,diffusiondb:f55f6fff-686c-49c3-91ca-1fb1cc791d87.png,synthetic,poloclub/diffusiondb,fb620fbe49fa4420e0734bd9c0df11f51176b61f,part-001800,f55f6fff-686c-49c3-91ca-1fb1cc791d87.png,14ac8dacf47775bf950c6819bd1e2a3889553e97fb0988d008f8382270eb8f71,colab-t4-hierarchical-calibration-v1,1,2026-10-08T13:10:12.286962+00:00,0.9908292293548584,0.9877818822860718,True,0.8196051850000003,,0.8011606931686401,0.5946570634841919,True,0.30691363799996907,,0.10997314453125,640,512,6,640,512,F,1.1472822990003806
diffdetect-hierarchical-calibration-v1,5a23bee4f802b9c88dd41030711aee173d27a3f8974371153439c0c363cde3a5,16,cocoglide:000000331352:real,real,nebula/CocoGlide,275f045df7caa2544dd28de7fa86b044ab661bd0,calibration,000000331352,0407ee864e09e9e71f99ef93403b64fe80d3253044f4c32a660661ee725d028d,colab-t4-hierarchical-calibration-v1,1,2026-10-08T13:10:13.450246+00:00,0.9959231615066528,0.9877818822860718,True,0.8261445979997006,,0.15767699480056763,0.5946570634841919,False,0.8901587650002512,,0.0,1016,1016,25,256,256,F,1.7226891109999087
diffdetect-hierarchical-calibration-v1,5a23bee4f802b9c88dd41030711aee173d27a3f8974371153439c0c363cde3a5,17,cocoglide:000000344795:edited,edited,nebula/CocoGlide,275f045df7caa2544dd28de7fa86b044ab661bd0,calibration,000000344795,db947aa9ae4556ff15dd6dd43c318e04d7e8f4342ef3a63567f4e3c6cf85127b,colab-t4-hierarchical-calibration-v1,1,2026-10-08T13:10:15.207095+00:00,0.8034026026725769,0.9877818822860718,False,0.8200897420001638,,0.9789097309112549,0.5946570634841919,True,0.8126044369996634,,0.1260733771467543,1016,1016,25,256,256,F,1.6397289830001682
diffdetect-hierarchical-calibration-v1,5a23bee4f802b9c88dd41030711aee173d27a3f8974371153439c0c363cde3a5,18,cocoglide:000000369771:edited,edited,nebula/CocoGlide,275f045df7caa2544dd28de7fa86b044ab661bd0,calibration,000000369771,365633714ad11c29444863ed77390552f15deef0f157caaf4cba2a459b68c907,colab-t4-hierarchical-calibration-v1,1,2026-10-08T13:10:16.862155+00:00,0.9897128343582153,0.9877818822860718,True,0.8234578920000786,,0.9988545179367065,0.5946570634841919,True,0.7732646129998102,,0.07207223789447578,1016,1016,25,256,256,F,1.6019240249997893
diffdetect-hierarchical-calibration-v1,5a23bee4f802b9c88dd41030711aee173d27a3f8974371153439c0c363cde3a5,19,cocoglide:000000035963:edited,edited,nebula/CocoGlide,275f045df7caa2544dd28de7fa86b044ab661bd0,calibration,000000035963,fbdf02ca8df73697f330b88cf5ea5c26db92ea6082403d5936eae62fa1c06714,colab-t4-hierarchical-calibration-v1,1,2026-10-08T13:10:18.485543+00:00,0.9959021210670471,0.9877818822860718,True,0.8245380070002284,,0.9937987327575684,0.5946570634841919,True,0.7747954980000031,,0.10193789137578275,1016,1016,25,256,256,F,1.6052261530003307
diffdetect-hierarchical-calibration-v1,5a23bee4f802b9c88dd41030711aee173d27a3f8974371153439c0c363cde3a5,20,diffusiondb:48374975-7d56-4b7c-9ade-a0ded7fa7463.png,synthetic,poloclub/diffusiondb,fb620fbe49fa4420e0734bd9c0df11f51176b61f,part-001800,48374975-7d56-4b7c-9ade-a0ded7fa7463.png,32d5beb40c9ce5b96318e6c0f687413c107b045234748817fe05811dab3741b9,colab-t4-hierarchical-calibration-v1,1,2026-10-08T13:10:20.107446+00:00,0.9951208233833313,0.9877818822860718,True,0.8310023610001736,,0.8936038613319397,0.5946570634841919,True,0.1500940589999118,,0.12960052490234375,512,512,4,512,512,F,0.9938235039999199
diffdetect-hierarchical-calibration-v1,5a23bee4f802b9c88dd41030711aee173d27a3f8974371153439c0c363cde3a5,21,cocoglide:000000534601:real,real,nebula/CocoGlide,275f045df7caa2544dd28de7fa86b044ab661bd0,calibration,000000534601,eadc0cc89fa576e8a8b6ec823aa1611907e5c0d6b639bb8d1d5f5040fc1aa680,colab-t4-hierarchical-calibration-v1,1,2026-10-08T13:10:21.117072+00:00,0.9942296743392944,0.9877818822860718,True,0.828737528000147,,0.012598858214914799,0.5946570634841919,False,0.7877303049999682,,0.0,1016,1016,25,256,256,F,1.6227578379998704
diffdetect-hierarchical-calibration-v1,5a23bee4f802b9c88dd41030711aee173d27a3f8974371153439c0c363cde3a5,22,cocoglide:000000414261:edited,edited,nebula/CocoGlide,275f045df7caa2544dd28de7fa86b044ab661bd0,calibration,000000414261,8aee516d1e3d95651c855e6cdba2fc5405fc18285a4b7f94764d4d8d14c5ec4a,colab-t4-hierarchical-calibration-v1,1,2026-10-08T13:10:22.754700+00:00,0.9902341365814209,0.9877818822860718,True,0.8287150539999857,,0.9911205768585205,0.5946570634841919,True,0.7918989720001264,,0.4179641484282969,1016,1016,25,256,256,F,1.6266281379998873
diffdetect-hierarchical-calibration-v1,5a23bee4f802b9c88dd41030711aee173d27a3f8974371153439c0c363cde3a5,23,cocoglide:000000059920:real,real,nebula/CocoGlide,275f045df7caa2544dd28de7fa86b044ab661bd0,calibration,000000059920,eb58418ac5ff6cb263e35a14257e70db5de779a11f4004a68267feb73833a6c1,colab-t4-hierarchical-calibration-v1,1,2026-10-08T13:10:24.397138+00:00,0.9959176182746887,0.9877818822860718,True,0.8318665189999592,,0.04039889946579933,0.5946570634841919,False,0.7836176619998696,,0.0,1016,1016,25,256,256,F,1.620368347999829
diffdetect-hierarchical-calibration-v1,5a23bee4f802b9c88dd41030711aee173d27a3f8974371153439c0c363cde3a5,24,cocoglide:000000217614:real,real,nebula/CocoGlide,275f045df7caa2544dd28de7fa86b044ab661bd0,calibration,000000217614,41529b3499542a63b7a7bfcbb080844c2e63aac0cd58c3539487877a368e2a91,colab-t4-hierarchical-calibration-v1,1,2026-10-08T13:10:26.032459+00:00,0.9952216744422913,0.9877818822860718,True,0.8290707890000704,,0.12877468764781952,0.5946570634841919,False,0.9127511480000976,,0.0,1016,1016,25,256,256,F,1.7479495389998192
diffdetect-hierarchical-calibration-v1,5a23bee4f802b9c88dd41030711aee173d27a3f8974371153439c0c363cde3a5,25,diffusiondb:e5962939-4f11-4af8-9bf0-3465fdd7018a.png,synthetic,poloclub/diffusiondb,fb620fbe49fa4420e0734bd9c0df11f51176b61f,part-001800,e5962939-4f11-4af8-9bf0-3465fdd7018a.png,ff67c31861a1784e24e52c53b5b952b4854f3b83cc6ae06bbcc412cbb6501e12,colab-t4-hierarchical-calibration-v1,1,2026-10-08T13:10:27.798219+00:00,0.9950177073478699,0.9877818822860718,True,0.8503715560000273,,0.9933279752731323,0.5946570634841919,True,0.5591918000000078,,0.9938697814941406,1024,512,12,1024,512,F,1.435053897999751
diffdetect-hierarchical-calibration-v1,5a23bee4f802b9c88dd41030711aee173d27a3f8974371153439c0c363cde3a5,26,cocoglide:000000330790:edited,edited,nebula/CocoGlide,275f045df7caa2544dd28de7fa86b044ab661bd0,calibration,000000330790,d5f5928d2d02a9ade669b2061afa6f7120dd8884159662b6aca6b29f5105be60,colab-t4-hierarchical-calibration-v1,1,2026-10-08T13:10:29.253137+00:00,0.9937826991081238,0.9877818822860718,True,0.8448145929996826,,0.9116572737693787,0.5946570634841919,True,0.8126467540000704,,0.38571149017298034,1016,1016,25,256,256,F,1.6636107360000096
diffdetect-hierarchical-calibration-v1,5a23bee4f802b9c88dd41030711aee173d27a3f8974371153439c0c363cde3a5,27,cocoglide:000000394328:real,real,nebula/CocoGlide,275f045df7caa2544dd28de7fa86b044ab661bd0,calibration,000000394328,78a1c9aef1eda2a5b692bd72baa09adfb58fa6d495bebf637f254213274ba9ea,colab-t4-hierarchical-calibration-v1,1,2026-10-08T13:10:30.932531+00:00,0.994594156742096,0.9877818822860718,True,0.8407683460000044,,0.4546094834804535,0.5946570634841919,False,0.7926168539997889,,0.00810264120528241,1016,1016,25,256,256,F,1.6382699969999521
diffdetect-hierarchical-calibration-v1,5a23bee4f802b9c88dd41030711aee173d27a3f8974371153439c0c363cde3a5,28,cocoglide:000000405205:real,real,nebula/CocoGlide,275f045df7caa2544dd28de7fa86b044ab661bd0,calibration,000000405205,a5521f49529c6d357945b8c27050fc02bb0fa86ae4d797c1662f9e2c77488f1c,colab-t4-hierarchical-calibration-v1,1,2026-10-08T13:10:32.597314+00:00,0.9874125719070435,0.9877818822860718,False,0.8332028820000232,,0.2272145003080368,0.5946570634841919,False,0.8067844649999643,,0.0,1016,1016,25,256,256,F,1.6446840200001134
diffdetect-hierarchical-calibration-v1,5a23bee4f802b9c88dd41030711aee173d27a3f8974371153439c0c363cde3a5,29,cocoglide:000000029675:edited,edited,nebula/CocoGlide,275f045df7caa2544dd28de7fa86b044ab661bd0,calibration,000000029675,368e9666a500bdec14d0620566fabd485b19a56bc690713fbf2eb330d94fd1d0,colab-t4-hierarchical-calibration-v1,1,2026-10-08T13:10:34.256550+00:00,0.9949241876602173,0.9877818822860718,True,0.8405018940002265,,0.8826585412025452,0.5946570634841919,True,0.786605819000215,,0.40441324632649267,1016,1016,25,256,256,F,1.6315341630001967
diffdetect-hierarchical-calibration-v1,5a23bee4f802b9c88dd41030711aee173d27a3f8974371153439c0c363cde3a5,30,cocoglide:000000524108:real,real,nebula/CocoGlide,275f045df7caa2544dd28de7fa86b044ab661bd0,calibration,000000524108,a50ec28f3108765fda8f92b326e00ecb791a546ca835cbada9bbd050ceeaec1b,colab-t4-hierarchical-calibration-v1,1,2026-10-08T13:10:35.903401+00:00,0.9903568625450134,0.9877818822860718,True,0.8451558560000194,,0.06325531005859375,0.5946570634841919,False,0.7943077909999374,,0.0,1016,1016,25,256,256,F,1.6442072249997182
diffdetect-hierarchical-calibration-v1,5a23bee4f802b9c88dd41030711aee173d27a3f8974371153439c0c363cde3a5,31,cocoglide:000000098839:real,real,nebula/CocoGlide,275f045df7caa2544dd28de7fa86b044ab661bd0,calibration,000000098839,25b9aae1d1a625ef3d300eb269149b380c5384d448d7005a1202497e8c51d284,colab-t4-hierarchical-calibration-v1,1,2026-10-08T13:10:37.562655+00:00,0.9904240965843201,0.9877818822860718,True,0.8486151710003469,,0.28889161348342896,0.5946570634841919,False,0.7937118330000885,,0.0,1016,1016,25,256,256,F,1.6464498519999324
diffdetect-hierarchical-calibration-v1,5a23bee4f802b9c88dd41030711aee173d27a3f8974371153439c0c363cde3a5,32,diffusiondb:f9b5afa1-a8b4-4102-aaa6-4dde98c2afb9.png,synthetic,poloclub/diffusiondb,fb620fbe49fa4420e0734bd9c0df11f51176b61f,part-001800,f9b5afa1-a8b4-4102-aaa6-4dde98c2afb9.png,c03d558b8c21786975c47b96019d800d37eb20fa5879ef78554b5cdf2932ab99,colab-t4-hierarchical-calibration-v1,1,2026-10-08T13:10:39.223628+00:00,0.9915381669998169,0.9877818822860718,True,0.8496304169998439,,0.9951271414756775,0.5946570634841919,True,0.1547352919997138,,0.967437744140625,512,512,4,512,512,F,1.0166077439998844
diffdetect-hierarchical-calibration-v1,5a23bee4f802b9c88dd41030711aee173d27a3f8974371153439c0c363cde3a5,33,cocoglide:000000308753:real,real,nebula/CocoGlide,275f045df7caa2544dd28de7fa86b044ab661bd0,calibration,000000308753,ea70a5d0e118da538e87d296d234cadb172b6fc3b819f3fc841224d4868bc94f,colab-t4-hierarchical-calibration-v1,1,2026-10-08T13:10:40.256502+00:00,0.9947800636291504,0.9877818822860718,True,0.8497634020000078,,0.06887397915124893,0.5946570634841919,False,0.9167370420000225,,0.0,1016,1016,25,256,256,F,1.7718064840000807
diffdetect-hierarchical-calibration-v1,5a23bee4f802b9c88dd41030711aee173d27a3f8974371153439c0c363cde3a5,34,cocoglide:000000272416:edited,edited,nebula/CocoGlide,275f045df7caa2544dd28de7fa86b044ab661bd0,calibration,000000272416,5af221cc1b9d9fad0b398ae7eacf6d06c6241bd41c4db6982d93fcb2c6f34ce8,colab-t4-hierarchical-calibration-v1,1,2026-10-08T13:10:42.047906+00:00,0.9959612488746643,0.9877818822860718,True,0.854624043000058,,0.9996815919876099,0.5946570634841919,True,0.9226861880001707,,0.1815547693595387,1016,1016,25,256,256,F,1.7846836720000283
diffdetect-hierarchical-calibration-v1,5a23bee4f802b9c88dd41030711aee173d27a3f8974371153439c0c363cde3a5,35,cocoglide:000000323709:real,real,nebula/CocoGlide,275f045df7caa2544dd28de7fa86b044ab661bd0,calibration,000000323709,afb57e8186872304c56a57c6f57cdf21bacc6d0ac0a11a1dcf957f9132d6d7f8,colab-t4-hierarchical-calibration-v1,1,2026-10-08T13:10:43.849508+00:00,0.9929108023643494,0.9877818822860718,True,0.8563207759998477,,0.021625934168696404,0.5946570634841919,False,0.8105690830002459,,0.0,1016,1016,25,256,256,F,1.6723339649997797
diffdetect-hierarchical-calibration-v1,5a23bee4f802b9c88dd41030711aee173d27a3f8974371153439c0c363cde3a5,36,cocoglide:000000129113:edited,edited,nebula/CocoGlide,275f045df7caa2544dd28de7fa86b044ab661bd0,calibration,000000129113,8e6f83e2b48847d4e5c3d1052164bbd50f16d4499973a10c3ea3a8aa42a69165,colab-t4-hierarchical-calibration-v1,1,2026-10-08T13:10:45.536666+00:00,0.9956358075141907,0.9877818822860718,True,0.8549838799999634,,0.9985478520393372,0.5946570634841919,True,0.8069974679997358,,0.12941847758695518,1016,1016,25,256,256,F,1.667670059000102
diffdetect-hierarchical-calibration-v1,5a23bee4f802b9c88dd41030711aee173d27a3f8974371153439c0c363cde3a5,37,cocoglide:000000129113:real,real,nebula/CocoGlide,275f045df7caa2544dd28de7fa86b044ab661bd0,calibration,000000129113,34eed2b1d03eb6dd3180b775cf2a45facaae83e56a33d3c5413a3c63a9e3876c,colab-t4-hierarchical-calibration-v1,1,2026-10-08T13:10:47.219888+00:00,0.9951607584953308,0.9877818822860718,True,0.8532552110000324,,0.012793593108654022,0.5946570634841919,False,0.8357301979999647,,0.0,1016,1016,25,256,256,F,1.6932208680000258
diffdetect-hierarchical-calibration-v1,5a23bee4f802b9c88dd41030711aee173d27a3f8974371153439c0c363cde3a5,38,cocoglide:000000304545:real,real,nebula/CocoGlide,275f045df7caa2544dd28de7fa86b044ab661bd0,calibration,000000304545,7fd6a61f8b7a15bec3d56433d22de79faab8bf5c1bf01b67f1f1b04b503a6df9,colab-t4-hierarchical-calibration-v1,1,2026-10-08T13:10:48.930931+00:00,0.9946075677871704,0.9877818822860718,True,0.8584189450002668,,0.048011429607868195,0.5946570634841919,False,0.8156571049999002,,0.0,1016,1016,25,256,256,F,1.6782920199998443
diffdetect-hierarchical-calibration-v1,5a23bee4f802b9c88dd41030711aee173d27a3f8974371153439c0c363cde3a5,39,cocoglide:000000057027:edited,edited,nebula/CocoGlide,275f045df7caa2544dd28de7fa86b044ab661bd0,calibration,000000057027,64effc21b245fe7051cd4d94b980352743dc0269b1852b62547e3dcd999bbd04,colab-t4-hierarchical-calibration-v1,1,2026-10-08T13:10:50.639366+00:00,0.9939365983009338,0.9877818822860718,True,0.8605147330004002,,0.9698588848114014,0.5946570634841919,True,0.8181694879999668,,0.36228900582801166,1016,1016,25,256,256,F,1.6853157310001734
diffdetect-hierarchical-calibration-v1,5a23bee4f802b9c88dd41030711aee173d27a3f8974371153439c0c363cde3a5,40,cocoglide:000000210502:real,real,nebula/CocoGlide,275f045df7caa2544dd28de7fa86b044ab661bd0,calibration,000000210502,4a2d912d486e5d14f5455d41a7a3577f448c61cab938967fee85238fa9bac78f,colab-t4-hierarchical-calibration-v1,1,2026-10-08T13:10:52.341647+00:00,0.9938188195228577,0.9877818822860718,True,0.8641673600000104,,0.013415323570370674,0.5946570634841919,False,0.8296172469999874,,0.0,1016,1016,25,256,256,F,1.6976698439998472
diffdetect-hierarchical-calibration-v1,5a23bee4f802b9c88dd41030711aee173d27a3f8974371153439c0c363cde3a5,41,cocoglide:000000518213:real,real,nebula/CocoGlide,275f045df7caa2544dd28de7fa86b044ab661bd0,calibration,000000518213,5c8d140197f44bc5b3d53ac6ed00554bc817f6367b154cf70679286479070626,colab-t4-hierarchical-calibration-v1,1,2026-10-08T13:10:54.055594+00:00,0.9960455298423767,0.9877818822860718,True,0.8672251320003852,,0.0976831242442131,0.5946570634841919,False,0.9455719319998934,,0.0,1016,1016,25,256,256,F,1.817178767000314
diffdetect-hierarchical-calibration-v1,5a23bee4f802b9c88dd41030711aee173d27a3f8974371153439c0c363cde3a5,42,cocoglide:000000337498:edited,edited,nebula/CocoGlide,275f045df7caa2544dd28de7fa86b044ab661bd0,calibration,000000337498,1d79f33135dc7bc850de573b3dee0c73fb76fba3cfe31c3a2b43a9f7e9f7a759,colab-t4-hierarchical-calibration-v1,1,2026-10-08T13:10:55.893321+00:00,0.9945557117462158,0.9877818822860718,True,0.8698510760000318,,0.9835003614425659,0.5946570634841919,True,0.9379340870000306,,0.32064042253084507,1016,1016,25,256,256,F,1.8137550950000332
diffdetect-hierarchical-calibration-v1,5a23bee4f802b9c88dd41030711aee173d27a3f8974371153439c0c363cde3a5,43,cocoglide:000000167128:real,real,nebula/CocoGlide,275f045df7caa2544dd28de7fa86b044ab661bd0,calibration,000000167128,d46b716875a01d3a58a33d210a8eda183a6e5e0c039d87879e4af756f670ea56,colab-t4-hierarchical-calibration-v1,1,2026-10-08T13:10:57.724947+00:00,0.9949885010719299,0.9877818822860718,True,0.8711823759999788,,0.04955673590302467,0.5946570634841919,False,0.8329062090001571,,0.0,1016,1016,25,256,256,F,1.7105353800002376
diffdetect-hierarchical-calibration-v1,5a23bee4f802b9c88dd41030711aee173d27a3f8974371153439c0c363cde3a5,44,cocoglide:000000252332:edited,edited,nebula/CocoGlide,275f045df7caa2544dd28de7fa86b044ab661bd0,calibration,000000252332,1c562d4793de7d0380878d77ae754d753544445a02c3ec78e0bbbdb9108ce3d1,colab-t4-hierarchical-calibration-v1,1,2026-10-08T13:10:59.450872+00:00,0.9946359992027283,0.9877818822860718,True,0.8720090629999504,,0.9961751103401184,0.5946570634841919,True,0.8262724770002023,,0.728263144026288,1016,1016,25,256,256,F,1.7034558489999654
diffdetect-hierarchical-calibration-v1,5a23bee4f802b9c88dd41030711aee173d27a3f8974371153439c0c363cde3a5,45,cocoglide:000000241319:real,real,nebula/CocoGlide,275f045df7caa2544dd28de7fa86b044ab661bd0,calibration,000000241319,5d09d7cbf20812cc5e6d62871ab4e0258c65736a7a90d55bb8bd94f1ac2344c9,colab-t4-hierarchical-calibration-v1,1,2026-10-08T13:11:01.170665+00:00,0.9957540035247803,0.9877818822860718,True,0.8759787059998416,,0.041394416242837906,0.5946570634841919,False,0.8245475169997007,,0.0,1016,1016,25,256,256,F,1.7049472049998258
diffdetect-hierarchical-calibration-v1,5a23bee4f802b9c88dd41030711aee173d27a3f8974371153439c0c363cde3a5,46,diffusiondb:078b20c0-4b2b-4728-983b-1406d7829679.png,synthetic,poloclub/diffusiondb,fb620fbe49fa4420e0734bd9c0df11f51176b61f,part-001800,078b20c0-4b2b-4728-983b-1406d7829679.png,9316bc92be0f7d1ed881ab0c4ce5b09c0de638f376a66f4e5eb7c3ad14bceb0a,colab-t4-hierarchical-calibration-v1,1,2026-10-08T13:11:02.890425+00:00,0.994697093963623,0.9877818822860718,True,0.8840028539998457,,0.8838213682174683,0.5946570634841919,True,0.15529533299968534,,0.9251480102539062,512,512,4,512,512,F,1.0509320959999968
diffdetect-hierarchical-calibration-v1,5a23bee4f802b9c88dd41030711aee173d27a3f8974371153439c0c363cde3a5,47,diffusiondb:53d42f83-fa7c-4021-b5f7-ad527ab31edd.png,synthetic,poloclub/diffusiondb,fb620fbe49fa4420e0734bd9c0df11f51176b61f,part-001800,53d42f83-fa7c-4021-b5f7-ad527ab31edd.png,cf1ab8122851f2d64242b5915eeabf2066470e6271b7a24227a6bebd088342f1,colab-t4-hierarchical-calibration-v1,1,2026-10-08T13:11:03.959486+00:00,0.9999996423721313,0.9877818822860718,True,0.8837130430001707,,0.9966450333595276,0.5946570634841919,True,0.15733076700007587,,0.759368896484375,512,512,4,512,512,F,1.0551792960000057
diffdetect-hierarchical-calibration-v1,5a23bee4f802b9c88dd41030711aee173d27a3f8974371153439c0c363cde3a5,48,cocoglide:000000167128:edited,edited,nebula/CocoGlide,275f045df7caa2544dd28de7fa86b044ab661bd0,calibration,000000167128,3bdaad9863cad55f8f2403a1c83dc6c966698d7c6ced612fe35652cff822eecb,colab-t4-hierarchical-calibration-v1,1,2026-10-08T13:11:05.029251+00:00,0.9936175346374512,0.9877818822860718,True,0.8833144430000175,,0.9922320246696472,0.5946570634841919,True,0.8482053460002135,,0.45524075423150845,1016,1016,25,256,256,F,1.735718856999938
diffdetect-hierarchical-calibration-v1,5a23bee4f802b9c88dd41030711aee173d27a3f8974371153439c0c363cde3a5,49,cocoglide:000000534664:edited,edited,nebula/CocoGlide,275f045df7caa2544dd28de7fa86b044ab661bd0,calibration,000000534664,d79e65da9efd609a8f16d4c2fa559bff7f152403c8b25d3e6c57f090812e5698,colab-t4-hierarchical-calibration-v1,1,2026-10-08T13:11:06.788302+00:00,0.992324948310852,0.9877818822860718,True,0.8858168950000618,,0.9985346794128418,0.5946570634841919,True,0.9433366279999973,,0.877382161014322,1016,1016,25,256,256,F,1.8334707510002772
diffdetect-hierarchical-calibration-v1,5a23bee4f802b9c88dd41030711aee173d27a3f8974371153439c0c363cde3a5,50,diffusiondb:d7e68775-2ab8-49f6-a9fb-4a1782e9659f.png,synthetic,poloclub/diffusiondb,fb620fbe49fa4420e0734bd9c0df11f51176b61f,part-001800,d7e68775-2ab8-49f6-a9fb-4a1782e9659f.png,b8b086c173623fc54d10ac3725357682e3d738721115c92ce9d9da8898b824fd,colab-t4-hierarchical-calibration-v1,1,2026-10-08T13:11:08.642455+00:00,0.9950079917907715,0.9877818822860718,True,0.8979627440003242,,0.9966731071472168,0.5946570634841919,True,0.2055755199999112,,0.7028007507324219,512,512,4,512,512,F,1.1223526210001182
diffdetect-hierarchical-calibration-v1,5a23bee4f802b9c88dd41030711aee173d27a3f8974371153439c0c363cde3a5,51,cocoglide:000000534601:edited,edited,nebula/CocoGlide,275f045df7caa2544dd28de7fa86b044ab661bd0,calibration,000000534601,bfa27028e84e8286bc6a700bb790c7fa8d7e92bfb671b24e0f4e8ff335521fae,colab-t4-hierarchical-calibration-v1,1,2026-10-08T13:11:09.779982+00:00,0.9947414398193359,0.9877818822860718,True,0.8905274039998403,,0.9911717772483826,0.5946570634841919,True,0.9776910820000921,,0.5716343620187241,1016,1016,25,256,256,F,1.8755306940001901
diffdetect-hierarchical-calibration-v1,5a23bee4f802b9c88dd41030711aee173d27a3f8974371153439c0c363cde3a5,52,cocoglide:000000485972:real,real,nebula/CocoGlide,275f045df7caa2544dd28de7fa86b044ab661bd0,calibration,000000485972,88cf015e26fda3c54d40749d506a73eca20ff6bb9d4ed9ee4460f1da43c62df9,colab-t4-hierarchical-calibration-v1,1,2026-10-08T13:11:11.668457+00:00,0.9947754144668579,0.9877818822860718,True,0.8903673489999164,,0.04647543281316757,0.5946570634841919,False,0.8438783680003326,,0.0,1016,1016,25,256,256,F,1.7403095419999772
diffdetect-hierarchical-calibration-v1,5a23bee4f802b9c88dd41030711aee173d27a3f8974371153439c0c363cde3a5,53,diffusiondb:bca49808-b625-4554-9ff3-9a75173bafc5.png,synthetic,poloclub/diffusiondb,fb620fbe49fa4420e0734bd9c0df11f51176b61f,part-001800,bca49808-b625-4554-9ff3-9a75173bafc5.png,ca119f400a0fd7cf5f79d8317ba39ff2e929ae195fd0cc0352a4376cb9bb90f2,colab-t4-hierarchical-calibration-v1,1,2026-10-08T13:11:13.424590+00:00,0.9958134293556213,0.9877818822860718,True,0.8981037109997487,,0.5184470415115356,0.5946570634841919,False,0.15739520199986146,,0.018878936767578125,512,512,4,512,512,F,1.069658265000271
diffdetect-hierarchical-calibration-v1,5a23bee4f802b9c88dd41030711aee173d27a3f8974371153439c0c363cde3a5,54,cocoglide:000000008277:edited,edited,nebula/CocoGlide,275f045df7caa2544dd28de7fa86b044ab661bd0,calibration,000000008277,422d03fd7cf47dd726cd18c134dc0b0e4d65b1491774b2ff68f69f08528f1e7b,colab-t4-hierarchical-calibration-v1,1,2026-10-08T13:11:14.508682+00:00,0.995837926864624,0.9877818822860718,True,0.8961497259997486,,0.7299453020095825,0.5946570634841919,True,0.850428214999738,,0.027106647963295927,1016,1016,25,256,256,F,1.753072830000292
diffdetect-hierarchical-calibration-v1,5a23bee4f802b9c88dd41030711aee173d27a3f8974371153439c0c363cde3a5,55,diffusiondb:30c93460-1584-4e1c-90db-ac1b388ac3cb.png,synthetic,poloclub/diffusiondb,fb620fbe49fa4420e0734bd9c0df11f51176b61f,part-001800,30c93460-1584-4e1c-90db-ac1b388ac3cb.png,905ddd0ebaf6421e499a211ae5ef2d18dc04aa8baaef8c2b3f0e62505a2a735c,colab-t4-hierarchical-calibration-v1,1,2026-10-08T13:11:16.276243+00:00,0.9925406575202942,0.9877818822860718,True,0.9048079459998917,,0.9776892066001892,0.5946570634841919,True,0.2357686109999122,,0.8988009366122159,704,512,6,704,512,F,1.1549664720000692
diffdetect-hierarchical-calibration-v1,5a23bee4f802b9c88dd41030711aee173d27a3f8974371153439c0c363cde3a5,56,cocoglide:000000323709:edited,edited,nebula/CocoGlide,275f045df7caa2544dd28de7fa86b044ab661bd0,calibration,000000323709,340fdf149a214fbeeab59bb1fff7073c9c3f3a93c452aca8621fec267bf35122,colab-t4-hierarchical-calibration-v1,1,2026-10-08T13:11:17.447673+00:00,0.9919120073318481,0.9877818822860718,True,0.9018334819998017,,0.992392361164093,0.5946570634841919,True,0.8437469209998198,,0.1459725106950214,1016,1016,25,256,256,F,1.7521850590001122
diffdetect-hierarchical-calibration-v1,5a23bee4f802b9c88dd41030711aee173d27a3f8974371153439c0c363cde3a5,57,cocoglide:000000311909:edited,edited,nebula/CocoGlide,275f045df7caa2544dd28de7fa86b044ab661bd0,calibration,000000311909,a97703ffd6eb9f675b1adf1c7e5a7fadcf8feb344499575156c1d02002b66408,colab-t4-hierarchical-calibration-v1,1,2026-10-08T13:11:19.223090+00:00,0.9887735247612,0.9877818822860718,True,0.901517641999817,,0.9983152151107788,0.5946570634841919,True,0.8481084599998212,,0.6328517344534689,1016,1016,25,256,256,F,1.7554571749997194
diffdetect-hierarchical-calibration-v1,5a23bee4f802b9c88dd41030711aee173d27a3f8974371153439c0c363cde3a5,58,diffusiondb:a155817c-a885-47d9-8da3-87572341b203.png,synthetic,poloclub/diffusiondb,fb620fbe49fa4420e0734bd9c0df11f51176b61f,part-001800,a155817c-a885-47d9-8da3-87572341b203.png,4a64a03e26c40cf5dd1c442ed372ae8e16e0404bde64a4c6be1fcc785c85804c,colab-t4-hierarchical-calibration-v1,1,2026-10-08T13:11:20.994103+00:00,0.9943490624427795,0.9877818822860718,True,0.9236389709999457,,0.9203269481658936,0.5946570634841919,True,0.7200242970002364,,0.36825408935546877,1280,512,16,1280,512,F,1.6701650609998069
diffdetect-hierarchical-calibration-v1,5a23bee4f802b9c88dd41030711aee173d27a3f8974371153439c0c363cde3a5,59,diffusiondb:1e5c19cd-2bfb-4cd2-9f78-a62c6496eb66.png,synthetic,poloclub/diffusiondb,fb620fbe49fa4420e0734bd9c0df11f51176b61f,part-001800,1e5c19cd-2bfb-4cd2-9f78-a62c6496eb66.png,2a2fc7222d8c19e336e832215fba86962451338d7e23dbc6826e43fdfe9b40fe,colab-t4-hierarchical-calibration-v1,1,2026-10-08T13:11:22.683215+00:00,0.9942589998245239,0.9877818822860718,True,0.9176435069998661,,0.9695495367050171,0.5946570634841919,True,0.20159125800000766,,0.36104583740234375,512,512,4,512,512,F,1.1378466520000075
diffdetect-hierarchical-calibration-v1,5a23bee4f802b9c88dd41030711aee173d27a3f8974371153439c0c363cde3a5,60,cocoglide:000000031269:edited,edited,nebula/CocoGlide,275f045df7caa2544dd28de7fa86b044ab661bd0,calibration,000000031269,9221a76579f96213cdf5efed24ca0c9fe0889294defc932b92db02d4f678a682,colab-t4-hierarchical-calibration-v1,1,2026-10-08T13:11:23.854476+00:00,0.9955658316612244,0.9877818822860718,True,0.9104074769998078,,0.9857931137084961,0.5946570634841919,True,0.9585686210002677,,0.09859666594333188,1016,1016,25,256,256,F,1.874461835999682
diffdetect-hierarchical-calibration-v1,5a23bee4f802b9c88dd41030711aee173d27a3f8974371153439c0c363cde3a5,61,cocoglide:000000032610:real,real,nebula/CocoGlide,275f045df7caa2544dd28de7fa86b044ab661bd0,calibration,000000032610,68648df50a0bbe978fc3ebc019d77dd268084f20ae25a072a2f19b1ca0af4ed0,colab-t4-hierarchical-calibration-v1,1,2026-10-08T13:11:25.753946+00:00,0.9961236119270325,0.9877818822860718,True,0.9192193560002124,,0.007019490003585815,0.5946570634841919,False,0.8691915419999532,,0.0,1016,1016,25,256,256,F,1.7945827150001605
diffdetect-hierarchical-calibration-v1,5a23bee4f802b9c88dd41030711aee173d27a3f8974371153439c0c363cde3a5,62,cocoglide:000000571313:edited,edited,nebula/CocoGlide,275f045df7caa2544dd28de7fa86b044ab661bd0,calibration,000000571313,186bb3b2c88a9fa943420d62f494adbbb17030c3b86afa8171979bc718b8ef0f,colab-t4-hierarchical-calibration-v1,1,2026-10-08T13:11:27.563116+00:00,0.993697464466095,0.9877818822860718,True,0.9126233299998603,,0.9709475636482239,0.5946570634841919,True,0.8580883719996564,,0.03258687767375535,1016,1016,25,256,256,F,1.775144557999738
diffdetect-hierarchical-calibration-v1,5a23bee4f802b9c88dd41030711aee173d27a3f8974371153439c0c363cde3a5,63,cocoglide:000000521405:real,real,nebula/CocoGlide,275f045df7caa2544dd28de7fa86b044ab661bd0,calibration,000000521405,e3c7f79834997de6b07c5d10a103d59c6ddeb7f9caf03130fe014e25b9b27a7c,colab-t4-hierarchical-calibration-v1,1,2026-10-08T13:11:29.353350+00:00,0.9958633184432983,0.9877818822860718,True,0.9155873489999067,,0.020207026973366737,0.5946570634841919,False,0.8809658119998858,,0.0,1016,1016,25,256,256,F,1.8011388300001272
diffdetect-hierarchical-calibration-v1,5a23bee4f802b9c88dd41030711aee173d27a3f8974371153439c0c363cde3a5,64,diffusiondb:e12cca2e-c43d-467b-aa4e-09a6cd630bed.png,synthetic,poloclub/diffusiondb,fb620fbe49fa4420e0734bd9c0df11f51176b61f,part-001800,e12cca2e-c43d-467b-aa4e-09a6cd630bed.png,3070278e99e77305c04196818d7ef90cae147492b010331a741392d27d3ad5a6,colab-t4-hierarchical-calibration-v1,1,2026-10-08T13:11:31.171425+00:00,0.9942989349365234,0.9877818822860718,True,0.9222743099999207,,0.8247159719467163,0.5946570634841919,True,0.16083944399997563,,0.3912162780761719,512,512,4,512,512,F,1.0972111920000316
diffdetect-hierarchical-calibration-v1,5a23bee4f802b9c88dd41030711aee173d27a3f8974371153439c0c363cde3a5,65,cocoglide:000000530457:real,real,nebula/CocoGlide,275f045df7caa2544dd28de7fa86b044ab661bd0,calibration,000000530457,00da37957956353c973469647c0ad3b0fe061be50ba6639adfafbec18865a7a4,colab-t4-hierarchical-calibration-v1,1,2026-10-08T13:11:32.284581+00:00,0.9958445429801941,0.9877818822860718,True,0.9202838219998739,,0.0513635016977787,0.5946570634841919,False,0.8744960670001092,,0.0,1016,1016,25,256,256,F,1.7996900600001027
diffdetect-hierarchical-calibration-v1,5a23bee4f802b9c88dd41030711aee173d27a3f8974371153439c0c363cde3a5,66,cocoglide:000000263860:edited,edited,nebula/CocoGlide,275f045df7caa2544dd28de7fa86b044ab661bd0,calibration,000000263860,39f0cd641878c88f80963e4f0d1d71aa11aa87e44906e31af7e776b732fc6485,colab-t4-hierarchical-calibration-v1,1,2026-10-08T13:11:34.099038+00:00,0.9939279556274414,0.9877818822860718,True,0.9256511929997941,,0.9821817278862,0.5946570634841919,True,0.8776015839998763,,0.44691142507285014,1016,1016,25,256,256,F,1.8076130559998091
diffdetect-hierarchical-calibration-v1,5a23bee4f802b9c88dd41030711aee173d27a3f8974371153439c0c363cde3a5,67,cocoglide:000000423971:edited,edited,nebula/CocoGlide,275f045df7caa2544dd28de7fa86b044ab661bd0,calibration,000000423971,f9bc8ee268e4687bc4ecd8b544cb6fcecde5ef98ce5ff002622f7aef714e608e,colab-t4-hierarchical-calibration-v1,1,2026-10-08T13:11:35.922457+00:00,0.9900632500648499,0.9877818822860718,True,0.9351316699999188,,0.9993923902511597,0.5946570634841919,True,0.9675296469999921,,0.3339355741211482,1016,1016,25,256,256,F,1.9077781209998648
diffdetect-hierarchical-calibration-v1,5a23bee4f802b9c88dd41030711aee173d27a3f8974371153439c0c363cde3a5,68,diffusiondb:6bdac137-3e17-4efc-b63d-c463e3df7313.png,synthetic,poloclub/diffusiondb,fb620fbe49fa4420e0734bd9c0df11f51176b61f,part-001800,6bdac137-3e17-4efc-b63d-c463e3df7313.png,47e87a0a9c10490a8d3d89acce04eb5e3f1a023fe642840fe803033a6723b848,colab-t4-hierarchical-calibration-v1,1,2026-10-08T13:11:37.846605+00:00,0.995155930519104,0.9877818822860718,True,0.9425894239998343,,0.9371739625930786,0.5946570634841919,True,0.28588915999989695,,0.1640777587890625,512,640,6,512,640,F,1.2488871189998463
diffdetect-hierarchical-calibration-v1,5a23bee4f802b9c88dd41030711aee173d27a3f8974371153439c0c363cde3a5,69,cocoglide:000000433374:edited,edited,nebula/CocoGlide,275f045df7caa2544dd28de7fa86b044ab661bd0,calibration,000000433374,6c910a2759c1f6184e2838e06fa1ad471264be1bef3163d8446469af3debbfcd,colab-t4-hierarchical-calibration-v1,1,2026-10-08T13:11:39.107952+00:00,0.9951292276382446,0.9877818822860718,True,0.9339903989998675,,0.9596115946769714,0.5946570634841919,True,0.8894359679998161,,0.1322065456630913,1016,1016,25,256,256,F,1.8291218270001082
diffdetect-hierarchical-calibration-v1,5a23bee4f802b9c88dd41030711aee173d27a3f8974371153439c0c363cde3a5,70,cocoglide:000000022589:real,real,nebula/CocoGlide,275f045df7caa2544dd28de7fa86b044ab661bd0,calibration,000000022589,caa81e7b957080675aecb292956e8dfc44711c592940df215c49e1aa383e69cb,colab-t4-hierarchical-calibration-v1,1,2026-10-08T13:11:40.953340+00:00,0.9960609078407288,0.9877818822860718,True,0.93865716099981,,0.011127829551696777,0.5946570634841919,False,0.8849097809998057,,0.0,1016,1016,25,256,256,F,1.8299341689998982
diffdetect-hierarchical-calibration-v1,5a23bee4f802b9c88dd41030711aee173d27a3f8974371153439c0c363cde3a5,71,cocoglide:000000386210:real,real,nebula/CocoGlide,275f045df7caa2544dd28de7fa86b044ab661bd0,calibration,000000386210,44df6313f905df1fa195b7f02d7cde805063f5ba0d11330a48f6f9dd410d0d8f,colab-t4-hierarchical-calibration-v1,1,2026-10-08T13:11:42.810558+00:00,0.9955466985702515,0.9877818822860718,True,0.9426673190000656,,0.024043384939432144,0.5946570634841919,False,0.8857595489998857,,0.0,1016,1016,25,256,256,F,1.8348346530001436
diffdetect-hierarchical-calibration-v1,5a23bee4f802b9c88dd41030711aee173d27a3f8974371153439c0c363cde3a5,72,diffusiondb:9300fb00-59e1-4a30-8aa4-959addc2ff8e.png,synthetic,poloclub/diffusiondb,fb620fbe49fa4420e0734bd9c0df11f51176b61f,part-001800,9300fb00-59e1-4a30-8aa4-959addc2ff8e.png,e436061a868a5078b452946f98854680b3060e6370f05cd6027782ad07e7f6fa,colab-t4-hierarchical-calibration-v1,1,2026-10-08T13:11:44.660442+00:00,0.992143988609314,0.9877818822860718,True,0.9436309699999583,,0.9997554421424866,0.5946570634841919,True,0.16324676100020952,,0.8473930358886719,512,512,4,512,512,F,1.1182334320001246
diffdetect-hierarchical-calibration-v1,5a23bee4f802b9c88dd41030711aee173d27a3f8974371153439c0c363cde3a5,73,cocoglide:000000346707:edited,edited,nebula/CocoGlide,275f045df7caa2544dd28de7fa86b044ab661bd0,calibration,000000346707,b9f1a0cf8fdd8b72e553d6c5092c0fa4512056c5836b1319c9f26e006a28de23,colab-t4-hierarchical-calibration-v1,1,2026-10-08T13:11:45.793440+00:00,0.9948055148124695,0.9877818822860718,True,0.9411277139997765,,0.9937582612037659,0.5946570634841919,True,0.899985173999994,,0.19203860282720567,1016,1016,25,256,256,F,1.845675786999891
diffdetect-hierarchical-calibration-v1,5a23bee4f802b9c88dd41030711aee173d27a3f8974371153439c0c363cde3a5,74,cocoglide:000000386210:edited,edited,nebula/CocoGlide,275f045df7caa2544dd28de7fa86b044ab661bd0,calibration,000000386210,22921856a4e219df53d56915bd520c4dd8401d5ea7f4977a1e01f00093a18a55,colab-t4-hierarchical-calibration-v1,1,2026-10-08T13:11:47.653190+00:00,0.995545506477356,0.9877818822860718,True,0.9480036720001408,,0.9820536971092224,0.5946570634841919,True,0.8968511000002763,,0.07251883253766507,1016,1016,25,256,256,F,1.849763529000029
diffdetect-hierarchical-calibration-v1,5a23bee4f802b9c88dd41030711aee173d27a3f8974371153439c0c363cde3a5,75,cocoglide:000000341058:real,real,nebula/CocoGlide,275f045df7caa2544dd28de7fa86b044ab661bd0,calibration,000000341058,18ccce34cd812a8f36f7157b77c8a8c3b5254fe0edaa47ef3a7a69c00cae3570,colab-t4-hierarchical-calibration-v1,1,2026-10-08T13:11:49.517463+00:00,0.9926642775535583,0.9877818822860718,True,0.9424034929998015,,0.006530042737722397,0.5946570634841919,False,1.0290681220003535,,0.0,1016,1016,25,256,256,F,1.9760161009999138
diffdetect-hierarchical-calibration-v1,5a23bee4f802b9c88dd41030711aee173d27a3f8974371153439c0c363cde3a5,76,cocoglide:000000452321:edited,edited,nebula/CocoGlide,275f045df7caa2544dd28de7fa86b044ab661bd0,calibration,000000452321,5ad7fd7303d980c2accc51cab14e80ecb694226d1b8f4a0ee37802f3f0f39b93,colab-t4-hierarchical-calibration-v1,1,2026-10-08T13:11:51.509933+00:00,0.9936795234680176,0.9877818822860718,True,0.9464443350002512,,0.9983592629432678,0.5946570634841919,True,1.0223497920001137,,0.23153461931923863,1016,1016,25,256,256,F,1.974127549000059
diffdetect-hierarchical-calibration-v1,5a23bee4f802b9c88dd41030711aee173d27a3f8974371153439c0c363cde3a5,77,diffusiondb:d7055ed2-5c4a-4125-abe8-4d5eb8d24bc0.png,synthetic,poloclub/diffusiondb,fb620fbe49fa4420e0734bd9c0df11f51176b61f,part-001800,d7055ed2-5c4a-4125-abe8-4d5eb8d24bc0.png,274c0f7db3c23346eeb2de21a7996cdd0bf613f38bf0ff3c8ddf05d7c9c80429,colab-t4-hierarchical-calibration-v1,1,2026-10-08T13:11:53.502816+00:00,0.9950442314147949,0.9877818822860718,True,0.9644563800002288,,0.643075704574585,0.5946570634841919,True,0.619813891999911,,0.055010986328125,1280,512,16,1280,512,F,1.6260200669998994
diffdetect-hierarchical-calibration-v1,5a23bee4f802b9c88dd41030711aee173d27a3f8974371153439c0c363cde3a5,78,diffusiondb:4935dc29-8fc1-4ba8-9b56-9af28ec96bc4.png,synthetic,poloclub/diffusiondb,fb620fbe49fa4420e0734bd9c0df11f51176b61f,part-001800,4935dc29-8fc1-4ba8-9b56-9af28ec96bc4.png,165ab269983ec640bb7f4124cfd278825aa594d4b3917051a774377f29647dc2,colab-t4-hierarchical-calibration-v1,1,2026-10-08T13:11:55.144250+00:00,0.9959702491760254,0.9877818822860718,True,0.9547924779999448,,0.8318946361541748,0.5946570634841919,True,0.4856013419998817,,0.2734595404730903,1024,576,12,1024,576,F,1.4644794110004113
diffdetect-hierarchical-calibration-v1,5a23bee4f802b9c88dd41030711aee173d27a3f8974371153439c0c363cde3a5,79,cocoglide:000000520871:edited,edited,nebula/CocoGlide,275f045df7caa2544dd28de7fa86b044ab661bd0,calibration,000000520871,98e2f0ec0ad945870962647176df85f6b1ac4354b9037794880cf3fe06920dd9,colab-t4-hierarchical-calibration-v1,1,2026-10-08T13:11:56.623833+00:00,0.9913933277130127,0.9877818822860718,True,0.9412214339999991,,0.9961204528808594,0.5946570634841919,True,0.8899738340001022,,0.4383835017670035,1016,1016,25,256,256,F,1.8358207700002822
diffdetect-hierarchical-calibration-v1,5a23bee4f802b9c88dd41030711aee173d27a3f8974371153439c0c363cde3a5,80,diffusiondb:f80cf37f-ac22-4659-8728-0620fc195d84.png,synthetic,poloclub/diffusiondb,fb620fbe49fa4420e0734bd9c0df11f51176b61f,part-001800,f80cf37f-ac22-4659-8728-0620fc195d84.png,2c5022e4de1cfcabce14ca82cc97bc15e58d54a474ca711972097ad0fdc209d9,colab-t4-hierarchical-calibration-v1,1,2026-10-08T13:11:58.474587+00:00,0.9949030876159668,0.9877818822860718,True,0.9517702469997857,,0.9981288313865662,0.5946570634841919,True,0.1639182379999511,,0.9882926940917969,512,512,4,512,512,F,1.1284577579999677
diffdetect-hierarchical-calibration-v1,5a23bee4f802b9c88dd41030711aee173d27a3f8974371153439c0c363cde3a5,81,diffusiondb:00bf4330-bbdb-4c6a-97e7-04013553ae10.png,synthetic,poloclub/diffusiondb,fb620fbe49fa4420e0734bd9c0df11f51176b61f,part-001800,00bf4330-bbdb-4c6a-97e7-04013553ae10.png,43fd9915f76467f04ef64f40ba156b9e139bbf902451c805aa6254ab910c3c0c,colab-t4-hierarchical-calibration-v1,1,2026-10-08T13:11:59.630439+00:00,0.9919697642326355,0.9877818822860718,True,0.9464515169997867,,0.9009239673614502,0.5946570634841919,True,0.16622441200024696,,0.6631889343261719,512,512,4,512,512,F,1.1278823590000684
diffdetect-hierarchical-calibration-v1,5a23bee4f802b9c88dd41030711aee173d27a3f8974371153439c0c363cde3a5,82,cocoglide:000000182417:real,real,nebula/CocoGlide,275f045df7caa2544dd28de7fa86b044ab661bd0,calibration,000000182417,343c90901f463a6b98cbebab474a6ffae6a23419dc94e56628693817967195b8,colab-t4-hierarchical-calibration-v1,1,2026-10-08T13:12:00.775705+00:00,0.9955341815948486,0.9877818822860718,True,0.9376280300002691,,0.019229646772146225,0.5946570634841919,False,0.8916335690000778,,0.0,1016,1016,25,256,256,F,1.8346638589996473
diffdetect-hierarchical-calibration-v1,5a23bee4f802b9c88dd41030711aee173d27a3f8974371153439c0c363cde3a5,83,cocoglide:000000081061:real,real,nebula/CocoGlide,275f045df7caa2544dd28de7fa86b044ab661bd0,calibration,000000081061,91a09590fd6e465ea63a6028111f927aa206e948604a3c8304b5b957181c7d3c,colab-t4-hierarchical-calibration-v1,1,2026-10-08T13:12:02.626312+00:00,0.9945165514945984,0.9877818822860718,True,0.9326291269999274,,0.011335551738739014,0.5946570634841919,False,0.9849691689996689,,0.0,1016,1016,25,256,256,F,1.9238912040000287
diffdetect-hierarchical-calibration-v1,5a23bee4f802b9c88dd41030711aee173d27a3f8974371153439c0c363cde3a5,84,diffusiondb:894ba1cf-6e37-4f7b-a4ac-ee2317b70951.png,synthetic,poloclub/diffusiondb,fb620fbe49fa4420e0734bd9c0df11f51176b61f,part-001800,894ba1cf-6e37-4f7b-a4ac-ee2317b70951.png,a53d1cf340bb3b09981ce72083982ee1ccda361c4ba630432030807169b7504b,colab-t4-hierarchical-calibration-v1,1,2026-10-08T13:12:04.571554+00:00,0.9957883954048157,0.9877818822860718,True,0.9392609870001252,,0.9979787468910217,0.5946570634841919,True,0.20346539599995594,,0.8713607788085938,512,512,4,512,512,F,1.161861422000129
diffdetect-hierarchical-calibration-v1,5a23bee4f802b9c88dd41030711aee173d27a3f8974371153439c0c363cde3a5,85,cocoglide:000000132622:real,real,nebula/CocoGlide,275f045df7caa2544dd28de7fa86b044ab661bd0,calibration,000000132622,0ff1b33c3bb2dbeca3487f6b03d31a057799710d5b97314cd7e6380f0b5c5ed8,colab-t4-hierarchical-calibration-v1,1,2026-10-08T13:12:05.750275+00:00,0.994331955909729,0.9877818822860718,True,0.9351243720002458,,0.7424280643463135,0.5946570634841919,True,1.027326548000019,,0.0987022599045198,1016,1016,25,256,256,F,1.96824898199975
diffdetect-hierarchical-calibration-v1,5a23bee4f802b9c88dd41030711aee173d27a3f8974371153439c0c363cde3a5,86,cocoglide:000000312406:real,real,nebula/CocoGlide,275f045df7caa2544dd28de7fa86b044ab661bd0,calibration,000000312406,512bc0d30fa1dfaaf3a57b549cc3e60d3f12cf15c0022865a7e7e892c6bb3068,colab-t4-hierarchical-calibration-v1,1,2026-10-08T13:12:07.738449+00:00,0.9961501359939575,0.9877818822860718,True,0.9278456449997066,,0.7059981822967529,0.5946570634841919,True,0.8876381129998663,,0.05228935457870916,1016,1016,25,256,256,F,1.8224259940002412
diffdetect-hierarchical-calibration-v1,5a23bee4f802b9c88dd41030711aee173d27a3f8974371153439c0c363cde3a5,87,cocoglide:000000080413:edited,edited,nebula/CocoGlide,275f045df7caa2544dd28de7fa86b044ab661bd0,calibration,000000080413,9adffca8bd968f39cb8026c7b9ac685627cb16ab91e40949c9af1d4877b08b28,colab-t4-hierarchical-calibration-v1,1,2026-10-08T13:12:09.575458+00:00,0.9907189011573792,0.9877818822860718,True,0.9268200500000603,,0.9969261288642883,0.5946570634841919,True,0.8805720559998917,,0.08335432295864592,1016,1016,25,256,256,F,1.8119372150003983
diffdetect-hierarchical-calibration-v1,5a23bee4f802b9c88dd41030711aee173d27a3f8974371153439c0c363cde3a5,88,cocoglide:000000304545:edited,edited,nebula/CocoGlide,275f045df7caa2544dd28de7fa86b044ab661bd0,calibration,000000304545,759082bc39a79001b13100feac561dbeaf5e48685bc63693a38b33a147e49d00,colab-t4-hierarchical-calibration-v1,1,2026-10-08T13:12:11.402040+00:00,0.9943361878395081,0.9877818822860718,True,0.9194847069998104,,0.9882334470748901,0.5946570634841919,True,0.8661060999997972,,0.9992366234732469,1016,1016,25,256,256,F,1.789729078000164
diffdetect-hierarchical-calibration-v1,5a23bee4f802b9c88dd41030711aee173d27a3f8974371153439c0c363cde3a5,89,cocoglide:000000047121:edited,edited,nebula/CocoGlide,275f045df7caa2544dd28de7fa86b044ab661bd0,calibration,000000047121,cc5d2b58d54960b2adaa3f490b2a53b4ee9eeadcaf85bde29f30487b9bae85c0,colab-t4-hierarchical-calibration-v1,1,2026-10-08T13:12:13.207417+00:00,0.9935649037361145,0.9877818822860718,True,0.9235604859995874,,0.9995185136795044,0.5946570634841919,True,0.8668418530000963,,0.40161355322710646,1016,1016,25,256,256,F,1.7950237949999064
diffdetect-hierarchical-calibration-v1,5a23bee4f802b9c88dd41030711aee173d27a3f8974371153439c0c363cde3a5,90,cocoglide:000000368684:real,real,nebula/CocoGlide,275f045df7caa2544dd28de7fa86b044ab661bd0,calibration,000000368684,861bf0dab1da50dce58617846128810389f8fa85eb72b9183679581a8fd3eda8,colab-t4-hierarchical-calibration-v1,1,2026-10-08T13:12:15.019684+00:00,0.9950704574584961,0.9877818822860718,True,0.9218929610001396,,0.01051225047558546,0.5946570634841919,False,0.880284065000069,,0.0,1016,1016,25,256,256,F,1.8090412100000322
diffdetect-hierarchical-calibration-v1,5a23bee4f802b9c88dd41030711aee173d27a3f8974371153439c0c363cde3a5,91,diffusiondb:4194670e-254c-4b31-93ec-f219bf9eda7d.png,synthetic,poloclub/diffusiondb,fb620fbe49fa4420e0734bd9c0df11f51176b61f,part-001800,4194670e-254c-4b31-93ec-f219bf9eda7d.png,99bb8d63fc83ba7c26b779c8bd1ee09dcd45685f2235b8f45d62a7eb1e388ff0,colab-t4-hierarchical-calibration-v1,1,2026-10-08T13:12:16.844190+00:00,0.9943939447402954,0.9877818822860718,True,0.9237291740000728,,0.18714256584644318,0.5946570634841919,False,0.2038103240001874,,0.0,512,512,4,512,512,F,1.1424893970001904
diffdetect-hierarchical-calibration-v1,5a23bee4f802b9c88dd41030711aee173d27a3f8974371153439c0c363cde3a5,92,diffusiondb:b954783c-6e97-42ad-95fd-e02092fe7c02.png,synthetic,poloclub/diffusiondb,fb620fbe49fa4420e0734bd9c0df11f51176b61f,part-001800,b954783c-6e97-42ad-95fd-e02092fe7c02.png,ed9d4a0722f1c9f6e7ce083ec326746c68c1269959efe9ea4ff080e5235574ec,colab-t4-hierarchical-calibration-v1,1,2026-10-08T13:12:18.017295+00:00,0.9534608721733093,0.9877818822860718,False,0.9260453809997671,,0.9981539845466614,0.5946570634841919,True,0.20552949800003262,,0.999755859375,512,512,4,512,512,F,1.1534626030002073
diffdetect-hierarchical-calibration-v1,5a23bee4f802b9c88dd41030711aee173d27a3f8974371153439c0c363cde3a5,93,diffusiondb:1a7ec8b0-e7c9-4b4f-ac7c-0e44ed222633.png,synthetic,poloclub/diffusiondb,fb620fbe49fa4420e0734bd9c0df11f51176b61f,part-001800,1a7ec8b0-e7c9-4b4f-ac7c-0e44ed222633.png,93ff3f706d4faf8f32641d076e7d4289b37e971001c83564e383628c465b2fea,colab-t4-hierarchical-calibration-v1,1,2026-10-08T13:12:19.191571+00:00,0.9947085380554199,0.9877818822860718,True,0.9243242059997101,,0.9932636618614197,0.5946570634841919,True,0.20411895600000207,,0.29521942138671875,512,512,4,512,512,F,1.1454844330000924
diffdetect-hierarchical-calibration-v1,5a23bee4f802b9c88dd41030711aee173d27a3f8974371153439c0c363cde3a5,94,cocoglide:000000270402:edited,edited,nebula/CocoGlide,275f045df7caa2544dd28de7fa86b044ab661bd0,calibration,000000270402,c26779affe8b4d09c3b7de4fe2651664a70653f3e1ec848b934332a88463fa69,colab-t4-hierarchical-calibration-v1,1,2026-10-08T13:12:20.356565+00:00,0.9935243129730225,0.9877818822860718,True,0.9177867030002744,,0.8267039656639099,0.5946570634841919,True,0.9206865709998056,,0.11891139407278814,1016,1016,25,256,256,F,1.847013009999955
diffdetect-hierarchical-calibration-v1,5a23bee4f802b9c88dd41030711aee173d27a3f8974371153439c0c363cde3a5,95,cocoglide:000000030213:real,real,nebula/CocoGlide,275f045df7caa2544dd28de7fa86b044ab661bd0,calibration,000000030213,87e8ecad8d8a574c7f1f40895131c08c95b7e61e63086b92105c9d9b0effdb49,colab-t4-hierarchical-calibration-v1,1,2026-10-08T13:12:22.218939+00:00,0.9956790804862976,0.9877818822860718,True,0.9118286510001781,,0.09764156490564346,0.5946570634841919,False,0.8675721800000247,,0.0,1016,1016,25,256,256,F,1.7845080440001766
diffdetect-hierarchical-calibration-v1,5a23bee4f802b9c88dd41030711aee173d27a3f8974371153439c0c363cde3a5,96,cocoglide:000000567825:real,real,nebula/CocoGlide,275f045df7caa2544dd28de7fa86b044ab661bd0,calibration,000000567825,cb2fbb4d5198139245d9b93b0e5c5f091626b3d2c141a8f9ed96bc8fa59ec66f,colab-t4-hierarchical-calibration-v1,1,2026-10-08T13:12:24.018783+00:00,0.9928827285766602,0.9877818822860718,True,0.9120222689998627,,0.18730305135250092,0.5946570634841919,False,0.8584820810001474,,0.0,1016,1016,25,256,256,F,1.7751085790000616
diffdetect-hierarchical-calibration-v1,5a23bee4f802b9c88dd41030711aee173d27a3f8974371153439c0c363cde3a5,97,diffusiondb:0468f6cf-b591-4607-8495-012f96f8cba5.png,synthetic,poloclub/diffusiondb,fb620fbe49fa4420e0734bd9c0df11f51176b61f,part-001800,0468f6cf-b591-4607-8495-012f96f8cba5.png,58f02fe063a0cf47b4fee3dfc55797dfc5867d9959d30ff9cc07253268ce7132,colab-t4-hierarchical-calibration-v1,1,2026-10-08T13:12:25.809101+00:00,0.9951879978179932,0.9877818822860718,True,0.9267868239999189,,0.41083210706710815,0.5946570634841919,False,0.6126002050000352,,0.002947998046875,1280,512,16,1280,512,F,1.571576014999664
diffdetect-hierarchical-calibration-v1,5a23bee4f802b9c88dd41030711aee173d27a3f8974371153439c0c363cde3a5,98,cocoglide:000000493284:edited,edited,nebula/CocoGlide,275f045df7caa2544dd28de7fa86b044ab661bd0,calibration,000000493284,a07df36f9160a2185d473492240b31a0e2efb60870ffa468915bdeecc9cacce8,colab-t4-hierarchical-calibration-v1,1,2026-10-08T13:12:27.395643+00:00,0.9939716458320618,0.9877818822860718,True,0.9115296869999838,,0.9879292249679565,0.5946570634841919,True,0.8688798800003497,,0.7202108779217559,1016,1016,25,256,256,F,1.7861531070002457
diffdetect-hierarchical-calibration-v1,5a23bee4f802b9c88dd41030711aee173d27a3f8974371153439c0c363cde3a5,99,diffusiondb:6c8b15cf-af4b-4351-86bf-072452a51c9b.png,synthetic,poloclub/diffusiondb,fb620fbe49fa4420e0734bd9c0df11f51176b61f,part-001800,6c8b15cf-af4b-4351-86bf-072452a51c9b.png,458a675e1d5969a51f580d0e3601f7cef30f87fcfe56cf12709e5d6faa18546f,colab-t4-hierarchical-calibration-v1,1,2026-10-08T13:12:29.198613+00:00,0.9934351444244385,0.9877818822860718,True,0.9140773219996845,,0.9948300719261169,0.5946570634841919,True,0.15824485799976173,,0.9999198913574219,512,512,4,512,512,F,1.0838981279998734
diffdetect-hierarchical-calibration-v1,5a23bee4f802b9c88dd41030711aee173d27a3f8974371153439c0c363cde3a5,100,cocoglide:000000139883:real,real,nebula/CocoGlide,275f045df7caa2544dd28de7fa86b044ab661bd0,calibration,000000139883,fb90dca499b633ae597a7f2378bf0b38cc3bfcee07bca884a892d227ebafb38b,colab-t4-hierarchical-calibration-v1,1,2026-10-08T13:12:30.296727+00:00,0.9956486821174622,0.9877818822860718,True,0.9139893800002028,,0.019584493711590767,0.5946570634841919,False,0.9593676439999399,,0.0,1016,1016,25,256,256,F,1.8781469880000259
diffdetect-hierarchical-calibration-v1,5a23bee4f802b9c88dd41030711aee173d27a3f8974371153439c0c363cde3a5,101,cocoglide:000000270402:real,real,nebula/CocoGlide,275f045df7caa2544dd28de7fa86b044ab661bd0,calibration,000000270402,db7e3db61fc445d7df31eec7cd5ea108079796adde4f7e429f3b8854dfafb3d5,colab-t4-hierarchical-calibration-v1,1,2026-10-08T13:12:32.202589+00:00,0.9932571649551392,0.9877818822860718,True,0.9098422120000578,,0.029993388801813126,0.5946570634841919,False,0.9920510289998674,,0.0,1016,1016,25,256,256,F,1.9081075839999357
diffdetect-hierarchical-calibration-v1,5a23bee4f802b9c88dd41030711aee173d27a3f8974371153439c0c363cde3a5,102,cocoglide:000000335450:real,real,nebula/CocoGlide,275f045df7caa2544dd28de7fa86b044ab661bd0,calibration,000000335450,17bb4195a411883c8ce31d0b546932cd20537f0889d01defaaf34a39197360a3,colab-t4-hierarchical-calibration-v1,1,2026-10-08T13:12:34.133583+00:00,0.9944667220115662,0.9877818822860718,True,0.9139947419998862,,0.005829576402902603,0.5946570634841919,False,0.8926502839999557,,0.0,1016,1016,25,256,256,F,1.813288158999967
diffdetect-hierarchical-calibration-v1,5a23bee4f802b9c88dd41030711aee173d27a3f8974371153439c0c363cde3a5,103,cocoglide:000000546829:real,real,nebula/CocoGlide,275f045df7caa2544dd28de7fa86b044ab661bd0,calibration,000000546829,122beb916bd9c591739cd410646a5e54e65022713abfce2e0be5f5ba72b03ba6,colab-t4-hierarchical-calibration-v1,1,2026-10-08T13:12:35.976271+00:00,0.9958487749099731,0.9877818822860718,True,0.9108468220001669,,0.02036077156662941,0.5946570634841919,False,0.8641997939998873,,0.0,1016,1016,25,256,256,F,1.7810809469997366
diffdetect-hierarchical-calibration-v1,5a23bee4f802b9c88dd41030711aee173d27a3f8974371153439c0c363cde3a5,104,cocoglide:000000331352:edited,edited,nebula/CocoGlide,275f045df7caa2544dd28de7fa86b044ab661bd0,calibration,000000331352,87a195cefaa2839f0540ee800b759df36f4e0dbeb3cdd088f9b65ee9bc49f272,colab-t4-hierarchical-calibration-v1,1,2026-10-08T13:12:37.773934+00:00,0.995590329170227,0.9877818822860718,True,0.9121559360000902,,0.9975906610488892,0.5946570634841919,True,0.8567562749999524,,0.32836040672081346,1016,1016,25,256,256,F,1.7753794380000727
diffdetect-hierarchical-calibration-v1,5a23bee4f802b9c88dd41030711aee173d27a3f8974371153439c0c363cde3a5,105,diffusiondb:d3796e7b-861d-4b16-8aa2-136449dba49e.png,synthetic,poloclub/diffusiondb,fb620fbe49fa4420e0734bd9c0df11f51176b61f,part-001800,d3796e7b-861d-4b16-8aa2-136449dba49e.png,bd6d8307e52c475ceb1ace07107042e56dc41e46f6b11b1e64a4e585ae12a7b8,colab-t4-hierarchical-calibration-v1,1,2026-10-08T13:12:39.564417+00:00,0.9891506433486938,0.9877818822860718,True,0.9129574859998684,,0.998298168182373,0.5946570634841919,True,0.16131526199978907,,1.0,512,512,4,512,512,F,1.0886965319996307
diffdetect-hierarchical-calibration-v1,5a23bee4f802b9c88dd41030711aee173d27a3f8974371153439c0c363cde3a5,106,diffusiondb:adfaf9bf-2c79-4828-b329-0b00e8ed8cc8.png,synthetic,poloclub/diffusiondb,fb620fbe49fa4420e0734bd9c0df11f51176b61f,part-001800,adfaf9bf-2c79-4828-b329-0b00e8ed8cc8.png,b2f836e835cd08f3c211a35b71afc392530345ed2ca4df9d3f12ce1556fa3b28,colab-t4-hierarchical-calibration-v1,1,2026-10-08T13:12:40.669117+00:00,0.9959988594055176,0.9877818822860718,True,0.9236749030001192,,0.9949389696121216,0.5946570634841919,True,0.8757016570002634,,0.8975016276041666,1024,768,24,1024,768,F,1.82853700700025
diffdetect-hierarchical-calibration-v1,5a23bee4f802b9c88dd41030711aee173d27a3f8974371153439c0c363cde3a5,107,diffusiondb:ba5f364f-ba0b-4b34-8cb4-ca461bc60891.png,synthetic,poloclub/diffusiondb,fb620fbe49fa4420e0734bd9c0df11f51176b61f,part-001800,ba5f364f-ba0b-4b34-8cb4-ca461bc60891.png,f9e9dc4655daa773f3a5d8b9859e1332c57804aa63b46d6ff136ca16987f3eb8,colab-t4-hierarchical-calibration-v1,1,2026-10-08T13:12:42.512532+00:00,0.9954628348350525,0.9877818822860718,True,0.9159078719999343,,0.9727483987808228,0.5946570634841919,True,0.15933173099983833,,0.5662193298339844,512,512,4,512,512,F,1.0893226359999062
diffdetect-hierarchical-calibration-v1,5a23bee4f802b9c88dd41030711aee173d27a3f8974371153439c0c363cde3a5,108,diffusiondb:3a5d8eb9-c0ad-43a8-8f6a-418decf97867.png,synthetic,poloclub/diffusiondb,fb620fbe49fa4420e0734bd9c0df11f51176b61f,part-001800,3a5d8eb9-c0ad-43a8-8f6a-418decf97867.png,3ec26608915448c77be89770d1d26fc12583ba854d3b1cffa715eb04df611fdf,colab-t4-hierarchical-calibration-v1,1,2026-10-08T13:12:43.616164+00:00,0.9940582513809204,0.9877818822860718,True,0.9178462820000277,,0.9988080263137817,0.5946570634841919,True,0.1653982170000745,,0.9974784851074219,512,512,4,512,512,F,1.0964768199996797
diffdetect-hierarchical-calibration-v1,5a23bee4f802b9c88dd41030711aee173d27a3f8974371153439c0c363cde3a5,109,diffusiondb:67afc638-9900-4999-aeac-4e2559bad8f5.png,synthetic,poloclub/diffusiondb,fb620fbe49fa4420e0734bd9c0df11f51176b61f,part-001800,67afc638-9900-4999-aeac-4e2559bad8f5.png,1081a7ba6999eb7f1365d3d8402b06c1b4acfdf9868b7f4b64da0ed86ad00494,colab-t4-hierarchical-calibration-v1,1,2026-10-08T13:12:44.726978+00:00,0.9952789545059204,0.9877818822860718,True,0.9208897350004008,,0.903611958026886,0.5946570634841919,True,0.20149858100012352,,0.9759521484375,512,512,4,512,512,F,1.1334711200001948
diffdetect-hierarchical-calibration-v1,5a23bee4f802b9c88dd41030711aee173d27a3f8974371153439c0c363cde3a5,110,diffusiondb:a8b4a821-61b7-4808-ba6b-387cb7163dec.png,synthetic,poloclub/diffusiondb,fb620fbe49fa4420e0734bd9c0df11f51176b61f,part-001800,a8b4a821-61b7-4808-ba6b-387cb7163dec.png,b48a378ae124e727a537560e29fbb5b00cadbcf91d273094efccf402ad5309e4,colab-t4-hierarchical-calibration-v1,1,2026-10-08T13:12:45.879614+00:00,0.9947249293327332,0.9877818822860718,True,0.9290100939997501,,0.9976894855499268,0.5946570634841919,True,0.29352879800035225,,0.9492686878551136,512,704,6,512,704,F,1.2420882090000305
diffdetect-hierarchical-calibration-v1,5a23bee4f802b9c88dd41030711aee173d27a3f8974371153439c0c363cde3a5,111,diffusiondb:0b1a039e-5f36-4911-b9cc-12ce84f14c0c.png,synthetic,poloclub/diffusiondb,fb620fbe49fa4420e0734bd9c0df11f51176b61f,part-001800,0b1a039e-5f36-4911-b9cc-12ce84f14c0c.png,e7041f4d672f456ae5122f76d661f9e6a70e3bea64473af75b632881eeca8978,colab-t4-hierarchical-calibration-v1,1,2026-10-08T13:12:47.147447+00:00,0.9933618307113647,0.9877818822860718,True,0.925421771999936,,0.9965987801551819,0.5946570634841919,True,0.21195131500007847,,0.5375022888183594,512,512,4,512,512,F,1.1557090700002846
diffdetect-hierarchical-calibration-v1,5a23bee4f802b9c88dd41030711aee173d27a3f8974371153439c0c363cde3a5,112,diffusiondb:42e5f52e-a98e-4294-b78e-ef31f537783c.png,synthetic,poloclub/diffusiondb,fb620fbe49fa4420e0734bd9c0df11f51176b61f,part-001800,42e5f52e-a98e-4294-b78e-ef31f537783c.png,1daff7718d467039c5db3f6b72c7a178125fb6bd1330a748b258f292600380c2,colab-t4-hierarchical-calibration-v1,1,2026-10-08T13:12:48.318692+00:00,0.9930146932601929,0.9877818822860718,True,0.9268139579999115,,0.8548022508621216,0.5946570634841919,True,0.20927935899999284,,0.7696113586425781,512,512,4,512,512,F,1.155516133999754
diffdetect-hierarchical-calibration-v1,5a23bee4f802b9c88dd41030711aee173d27a3f8974371153439c0c363cde3a5,113,cocoglide:000000478286:edited,edited,nebula/CocoGlide,275f045df7caa2544dd28de7fa86b044ab661bd0,calibration,000000478286,cdb18fd06789cbe552c74910e8e8ccfe141043c5d91f4156a78bf502be37c68f,colab-t4-hierarchical-calibration-v1,1,2026-10-08T13:12:49.502661+00:00,0.9898123145103455,0.9877818822860718,True,0.9148257570000169,,0.996852695941925,0.5946570634841919,True,0.8699299300001258,,0.16681423987847976,1016,1016,25,256,256,F,1.7916037340000912
diffdetect-hierarchical-calibration-v1,5a23bee4f802b9c88dd41030711aee173d27a3f8974371153439c0c363cde3a5,114,cocoglide:000000416885:real,real,nebula/CocoGlide,275f045df7caa2544dd28de7fa86b044ab661bd0,calibration,000000416885,67f8389059d6614c772c5f91706d29597afd1bed6c08e7a5243e98d73534858a,colab-t4-hierarchical-calibration-v1,1,2026-10-08T13:12:51.310470+00:00,0.9961299896240234,0.9877818822860718,True,0.9192338829998334,,0.01219413336366415,0.5946570634841919,False,0.8733034349997979,,0.0,1016,1016,25,256,256,F,1.7990914910001266
diffdetect-hierarchical-calibration-v1,5a23bee4f802b9c88dd41030711aee173d27a3f8974371153439c0c363cde3a5,115,cocoglide:000000091654:edited,edited,nebula/CocoGlide,275f045df7caa2544dd28de7fa86b044ab661bd0,calibration,000000091654,4302a885ce475874b0f5fc586c7f30af8f78f695d2c163fa1276de44ba10303b,colab-t4-hierarchical-calibration-v1,1,2026-10-08T13:12:53.125273+00:00,0.995635449886322,0.9877818822860718,True,0.9154028650000328,,0.9675129055976868,0.5946570634841919,True,0.8706524069998522,,0.05187763500527001,1016,1016,25,256,256,F,1.7908841929997834
diffdetect-hierarchical-calibration-v1,5a23bee4f802b9c88dd41030711aee173d27a3f8974371153439c0c363cde3a5,116,cocoglide:000000333956:edited,edited,nebula/CocoGlide,275f045df7caa2544dd28de7fa86b044ab661bd0,calibration,000000333956,3a5a8ec9809b968b55ea9d2fe3aae545fdec506768bb605a0a8b37791fe430f0,colab-t4-hierarchical-calibration-v1,1,2026-10-08T13:12:54.932561+00:00,0.9935868978500366,0.9877818822860718,True,0.9160416730001089,,0.9997597336769104,0.5946570634841919,True,0.8739630720001514,,0.29526493427986855,1016,1016,25,256,256,F,1.79579884199984
diffdetect-hierarchical-calibration-v1,5a23bee4f802b9c88dd41030711aee173d27a3f8974371153439c0c363cde3a5,117,diffusiondb:531860dd-5762-425e-be03-74b5f46432ce.png,synthetic,poloclub/diffusiondb,fb620fbe49fa4420e0734bd9c0df11f51176b61f,part-001800,531860dd-5762-425e-be03-74b5f46432ce.png,fdcac39cc0d8367872073bcf1f98b961fe5998da2c62b62e192fcdf0b3cccd57,colab-t4-hierarchical-calibration-v1,1,2026-10-08T13:12:56.743156+00:00,0.9957118034362793,0.9877818822860718,True,0.9305738940001902,,0.91425621509552,0.5946570634841919,True,0.45364270600020973,,0.4699993133544922,1024,512,12,1024,512,F,1.4069330850002189
diffdetect-hierarchical-calibration-v1,5a23bee4f802b9c88dd41030711aee173d27a3f8974371153439c0c363cde3a5,118,diffusiondb:b2960c71-be6b-4ad2-a171-e7a687547a75.png,synthetic,poloclub/diffusiondb,fb620fbe49fa4420e0734bd9c0df11f51176b61f,part-001800,b2960c71-be6b-4ad2-a171-e7a687547a75.png,566ecb16f1b5f3dd2d1e7c0f9e9bfaaa68b23ff2f4524ac46ef5f414fb68f243,colab-t4-hierarchical-calibration-v1,1,2026-10-08T13:12:58.164704+00:00,0.9950220584869385,0.9877818822860718,True,0.9276575090002552,,0.940615713596344,0.5946570634841919,True,0.24052003900033014,,0.7687100497159091,704,512,6,704,512,F,1.1860940759997902
diffdetect-hierarchical-calibration-v1,5a23bee4f802b9c88dd41030711aee173d27a3f8974371153439c0c363cde3a5,119,diffusiondb:e8b89cbf-3f7a-4934-bca1-6d2f0ef41820.png,synthetic,poloclub/diffusiondb,fb620fbe49fa4420e0734bd9c0df11f51176b61f,part-001800,e8b89cbf-3f7a-4934-bca1-6d2f0ef41820.png,c99870c188cfc300c0fb21fdf1dae4021c5812823b05c3569be895f45bb4cdd5,colab-t4-hierarchical-calibration-v1,1,2026-10-08T13:12:59.365884+00:00,0.994851291179657,0.9877818822860718,True,0.9285606409998763,,0.9777455925941467,0.5946570634841919,True,0.21076684799982104,,0.4593925476074219,512,512,4,512,512,F,1.1533292330000222
diffdetect-hierarchical-calibration-v1,5a23bee4f802b9c88dd41030711aee173d27a3f8974371153439c0c363cde3a5,120,cocoglide:000000184400:edited,edited,nebula/CocoGlide,275f045df7caa2544dd28de7fa86b044ab661bd0,calibration,000000184400,d20000bd1603f3b00210ad1de90e2669a3914fc9ccb5b69869f8547a60a8462a,colab-t4-hierarchical-calibration-v1,1,2026-10-08T13:13:00.540441+00:00,0.9901106953620911,0.9877818822860718,True,0.9215028649996384,,0.9934490323066711,0.5946570634841919,True,1.0064391379996778,,0.13305226610453222,1016,1016,25,256,256,F,1.9335993669997151
diffdetect-hierarchical-calibration-v1,5a23bee4f802b9c88dd41030711aee173d27a3f8974371153439c0c363cde3a5,121,cocoglide:000000180296:real,real,nebula/CocoGlide,275f045df7caa2544dd28de7fa86b044ab661bd0,calibration,000000180296,78f9e56aee3afe341d8a964d65e39a0243c2c3036d355b8090eab44e0bea26b4,colab-t4-hierarchical-calibration-v1,1,2026-10-08T13:13:02.490973+00:00,0.9944919347763062,0.9877818822860718,True,0.9234793589998844,,0.02283012866973877,0.5946570634841919,False,0.8999129469998479,,0.00023928172856345714,1016,1016,25,256,256,F,1.8292300109997086
diffdetect-hierarchical-calibration-v1,5a23bee4f802b9c88dd41030711aee173d27a3f8974371153439c0c363cde3a5,122,cocoglide:000000080413:real,real,nebula/CocoGlide,275f045df7caa2544dd28de7fa86b044ab661bd0,calibration,000000080413,f316da920455e17e73deaad8f6ee7fc020d6906cb15e1c3df518a6879302a4c0,colab-t4-hierarchical-calibration-v1,1,2026-10-08T13:13:04.334567+00:00,0.991489052772522,0.9877818822860718,True,0.923664196000118,,0.0034885918721556664,0.5946570634841919,False,0.8793719739996959,,0.0,1016,1016,25,256,256,F,1.8074047360000804
diffdetect-hierarchical-calibration-v1,5a23bee4f802b9c88dd41030711aee173d27a3f8974371153439c0c363cde3a5,123,cocoglide:000000031269:real,real,nebula/CocoGlide,275f045df7caa2544dd28de7fa86b044ab661bd0,calibration,000000031269,7956cdf52b3a7a33d607591198f042996c83bd19401073e79ec144c270e06429,colab-t4-hierarchical-calibration-v1,1,2026-10-08T13:13:06.156882+00:00,0.9956433773040771,0.9877818822860718,True,0.9290678239999579,,0.06338310986757278,0.5946570634841919,False,0.8672821079999267,,0.0,1016,1016,25,256,256,F,1.8007033929998215
diffdetect-hierarchical-calibration-v1,5a23bee4f802b9c88dd41030711aee173d27a3f8974371153439c0c363cde3a5,124,cocoglide:000000341058:edited,edited,nebula/CocoGlide,275f045df7caa2544dd28de7fa86b044ab661bd0,calibration,000000341058,7e1b042b65c5ddfb3cb8a21ee449e118528e8f327a1bef51ef15de260348108c,colab-t4-hierarchical-calibration-v1,1,2026-10-08T13:13:07.985012+00:00,0.9927131533622742,0.9877818822860718,True,0.9252304789997652,,0.9961068034172058,0.5946570634841919,True,0.8775279819997195,,0.18382068014136027,1016,1016,25,256,256,F,1.8090865990002385
diffdetect-hierarchical-calibration-v1,5a23bee4f802b9c88dd41030711aee173d27a3f8974371153439c0c363cde3a5,125,cocoglide:000000076417:edited,edited,nebula/CocoGlide,275f045df7caa2544dd28de7fa86b044ab661bd0,calibration,000000076417,868d491f8dfaabb470f408287b2a962bc7112065af4c5849a670616b97a3a521,colab-t4-hierarchical-calibration-v1,1,2026-10-08T13:13:09.810064+00:00,0.9947146773338318,0.9877818822860718,True,0.9305935010002031,,0.9949345588684082,0.5946570634841919,True,0.8829482810001537,,0.3020801041602083,1016,1016,25,256,256,F,1.820268328000111
diffdetect-hierarchical-calibration-v1,5a23bee4f802b9c88dd41030711aee173d27a3f8974371153439c0c363cde3a5,126,diffusiondb:6c813cdb-85ae-4318-a425-9289fc758504.png,synthetic,poloclub/diffusiondb,fb620fbe49fa4420e0734bd9c0df11f51176b61f,part-001800,6c813cdb-85ae-4318-a425-9289fc758504.png,9fd4d04154722b0e574722cda504c525299103326c71d7f838d03d008e81b501,colab-t4-hierarchical-calibration-v1,1,2026-10-08T13:13:11.647689+00:00,0.9955148100852966,0.9877818822860718,True,0.9389636000000792,,0.8866403698921204,0.5946570634841919,True,0.45720908800012694,,0.7894840240478516,512,1024,12,512,1024,F,1.4172273879999011
diffdetect-hierarchical-calibration-v1,5a23bee4f802b9c88dd41030711aee173d27a3f8974371153439c0c363cde3a5,127,cocoglide:000000035963:real,real,nebula/CocoGlide,275f045df7caa2544dd28de7fa86b044ab661bd0,calibration,000000035963,09df8582c3f32d25a7c1d96dfdadb1655e01120c8c01395040a25f3b27b2fe00,colab-t4-hierarchical-calibration-v1,1,2026-10-08T13:13:13.081805+00:00,0.9959458708763123,0.9877818822860718,True,0.9312875069999791,,0.015289409086108208,0.5946570634841919,False,1.007412106999709,,0.0,1016,1016,25,256,256,F,1.945456035999996
diffdetect-hierarchical-calibration-v1,5a23bee4f802b9c88dd41030711aee173d27a3f8974371153439c0c363cde3a5,128,cocoglide:000000213224:edited,edited,nebula/CocoGlide,275f045df7caa2544dd28de7fa86b044ab661bd0,calibration,000000213224,d661c3ac0f441fc3b3795665c6ebf7d8fc4d56267529d6213a20043d147bec2e,colab-t4-hierarchical-calibration-v1,1,2026-10-08T13:13:15.046541+00:00,0.9955761432647705,0.9877818822860718,True,0.9285641919996124,,0.8297064304351807,0.5946570634841919,True,0.9877870260002055,,0.039181172112344224,1016,1016,25,256,256,F,1.9225891520000005
diffdetect-hierarchical-calibration-v1,5a23bee4f802b9c88dd41030711aee173d27a3f8974371153439c0c363cde3a5,129,cocoglide:000000063552:real,real,nebula/CocoGlide,275f045df7caa2544dd28de7fa86b044ab661bd0,calibration,000000063552,9ae9b1cdc7479e6e5502d317f581691ebd0596f8351d9dc69ca413ee17bf76c4,colab-t4-hierarchical-calibration-v1,1,2026-10-08T13:13:16.985752+00:00,0.99562007188797,0.9877818822860718,True,0.9269250800002737,,0.21187724173069,0.5946570634841919,False,0.8807481589997224,,0.0,1016,1016,25,256,256,F,1.8137111089999962
diffdetect-hierarchical-calibration-v1,5a23bee4f802b9c88dd41030711aee173d27a3f8974371153439c0c363cde3a5,130,cocoglide:000000364322:edited,edited,nebula/CocoGlide,275f045df7caa2544dd28de7fa86b044ab661bd0,calibration,000000364322,0df6c575d6ae101dba0ffb4a48650cef91a9bfba464b17b1d2539accb029182b,colab-t4-hierarchical-calibration-v1,1,2026-10-08T13:13:18.820328+00:00,0.9958252906799316,0.9877818822860718,True,0.927842807000161,,0.9722639918327332,0.5946570634841919,True,0.892741212999681,,0.6975110825221651,1016,1016,25,256,256,F,1.8271459200000209
diffdetect-hierarchical-calibration-v1,5a23bee4f802b9c88dd41030711aee173d27a3f8974371153439c0c363cde3a5,131,diffusiondb:e3f97857-6486-407c-9dab-7960505a4672.png,synthetic,poloclub/diffusiondb,fb620fbe49fa4420e0734bd9c0df11f51176b61f,part-001800,e3f97857-6486-407c-9dab-7960505a4672.png,9fb1c0f24d74150b9b986098eaba388e465022dc6e6288a95eabf05068583e50,colab-t4-hierarchical-calibration-v1,1,2026-10-08T13:13:20.663929+00:00,0.9936529397964478,0.9877818822860718,True,0.9342493760000252,,0.9955447316169739,0.5946570634841919,True,0.31097758199985037,,1.0,512,768,8,512,768,F,1.264328204999856
diffdetect-hierarchical-calibration-v1,5a23bee4f802b9c88dd41030711aee173d27a3f8974371153439c0c363cde3a5,132,cocoglide:000000070774:edited,edited,nebula/CocoGlide,275f045df7caa2544dd28de7fa86b044ab661bd0,calibration,000000070774,9b46ecaa8112b9fd2719c76a4dfad70cf6ce42b8cca9f858f3b79a2a14b5e3a3,colab-t4-hierarchical-calibration-v1,1,2026-10-08T13:13:21.943047+00:00,0.0752691924571991,0.9877818822860718,False,0.9306486049999876,,0.9233223795890808,0.5946570634841919,True,0.8987551479999638,,0.13116998108996217,1016,1016,25,256,256,F,1.8349311060001128
diffdetect-hierarchical-calibration-v1,5a23bee4f802b9c88dd41030711aee173d27a3f8974371153439c0c363cde3a5,133,diffusiondb:3027f79b-3946-428a-bb2b-2ea418df0684.png,synthetic,poloclub/diffusiondb,fb620fbe49fa4420e0734bd9c0df11f51176b61f,part-001800,3027f79b-3946-428a-bb2b-2ea418df0684.png,d3df8494cab5db485fd7ee6dacd7f81b366078ff0c252609a477639ad9ef49f8,colab-t4-hierarchical-calibration-v1,1,2026-10-08T13:13:23.794556+00:00,1.0,0.9877818822860718,True,0.937657221000336,,0.9716208577156067,0.5946570634841919,True,0.6130081139999675,,0.7396133422851563,1280,512,16,1280,512,F,1.5775728190001246
diffdetect-hierarchical-calibration-v1,5a23bee4f802b9c88dd41030711aee173d27a3f8974371153439c0c363cde3a5,134,cocoglide:000000156278:edited,edited,nebula/CocoGlide,275f045df7caa2544dd28de7fa86b044ab661bd0,calibration,000000156278,2808af199d8ac8efa1453e5961f651159702972e7206ead0887dcba6906ee705,colab-t4-hierarchical-calibration-v1,1,2026-10-08T13:13:25.387424+00:00,0.9934803247451782,0.9877818822860718,True,0.9262597469996763,,0.7735366821289062,0.5946570634841919,True,0.8833829000000151,,0.03425700601401203,1016,1016,25,256,256,F,1.815827125999931
diffdetect-hierarchical-calibration-v1,5a23bee4f802b9c88dd41030711aee173d27a3f8974371153439c0c363cde3a5,135,diffusiondb:637d9e4b-757a-405d-906c-2b7682b46cf8.png,synthetic,poloclub/diffusiondb,fb620fbe49fa4420e0734bd9c0df11f51176b61f,part-001800,637d9e4b-757a-405d-906c-2b7682b46cf8.png,3f0fa282bb4eb302d92ea623861fa9d53f28263ea2b135c1c7e3259590e26287,colab-t4-hierarchical-calibration-v1,1,2026-10-08T13:13:27.228969+00:00,0.988477885723114,0.9877818822860718,True,0.9272188029999597,,0.9957094192504883,0.5946570634841919,True,0.21217012299985072,,1.0,512,512,4,512,512,F,1.1513621809999677
diffdetect-hierarchical-calibration-v1,5a23bee4f802b9c88dd41030711aee173d27a3f8974371153439c0c363cde3a5,136,diffusiondb:5239759f-ec60-452f-9db8-b29f60415a1f.png,synthetic,poloclub/diffusiondb,fb620fbe49fa4420e0734bd9c0df11f51176b61f,part-001800,5239759f-ec60-452f-9db8-b29f60415a1f.png,a0601177ca98e0b47154ff5b23a61eb26f55c3b3c859ffee389a2a2fe8c3169c,colab-t4-hierarchical-calibration-v1,1,2026-10-08T13:13:28.396900+00:00,0.9951615929603577,0.9877818822860718,True,0.9348551070002031,,0.9835647940635681,0.5946570634841919,True,0.2069034350001857,,1.0,512,512,4,512,512,F,1.1597082680000312
diffdetect-hierarchical-calibration-v1,5a23bee4f802b9c88dd41030711aee173d27a3f8974371153439c0c363cde3a5,137,diffusiondb:6420a030-1f31-47f9-a82a-85998cdbfa67.png,synthetic,poloclub/diffusiondb,fb620fbe49fa4420e0734bd9c0df11f51176b61f,part-001800,6420a030-1f31-47f9-a82a-85998cdbfa67.png,ed78ba8dfccbac37e7fa1bcf9878fdde51e0eaeab93c58eae504ae30fd248adc,colab-t4-hierarchical-calibration-v1,1,2026-10-08T13:13:29.570937+00:00,0.9938056468963623,0.9877818822860718,True,0.9349995389998185,,0.9951310157775879,0.5946570634841919,True,0.2176556059998802,,0.9137229919433594,512,512,4,512,512,F,1.1687833089999913
diffdetect-hierarchical-calibration-v1,5a23bee4f802b9c88dd41030711aee173d27a3f8974371153439c0c363cde3a5,138,diffusiondb:aebb493a-0fa1-44e4-a372-0aea1421beba.png,synthetic,poloclub/diffusiondb,fb620fbe49fa4420e0734bd9c0df11f51176b61f,part-001800,aebb493a-0fa1-44e4-a372-0aea1421beba.png,5aad464e7dd5653870a335b305e13c94f9428a33bb5373fd3227aca0e494b82d,colab-t4-hierarchical-calibration-v1,1,2026-10-08T13:13:30.756650+00:00,0.9932558536529541,0.9877818822860718,True,0.9370528119998198,,0.9376479387283325,0.5946570634841919,True,0.23924514400005137,,0.8919483531605114,704,512,6,704,512,F,1.2010463159999745
diffdetect-hierarchical-calibration-v1,5a23bee4f802b9c88dd41030711aee173d27a3f8974371153439c0c363cde3a5,139,cocoglide:000000418961:real,real,nebula/CocoGlide,275f045df7caa2544dd28de7fa86b044ab661bd0,calibration,000000418961,5717302258bfcb516181dabddacde0d068bc810cea4ae174d4bc00a1f53b0dfc,colab-t4-hierarchical-calibration-v1,1,2026-10-08T13:13:31.972306+00:00,0.9931382536888123,0.9877818822860718,True,0.9275883349996548,,0.14942818880081177,0.5946570634841919,False,0.877343706999909,,0.0002915943331886664,1016,1016,25,256,256,F,1.8093603729998904
diffdetect-hierarchical-calibration-v1,5a23bee4f802b9c88dd41030711aee173d27a3f8974371153439c0c363cde3a5,140,cocoglide:000000312406:edited,edited,nebula/CocoGlide,275f045df7caa2544dd28de7fa86b044ab661bd0,calibration,000000312406,4b70c183e6b03428b70ac9d80b2b446820bf6647fab00523674674ad44f55493,colab-t4-hierarchical-calibration-v1,1,2026-10-08T13:13:33.797863+00:00,0.9959172606468201,0.9877818822860718,True,0.9236855519998244,,0.9828858375549316,0.5946570634841919,True,0.8769448269999884,,0.12482949965899932,1016,1016,25,256,256,F,1.807377894000183
diffdetect-hierarchical-calibration-v1,5a23bee4f802b9c88dd41030711aee173d27a3f8974371153439c0c363cde3a5,141,diffusiondb:58e63b48-72b8-43b7-a9a0-fadce7afaed9.png,synthetic,poloclub/diffusiondb,fb620fbe49fa4420e0734bd9c0df11f51176b61f,part-001800,58e63b48-72b8-43b7-a9a0-fadce7afaed9.png,e45ef9f6342a10b7ae5c6ad65851524f47e00ea91bd51016da5a105366ded1fb,colab-t4-hierarchical-calibration-v1,1,2026-10-08T13:13:35.621113+00:00,0.9947222471237183,0.9877818822860718,True,0.9295694739998908,,0.9529155492782593,0.5946570634841919,True,0.1613291069998013,,0.17661285400390625,512,512,4,512,512,F,1.106067067999902
diffdetect-hierarchical-calibration-v1,5a23bee4f802b9c88dd41030711aee173d27a3f8974371153439c0c363cde3a5,142,cocoglide:000000222863:edited,edited,nebula/CocoGlide,275f045df7caa2544dd28de7fa86b044ab661bd0,calibration,000000222863,6f1aa5c881f49ab1d20a1b76f290a827ec20beabd4b45ca4e073767c24185a54,colab-t4-hierarchical-calibration-v1,1,2026-10-08T13:13:36.741376+00:00,0.9952338337898254,0.9877818822860718,True,0.9308820649998779,,0.9486590623855591,0.5946570634841919,True,0.8869765499998721,,0.2516555970611941,1016,1016,25,256,256,F,1.8245114149999608
diffdetect-hierarchical-calibration-v1,5a23bee4f802b9c88dd41030711aee173d27a3f8974371153439c0c363cde3a5,143,diffusiondb:4004deec-77ea-4f01-9fcd-78d0ea8376cd.png,synthetic,poloclub/diffusiondb,fb620fbe49fa4420e0734bd9c0df11f51176b61f,part-001800,4004deec-77ea-4f01-9fcd-78d0ea8376cd.png,3091172e1723f382e845d3d8d8553d58ae1726b5ea66154d957f15c95862984b,colab-t4-hierarchical-calibration-v1,1,2026-10-08T13:13:38.580404+00:00,0.9935553669929504,0.9877818822860718,True,0.9267896329997711,,0.8816865086555481,0.5946570634841919,True,0.15932766900004935,,0.3109397888183594,512,512,4,512,512,F,1.0979999209998823
diffdetect-hierarchical-calibration-v1,5a23bee4f802b9c88dd41030711aee173d27a3f8974371153439c0c363cde3a5,144,cocoglide:000000550322:real,real,nebula/CocoGlide,275f045df7caa2544dd28de7fa86b044ab661bd0,calibration,000000550322,c7ddabd792446a46efe838988b8ed0570c258c6082ec395304bbf6b43a63a4ba,colab-t4-hierarchical-calibration-v1,1,2026-10-08T13:13:39.695334+00:00,0.9959195852279663,0.9877818822860718,True,0.9258470459999444,,0.1373014599084854,0.5946570634841919,False,0.9639814090000982,,0.0,1016,1016,25,256,256,F,1.896184503999848
diffdetect-hierarchical-calibration-v1,5a23bee4f802b9c88dd41030711aee173d27a3f8974371153439c0c363cde3a5,145,cocoglide:000000219283:real,real,nebula/CocoGlide,275f045df7caa2544dd28de7fa86b044ab661bd0,calibration,000000219283,e4aa72e5ebf50e69a7530fb80835639df1bb86b993a13b814ea4a426f0f943c4,colab-t4-hierarchical-calibration-v1,1,2026-10-08T13:13:41.606415+00:00,0.002389112487435341,0.9877818822860718,False,0.9204734730001292,,0.6967209577560425,0.5946570634841919,True,1.0341170249998868,,0.0546744218488437,1016,1016,25,256,256,F,1.9599070090002897
diffdetect-hierarchical-calibration-v1,5a23bee4f802b9c88dd41030711aee173d27a3f8974371153439c0c363cde3a5,146,diffusiondb:827047c1-11d8-4852-acc9-38410b25e0e5.png,synthetic,poloclub/diffusiondb,fb620fbe49fa4420e0734bd9c0df11f51176b61f,part-001800,827047c1-11d8-4852-acc9-38410b25e0e5.png,c41f0dfeac849b513fff0d36bd0d0eeff4d1761e1686a9d63f88caa60317ff76,colab-t4-hierarchical-calibration-v1,1,2026-10-08T13:13:43.598681+00:00,0.9837471842765808,0.9877818822860718,False,0.9338588629998412,,0.998308002948761,0.5946570634841919,True,0.20738403099994684,,0.8456497192382812,512,512,4,512,512,F,1.1581611780002277
diffdetect-hierarchical-calibration-v1,5a23bee4f802b9c88dd41030711aee173d27a3f8974371153439c0c363cde3a5,147,diffusiondb:be4d2c88-80f7-441f-98c8-f01940a903f3.png,synthetic,poloclub/diffusiondb,fb620fbe49fa4420e0734bd9c0df11f51176b61f,part-001800,be4d2c88-80f7-441f-98c8-f01940a903f3.png,1387266a313d62febd5def00556376c68bf4253dd0879d1d2518af5dfa47d41d,colab-t4-hierarchical-calibration-v1,1,2026-10-08T13:13:44.772979+00:00,0.9940746426582336,0.9877818822860718,True,0.9311370400000669,,0.8187654614448547,0.5946570634841919,True,0.1782171949998883,,0.6711807250976562,512,512,4,512,512,F,1.124776349000058
diffdetect-hierarchical-calibration-v1,5a23bee4f802b9c88dd41030711aee173d27a3f8974371153439c0c363cde3a5,148,diffusiondb:e3caec81-20c6-4840-bd48-4a4b030d7c0d.png,synthetic,poloclub/diffusiondb,fb620fbe49fa4420e0734bd9c0df11f51176b61f,part-001800,e3caec81-20c6-4840-bd48-4a4b030d7c0d.png,4183cb95a1c12bcbdf7101be3b758f288e3fe2b032819e1c8e0cd0b45c69e40f,colab-t4-hierarchical-calibration-v1,1,2026-10-08T13:13:45.913081+00:00,0.9924824833869934,0.9877818822860718,True,0.9289251459999832,,0.9565106630325317,0.5946570634841919,True,0.4607747649997691,,0.9465084075927734,1024,512,12,1024,512,F,1.4139603570001782
diffdetect-hierarchical-calibration-v1,5a23bee4f802b9c88dd41030711aee173d27a3f8974371153439c0c363cde3a5,149,cocoglide:000000348012:edited,edited,nebula/CocoGlide,275f045df7caa2544dd28de7fa86b044ab661bd0,calibration,000000348012,0eb8973cdc51f0d4b23984a11d9bb7c1cecf93aa0b24ed2cc61a43d3b4a534ec,colab-t4-hierarchical-calibration-v1,1,2026-10-08T13:13:47.342043+00:00,0.9938517808914185,0.9877818822860718,True,0.9191030320002938,,0.9983866810798645,0.5946570634841919,True,0.8738608829999066,,0.2786304947609895,1016,1016,25,256,256,F,1.7992366459998266
diffdetect-hierarchical-calibration-v1,5a23bee4f802b9c88dd41030711aee173d27a3f8974371153439c0c363cde3a5,150,diffusiondb:ebe75a37-e31e-41fa-8ca5-8d75f9099149.png,synthetic,poloclub/diffusiondb,fb620fbe49fa4420e0734bd9c0df11f51176b61f,part-001800,ebe75a37-e31e-41fa-8ca5-8d75f9099149.png,e749c8a9708781dd1849c13bff4da23e71088ff51f9249b0fe72d4b810731ca5,colab-t4-hierarchical-calibration-v1,1,2026-10-08T13:13:49.160245+00:00,0.9919399619102478,0.9877818822860718,True,0.9269166119997863,,0.9984753727912903,0.5946570634841919,True,0.16271235600015643,,1.0,512,512,4,512,512,F,1.1003002729999025
diffdetect-hierarchical-calibration-v1,5a23bee4f802b9c88dd41030711aee173d27a3f8974371153439c0c363cde3a5,151,cocoglide:000000047121:real,real,nebula/CocoGlide,275f045df7caa2544dd28de7fa86b044ab661bd0,calibration,000000047121,719eeeb4aa84b891e12d1ed48e6f9c48560132f55b614caec506c4000db1345a,colab-t4-hierarchical-calibration-v1,1,2026-10-08T13:13:50.275998+00:00,0.9945287108421326,0.9877818822860718,True,0.9236312600000929,,0.08259500563144684,0.5946570634841919,False,0.8710951280004338,,0.0,1016,1016,25,256,256,F,1.7994190340000387
diffdetect-hierarchical-calibration-v1,5a23bee4f802b9c88dd41030711aee173d27a3f8974371153439c0c363cde3a5,152,diffusiondb:aacff5a9-0317-4c6e-a25a-588591e6cb45.png,synthetic,poloclub/diffusiondb,fb620fbe49fa4420e0734bd9c0df11f51176b61f,part-001800,aacff5a9-0317-4c6e-a25a-588591e6cb45.png,f2e0a505f9fa8ff1b03f1e2e33859791dd76d3d4566dd2d548af89096a5a338f,colab-t4-hierarchical-calibration-v1,1,2026-10-08T13:13:52.091438+00:00,0.9932544827461243,0.9877818822860718,True,0.9302706369999214,,0.9295611381530762,0.5946570634841919,True,0.37946840099994006,,0.5412881033761161,512,896,10,512,896,F,1.3299480169998787
diffdetect-hierarchical-calibration-v1,5a23bee4f802b9c88dd41030711aee173d27a3f8974371153439c0c363cde3a5,153,cocoglide:000000418961:edited,edited,nebula/CocoGlide,275f045df7caa2544dd28de7fa86b044ab661bd0,calibration,000000418961,56f9c5a9478b883b08ab6913b141e0539729d0dbfc2f3200bc0f69da76218cc0,colab-t4-hierarchical-calibration-v1,1,2026-10-08T13:13:53.436482+00:00,0.993096649646759,0.9877818822860718,True,0.920056951999868,,0.9951375722885132,0.5946570634841919,True,0.8754114980001759,,0.07998790997581995,1016,1016,25,256,256,F,1.8001794769998014
diffdetect-hierarchical-calibration-v1,5a23bee4f802b9c88dd41030711aee173d27a3f8974371153439c0c363cde3a5,154,diffusiondb:6dd1f44a-748f-4348-80cb-d513cee4d9f0.png,synthetic,poloclub/diffusiondb,fb620fbe49fa4420e0734bd9c0df11f51176b61f,part-001800,6dd1f44a-748f-4348-80cb-d513cee4d9f0.png,640782deb494a7ce3de1b6fcaaf7102439a5f6a41aea0e5dc15a599dbb27345d,colab-t4-hierarchical-calibration-v1,1,2026-10-08T13:13:55.251670+00:00,0.976773738861084,0.9877818822860718,False,0.9279807020002409,,0.9943194389343262,0.5946570634841919,True,0.2160996630000227,,0.5200691223144531,512,512,4,512,512,F,1.1600966539999717
diffdetect-hierarchical-calibration-v1,5a23bee4f802b9c88dd41030711aee173d27a3f8974371153439c0c363cde3a5,155,cocoglide:000000095899:real,real,nebula/CocoGlide,275f045df7caa2544dd28de7fa86b044ab661bd0,calibration,000000095899,434a4fbeff2c79937f82acf50dae7ed908f3ccc87ca974027d563b4cb6acd2ce,colab-t4-hierarchical-calibration-v1,1,2026-10-08T13:13:56.436320+00:00,0.9864889979362488,0.9877818822860718,False,0.9221962270003132,,0.040184348821640015,0.5946570634841919,False,0.9990309439999692,,0.0,1016,1016,25,256,256,F,1.9276305210000828
diffdetect-hierarchical-calibration-v1,5a23bee4f802b9c88dd41030711aee173d27a3f8974371153439c0c363cde3a5,156,cocoglide:000000304817:edited,edited,nebula/CocoGlide,275f045df7caa2544dd28de7fa86b044ab661bd0,calibration,000000304817,784319c1a3ae3f137a285ea075dba19de507b588232d7c0c100b0bd62f989d94,colab-t4-hierarchical-calibration-v1,1,2026-10-08T13:13:58.383145+00:00,0.9947570562362671,0.9877818822860718,True,0.920564794999791,,0.9818377494812012,0.5946570634841919,True,0.8615626279997741,,0.17101184202368405,1016,1016,25,256,256,F,1.7879434379997292
diffdetect-hierarchical-calibration-v1,5a23bee4f802b9c88dd41030711aee173d27a3f8974371153439c0c363cde3a5,157,diffusiondb:b221d077-4286-44f6-b074-7617ad424632.png,synthetic,poloclub/diffusiondb,fb620fbe49fa4420e0734bd9c0df11f51176b61f,part-001800,b221d077-4286-44f6-b074-7617ad424632.png,3af7f0c37cf1e4756c8e62498260c7a1f0e9c6295631b65206e9c6c4b9297345,colab-t4-hierarchical-calibration-v1,1,2026-10-08T13:14:00.199558+00:00,0.9927921295166016,0.9877818822860718,True,0.92788890599968,,0.9030342102050781,0.5946570634841919,True,0.2334984340000119,,0.1662628173828125,512,640,6,512,640,F,1.1756333999996968
diffdetect-hierarchical-calibration-v1,5a23bee4f802b9c88dd41030711aee173d27a3f8974371153439c0c363cde3a5,158,diffusiondb:8e2f35ec-4db9-48b4-b27c-91c839b29a76.png,synthetic,poloclub/diffusiondb,fb620fbe49fa4420e0734bd9c0df11f51176b61f,part-001800,8e2f35ec-4db9-48b4-b27c-91c839b29a76.png,e8cdf1da6736aab3daeba1d71238f1db87302a9246f8bdc15b932266820ee312,colab-t4-hierarchical-calibration-v1,1,2026-10-08T13:14:01.389095+00:00,0.9954302310943604,0.9877818822860718,True,0.9285006590002922,,0.9829666018486023,0.5946570634841919,True,0.31795852000004743,,0.09653472900390625,512,768,8,512,768,F,1.264067617999899
diffdetect-hierarchical-calibration-v1,5a23bee4f802b9c88dd41030711aee173d27a3f8974371153439c0c363cde3a5,159,cocoglide:000000416991:real,real,nebula/CocoGlide,275f045df7caa2544dd28de7fa86b044ab661bd0,calibration,000000416991,ab1cf8158bbb65bf156a6f1403fea8a6659927164324cb58e9e29352c11b336e,colab-t4-hierarchical-calibration-v1,1,2026-10-08T13:14:02.668194+00:00,0.00851203128695488,0.9877818822860718,False,0.9211614420000842,,0.08598381280899048,0.5946570634841919,False,0.8802587259997381,,0.0,1016,1016,25,256,256,F,1.8061123949996727
diffdetect-hierarchical-calibration-v1,5a23bee4f802b9c88dd41030711aee173d27a3f8974371153439c0c363cde3a5,160,cocoglide:000000475678:edited,edited,nebula/CocoGlide,275f045df7caa2544dd28de7fa86b044ab661bd0,calibration,000000475678,3e754325cd29506a929add7c529cb977f08a92e328875d8bcb2c23c6043ee55e,colab-t4-hierarchical-calibration-v1,1,2026-10-08T13:14:04.488101+00:00,0.9937816262245178,0.9877818822860718,True,0.9190704160000678,,0.9934344291687012,0.5946570634841919,True,0.8623700299999655,,0.5606409650319301,1016,1016,25,256,256,F,1.7875292429998808
diffdetect-hierarchical-calibration-v1,5a23bee4f802b9c88dd41030711aee173d27a3f8974371153439c0c363cde3a5,161,cocoglide:000000288882:edited,edited,nebula/CocoGlide,275f045df7caa2544dd28de7fa86b044ab661bd0,calibration,000000288882,dbc9b7e5825e17842ee2fc0702bd0a4c2c7d830cae3250ceaa4185923baca3b2,colab-t4-hierarchical-calibration-v1,1,2026-10-08T13:14:06.291960+00:00,0.9956387877464294,0.9877818822860718,True,0.9263772540002719,,0.9980153441429138,0.5946570634841919,True,0.8631093599997257,,0.2849051010602021,1016,1016,25,256,256,F,1.7963529990001916
diffdetect-hierarchical-calibration-v1,5a23bee4f802b9c88dd41030711aee173d27a3f8974371153439c0c363cde3a5,162,diffusiondb:b5d90fd9-0f44-44ec-a01c-318c5b2167a1.png,synthetic,poloclub/diffusiondb,fb620fbe49fa4420e0734bd9c0df11f51176b61f,part-001800,b5d90fd9-0f44-44ec-a01c-318c5b2167a1.png,d0fa6b8ad73132e531ca974887d1536591e1973d9a42215df8b69cea5c93ae68,colab-t4-hierarchical-calibration-v1,1,2026-10-08T13:14:08.102353+00:00,0.9959639310836792,0.9877818822860718,True,0.9287033030000202,,0.9975544810295105,0.5946570634841919,True,0.1611740869998357,,0.6503944396972656,512,512,4,512,512,F,1.1027235030001066
diffdetect-hierarchical-calibration-v1,5a23bee4f802b9c88dd41030711aee173d27a3f8974371153439c0c363cde3a5,163,cocoglide:000000085195:edited,edited,nebula/CocoGlide,275f045df7caa2544dd28de7fa86b044ab661bd0,calibration,000000085195,cb9aa275df0c99cbc6dcbe6619ee8f0a3018c834cb223efe818176333bf99fa7,colab-t4-hierarchical-calibration-v1,1,2026-10-08T13:14:09.220097+00:00,0.9938449859619141,0.9877818822860718,True,0.9239357999999811,,0.9983830451965332,0.5946570634841919,True,0.9953106779998961,,0.12063867877735755,1016,1016,25,256,256,F,1.9235593260000314
diffdetect-hierarchical-calibration-v1,5a23bee4f802b9c88dd41030711aee173d27a3f8974371153439c0c363cde3a5,164,cocoglide:000000255912:edited,edited,nebula/CocoGlide,275f045df7caa2544dd28de7fa86b044ab661bd0,calibration,000000255912,9c1389701a2f80e49f9db0c46833ff94395183fa6ed0953766b551ab69fed92d,colab-t4-hierarchical-calibration-v1,1,2026-10-08T13:14:11.157621+00:00,0.994296133518219,0.9877818822860718,True,0.9252543159996094,,0.11824870109558105,0.5946570634841919,False,0.9928002460001153,,0.0,1016,1016,25,256,256,F,1.9273182580000139
diffdetect-hierarchical-calibration-v1,5a23bee4f802b9c88dd41030711aee173d27a3f8974371153439c0c363cde3a5,165,cocoglide:000000294855:real,real,nebula/CocoGlide,275f045df7caa2544dd28de7fa86b044ab661bd0,calibration,000000294855,94fa3f20a4b484afb4efb12eea2d275f5631c619e76d45fad69770b5e31adaa9,colab-t4-hierarchical-calibration-v1,1,2026-10-08T13:14:13.099557+00:00,0.9953734278678894,0.9877818822860718,True,0.9196514990003379,,0.03265897184610367,0.5946570634841919,False,0.862653436999608,,0.0,1016,1016,25,256,256,F,1.7881675749999886
diffdetect-hierarchical-calibration-v1,5a23bee4f802b9c88dd41030711aee173d27a3f8974371153439c0c363cde3a5,166,diffusiondb:3b6db398-c493-4389-93b1-3b465886a495.png,synthetic,poloclub/diffusiondb,fb620fbe49fa4420e0734bd9c0df11f51176b61f,part-001800,3b6db398-c493-4389-93b1-3b465886a495.png,b9c14d833b916086bb1a8b08483b1c21e0de11efeb491a85b82d7b8c8d540c60,colab-t4-hierarchical-calibration-v1,1,2026-10-08T13:14:14.904105+00:00,0.9993340373039246,0.9877818822860718,True,0.9265249569998559,,0.689113438129425,0.5946570634841919,True,0.24040260299989313,,0.13663274591619318,704,512,6,704,512,F,1.181995164
diffdetect-hierarchical-calibration-v1,5a23bee4f802b9c88dd41030711aee173d27a3f8974371153439c0c363cde3a5,167,cocoglide:000000546829:edited,edited,nebula/CocoGlide,275f045df7caa2544dd28de7fa86b044ab661bd0,calibration,000000546829,cf2ba28e67cf2deaacd0c656b76e2c14be7698d60d0696b03ec86bcf1dfd1d7a,colab-t4-hierarchical-calibration-v1,1,2026-10-08T13:14:16.113103+00:00,0.9958582520484924,0.9877818822860718,True,0.9239150690000315,,0.9977679252624512,0.5946570634841919,True,0.8656829050000852,,0.04691568758137516,1016,1016,25,256,256,F,1.7956028789999436
diffdetect-hierarchical-calibration-v1,5a23bee4f802b9c88dd41030711aee173d27a3f8974371153439c0c363cde3a5,168,cocoglide:000000069795:real,real,nebula/CocoGlide,275f045df7caa2544dd28de7fa86b044ab661bd0,calibration,000000069795,2b01e15d4b2390967b38ac67da5a6fa624bb3971dc2479a05247394692cc0b55,colab-t4-hierarchical-calibration-v1,1,2026-10-08T13:14:17.925498+00:00,0.9951203465461731,0.9877818822860718,True,0.9217698930001461,,0.014427023939788342,0.5946570634841919,False,0.8719096439999703,,0.0,1016,1016,25,256,256,F,1.8006062999997994
diffdetect-hierarchical-calibration-v1,5a23bee4f802b9c88dd41030711aee173d27a3f8974371153439c0c363cde3a5,169,diffusiondb:4fc4db37-8353-4557-affa-9e351a1e691e.png,synthetic,poloclub/diffusiondb,fb620fbe49fa4420e0734bd9c0df11f51176b61f,part-001800,4fc4db37-8353-4557-affa-9e351a1e691e.png,17716a17614e5cf67a10259f9931ac7be90888616804cba01e645d07f5eb27db,colab-t4-hierarchical-calibration-v1,1,2026-10-08T13:14:19.742119+00:00,0.9951592087745667,0.9877818822860718,True,0.9313127390000773,,0.6550738215446472,0.5946570634841919,True,0.4742637580002338,,0.044733683268229164,1024,576,12,1024,576,F,1.4355467640002644
diffdetect-hierarchical-calibration-v1,5a23bee4f802b9c88dd41030711aee173d27a3f8974371153439c0c363cde3a5,170,cocoglide:000000369751:edited,edited,nebula/CocoGlide,275f045df7caa2544dd28de7fa86b044ab661bd0,calibration,000000369751,d46456d7c23ac485a96b55ffdb4d97740f7e2ceade02edefc4247c1501ffdfce,colab-t4-hierarchical-calibration-v1,1,2026-10-08T13:14:21.194385+00:00,0.9962312579154968,0.9877818822860718,True,0.9197645530002774,,0.8389995694160461,0.5946570634841919,True,0.8658896500000992,,0.06275090675181351,1016,1016,25,256,256,F,1.791152529000101
diffdetect-hierarchical-calibration-v1,5a23bee4f802b9c88dd41030711aee173d27a3f8974371153439c0c363cde3a5,171,cocoglide:000000129054:real,real,nebula/CocoGlide,275f045df7caa2544dd28de7fa86b044ab661bd0,calibration,000000129054,0919730d89a9596dfe99a8a467456f9d043d95c3e2e1c569abdb93780b5bc010,colab-t4-hierarchical-calibration-v1,1,2026-10-08T13:14:23.001052+00:00,0.9956343770027161,0.9877818822860718,True,0.9199615529996663,,0.020183749496936798,0.5946570634841919,False,0.9842739129999245,,0.0,1016,1016,25,256,256,F,1.9087908410001546
diffdetect-hierarchical-calibration-v1,5a23bee4f802b9c88dd41030711aee173d27a3f8974371153439c0c363cde3a5,172,cocoglide:000000456394:real,real,nebula/CocoGlide,275f045df7caa2544dd28de7fa86b044ab661bd0,calibration,000000456394,f21d37f2ade6a13e248d748f4c7f85f7cefe0c25ab93e1a612d85ba3cdd4feae,colab-t4-hierarchical-calibration-v1,1,2026-10-08T13:14:24.927829+00:00,0.989107608795166,0.9877818822860718,True,0.9225154179998754,,0.057837408035993576,0.5946570634841919,False,0.9847379299999375,,0.0,1016,1016,25,256,256,F,1.9130274809999719
diffdetect-hierarchical-calibration-v1,5a23bee4f802b9c88dd41030711aee173d27a3f8974371153439c0c363cde3a5,173,cocoglide:000000020247:edited,edited,nebula/CocoGlide,275f045df7caa2544dd28de7fa86b044ab661bd0,calibration,000000020247,a83dd7738ad168248d07a3ca032378c063e6a38a207531c8a7367c252e193cee,colab-t4-hierarchical-calibration-v1,1,2026-10-08T13:14:26.857969+00:00,0.9941638112068176,0.9877818822860718,True,0.9198768100000052,,0.9964737296104431,0.5946570634841919,True,0.8760178190000261,,0.16681714613429227,1016,1016,25,256,256,F,1.801784878000035
diffdetect-hierarchical-calibration-v1,5a23bee4f802b9c88dd41030711aee173d27a3f8974371153439c0c363cde3a5,174,cocoglide:000000414261:real,real,nebula/CocoGlide,275f045df7caa2544dd28de7fa86b044ab661bd0,calibration,000000414261,dad40371f40f0fa0f64d22b282fe90162d22508793236e001eaa2ec1e886921a,colab-t4-hierarchical-calibration-v1,1,2026-10-08T13:14:28.675868+00:00,0.9914655089378357,0.9877818822860718,True,0.9221674350001194,,0.0166926272213459,0.5946570634841919,False,0.8723124089997327,,0.0,1016,1016,25,256,256,F,1.7995382120002432
diffdetect-hierarchical-calibration-v1,5a23bee4f802b9c88dd41030711aee173d27a3f8974371153439c0c363cde3a5,175,diffusiondb:6445f01d-0d98-4945-9e71-9bd58210bb8e.png,synthetic,poloclub/diffusiondb,fb620fbe49fa4420e0734bd9c0df11f51176b61f,part-001800,6445f01d-0d98-4945-9e71-9bd58210bb8e.png,acf7ce5058293a77c267b113f2ad459e2562878796a352551693c8572291c141,colab-t4-hierarchical-calibration-v1,1,2026-10-08T13:14:30.490656+00:00,0.9953165054321289,0.9877818822860718,True,0.9244192790001762,,0.9967495799064636,0.5946570634841919,True,0.16130497100039065,,0.9993400573730469,512,512,4,512,512,F,1.0987542200000462
diffdetect-hierarchical-calibration-v1,5a23bee4f802b9c88dd41030711aee173d27a3f8974371153439c0c363cde3a5,176,diffusiondb:0187b70c-2549-4c1b-be1f-74ec432bd399.png,synthetic,poloclub/diffusiondb,fb620fbe49fa4420e0734bd9c0df11f51176b61f,part-001800,0187b70c-2549-4c1b-be1f-74ec432bd399.png,1b821362c892acc93c41200cf7f1f700daa9e45c62fe4a076a2e2531a194991a,colab-t4-hierarchical-calibration-v1,1,2026-10-08T13:14:31.604605+00:00,0.9923232793807983,0.9877818822860718,True,0.9275292190000073,,0.9991693496704102,0.5946570634841919,True,0.16342732300017815,,1.0,512,512,4,512,512,F,1.10844947600026
diffdetect-hierarchical-calibration-v1,5a23bee4f802b9c88dd41030711aee173d27a3f8974371153439c0c363cde3a5,177,cocoglide:000000255912:real,real,nebula/CocoGlide,275f045df7caa2544dd28de7fa86b044ab661bd0,calibration,000000255912,c7a27129ca0401fdac868befffb9247599aaf009a8785ab26bf7d09fdd12fefe,colab-t4-hierarchical-calibration-v1,1,2026-10-08T13:14:32.728845+00:00,0.9946603178977966,0.9877818822860718,True,0.9237599570001294,,0.008716657757759094,0.5946570634841919,False,0.8744552260000091,,0.0,1016,1016,25,256,256,F,1.8052443990000029
diffdetect-hierarchical-calibration-v1,5a23bee4f802b9c88dd41030711aee173d27a3f8974371153439c0c363cde3a5,178,diffusiondb:b6454eee-4139-4cea-b8cf-5da45540ae35.png,synthetic,poloclub/diffusiondb,fb620fbe49fa4420e0734bd9c0df11f51176b61f,part-001800,b6454eee-4139-4cea-b8cf-5da45540ae35.png,85b5f79d72ce1ced5dd676e2832dacab50c4a80740f9285eff4ab4a4c0ee58d9,colab-t4-hierarchical-calibration-v1,1,2026-10-08T13:14:34.562766+00:00,0.991195797920227,0.9877818822860718,True,0.9273439799999323,,0.6951350569725037,0.5946570634841919,True,0.1608417410002403,,0.1546783447265625,512,512,4,512,512,F,1.0993694210001195
diffdetect-hierarchical-calibration-v1,5a23bee4f802b9c88dd41030711aee173d27a3f8974371153439c0c363cde3a5,179,cocoglide:000000269942:real,real,nebula/CocoGlide,275f045df7caa2544dd28de7fa86b044ab661bd0,calibration,000000269942,f564f701b246b8dd48dce0f6876313c8ee8b3cbc1aa5643b3aac6cb8b1dc3172,colab-t4-hierarchical-calibration-v1,1,2026-10-08T13:14:35.678140+00:00,0.992354154586792,0.9877818822860718,True,0.9228190590001759,,0.025265196338295937,0.5946570634841919,False,0.9649903270001232,,0.0,1016,1016,25,256,256,F,1.8933518130002085
diffdetect-hierarchical-calibration-v1,5a23bee4f802b9c88dd41030711aee173d27a3f8974371153439c0c363cde3a5,180,diffusiondb:81de97b7-94a3-4bfa-8619-d6f9b21c663d.png,synthetic,poloclub/diffusiondb,fb620fbe49fa4420e0734bd9c0df11f51176b61f,part-001800,81de97b7-94a3-4bfa-8619-d6f9b21c663d.png,ec99fa84016e5f412123d5718d1b558ef07a92a34e7c2c5457b90b96eada5d59,colab-t4-hierarchical-calibration-v1,1,2026-10-08T13:14:37.586643+00:00,0.9952495098114014,0.9877818822860718,True,0.9319876550002846,,0.9984818696975708,0.5946570634841919,True,0.20747623500028567,,0.9902801513671875,512,512,4,512,512,F,1.1566907740002534
diffdetect-hierarchical-calibration-v1,5a23bee4f802b9c88dd41030711aee173d27a3f8974371153439c0c363cde3a5,181,cocoglide:000000083113:edited,edited,nebula/CocoGlide,275f045df7caa2544dd28de7fa86b044ab661bd0,calibration,000000083113,0f38132ac96271dd602a7ec18c71d3bfa10135e92cadeb82704f60dcfb29e45c,colab-t4-hierarchical-calibration-v1,1,2026-10-08T13:14:38.755896+00:00,0.9952352643013,0.9877818822860718,True,0.9223936859998503,,0.9967455267906189,0.5946570634841919,True,0.9987295340001765,,0.07111995473990948,1016,1016,25,256,256,F,1.9269315370002005
diffdetect-hierarchical-calibration-v1,5a23bee4f802b9c88dd41030711aee173d27a3f8974371153439c0c363cde3a5,182,diffusiondb:a78a80fa-29f2-4c58-9e3b-fe5d80bc2950.png,synthetic,poloclub/diffusiondb,fb620fbe49fa4420e0734bd9c0df11f51176b61f,part-001800,a78a80fa-29f2-4c58-9e3b-fe5d80bc2950.png,af6deabd45a938943c7023baa0d0af5e8b29c4b02750884f97b62112d19a8a81,colab-t4-hierarchical-calibration-v1,1,2026-10-08T13:14:40.705357+00:00,0.9929021000862122,0.9877818822860718,True,0.9296880909996617,,0.9737894535064697,0.5946570634841919,True,0.15795698300007643,,0.44928741455078125,512,512,4,512,512,F,1.1060998009998002
diffdetect-hierarchical-calibration-v1,5a23bee4f802b9c88dd41030711aee173d27a3f8974371153439c0c363cde3a5,183,cocoglide:000000416330:real,real,nebula/CocoGlide,275f045df7caa2544dd28de7fa86b044ab661bd0,calibration,000000416330,4d54772f847b07c29b099695d780c5e348ee95d76bba7216d275e6b1595343c3,colab-t4-hierarchical-calibration-v1,1,2026-10-08T13:14:41.827376+00:00,0.9920525550842285,0.9877818822860718,True,0.9189441259995874,,0.0633343979716301,0.5946570634841919,False,0.8769043309998779,,0.0,1016,1016,25,256,256,F,1.8031952530000126
diffdetect-hierarchical-calibration-v1,5a23bee4f802b9c88dd41030711aee173d27a3f8974371153439c0c363cde3a5,184,diffusiondb:2efb6d91-1458-43e8-90fd-f337cbd267c0.png,synthetic,poloclub/diffusiondb,fb620fbe49fa4420e0734bd9c0df11f51176b61f,part-001800,2efb6d91-1458-43e8-90fd-f337cbd267c0.png,4ecc045cb9a1a097d9136db9e6217b747ebc1238bb91f250228ab42b2571acda,colab-t4-hierarchical-calibration-v1,1,2026-10-08T13:14:43.646551+00:00,0.9935091137886047,0.9877818822860718,True,0.9313904939999702,,0.9984633922576904,0.5946570634841919,True,0.16161134699996182,,0.9877281188964844,512,512,4,512,512,F,1.1060945949998313
diffdetect-hierarchical-calibration-v1,5a23bee4f802b9c88dd41030711aee173d27a3f8974371153439c0c363cde3a5,185,cocoglide:000000416269:edited,edited,nebula/CocoGlide,275f045df7caa2544dd28de7fa86b044ab661bd0,calibration,000000416269,905ffc9b34f23d444da72e672645c0d4846d32b524878c090050af0e8a8af4a7,colab-t4-hierarchical-calibration-v1,1,2026-10-08T13:14:44.767600+00:00,0.988219141960144,0.9877818822860718,True,0.9231559019999622,,0.9829370975494385,0.5946570634841919,True,0.870753607000097,,0.37358949717899437,1016,1016,25,256,256,F,1.7995158339999762
diffdetect-hierarchical-calibration-v1,5a23bee4f802b9c88dd41030711aee173d27a3f8974371153439c0c363cde3a5,186,cocoglide:000000184400:real,real,nebula/CocoGlide,275f045df7caa2544dd28de7fa86b044ab661bd0,calibration,000000184400,ddd33129170d38a912d43bbfb45d1b3e8acc5d8f5461a72e609127a83e85b352,colab-t4-hierarchical-calibration-v1,1,2026-10-08T13:14:46.581910+00:00,0.9897484183311462,0.9877818822860718,True,0.924352436999925,,0.07054747641086578,0.5946570634841919,False,0.8667837410002903,,0.0,1016,1016,25,256,256,F,1.7958768560001772
diffdetect-hierarchical-calibration-v1,5a23bee4f802b9c88dd41030711aee173d27a3f8974371153439c0c363cde3a5,187,cocoglide:000000402433:real,real,nebula/CocoGlide,275f045df7caa2544dd28de7fa86b044ab661bd0,calibration,000000402433,ca3647825cc7eb838f010e1d6a7440b225891666fe34cec077ddf6fb2e773325,colab-t4-hierarchical-calibration-v1,1,2026-10-08T13:14:48.392661+00:00,0.9941839575767517,0.9877818822860718,True,0.9222140130000298,,0.13373053073883057,0.5946570634841919,False,0.8754575970001497,,0.0,1016,1016,25,256,256,F,1.8038626319998912
diffdetect-hierarchical-calibration-v1,5a23bee4f802b9c88dd41030711aee173d27a3f8974371153439c0c363cde3a5,188,diffusiondb:1e0a1bb6-be49-434d-b463-12a311e6750d.png,synthetic,poloclub/diffusiondb,fb620fbe49fa4420e0734bd9c0df11f51176b61f,part-001800,1e0a1bb6-be49-434d-b463-12a311e6750d.png,e1864c4c7a2bce06844b624ef14fa37322c7e237fa1d4850f9441a4093441b20,colab-t4-hierarchical-calibration-v1,1,2026-10-08T13:14:50.211263+00:00,0.9947115182876587,0.9877818822860718,True,0.9355729150001935,,0.49879103899002075,0.5946570634841919,False,0.8108757589998277,,0.009674072265625,1024,640,18,1024,640,F,1.7763957760002995
diffdetect-hierarchical-calibration-v1,5a23bee4f802b9c88dd41030711aee173d27a3f8974371153439c0c363cde3a5,189,cocoglide:000000159282:edited,edited,nebula/CocoGlide,275f045df7caa2544dd28de7fa86b044ab661bd0,calibration,000000159282,efab2fc89ef8f87ae642925afc2698c64c77cec16a082e33763a0b6094794e7e,colab-t4-hierarchical-calibration-v1,1,2026-10-08T13:14:52.015677+00:00,0.991787850856781,0.9877818822860718,True,0.926685500000076,,0.8106957674026489,0.5946570634841919,True,0.9911863050001557,,0.05566448632897266,1016,1016,25,256,256,F,1.9231269479996627
diffdetect-hierarchical-calibration-v1,5a23bee4f802b9c88dd41030711aee173d27a3f8974371153439c0c363cde3a5,190,cocoglide:000000474164:real,real,nebula/CocoGlide,275f045df7caa2544dd28de7fa86b044ab661bd0,calibration,000000474164,56d8e08a613cd7178ede69f301ccadb537bd2049295627f6a55829c56b3f9e8d,colab-t4-hierarchical-calibration-v1,1,2026-10-08T13:14:53.953554+00:00,0.9929793477058411,0.9877818822860718,True,0.9252100180001435,,0.06413444876670837,0.5946570634841919,False,0.8689937039998767,,0.0,1016,1016,25,256,256,F,1.8023022110000966
diffdetect-hierarchical-calibration-v1,5a23bee4f802b9c88dd41030711aee173d27a3f8974371153439c0c363cde3a5,191,diffusiondb:0d919989-aa97-4666-ba79-f0ee54c71e33.png,synthetic,poloclub/diffusiondb,fb620fbe49fa4420e0734bd9c0df11f51176b61f,part-001800,0d919989-aa97-4666-ba79-f0ee54c71e33.png,0750ce8720191421c8f5712ca060d8fce4781722661848b2ee848e8dcca3f3fc,colab-t4-hierarchical-calibration-v1,1,2026-10-08T13:14:55.771294+00:00,0.9949275255203247,0.9877818822860718,True,0.926133051999841,,0.9994149804115295,0.5946570634841919,True,0.16164693199971225,,0.9692535400390625,512,512,4,512,512,F,1.1016460310002003
diffdetect-hierarchical-calibration-v1,5a23bee4f802b9c88dd41030711aee173d27a3f8974371153439c0c363cde3a5,192,cocoglide:000000311909:real,real,nebula/CocoGlide,275f045df7caa2544dd28de7fa86b044ab661bd0,calibration,000000311909,a0a486cd6debc07ea4c05240f9dbd2abc94ba65825de5b39269d358b22af86b8,colab-t4-hierarchical-calibration-v1,1,2026-10-08T13:14:56.888010+00:00,0.9906670451164246,0.9877818822860718,True,0.9245791449998251,,0.018007460981607437,0.5946570634841919,False,0.8634193679999953,,0.0,1016,1016,25,256,256,F,1.7925368689998322
diffdetect-hierarchical-calibration-v1,5a23bee4f802b9c88dd41030711aee173d27a3f8974371153439c0c363cde3a5,193,diffusiondb:975787f0-bfcf-461f-bb9f-8e76db50c6f9.png,synthetic,poloclub/diffusiondb,fb620fbe49fa4420e0734bd9c0df11f51176b61f,part-001800,975787f0-bfcf-461f-bb9f-8e76db50c6f9.png,e752dd949f330e716c9c8eb6d3be8f6fc6b891d074aeb2353a3687b17f83003c,colab-t4-hierarchical-calibration-v1,1,2026-10-08T13:14:58.695291+00:00,0.9955586194992065,0.9877818822860718,True,0.9259333200002402,,0.43946051597595215,0.5946570634841919,False,0.15934303599988198,,0.00823974609375,512,512,4,512,512,F,1.094018406000032
diffdetect-hierarchical-calibration-v1,5a23bee4f802b9c88dd41030711aee173d27a3f8974371153439c0c363cde3a5,194,diffusiondb:96d57eb1-8468-414e-bf71-c922049f3026.png,synthetic,poloclub/diffusiondb,fb620fbe49fa4420e0734bd9c0df11f51176b61f,part-001800,96d57eb1-8468-414e-bf71-c922049f3026.png,25765fb52f1c9ae6ad541a525c59e532b852d5caefce73dcdea84b1e74a958d6,colab-t4-hierarchical-calibration-v1,1,2026-10-08T13:14:59.806786+00:00,0.9958770275115967,0.9877818822860718,True,0.928435387999798,,0.7225283980369568,0.5946570634841919,True,0.1596097300002839,,0.0696868896484375,512,512,4,512,512,F,1.1001469339998948
diffdetect-hierarchical-calibration-v1,5a23bee4f802b9c88dd41030711aee173d27a3f8974371153439c0c363cde3a5,195,cocoglide:000000572517:real,real,nebula/CocoGlide,275f045df7caa2544dd28de7fa86b044ab661bd0,calibration,000000572517,b6c938cd524792d2827f9ae89b2a46212f9cf5393b412fff273d5a9ee215e449,colab-t4-hierarchical-calibration-v1,1,2026-10-08T13:15:00.922306+00:00,0.9957531690597534,0.9877818822860718,True,0.9280454690001534,,0.012944985181093216,0.5946570634841919,False,0.8711033009999483,,0.0,1016,1016,25,256,256,F,1.805088693000016
diffdetect-hierarchical-calibration-v1,5a23bee4f802b9c88dd41030711aee173d27a3f8974371153439c0c363cde3a5,196,diffusiondb:1447c995-8093-42a9-b20d-0507c287a55b.png,synthetic,poloclub/diffusiondb,fb620fbe49fa4420e0734bd9c0df11f51176b61f,part-001800,1447c995-8093-42a9-b20d-0507c287a55b.png,ed8476e696bc70dead8f81d5edee4704f9c6d8027817815a81a639040f7334d1,colab-t4-hierarchical-calibration-v1,1,2026-10-08T13:15:02.741617+00:00,0.9938700199127197,0.9877818822860718,True,0.9417720110000118,,0.8069261908531189,0.5946570634841919,True,0.8792680730002758,,0.2985636393229167,768,1024,24,768,1024,F,1.8480734980003035
diffdetect-hierarchical-calibration-v1,5a23bee4f802b9c88dd41030711aee173d27a3f8974371153439c0c363cde3a5,197,diffusiondb:17203239-da04-42b8-b9dc-5c3ccc0308c4.png,synthetic,poloclub/diffusiondb,fb620fbe49fa4420e0734bd9c0df11f51176b61f,part-001800,17203239-da04-42b8-b9dc-5c3ccc0308c4.png,2a3418ddbc241964079e6e2b78a90e4e9a80a4ac1e980051fb28d8625e8d5773,colab-t4-hierarchical-calibration-v1,1,2026-10-08T13:15:04.604149+00:00,0.9954264760017395,0.9877818822860718,True,0.930267253999773,,0.9882832765579224,0.5946570634841919,True,0.21451278700033072,,0.9061813354492188,512,512,4,512,512,F,1.1589233459999377
diffdetect-hierarchical-calibration-v1,5a23bee4f802b9c88dd41030711aee173d27a3f8974371153439c0c363cde3a5,198,diffusiondb:4b5aa741-4d5d-4d01-8327-191f030e5cd6.png,synthetic,poloclub/diffusiondb,fb620fbe49fa4420e0734bd9c0df11f51176b61f,part-001800,4b5aa741-4d5d-4d01-8327-191f030e5cd6.png,c25ef03110876894714709effbed3b3e8fd7a661e93ca3738b640ec2786c63ed,colab-t4-hierarchical-calibration-v1,1,2026-10-08T13:15:05.780748+00:00,0.9919571876525879,0.9877818822860718,True,0.9370573890000742,,0.9986899495124817,0.5946570634841919,True,0.208304859999771,,0.8255805969238281,512,512,4,512,512,F,1.1640905300000668
diffdetect-hierarchical-calibration-v1,5a23bee4f802b9c88dd41030711aee173d27a3f8974371153439c0c363cde3a5,199,cocoglide:000000416256:real,real,nebula/CocoGlide,275f045df7caa2544dd28de7fa86b044ab661bd0,calibration,000000416256,42795eefd582c764775bd76585715d83eada040785860caa495eac54769490e5,colab-t4-hierarchical-calibration-v1,1,2026-10-08T13:15:06.970258+00:00,0.9946838021278381,0.9877818822860718,True,0.9377135820000149,,0.1315270960330963,0.5946570634841919,False,0.9202025559998219,,0.0,1016,1016,25,256,256,F,1.864441779000117
diffdetect-hierarchical-calibration-v1,5a23bee4f802b9c88dd41030711aee173d27a3f8974371153439c0c363cde3a5,200,diffusiondb:e1c3013f-82a7-4acc-89a7-f3651391f43d.png,synthetic,poloclub/diffusiondb,fb620fbe49fa4420e0734bd9c0df11f51176b61f,part-001800,e1c3013f-82a7-4acc-89a7-f3651391f43d.png,bb6f1775ac0d6ac7167070545becb9d93160bc89d73496c7ce6197c7428b1c00,colab-t4-hierarchical-calibration-v1,1,2026-10-08T13:15:08.862026+00:00,0.9922898411750793,0.9877818822860718,True,0.9353167429999303,,0.9516203999519348,0.5946570634841919,True,0.45800615500002095,,0.9905929565429688,1024,512,12,1024,512,F,1.4155463300003248
diffdetect-hierarchical-calibration-v1,5a23bee4f802b9c88dd41030711aee173d27a3f8974371153439c0c363cde3a5,201,cocoglide:000000132622:edited,edited,nebula/CocoGlide,275f045df7caa2544dd28de7fa86b044ab661bd0,calibration,000000132622,a4a8e5dbabd920c8b488ca006d0970125414c7c6d26e4777cbc222c01898b5cb,colab-t4-hierarchical-calibration-v1,1,2026-10-08T13:15:10.292869+00:00,0.9930415153503418,0.9877818822860718,True,0.923099394000019,,0.9257898926734924,0.5946570634841919,True,0.8733979349999572,,0.19346363692727386,1016,1016,25,256,256,F,1.8018105390001438
diffdetect-hierarchical-calibration-v1,5a23bee4f802b9c88dd41030711aee173d27a3f8974371153439c0c363cde3a5,202,cocoglide:000000083113:real,real,nebula/CocoGlide,275f045df7caa2544dd28de7fa86b044ab661bd0,calibration,000000083113,312b8816def61443fb77468eacd67a78a837944d384313eef93ff1f8fb36b56f,colab-t4-hierarchical-calibration-v1,1,2026-10-08T13:15:12.108363+00:00,0.9951485991477966,0.9877818822860718,True,0.9258732869998312,,0.009556333534419537,0.5946570634841919,False,0.8808401130004313,,0.0,1016,1016,25,256,256,F,1.8109800860001997
diffdetect-hierarchical-calibration-v1,5a23bee4f802b9c88dd41030711aee173d27a3f8974371153439c0c363cde3a5,203,diffusiondb:f75ea412-6afd-4bc6-a36b-007ff29ed210.png,synthetic,poloclub/diffusiondb,fb620fbe49fa4420e0734bd9c0df11f51176b61f,part-001800,f75ea412-6afd-4bc6-a36b-007ff29ed210.png,8de39e6532446bdf691e2fb171fd61de4e1dd526a4752804f02a3caa75097688,colab-t4-hierarchical-calibration-v1,1,2026-10-08T13:15:13.935881+00:00,0.9950760006904602,0.9877818822860718,True,0.927596425000047,,0.4134189486503601,0.5946570634841919,False,0.15844498900014514,,0.000301361083984375,512,512,4,512,512,F,1.0997583289999966
diffdetect-hierarchical-calibration-v1,5a23bee4f802b9c88dd41030711aee173d27a3f8974371153439c0c363cde3a5,204,cocoglide:000000125952:real,real,nebula/CocoGlide,275f045df7caa2544dd28de7fa86b044ab661bd0,calibration,000000125952,f4ebc701e90acdcab4a575853852ca0995513979045fdbeff922bb1c1dc78e27,colab-t4-hierarchical-calibration-v1,1,2026-10-08T13:15:15.051532+00:00,0.9951737523078918,0.9877818822860718,True,0.9248987639998631,,0.3088427782058716,0.5946570634841919,False,0.883544351999717,,0.0,1016,1016,25,256,256,F,1.8132364879998022
diffdetect-hierarchical-calibration-v1,5a23bee4f802b9c88dd41030711aee173d27a3f8974371153439c0c363cde3a5,205,cocoglide:000000228436:real,real,nebula/CocoGlide,275f045df7caa2544dd28de7fa86b044ab661bd0,calibration,000000228436,ccc840b6bf43c594cf56dd0514c7306b3ae3a4f5b5f9567ba41c3a7f47dda3ea,colab-t4-hierarchical-calibration-v1,1,2026-10-08T13:15:16.884542+00:00,0.9931780099868774,0.9877818822860718,True,0.9263902809998399,,0.028484342619776726,0.5946570634841919,False,0.9056836859999748,,0.0,1016,1016,25,256,256,F,1.8381288999999015
diffdetect-hierarchical-calibration-v1,5a23bee4f802b9c88dd41030711aee173d27a3f8974371153439c0c363cde3a5,206,cocoglide:000000146363:edited,edited,nebula/CocoGlide,275f045df7caa2544dd28de7fa86b044ab661bd0,calibration,000000146363,13ee42b240d83196f4b1a378baf6a2f9aed69dbe7375ebc9d14f6c57d38d31bf,colab-t4-hierarchical-calibration-v1,1,2026-10-08T13:15:18.742420+00:00,0.9949240684509277,0.9877818822860718,True,0.9236432990001049,,0.9952292442321777,0.5946570634841919,True,0.9893592280000121,,0.07359317843635688,1016,1016,25,256,256,F,1.9201297770000565
diffdetect-hierarchical-calibration-v1,5a23bee4f802b9c88dd41030711aee173d27a3f8974371153439c0c363cde3a5,207,cocoglide:000000233033:real,real,nebula/CocoGlide,275f045df7caa2544dd28de7fa86b044ab661bd0,calibration,000000233033,4f3d6d1090246f667ae4036f1d70a05a56bf3f599e3f3384796ea8c17e855344,colab-t4-hierarchical-calibration-v1,1,2026-10-08T13:15:20.678965+00:00,0.9934478402137756,0.9877818822860718,True,0.9267660310001702,,0.1932959109544754,0.5946570634841919,False,0.9767649129998972,,0.0,1016,1016,25,256,256,F,1.9098402439999518
diffdetect-hierarchical-calibration-v1,5a23bee4f802b9c88dd41030711aee173d27a3f8974371153439c0c363cde3a5,208,diffusiondb:54d56bc8-b05a-4920-b4ca-b6450d01d89d.png,synthetic,poloclub/diffusiondb,fb620fbe49fa4420e0734bd9c0df11f51176b61f,part-001800,54d56bc8-b05a-4920-b4ca-b6450d01d89d.png,4af9b11bdc2e38b908602cf49c2bad5759ddc4a6faa950bf5aa9acd3fe7d6de4,colab-t4-hierarchical-calibration-v1,1,2026-10-08T13:15:22.603823+00:00,0.9933452606201172,0.9877818822860718,True,0.9307225369998378,,0.9993855953216553,0.5946570634841919,True,0.1641687970000021,,0.7903976440429688,512,512,4,512,512,F,1.1080979019998267
diffdetect-hierarchical-calibration-v1,5a23bee4f802b9c88dd41030711aee173d27a3f8974371153439c0c363cde3a5,209,cocoglide:000000284296:real,real,nebula/CocoGlide,275f045df7caa2544dd28de7fa86b044ab661bd0,calibration,000000284296,f1fcb93e8e5c1ec7576637cc2651d77352cb620814d1b2c511c68626136bccdd,colab-t4-hierarchical-calibration-v1,1,2026-10-08T13:15:23.726734+00:00,0.9961387515068054,0.9877818822860718,True,0.9242087999996329,,0.38919898867607117,0.5946570634841919,False,0.8749591239998153,,0.0033828817657635315,1016,1016,25,256,256,F,1.803903210000044
diffdetect-hierarchical-calibration-v1,5a23bee4f802b9c88dd41030711aee173d27a3f8974371153439c0c363cde3a5,210,cocoglide:000000180296:edited,edited,nebula/CocoGlide,275f045df7caa2544dd28de7fa86b044ab661bd0,calibration,000000180296,a8c7ee075279a9a16cf1d3c5008bfad13e63564adc58e5465ccc4af2ad1e1a85,colab-t4-hierarchical-calibration-v1,1,2026-10-08T13:15:25.559430+00:00,0.9916535019874573,0.9877818822860718,True,0.9203911009999501,,0.9974961876869202,0.5946570634841919,True,0.8762108000000808,,0.5324037835575671,1016,1016,25,256,256,F,1.801253758999792
diffdetect-hierarchical-calibration-v1,5a23bee4f802b9c88dd41030711aee173d27a3f8974371153439c0c363cde3a5,211,cocoglide:000000544052:edited,edited,nebula/CocoGlide,275f045df7caa2544dd28de7fa86b044ab661bd0,calibration,000000544052,ba77d6aef4312d9853e0b3f0a16a6fcd381a52aae51c2546961912dbdb742f72,colab-t4-hierarchical-calibration-v1,1,2026-10-08T13:15:27.376657+00:00,0.9936422109603882,0.9877818822860718,True,0.9201471350002066,,0.9949868321418762,0.5946570634841919,True,0.8775178040000355,,0.06487731725463451,1016,1016,25,256,256,F,1.8038706739998815
diffdetect-hierarchical-calibration-v1,5a23bee4f802b9c88dd41030711aee173d27a3f8974371153439c0c363cde3a5,212,cocoglide:000000099428:real,real,nebula/CocoGlide,275f045df7caa2544dd28de7fa86b044ab661bd0,calibration,000000099428,ecb47fc817372d801c6c240240b130f88974ae8335401dcd80057ab8c764feac,colab-t4-hierarchical-calibration-v1,1,2026-10-08T13:15:29.195187+00:00,0.994659960269928,0.9877818822860718,True,0.9213477210000747,,0.01755324751138687,0.5946570634841919,False,0.874307200000203,,0.0,1016,1016,25,256,256,F,1.7999874370002544
diffdetect-hierarchical-calibration-v1,5a23bee4f802b9c88dd41030711aee173d27a3f8974371153439c0c363cde3a5,213,cocoglide:000000402473:real,real,nebula/CocoGlide,275f045df7caa2544dd28de7fa86b044ab661bd0,calibration,000000402473,239447b32221ef371d8eb753f47773a6e37d0e409e5e909583298169daf89965,colab-t4-hierarchical-calibration-v1,1,2026-10-08T13:15:31.015050+00:00,0.9927491545677185,0.9877818822860718,True,0.9236381890000303,,0.02562451735138893,0.5946570634841919,False,0.9542996769996535,,0.0,1016,1016,25,256,256,F,1.8845266099997389
diffdetect-hierarchical-calibration-v1,5a23bee4f802b9c88dd41030711aee173d27a3f8974371153439c0c363cde3a5,214,cocoglide:000000143998:edited,edited,nebula/CocoGlide,275f045df7caa2544dd28de7fa86b044ab661bd0,calibration,000000143998,bfb099abd45d383c6336664bbfa344728265436ed699d7625f382a3e84becd4d,colab-t4-hierarchical-calibration-v1,1,2026-10-08T13:15:32.924375+00:00,0.9960034489631653,0.9877818822860718,True,0.9279719310002292,,0.9753823280334473,0.5946570634841919,True,0.9982625210000151,,0.06750844751689504,1016,1016,25,256,256,F,1.9322115390000363
diffdetect-hierarchical-calibration-v1,5a23bee4f802b9c88dd41030711aee173d27a3f8974371153439c0c363cde3a5,215,cocoglide:000000416991:edited,edited,nebula/CocoGlide,275f045df7caa2544dd28de7fa86b044ab661bd0,calibration,000000416991,e4bb9dc1c584642fb7f119bd7a23700e32aa0feab96b15e6be885cf2345abadd,colab-t4-hierarchical-calibration-v1,1,2026-10-08T13:15:34.887406+00:00,0.010561048053205013,0.9877818822860718,False,0.9216376869999294,,0.6070314645767212,0.5946570634841919,True,0.8937275100001898,,0.03359147343294686,1016,1016,25,256,256,F,1.8227279739999176
diffdetect-hierarchical-calibration-v1,5a23bee4f802b9c88dd41030711aee173d27a3f8974371153439c0c363cde3a5,216,cocoglide:000000095899:edited,edited,nebula/CocoGlide,275f045df7caa2544dd28de7fa86b044ab661bd0,calibration,000000095899,b36b514957eeb35c47f4c30e3fdf533f91bf3d0b65da77ac0170931ddfab6cfe,colab-t4-hierarchical-calibration-v1,1,2026-10-08T13:15:36.724206+00:00,0.9852190017700195,0.9877818822860718,False,0.9238021810001555,,0.9741935133934021,0.5946570634841919,True,0.8706706299999496,,0.17346859693719388,1016,1016,25,256,256,F,1.7989816869999231
diffdetect-hierarchical-calibration-v1,5a23bee4f802b9c88dd41030711aee173d27a3f8974371153439c0c363cde3a5,217,cocoglide:000000156278:real,real,nebula/CocoGlide,275f045df7caa2544dd28de7fa86b044ab661bd0,calibration,000000156278,65b3af3ab447f5e3b35ffb8d2ba0549acfe0aac665e0a2348c1ba05900cfac35,colab-t4-hierarchical-calibration-v1,1,2026-10-08T13:15:38.537631+00:00,0.9933417439460754,0.9877818822860718,True,0.9282326389998161,,0.03439678996801376,0.5946570634841919,False,0.8692268059999151,,0.0,1016,1016,25,256,256,F,1.8035418640001808
diffdetect-hierarchical-calibration-v1,5a23bee4f802b9c88dd41030711aee173d27a3f8974371153439c0c363cde3a5,218,diffusiondb:a4fe8337-b473-4a49-bf44-ad7c1eafc8cc.png,synthetic,poloclub/diffusiondb,fb620fbe49fa4420e0734bd9c0df11f51176b61f,part-001800,a4fe8337-b473-4a49-bf44-ad7c1eafc8cc.png,a64f527ec28bfbc296c6f881527a3734e6f0525f83fa040cb88e902f23db678e,colab-t4-hierarchical-calibration-v1,1,2026-10-08T13:15:40.355693+00:00,0.9957127571105957,0.9877818822860718,True,0.9345640040000944,,0.9548795223236084,0.5946570634841919,True,0.36567276200003107,,0.3835590457128099,704,704,9,704,704,F,1.3229203680002684
diffdetect-hierarchical-calibration-v1,5a23bee4f802b9c88dd41030711aee173d27a3f8974371153439c0c363cde3a5,219,cocoglide:000000127182:edited,edited,nebula/CocoGlide,275f045df7caa2544dd28de7fa86b044ab661bd0,calibration,000000127182,10e2e4a4e9767c8cfe17ff0f5f6c405e0f1494a8754801d5f5ee0b872f841849,colab-t4-hierarchical-calibration-v1,1,2026-10-08T13:15:41.693548+00:00,0.9880081415176392,0.9877818822860718,True,0.9271307399999387,,0.9975079298019409,0.5946570634841919,True,0.8731939300000704,,0.10102823330646661,1016,1016,25,256,256,F,1.80596019099994
diffdetect-hierarchical-calibration-v1,5a23bee4f802b9c88dd41030711aee173d27a3f8974371153439c0c363cde3a5,220,cocoglide:000000285788:real,real,nebula/CocoGlide,275f045df7caa2544dd28de7fa86b044ab661bd0,calibration,000000285788,b7bc2f9035913441ad421b291701d202dad39113708fa849fbfbb1dedfc3246c,colab-t4-hierarchical-calibration-v1,1,2026-10-08T13:15:43.514523+00:00,0.9958425164222717,0.9877818822860718,True,0.9256900189998305,,0.020702719688415527,0.5946570634841919,False,0.8779704619996664,,0.0,1016,1016,25,256,256,F,1.8093411750000996
diffdetect-hierarchical-calibration-v1,5a23bee4f802b9c88dd41030711aee173d27a3f8974371153439c0c363cde3a5,221,cocoglide:000000451150:real,real,nebula/CocoGlide,275f045df7caa2544dd28de7fa86b044ab661bd0,calibration,000000451150,ea05a6d918e4cc2e55061fd630af8094627e30c204f2b8af729c13ac809504ea,colab-t4-hierarchical-calibration-v1,1,2026-10-08T13:15:45.351833+00:00,0.9961205124855042,0.9877818822860718,True,0.9267855929997495,,0.0615040548145771,0.5946570634841919,False,0.9697573739999825,,0.0,1016,1016,25,256,256,F,1.903061217999948
diffdetect-hierarchical-calibration-v1,5a23bee4f802b9c88dd41030711aee173d27a3f8974371153439c0c363cde3a5,222,cocoglide:000000228436:edited,edited,nebula/CocoGlide,275f045df7caa2544dd28de7fa86b044ab661bd0,calibration,000000228436,07db7b4dc977c5630000e2294265e97c87ccb0308602168f19dd5e409c8b12e2,colab-t4-hierarchical-calibration-v1,1,2026-10-08T13:15:47.270693+00:00,0.9928701519966125,0.9877818822860718,True,0.9297854300002655,,0.8162462115287781,0.5946570634841919,True,1.0139497540003504,,0.032234251968503935,1016,1016,25,256,256,F,1.9510615620001772
diffdetect-hierarchical-calibration-v1,5a23bee4f802b9c88dd41030711aee173d27a3f8974371153439c0c363cde3a5,223,cocoglide:000000269942:edited,edited,nebula/CocoGlide,275f045df7caa2544dd28de7fa86b044ab661bd0,calibration,000000269942,ff4d871e9418c9b52ffb47687768f64b322ab625d2b28ef52ce3bdec7a24ef28,colab-t4-hierarchical-calibration-v1,1,2026-10-08T13:15:49.237926+00:00,0.992405354976654,0.9877818822860718,True,0.9274274310000692,,0.49573203921318054,0.5946570634841919,False,0.9019397590000153,,0.009667175584351168,1016,1016,25,256,256,F,1.8349126680000154
diffdetect-hierarchical-calibration-v1,5a23bee4f802b9c88dd41030711aee173d27a3f8974371153439c0c363cde3a5,224,diffusiondb:0bdcbf71-0a32-496e-a988-188a576a500c.png,synthetic,poloclub/diffusiondb,fb620fbe49fa4420e0734bd9c0df11f51176b61f,part-001800,0bdcbf71-0a32-496e-a988-188a576a500c.png,311470d431d29cc4b9924ab83b9c5f9001af0b0217b9fd5132cbc9607c290b68,colab-t4-hierarchical-calibration-v1,1,2026-10-08T13:15:51.088364+00:00,0.9953529834747314,0.9877818822860718,True,0.9269896900000276,,0.985313355922699,0.5946570634841919,True,0.15934027499997683,,0.6229400634765625,512,512,4,512,512,F,1.099043187999996
diffdetect-hierarchical-calibration-v1,5a23bee4f802b9c88dd41030711aee173d27a3f8974371153439c0c363cde3a5,225,diffusiondb:937a7942-a537-45a3-9a38-3354c7a76187.png,synthetic,poloclub/diffusiondb,fb620fbe49fa4420e0734bd9c0df11f51176b61f,part-001800,937a7942-a537-45a3-9a38-3354c7a76187.png,e187293409bdb5813da10120ac4d2fcd55d6c9f6fbef7ec7d2f2276e9714423c,colab-t4-hierarchical-calibration-v1,1,2026-10-08T13:15:52.202186+00:00,0.9960732460021973,0.9877818822860718,True,0.9353933450001932,,0.817202091217041,0.5946570634841919,True,0.3900955439999052,,0.4384852818080357,512,896,10,512,896,F,1.347354322999763
diffdetect-hierarchical-calibration-v1,5a23bee4f802b9c88dd41030711aee173d27a3f8974371153439c0c363cde3a5,226,cocoglide:000000210030:edited,edited,nebula/CocoGlide,275f045df7caa2544dd28de7fa86b044ab661bd0,calibration,000000210030,c702ee8bbbe9fb339caac21e479cf4f9f1f6d0d51f1fcdab1d8868a1f92164c4,colab-t4-hierarchical-calibration-v1,1,2026-10-08T13:15:53.565129+00:00,0.9961438179016113,0.9877818822860718,True,0.9227285799997844,,0.6406987905502319,0.5946570634841919,True,0.8881641849998232,,0.014163153326306653,1016,1016,25,256,256,F,1.8154952720001347
diffdetect-hierarchical-calibration-v1,5a23bee4f802b9c88dd41030711aee173d27a3f8974371153439c0c363cde3a5,227,cocoglide:000000231822:edited,edited,nebula/CocoGlide,275f045df7caa2544dd28de7fa86b044ab661bd0,calibration,000000231822,67bace99b7a0ad426f1822bb2d4647966811100838060c63d13f8240611e04b2,colab-t4-hierarchical-calibration-v1,1,2026-10-08T13:15:55.395781+00:00,0.9954857230186462,0.9877818822860718,True,0.9261649560003207,,0.7716110348701477,0.5946570634841919,True,0.8748496040002465,,0.024671205592411184,1016,1016,25,256,256,F,1.806611447999785
diffdetect-hierarchical-calibration-v1,5a23bee4f802b9c88dd41030711aee173d27a3f8974371153439c0c363cde3a5,228,cocoglide:000000189451:real,real,nebula/CocoGlide,275f045df7caa2544dd28de7fa86b044ab661bd0,calibration,000000189451,23f66adccade3c8a3cfad5b895b496b7096b5935f517fe60ac8341613506e44b,colab-t4-hierarchical-calibration-v1,1,2026-10-08T13:15:57.217809+00:00,0.9960315823554993,0.9877818822860718,True,0.9259186509998472,,0.028073523193597794,0.5946570634841919,False,0.8740076720000616,,0.0,1016,1016,25,256,256,F,1.804484433000198
diffdetect-hierarchical-calibration-v1,5a23bee4f802b9c88dd41030711aee173d27a3f8974371153439c0c363cde3a5,229,cocoglide:000000213224:real,real,nebula/CocoGlide,275f045df7caa2544dd28de7fa86b044ab661bd0,calibration,000000213224,5cb959a8479ceac4b3f1af74068f340a46c8a8b9588462e468e7041440bb89a5,colab-t4-hierarchical-calibration-v1,1,2026-10-08T13:15:59.037414+00:00,0.9955798983573914,0.9877818822860718,True,0.9241759679998722,,0.03237771615386009,0.5946570634841919,False,0.964167691000057,,0.0,1016,1016,25,256,256,F,1.8936003750000054
diffdetect-hierarchical-calibration-v1,5a23bee4f802b9c88dd41030711aee173d27a3f8974371153439c0c363cde3a5,230,cocoglide:000000084650:edited,edited,nebula/CocoGlide,275f045df7caa2544dd28de7fa86b044ab661bd0,calibration,000000084650,6ffbbfcab52e8cd9c54927d4ba0828aa5936e82cc8787d089a189d8e5d06ca93,colab-t4-hierarchical-calibration-v1,1,2026-10-08T13:16:00.946956+00:00,0.9949341416358948,0.9877818822860718,True,0.9266595130002315,,0.9961883425712585,0.5946570634841919,True,1.002829512000062,,0.4081429412858826,1016,1016,25,256,256,F,1.934958499000004
diffdetect-hierarchical-calibration-v1,5a23bee4f802b9c88dd41030711aee173d27a3f8974371153439c0c363cde3a5,231,cocoglide:000000001675:edited,edited,nebula/CocoGlide,275f045df7caa2544dd28de7fa86b044ab661bd0,calibration,000000001675,c16a5cc370e5992215cf712732a1be44c40e0b93a264f2c85818ae2cad4342f3,colab-t4-hierarchical-calibration-v1,1,2026-10-08T13:16:02.898946+00:00,0.9931010007858276,0.9877818822860718,True,0.923355397999785,,0.9201241731643677,0.5946570634841919,True,0.9139418859999751,,0.06443169136338273,1016,1016,25,256,256,F,1.8429559070000323
diffdetect-hierarchical-calibration-v1,5a23bee4f802b9c88dd41030711aee173d27a3f8974371153439c0c363cde3a5,232,cocoglide:000000394328:edited,edited,nebula/CocoGlide,275f045df7caa2544dd28de7fa86b044ab661bd0,calibration,000000394328,051f1d2c783b33125b50cb6a75658b4a48e82e99258eb29d08bd46cb0f4af270,colab-t4-hierarchical-calibration-v1,1,2026-10-08T13:16:04.771674+00:00,0.9946410655975342,0.9877818822860718,True,0.9240079309997782,,0.9996242523193359,0.5946570634841919,True,0.8702311400002145,,0.1253739382478765,1016,1016,25,256,256,F,1.8003019950001544
diffdetect-hierarchical-calibration-v1,5a23bee4f802b9c88dd41030711aee173d27a3f8974371153439c0c363cde3a5,233,diffusiondb:e13b0391-1c65-40b2-9060-f257f9c55cc8.png,synthetic,poloclub/diffusiondb,fb620fbe49fa4420e0734bd9c0df11f51176b61f,part-001800,e13b0391-1c65-40b2-9060-f257f9c55cc8.png,3fd888d62ec77bb64e066627f7bd121b43288f148dcbf9a1158308d5ba1bf2c3,colab-t4-hierarchical-calibration-v1,1,2026-10-08T13:16:06.588262+00:00,0.9961404204368591,0.9877818822860718,True,0.9336121060000551,,0.9458895325660706,0.5946570634841919,True,0.4559900790000029,,0.7427234649658203,1024,512,12,1024,512,F,1.4086648000002242
diffdetect-hierarchical-calibration-v1,5a23bee4f802b9c88dd41030711aee173d27a3f8974371153439c0c363cde3a5,234,cocoglide:000000382088:real,real,nebula/CocoGlide,275f045df7caa2544dd28de7fa86b044ab661bd0,calibration,000000382088,b250cbb7ce8e18fb84503e46c8c7010af1b3ed69b8488a65c81b4cc1da05b64d,colab-t4-hierarchical-calibration-v1,1,2026-10-08T13:16:08.012370+00:00,0.9951346516609192,0.9877818822860718,True,0.9245736779998879,,0.06675875186920166,0.5946570634841919,False,0.868415752999681,,0.0,1016,1016,25,256,256,F,1.7979468869998527
diffdetect-hierarchical-calibration-v1,5a23bee4f802b9c88dd41030711aee173d27a3f8974371153439c0c363cde3a5,235,diffusiondb:2eca5f1c-03f8-4560-a61a-bf78927dae8f.png,synthetic,poloclub/diffusiondb,fb620fbe49fa4420e0734bd9c0df11f51176b61f,part-001800,2eca5f1c-03f8-4560-a61a-bf78927dae8f.png,a18a0a927303e0f4a2285bc66508b0f916d9d6d222d966bb5178398e0eff97d7,colab-t4-hierarchical-calibration-v1,1,2026-10-08T13:16:09.827340+00:00,0.9959988594055176,0.9877818822860718,True,0.9286021660000188,,0.9831523895263672,0.5946570634841919,True,0.17195763299969258,,0.6292610168457031,512,512,4,512,512,F,1.1141874150002877
diffdetect-hierarchical-calibration-v1,5a23bee4f802b9c88dd41030711aee173d27a3f8974371153439c0c363cde3a5,236,diffusiondb:09c751ce-f24d-42d4-bb3f-168d85047671.png,synthetic,poloclub/diffusiondb,fb620fbe49fa4420e0734bd9c0df11f51176b61f,part-001800,09c751ce-f24d-42d4-bb3f-168d85047671.png,4ac45d06f45ae157dd6388c563b0d83dba3c1dcfd13e3a907066cfa8ed745760,colab-t4-hierarchical-calibration-v1,1,2026-10-08T13:16:10.960120+00:00,0.9932584762573242,0.9877818822860718,True,0.9314183159999629,,0.9948389530181885,0.5946570634841919,True,0.15921359200001461,,0.9379920959472656,512,512,4,512,512,F,1.1112047100000382
diffdetect-hierarchical-calibration-v1,5a23bee4f802b9c88dd41030711aee173d27a3f8974371153439c0c363cde3a5,237,diffusiondb:7f3d7e1e-9edf-4698-9079-f6e1e7e7f0e0.png,synthetic,poloclub/diffusiondb,fb620fbe49fa4420e0734bd9c0df11f51176b61f,part-001800,7f3d7e1e-9edf-4698-9079-f6e1e7e7f0e0.png,bc7deb41961b23721a2d546cd875021fc4f13a37238ff5079b5d56730203da9b,colab-t4-hierarchical-calibration-v1,1,2026-10-08T13:16:12.087088+00:00,0.9942629933357239,0.9877818822860718,True,0.929248533000191,,0.9979039430618286,0.5946570634841919,True,0.16292231400029777,,0.7883224487304688,512,512,4,512,512,F,1.1042038410000714
diffdetect-hierarchical-calibration-v1,5a23bee4f802b9c88dd41030711aee173d27a3f8974371153439c0c363cde3a5,238,diffusiondb:79272d54-ff06-46f6-bb45-b6efe8436917.png,synthetic,poloclub/diffusiondb,fb620fbe49fa4420e0734bd9c0df11f51176b61f,part-001800,79272d54-ff06-46f6-bb45-b6efe8436917.png,0de76310771adf4bb99481ada895df31c02a1ffcdab412d1ed12bc31f90927dc,colab-t4-hierarchical-calibration-v1,1,2026-10-08T13:16:13.205126+00:00,0.9948112964630127,0.9877818822860718,True,0.9318146069999784,,0.34619468450546265,0.5946570634841919,False,0.2759520849999717,,0.0,512,640,6,512,640,F,1.2227626439998858
diffdetect-hierarchical-calibration-v1,5a23bee4f802b9c88dd41030711aee173d27a3f8974371153439c0c363cde3a5,239,diffusiondb:0f2a62f6-a579-45ea-8a74-15db101908e2.png,synthetic,poloclub/diffusiondb,fb620fbe49fa4420e0734bd9c0df11f51176b61f,part-001800,0f2a62f6-a579-45ea-8a74-15db101908e2.png,c028129a4cdbc10b991b6332c15ec550996a1b0e393c58d8ccfa87e893d5e150,colab-t4-hierarchical-calibration-v1,1,2026-10-08T13:16:14.447281+00:00,0.9939087629318237,0.9877818822860718,True,0.9530117089998384,,0.934277355670929,0.5946570634841919,True,0.7653978220000681,,0.365972900390625,1280,512,16,1280,512,F,1.7658692840000185
diffdetect-hierarchical-calibration-v1,5a23bee4f802b9c88dd41030711aee173d27a3f8974371153439c0c363cde3a5,240,diffusiondb:716af4bc-01a2-449a-9fbe-868f41670f3f.png,synthetic,poloclub/diffusiondb,fb620fbe49fa4420e0734bd9c0df11f51176b61f,part-001800,716af4bc-01a2-449a-9fbe-868f41670f3f.png,c22178a32d6c72242b14b0e16492151acb3962749d53ae1b0614ef9c1575eba3,colab-t4-hierarchical-calibration-v1,1,2026-10-08T13:16:16.242135+00:00,0.9940581321716309,0.9877818822860718,True,0.9295081820000632,,0.9959676265716553,0.5946570634841919,True,0.20222913599991443,,0.9729881286621094,512,512,4,512,512,F,1.149547363000238
diffdetect-hierarchical-calibration-v1,5a23bee4f802b9c88dd41030711aee173d27a3f8974371153439c0c363cde3a5,241,cocoglide:000000426166:real,real,nebula/CocoGlide,275f045df7caa2544dd28de7fa86b044ab661bd0,calibration,000000426166,7a970049fd5e9f16a3a6c9168775cd0764b2a2f6728a18b52c23d0e242fc0506,colab-t4-hierarchical-calibration-v1,1,2026-10-08T13:16:17.412628+00:00,0.9933457374572754,0.9877818822860718,True,0.9229689559997496,,0.1444057822227478,0.5946570634841919,False,0.8714787500002785,,0.0,1016,1016,25,256,256,F,1.8001688849999482
diffdetect-hierarchical-calibration-v1,5a23bee4f802b9c88dd41030711aee173d27a3f8974371153439c0c363cde3a5,242,cocoglide:000000433192:real,real,nebula/CocoGlide,275f045df7caa2544dd28de7fa86b044ab661bd0,calibration,000000433192,51480304e0fee35418985b695197ee8b4f0fb0a1692e4f732679350f8238b3c5,colab-t4-hierarchical-calibration-v1,1,2026-10-08T13:16:19.241029+00:00,0.9941312670707703,0.9877818822860718,True,0.9246046740004203,,0.16514065861701965,0.5946570634841919,False,0.8647859900002004,,0.0,1016,1016,25,256,256,F,1.7952867260000858
diffdetect-hierarchical-calibration-v1,5a23bee4f802b9c88dd41030711aee173d27a3f8974371153439c0c363cde3a5,243,diffusiondb:e3f5958d-65cd-4774-952e-722f577f368e.png,synthetic,poloclub/diffusiondb,fb620fbe49fa4420e0734bd9c0df11f51176b61f,part-001800,e3f5958d-65cd-4774-952e-722f577f368e.png,5dba78d174d6818801b84e97d81c42e262127c18751887647d62b1a62a3ff9d9,colab-t4-hierarchical-calibration-v1,1,2026-10-08T13:16:21.052095+00:00,0.9956322312355042,0.9877818822860718,True,0.9365551129999403,,0.7044700384140015,0.5946570634841919,True,0.4677839649998532,,0.05721706814236111,1024,576,12,1024,576,F,1.4272632720003458
diffdetect-hierarchical-calibration-v1,5a23bee4f802b9c88dd41030711aee173d27a3f8974371153439c0c363cde3a5,244,diffusiondb:a4701a54-d9e4-4b21-b32b-1c8240c26efb.png,synthetic,poloclub/diffusiondb,fb620fbe49fa4420e0734bd9c0df11f51176b61f,part-001800,a4701a54-d9e4-4b21-b32b-1c8240c26efb.png,cd96de490f2e7fd095d08d14d6d704a95b8b882f140d10cb95b3b26cab7834bc,colab-t4-hierarchical-calibration-v1,1,2026-10-08T13:16:22.498853+00:00,0.9663944244384766,0.9877818822860718,False,0.9323958649997621,,0.9996521472930908,0.5946570634841919,True,0.16132548599989605,,0.6213455200195312,512,512,4,512,512,F,1.1066477340000347
diffdetect-hierarchical-calibration-v1,5a23bee4f802b9c88dd41030711aee173d27a3f8974371153439c0c363cde3a5,245,cocoglide:000000318114:edited,edited,nebula/CocoGlide,275f045df7caa2544dd28de7fa86b044ab661bd0,calibration,000000318114,7aa53e07d464ef8a16d6b192e08594f5b345c3a53612ccd903e3a25084dbf627,colab-t4-hierarchical-calibration-v1,1,2026-10-08T13:16:23.620280+00:00,0.9955015778541565,0.9877818822860718,True,0.9242880350002451,,0.9744220972061157,0.5946570634841919,True,0.8729803309997806,,0.038779140058280114,1016,1016,25,256,256,F,1.8037380710002253
diffdetect-hierarchical-calibration-v1,5a23bee4f802b9c88dd41030711aee173d27a3f8974371153439c0c363cde3a5,246,cocoglide:000000166563:edited,edited,nebula/CocoGlide,275f045df7caa2544dd28de7fa86b044ab661bd0,calibration,000000166563,5c22b30b36cc5e30b6d56534d9456158137351d6103f77e34db03c3089ac71c6,colab-t4-hierarchical-calibration-v1,1,2026-10-08T13:16:25.439260+00:00,0.9860038161277771,0.9877818822860718,False,0.9249342859998251,,0.9800976514816284,0.5946570634841919,True,0.8724285010002859,,0.2860152907805816,1016,1016,25,256,256,F,1.8037404850001622
diffdetect-hierarchical-calibration-v1,5a23bee4f802b9c88dd41030711aee173d27a3f8974371153439c0c363cde3a5,247,diffusiondb:e6a6017c-99a1-46ed-9486-5872023a793b.png,synthetic,poloclub/diffusiondb,fb620fbe49fa4420e0734bd9c0df11f51176b61f,part-001800,e6a6017c-99a1-46ed-9486-5872023a793b.png,4fdfca298310b3f743ba8f0a29e5ba1da8b3309299bf1ce8e56c081575468b14,colab-t4-hierarchical-calibration-v1,1,2026-10-08T13:16:27.258446+00:00,0.992656409740448,0.9877818822860718,True,0.9240381989998241,,0.9989791512489319,0.5946570634841919,True,0.20255431900022813,,0.9630088806152344,512,512,4,512,512,F,1.1377348990004066
diffdetect-hierarchical-calibration-v1,5a23bee4f802b9c88dd41030711aee173d27a3f8974371153439c0c363cde3a5,248,diffusiondb:0b64a2d2-8163-405f-94ac-c6c410c2c991.png,synthetic,poloclub/diffusiondb,fb620fbe49fa4420e0734bd9c0df11f51176b61f,part-001800,0b64a2d2-8163-405f-94ac-c6c410c2c991.png,9c6b83567b9760359cd5c2470120677154647ad15e6ad637967250e77cef4fc0,colab-t4-hierarchical-calibration-v1,1,2026-10-08T13:16:28.413743+00:00,0.9942330718040466,0.9877818822860718,True,0.9391544620002605,,0.9812318086624146,0.5946570634841919,True,0.3755751280000368,,0.6829249064127604,512,768,8,512,768,F,1.3398165329999756
diffdetect-hierarchical-calibration-v1,5a23bee4f802b9c88dd41030711aee173d27a3f8974371153439c0c363cde3a5,249,diffusiondb:5da22109-44ae-4f15-8901-e6ae4690c269.png,synthetic,poloclub/diffusiondb,fb620fbe49fa4420e0734bd9c0df11f51176b61f,part-001800,5da22109-44ae-4f15-8901-e6ae4690c269.png,ded096cb486f14f7ec4138e19be5bafcc2e1f9cdce906a8ad2100264009d39b5,colab-t4-hierarchical-calibration-v1,1,2026-10-08T13:16:29.769895+00:00,0.9916133880615234,0.9877818822860718,True,0.9317685480000364,,0.9303838610649109,0.5946570634841919,True,0.2297940970001946,,0.18404769897460938,512,512,4,512,512,F,1.1788836430000629
diffdetect-hierarchical-calibration-v1,5a23bee4f802b9c88dd41030711aee173d27a3f8974371153439c0c363cde3a5,250,cocoglide:000000408830:real,real,nebula/CocoGlide,275f045df7caa2544dd28de7fa86b044ab661bd0,calibration,000000408830,cb55ddc4e92148d75221dfe89600b0dcdba6e22574f4ee21d3817330f5149115,colab-t4-hierarchical-calibration-v1,1,2026-10-08T13:16:30.974785+00:00,0.9939606189727783,0.9877818822860718,True,0.9278820479999013,,0.006216262932866812,0.5946570634841919,False,0.9079256280001573,,0.0,1016,1016,25,256,256,F,1.8422965070003556
diffdetect-hierarchical-calibration-v1,5a23bee4f802b9c88dd41030711aee173d27a3f8974371153439c0c363cde3a5,251,cocoglide:000000209972:edited,edited,nebula/CocoGlide,275f045df7caa2544dd28de7fa86b044ab661bd0,calibration,000000209972,f09d9b507bb1582accb4e6287dd5522b6edfaee41901b7aa098916c8f0d429de,colab-t4-hierarchical-calibration-v1,1,2026-10-08T13:16:32.832277+00:00,0.9801275730133057,0.9877818822860718,False,0.9245593549999285,,0.657885730266571,0.5946570634841919,True,0.8682067690001531,,0.03582832165664331,1016,1016,25,256,256,F,1.796557919999941
diffdetect-hierarchical-calibration-v1,5a23bee4f802b9c88dd41030711aee173d27a3f8974371153439c0c363cde3a5,252,cocoglide:000000577584:real,real,nebula/CocoGlide,275f045df7caa2544dd28de7fa86b044ab661bd0,calibration,000000577584,f98e73a8da17440aa93c519f2708b5956176cb200e2a1a9f313a66c61a16547d,colab-t4-hierarchical-calibration-v1,1,2026-10-08T13:16:34.643249+00:00,0.9594030976295471,0.9877818822860718,False,0.9265719079999144,,0.014245321042835712,0.5946570634841919,False,0.8831791999996312,,0.0,1016,1016,25,256,256,F,1.81526435700016
diffdetect-hierarchical-calibration-v1,5a23bee4f802b9c88dd41030711aee173d27a3f8974371153439c0c363cde3a5,253,cocoglide:000000544052:real,real,nebula/CocoGlide,275f045df7caa2544dd28de7fa86b044ab661bd0,calibration,000000544052,f0ba3bc2625a774eae3b5577a92b59f144b964022c1f27844aeb86a3bb221941,colab-t4-hierarchical-calibration-v1,1,2026-10-08T13:16:36.488778+00:00,0.993506908416748,0.9877818822860718,True,0.9210742589998517,,0.13941678404808044,0.5946570634841919,False,0.8716319899999689,,0.0,1016,1016,25,256,256,F,1.7978653359996315
diffdetect-hierarchical-calibration-v1,5a23bee4f802b9c88dd41030711aee173d27a3f8974371153439c0c363cde3a5,254,cocoglide:000000348012:real,real,nebula/CocoGlide,275f045df7caa2544dd28de7fa86b044ab661bd0,calibration,000000348012,c785f07f03ce852bae50b380c60fd01a8f2b6cfcaa03a7d754177d47d637c8b7,colab-t4-hierarchical-calibration-v1,1,2026-10-08T13:16:38.301857+00:00,0.9936404824256897,0.9877818822860718,True,0.9213958979999006,,0.3422386944293976,0.5946570634841919,False,0.8627970580000692,,0.006410231570463141,1016,1016,25,256,256,F,1.790156675000162
diffdetect-hierarchical-calibration-v1,5a23bee4f802b9c88dd41030711aee173d27a3f8974371153439c0c363cde3a5,255,diffusiondb:f55c85db-d090-40b9-b35c-e04f47f72184.png,synthetic,poloclub/diffusiondb,fb620fbe49fa4420e0734bd9c0df11f51176b61f,part-001800,f55c85db-d090-40b9-b35c-e04f47f72184.png,e2a8814d3eacda3a5ffd821b9817b29535bc86200cb21fdaf92459411d6c3416,colab-t4-hierarchical-calibration-v1,1,2026-10-08T13:16:40.107085+00:00,0.9952899217605591,0.9877818822860718,True,0.9308614110000235,,0.4641804099082947,0.5946570634841919,False,0.2689191510003184,,0.00439453125,512,640,6,512,640,F,1.2161306329999206
diffdetect-hierarchical-calibration-v1,5a23bee4f802b9c88dd41030711aee173d27a3f8974371153439c0c363cde3a5,256,diffusiondb:b53af112-f78d-4c3a-a663-563cd69b1c2e.png,synthetic,poloclub/diffusiondb,fb620fbe49fa4420e0734bd9c0df11f51176b61f,part-001800,b53af112-f78d-4c3a-a663-563cd69b1c2e.png,0522d4ce886928bb7ff6432648c815a11ae47e04497ed4777ba096b2e7edaefe,colab-t4-hierarchical-calibration-v1,1,2026-10-08T13:16:41.337466+00:00,0.46590232849121094,0.9877818822860718,False,0.9263324869998542,,0.9887253642082214,0.5946570634841919,True,0.22328647599988471,,0.9976615905761719,512,512,4,512,512,F,1.1591620089998287
diffdetect-hierarchical-calibration-v1,5a23bee4f802b9c88dd41030711aee173d27a3f8974371153439c0c363cde3a5,257,cocoglide:000000480842:real,real,nebula/CocoGlide,275f045df7caa2544dd28de7fa86b044ab661bd0,calibration,000000480842,8654dea6c4ce3ffbbc5042692fbaf50ceb9ad5eec877659bae567b30d166dd00,colab-t4-hierarchical-calibration-v1,1,2026-10-08T13:16:42.523055+00:00,0.9943055510520935,0.9877818822860718,True,0.9205645229999391,,0.098112553358078,0.5946570634841919,False,0.9942759269997623,,0.0003574694649389299,1016,1016,25,256,256,F,1.9224853619998612
diffdetect-hierarchical-calibration-v1,5a23bee4f802b9c88dd41030711aee173d27a3f8974371153439c0c363cde3a5,258,diffusiondb:c7e9e7c3-f27a-4c83-b44f-18b303c4f39b.png,synthetic,poloclub/diffusiondb,fb620fbe49fa4420e0734bd9c0df11f51176b61f,part-001800,c7e9e7c3-f27a-4c83-b44f-18b303c4f39b.png,0bcdd620b5f925d60d6e33b7091bdda85df9318c2857140e0c34c4dbf6a132bf,colab-t4-hierarchical-calibration-v1,1,2026-10-08T13:16:44.458924+00:00,0.9946363568305969,0.9877818822860718,True,0.9290495300001567,,0.4454064667224884,0.5946570634841919,False,0.2158478669998658,,0.00331878662109375,512,512,4,512,512,F,1.162834791000023
diffdetect-hierarchical-calibration-v1,5a23bee4f802b9c88dd41030711aee173d27a3f8974371153439c0c363cde3a5,259,diffusiondb:533c258e-4de1-4ad7-8653-9114b1c31a01.png,synthetic,poloclub/diffusiondb,fb620fbe49fa4420e0734bd9c0df11f51176b61f,part-001800,533c258e-4de1-4ad7-8653-9114b1c31a01.png,55cb12406b77a7ed50e08dc1412233644f7b4ec4b89ceaa2af4ff35d23538b3b,colab-t4-hierarchical-calibration-v1,1,2026-10-08T13:16:45.635256+00:00,0.999771773815155,0.9877818822860718,True,0.9300763159999406,,0.9200680255889893,0.5946570634841919,True,0.16297903499980748,,0.4482383728027344,512,512,4,512,512,F,1.112033435000285
diffdetect-hierarchical-calibration-v1,5a23bee4f802b9c88dd41030711aee173d27a3f8974371153439c0c363cde3a5,260,cocoglide:000000025139:real,real,nebula/CocoGlide,275f045df7caa2544dd28de7fa86b044ab661bd0,calibration,000000025139,dce2573aba09dcff885cd31557499e76056bab4905f99be4209322cc965bbef5,colab-t4-hierarchical-calibration-v1,1,2026-10-08T13:16:46.770606+00:00,0.9931922554969788,0.9877818822860718,True,0.9271081010001581,,0.008466001600027084,0.5946570634841919,False,0.8747080709999864,,0.0,1016,1016,25,256,256,F,1.8089105569997628
diffdetect-hierarchical-calibration-v1,5a23bee4f802b9c88dd41030711aee173d27a3f8974371153439c0c363cde3a5,261,cocoglide:000000147518:edited,edited,nebula/CocoGlide,275f045df7caa2544dd28de7fa86b044ab661bd0,calibration,000000147518,ef86b04f4ebb164d476342d78c2960494da6047a80106e33d44fc42639cd3fab,colab-t4-hierarchical-calibration-v1,1,2026-10-08T13:16:48.594046+00:00,0.993181049823761,0.9877818822860718,True,0.9266162419999091,,0.9994915723800659,0.5946570634841919,True,0.8742646330001662,,0.12731822338644677,1016,1016,25,256,256,F,1.8067987059998813
diffdetect-hierarchical-calibration-v1,5a23bee4f802b9c88dd41030711aee173d27a3f8974371153439c0c363cde3a5,262,cocoglide:000000521405:edited,edited,nebula/CocoGlide,275f045df7caa2544dd28de7fa86b044ab661bd0,calibration,000000521405,2c1578d14448e2b272e1f6124f490c76214d443f3549dc7ef236b7b7e989357f,colab-t4-hierarchical-calibration-v1,1,2026-10-08T13:16:50.415182+00:00,0.9959352016448975,0.9877818822860718,True,0.9257820409998203,,0.9648076295852661,0.5946570634841919,True,0.8674851050000143,,0.10193692262384525,1016,1016,25,256,256,F,1.7990686230000392
diffdetect-hierarchical-calibration-v1,5a23bee4f802b9c88dd41030711aee173d27a3f8974371153439c0c363cde3a5,263,cocoglide:000000338986:real,real,nebula/CocoGlide,275f045df7caa2544dd28de7fa86b044ab661bd0,calibration,000000338986,7d4e929f7263f50e1ec06a292232b3d809cef2033d201508e310d2ab3b443a10,colab-t4-hierarchical-calibration-v1,1,2026-10-08T13:16:52.246705+00:00,0.9925731420516968,0.9877818822860718,True,0.9193652520002615,,0.06919235736131668,0.5946570634841919,False,0.8761837000001833,,0.0,1016,1016,25,256,256,F,1.8021665259998372
diffdetect-hierarchical-calibration-v1,5a23bee4f802b9c88dd41030711aee173d27a3f8974371153439c0c363cde3a5,264,cocoglide:000000290592:real,real,nebula/CocoGlide,275f045df7caa2544dd28de7fa86b044ab661bd0,calibration,000000290592,cfe3cbaa03517a0568ce9bb7367ba68c51a867403e88cbf848924c17c3834cd8,colab-t4-hierarchical-calibration-v1,1,2026-10-08T13:16:54.064170+00:00,0.9958798885345459,0.9877818822860718,True,0.9228596479997577,,0.050640497356653214,0.5946570634841919,False,0.8716393689996949,,0.0,1016,1016,25,256,256,F,1.800180312000066
diffdetect-hierarchical-calibration-v1,5a23bee4f802b9c88dd41030711aee173d27a3f8974371153439c0c363cde3a5,265,diffusiondb:b27f704d-4704-4fba-b94a-bd252a7c9e10.png,synthetic,poloclub/diffusiondb,fb620fbe49fa4420e0734bd9c0df11f51176b61f,part-001800,b27f704d-4704-4fba-b94a-bd252a7c9e10.png,e42b9e2f8251946d18b1638c298834fa1f32902636bd2a6ca10bf126c01f26fa,colab-t4-hierarchical-calibration-v1,1,2026-10-08T13:16:55.879447+00:00,0.9936431646347046,0.9877818822860718,True,0.9252626060001603,,0.9656531810760498,0.5946570634841919,True,0.21011232000000746,,0.6180686950683594,512,512,4,512,512,F,1.1478632009998364
diffdetect-hierarchical-calibration-v1,5a23bee4f802b9c88dd41030711aee173d27a3f8974371153439c0c363cde3a5,266,diffusiondb:ba2df51f-f5cd-4821-868a-63f6c70c59aa.png,synthetic,poloclub/diffusiondb,fb620fbe49fa4420e0734bd9c0df11f51176b61f,part-001800,ba2df51f-f5cd-4821-868a-63f6c70c59aa.png,f8c73600f8eebcb674d36c3e9d46d58776205ab8297d670c54a7ff6fa9e12cdc,colab-t4-hierarchical-calibration-v1,1,2026-10-08T13:16:57.044348+00:00,0.9953271150588989,0.9877818822860718,True,0.9392072010000447,,0.9927808046340942,0.5946570634841919,True,0.5976177830002598,,0.4738040500217014,1024,576,12,1024,576,F,1.57315571800018
diffdetect-hierarchical-calibration-v1,5a23bee4f802b9c88dd41030711aee173d27a3f8974371153439c0c363cde3a5,267,cocoglide:000000248314:edited,edited,nebula/CocoGlide,275f045df7caa2544dd28de7fa86b044ab661bd0,calibration,000000248314,efd0d31e7b394d79347c754ac7c6ba9149b4f56bd8e1f228e8bd0520c04fb1c3,colab-t4-hierarchical-calibration-v1,1,2026-10-08T13:16:58.634262+00:00,0.9948477745056152,0.9877818822860718,True,0.9201619929999652,,0.9227620959281921,0.5946570634841919,True,0.9223876989999553,,0.02591702058404117,1016,1016,25,256,256,F,1.8485009820001324
diffdetect-hierarchical-calibration-v1,5a23bee4f802b9c88dd41030711aee173d27a3f8974371153439c0c363cde3a5,268,diffusiondb:8f712ecf-c706-495d-acd4-fd6c4e13850f.png,synthetic,poloclub/diffusiondb,fb620fbe49fa4420e0734bd9c0df11f51176b61f,part-001800,8f712ecf-c706-495d-acd4-fd6c4e13850f.png,eef188628da1105c87b0216cb904e7d24f86b9bad691c7a250153fa1ee664390,colab-t4-hierarchical-calibration-v1,1,2026-10-08T13:17:00.498691+00:00,0.9943382143974304,0.9877818822860718,True,0.9349187269999675,,0.7664443850517273,0.5946570634841919,True,0.6225755919999756,,0.271148681640625,1280,512,16,1280,512,F,1.5869066740001472
diffdetect-hierarchical-calibration-v1,5a23bee4f802b9c88dd41030711aee173d27a3f8974371153439c0c363cde3a5,269,cocoglide:000000320632:edited,edited,nebula/CocoGlide,275f045df7caa2544dd28de7fa86b044ab661bd0,calibration,000000320632,4373d2caf7c6fcd017878599bb3928c516c231823483b64334edf287319fbf58,colab-t4-hierarchical-calibration-v1,1,2026-10-08T13:17:02.100552+00:00,0.9920509457588196,0.9877818822860718,True,0.9261186130001988,,0.9850119948387146,0.5946570634841919,True,0.8794669339999928,,0.5051140414780829,1016,1016,25,256,256,F,1.8102123839998967
diffdetect-hierarchical-calibration-v1,5a23bee4f802b9c88dd41030711aee173d27a3f8974371153439c0c363cde3a5,270,diffusiondb:7e113110-0809-48c5-9477-ee22bab0f7e3.png,synthetic,poloclub/diffusiondb,fb620fbe49fa4420e0734bd9c0df11f51176b61f,part-001800,7e113110-0809-48c5-9477-ee22bab0f7e3.png,b191933ba13753e7554a306e2231cb41032a3fcf2f4062f1c5c09083e92981a5,colab-t4-hierarchical-calibration-v1,1,2026-10-08T13:17:03.927280+00:00,0.994074285030365,0.9877818822860718,True,0.9299956439999733,,0.9698130488395691,0.5946570634841919,True,0.16236722099984036,,0.9262771606445312,512,512,4,512,512,F,1.1040034220000052
diffdetect-hierarchical-calibration-v1,5a23bee4f802b9c88dd41030711aee173d27a3f8974371153439c0c363cde3a5,271,diffusiondb:7974025b-1c7f-49d6-befe-833ac25aa415.png,synthetic,poloclub/diffusiondb,fb620fbe49fa4420e0734bd9c0df11f51176b61f,part-001800,7974025b-1c7f-49d6-befe-833ac25aa415.png,ea8a883b3c99d9c5250ac3072b396c6f2e7339a81a5cddef7854df5979fd91a2,colab-t4-hierarchical-calibration-v1,1,2026-10-08T13:17:05.046524+00:00,0.6592389941215515,0.9877818822860718,False,0.932350728000074,,0.9981565475463867,0.5946570634841919,True,0.15957847600020614,,0.5860862731933594,512,512,4,512,512,F,1.1035150350003278
diffdetect-hierarchical-calibration-v1,5a23bee4f802b9c88dd41030711aee173d27a3f8974371153439c0c363cde3a5,272,diffusiondb:44fa7bfe-88c1-46e2-8b97-3ae30b93dcb8.png,synthetic,poloclub/diffusiondb,fb620fbe49fa4420e0734bd9c0df11f51176b61f,part-001800,44fa7bfe-88c1-46e2-8b97-3ae30b93dcb8.png,a3467b39d0247f476b392c4a14e54d28ce34ce212060fb44c5970e330173bf86,colab-t4-hierarchical-calibration-v1,1,2026-10-08T13:17:06.165209+00:00,0.9918953776359558,0.9877818822860718,True,0.9285633399999824,,0.9278326034545898,0.5946570634841919,True,0.16096102600022277,,0.08025741577148438,512,512,4,512,512,F,1.0999941320001199
diffdetect-hierarchical-calibration-v1,5a23bee4f802b9c88dd41030711aee173d27a3f8974371153439c0c363cde3a5,273,cocoglide:000000293474:real,real,nebula/CocoGlide,275f045df7caa2544dd28de7fa86b044ab661bd0,calibration,000000293474,4bc6595382634e4da9c95dcc83b85f6ee338f994be39511aea40945b2db0a24a,colab-t4-hierarchical-calibration-v1,1,2026-10-08T13:17:07.279347+00:00,0.9946797490119934,0.9877818822860718,True,0.9262736440000481,,0.02613782323896885,0.5946570634841919,False,0.8655142969996632,,0.0,1016,1016,25,256,256,F,1.7976555879999978
diffdetect-hierarchical-calibration-v1,5a23bee4f802b9c88dd41030711aee173d27a3f8974371153439c0c363cde3a5,274,cocoglide:000000050896:real,real,nebula/CocoGlide,275f045df7caa2544dd28de7fa86b044ab661bd0,calibration,000000050896,ef0dee5e62721658f75007ec082fda22d478e06d4cd93c1e833f148f0daaa559,colab-t4-hierarchical-calibration-v1,1,2026-10-08T13:17:09.112463+00:00,0.9961981177330017,0.9877818822860718,True,0.92455021700016,,0.006085300352424383,0.5946570634841919,False,0.9926698710000892,,0.0,1016,1016,25,256,256,F,1.9227993689996765
diffdetect-hierarchical-calibration-v1,5a23bee4f802b9c88dd41030711aee173d27a3f8974371153439c0c363cde3a5,275,diffusiondb:bdf4c0b0-6392-4c01-88c8-d7d209bd42a7.png,synthetic,poloclub/diffusiondb,fb620fbe49fa4420e0734bd9c0df11f51176b61f,part-001800,bdf4c0b0-6392-4c01-88c8-d7d209bd42a7.png,333534ea29b942b9fa68151b2954799115dbbbd307c2f6380ee192eac2542f94,colab-t4-hierarchical-calibration-v1,1,2026-10-08T13:17:11.061438+00:00,0.9933740496635437,0.9877818822860718,True,0.9312315470001522,,0.9676101207733154,0.5946570634841919,True,0.20200028899989775,,0.17807769775390625,512,512,4,512,512,F,1.154861525999877
diffdetect-hierarchical-calibration-v1,5a23bee4f802b9c88dd41030711aee173d27a3f8974371153439c0c363cde3a5,276,diffusiondb:73ff4e0e-b175-42d5-b08a-5884672011d1.png,synthetic,poloclub/diffusiondb,fb620fbe49fa4420e0734bd9c0df11f51176b61f,part-001800,73ff4e0e-b175-42d5-b08a-5884672011d1.png,7b5d203e7435f0a04cc3b374da1e76a6badcf35c1e17d2b1e85b7cb1c1b4cdf1,colab-t4-hierarchical-calibration-v1,1,2026-10-08T13:17:12.243988+00:00,0.9782458543777466,0.9877818822860718,False,0.937188327000058,,0.9847957491874695,0.5946570634841919,True,0.21422384400011651,,0.7832069396972656,512,512,4,512,512,F,1.176337231999696
diffdetect-hierarchical-calibration-v1,5a23bee4f802b9c88dd41030711aee173d27a3f8974371153439c0c363cde3a5,277,cocoglide:000000114871:real,real,nebula/CocoGlide,275f045df7caa2544dd28de7fa86b044ab661bd0,calibration,000000114871,1fc52238e7faa51d01f702dbbb5a9ebbe8260aeff772e84f484b5b1783598480,colab-t4-hierarchical-calibration-v1,1,2026-10-08T13:17:13.440157+00:00,0.994143545627594,0.9877818822860718,True,0.925270823000119,,0.09372280538082123,0.5946570634841919,False,0.8742573139998058,,0.0,1016,1016,25,256,256,F,1.8060647809998045
diffdetect-hierarchical-calibration-v1,5a23bee4f802b9c88dd41030711aee173d27a3f8974371153439c0c363cde3a5,278,diffusiondb:41b887bd-d3b6-4ba9-9cb4-da576623df02.png,synthetic,poloclub/diffusiondb,fb620fbe49fa4420e0734bd9c0df11f51176b61f,part-001800,41b887bd-d3b6-4ba9-9cb4-da576623df02.png,baa21dce33d7271c4b252b557cf1ca18f66d3b41751e3b5709c85f11eb08515a,colab-t4-hierarchical-calibration-v1,1,2026-10-08T13:17:15.260695+00:00,0.9936869740486145,0.9877818822860718,True,0.9291088639997724,,0.2191600799560547,0.5946570634841919,False,0.3582494749998659,,0.0,704,704,9,704,704,F,1.3096978819999094
diffdetect-hierarchical-calibration-v1,5a23bee4f802b9c88dd41030711aee173d27a3f8974371153439c0c363cde3a5,279,diffusiondb:b2860b1b-8051-4809-ae3a-6a703ce47c6a.png,synthetic,poloclub/diffusiondb,fb620fbe49fa4420e0734bd9c0df11f51176b61f,part-001800,b2860b1b-8051-4809-ae3a-6a703ce47c6a.png,a0ccfe32d820174204fc06d9ae28f07a5ae3b219f192773535b89ae94ebad2fb,colab-t4-hierarchical-calibration-v1,1,2026-10-08T13:17:16.585619+00:00,0.9909917116165161,0.9877818822860718,True,0.933310001999871,,0.9965524673461914,0.5946570634841919,True,0.30826963099980276,,0.9847183227539062,512,768,8,512,768,F,1.260164774000259
diffdetect-hierarchical-calibration-v1,5a23bee4f802b9c88dd41030711aee173d27a3f8974371153439c0c363cde3a5,280,diffusiondb:0698d2e2-c8d4-4404-8da7-34b511a1e24d.png,synthetic,poloclub/diffusiondb,fb620fbe49fa4420e0734bd9c0df11f51176b61f,part-001800,0698d2e2-c8d4-4404-8da7-34b511a1e24d.png,b2dde8b552157ecfee21d25d870c8b5efedb941d5579e3d12e92607913f4ae04,colab-t4-hierarchical-calibration-v1,1,2026-10-08T13:17:17.862473+00:00,0.9952027797698975,0.9877818822860718,True,0.9294733149999956,,0.9919003248214722,0.5946570634841919,True,0.16064794200019605,,0.924957275390625,512,512,4,512,512,F,1.105975208000018
diffdetect-hierarchical-calibration-v1,5a23bee4f802b9c88dd41030711aee173d27a3f8974371153439c0c363cde3a5,281,diffusiondb:1a2569d4-8ced-422b-8252-50aeceed464f.png,synthetic,poloclub/diffusiondb,fb620fbe49fa4420e0734bd9c0df11f51176b61f,part-001800,1a2569d4-8ced-422b-8252-50aeceed464f.png,d64fc10871839c0982d88b0f81e377a533f2ae8c5998a74c43f469769ae43e69,colab-t4-hierarchical-calibration-v1,1,2026-10-08T13:17:18.984373+00:00,0.9951466917991638,0.9877818822860718,True,0.9267742110000654,,0.8599160313606262,0.5946570634841919,True,0.2415552160000516,,0.519342041015625,512,640,6,512,640,F,1.1833142179998504
diffdetect-hierarchical-calibration-v1,5a23bee4f802b9c88dd41030711aee173d27a3f8974371153439c0c363cde3a5,282,cocoglide:000000344614:real,real,nebula/CocoGlide,275f045df7caa2544dd28de7fa86b044ab661bd0,calibration,000000344614,b73ca16651f2fe3c46f75a85fc6961f35f5a0151f19b8047c6968614ad21ecd1,colab-t4-hierarchical-calibration-v1,1,2026-10-08T13:17:20.182521+00:00,0.9947972893714905,0.9877818822860718,True,0.9329606199999034,,0.030933594331145287,0.5946570634841919,False,0.8837485220001327,,0.0,1016,1016,25,256,256,F,1.8212690410000505
diffdetect-hierarchical-calibration-v1,5a23bee4f802b9c88dd41030711aee173d27a3f8974371153439c0c363cde3a5,283,diffusiondb:aa713fb5-92dc-4f14-9186-733757977f1c.png,synthetic,poloclub/diffusiondb,fb620fbe49fa4420e0734bd9c0df11f51176b61f,part-001800,aa713fb5-92dc-4f14-9186-733757977f1c.png,35eec26d385ee45e5e2c33059c90d18203a1fc5ca495b71742ebe5557950b9db,colab-t4-hierarchical-calibration-v1,1,2026-10-08T13:17:22.019332+00:00,0.9943548440933228,0.9877818822860718,True,0.9273114170000554,,0.9995564818382263,0.5946570634841919,True,0.15906487600022956,,1.0,512,512,4,512,512,F,1.1009864960001323
diffdetect-hierarchical-calibration-v1,5a23bee4f802b9c88dd41030711aee173d27a3f8974371153439c0c363cde3a5,284,cocoglide:000000267940:edited,edited,nebula/CocoGlide,275f045df7caa2544dd28de7fa86b044ab661bd0,calibration,000000267940,99a61657d2a96914423a31e064c71aa300580a290f41087214924ed907ddb4b6,colab-t4-hierarchical-calibration-v1,1,2026-10-08T13:17:23.148470+00:00,0.9895468354225159,0.9877818822860718,True,0.9259214319999955,,0.9880167841911316,0.5946570634841919,True,1.0021245259999887,,0.0705503286006572,1016,1016,25,256,256,F,1.9340846249997412
diffdetect-hierarchical-calibration-v1,5a23bee4f802b9c88dd41030711aee173d27a3f8974371153439c0c363cde3a5,285,cocoglide:000000252332:real,real,nebula/CocoGlide,275f045df7caa2544dd28de7fa86b044ab661bd0,calibration,000000252332,a7507819bee8884c9472f94915a40c6cda0dea4ba5c3ffe0b203394cf0e8708a,colab-t4-hierarchical-calibration-v1,1,2026-10-08T13:17:25.097159+00:00,0.9929559230804443,0.9877818822860718,True,0.9186986099998649,,0.7049065828323364,0.5946570634841919,True,0.9781307610001022,,0.015959219418438836,1016,1016,25,256,256,F,1.9020762820000527
diffdetect-hierarchical-calibration-v1,5a23bee4f802b9c88dd41030711aee173d27a3f8974371153439c0c363cde3a5,286,diffusiondb:a8bc3cb9-eeb9-43ff-be92-15fc42697fb6.png,synthetic,poloclub/diffusiondb,fb620fbe49fa4420e0734bd9c0df11f51176b61f,part-001800,a8bc3cb9-eeb9-43ff-be92-15fc42697fb6.png,b77e89db040f6e2c3d92c563f192fcfe227d68a0a6a06c6a6359b4394607b5ff,colab-t4-hierarchical-calibration-v1,1,2026-10-08T13:17:27.026208+00:00,0.9405849575996399,0.9877818822860718,False,0.934004995000123,,0.9969225525856018,0.5946570634841919,True,0.16090129299982436,,0.9875411987304688,512,512,4,512,512,F,1.1096496849995674
diffdetect-hierarchical-calibration-v1,5a23bee4f802b9c88dd41030711aee173d27a3f8974371153439c0c363cde3a5,287,cocoglide:000000066135:edited,edited,nebula/CocoGlide,275f045df7caa2544dd28de7fa86b044ab661bd0,calibration,000000066135,e5316413ea452bbc2417d69d963078e9c8c973bf60f3b03c9aac5c6f6a393300,colab-t4-hierarchical-calibration-v1,1,2026-10-08T13:17:28.151699+00:00,0.9951565861701965,0.9877818822860718,True,0.9216790340001353,,0.9936731457710266,0.5946570634841919,True,0.8623148389997368,,0.47940820881641766,1016,1016,25,256,256,F,1.7909023100000923
diffdetect-hierarchical-calibration-v1,5a23bee4f802b9c88dd41030711aee173d27a3f8974371153439c0c363cde3a5,288,diffusiondb:98de2204-07d3-4739-b059-44c0a3f79b17.png,synthetic,poloclub/diffusiondb,fb620fbe49fa4420e0734bd9c0df11f51176b61f,part-001800,98de2204-07d3-4739-b059-44c0a3f79b17.png,e952b42244f273dc9f6b61fe0d2a35d2abb2c00ef419e79e131bb0b04261c042,colab-t4-hierarchical-calibration-v1,1,2026-10-08T13:17:29.958035+00:00,0.9939690828323364,0.9877818822860718,True,0.9280647969999336,,0.8318836092948914,0.5946570634841919,True,0.30815749799967307,,0.411773681640625,512,768,8,512,768,F,1.2546024899997974
diffdetect-hierarchical-calibration-v1,5a23bee4f802b9c88dd41030711aee173d27a3f8974371153439c0c363cde3a5,289,diffusiondb:c5b3dbed-38a5-475f-b736-6beee44b8f7b.png,synthetic,poloclub/diffusiondb,fb620fbe49fa4420e0734bd9c0df11f51176b61f,part-001800,c5b3dbed-38a5-475f-b736-6beee44b8f7b.png,9a306d729be66c3fe51eb6fcb305f7794962bd581430b153b057a7156a96b93c,colab-t4-hierarchical-calibration-v1,1,2026-10-08T13:17:31.228973+00:00,0.9960607886314392,0.9877818822860718,True,0.9330514140001469,,0.973958432674408,0.5946570634841919,True,0.4702231020000909,,0.7877960205078125,1024,512,12,1024,512,F,1.422906507999869
diffdetect-hierarchical-calibration-v1,5a23bee4f802b9c88dd41030711aee173d27a3f8974371153439c0c363cde3a5,290,diffusiondb:aadf3d4c-7041-4fb2-8e87-208961c9b6a2.png,synthetic,poloclub/diffusiondb,fb620fbe49fa4420e0734bd9c0df11f51176b61f,part-001800,aadf3d4c-7041-4fb2-8e87-208961c9b6a2.png,ed0f1445a661e8de03aeb17f96265cd4ef1b15c80cdaff4c92ed3c2071a4a3f3,colab-t4-hierarchical-calibration-v1,1,2026-10-08T13:17:32.670218+00:00,0.9953258037567139,0.9877818822860718,True,0.929008074000194,,0.9916892647743225,0.5946570634841919,True,0.16638777000025584,,0.6596298217773438,512,512,4,512,512,F,1.1117542729998604
diffdetect-hierarchical-calibration-v1,5a23bee4f802b9c88dd41030711aee173d27a3f8974371153439c0c363cde3a5,291,cocoglide:000000580757:edited,edited,nebula/CocoGlide,275f045df7caa2544dd28de7fa86b044ab661bd0,calibration,000000580757,41b6bedd0e1009922fb9e95ba3086f4b8826e7cfa06ab8262706b11936174500,colab-t4-hierarchical-calibration-v1,1,2026-10-08T13:17:33.799387+00:00,0.9960224628448486,0.9877818822860718,True,0.9220798050000667,,0.9914600253105164,0.5946570634841919,True,0.8797694019999653,,0.1912732887965776,1016,1016,25,256,256,F,1.808031101999859
diffdetect-hierarchical-calibration-v1,5a23bee4f802b9c88dd41030711aee173d27a3f8974371153439c0c363cde3a5,292,cocoglide:000000559707:edited,edited,nebula/CocoGlide,275f045df7caa2544dd28de7fa86b044ab661bd0,calibration,000000559707,dd237a37955811b58b1512baeb4ef90cdde9689661ad0dc9d3f54a8c8f4260c9,colab-t4-hierarchical-calibration-v1,1,2026-10-08T13:17:35.622566+00:00,0.9957581162452698,0.9877818822860718,True,0.923296608000328,,0.9603610038757324,0.5946570634841919,True,0.868634629999633,,0.028384431768863537,1016,1016,25,256,256,F,1.7970214800002395
diffdetect-hierarchical-calibration-v1,5a23bee4f802b9c88dd41030711aee173d27a3f8974371153439c0c363cde3a5,293,cocoglide:000000233033:edited,edited,nebula/CocoGlide,275f045df7caa2544dd28de7fa86b044ab661bd0,calibration,000000233033,1fc20c1f6f556bd03b3c0cf3c42ff8e64ac8fa0d493972b8c91c6bfd0f3ed989,colab-t4-hierarchical-calibration-v1,1,2026-10-08T13:17:37.435892+00:00,0.994249701499939,0.9877818822860718,True,0.9253608499998336,,0.9583339095115662,0.5946570634841919,True,0.9835341839998364,,0.07600246450492901,1016,1016,25,256,256,F,1.9141109940001115
diffdetect-hierarchical-calibration-v1,5a23bee4f802b9c88dd41030711aee173d27a3f8974371153439c0c363cde3a5,294,cocoglide:000000377882:real,real,nebula/CocoGlide,275f045df7caa2544dd28de7fa86b044ab661bd0,calibration,000000377882,f1d6b273b0f4ea00211391f087248e66590466e742aa8ee1ba428e283f9bc9be,colab-t4-hierarchical-calibration-v1,1,2026-10-08T13:17:39.369750+00:00,0.9901465773582458,0.9877818822860718,True,0.9191661089998888,,0.09410595148801804,0.5946570634841919,False,0.9950676620001104,,0.0,1016,1016,25,256,256,F,1.9201781050001046
diffdetect-hierarchical-calibration-v1,5a23bee4f802b9c88dd41030711aee173d27a3f8974371153439c0c363cde3a5,295,diffusiondb:90788952-bd3d-4f23-9cfb-9397864130fc.png,synthetic,poloclub/diffusiondb,fb620fbe49fa4420e0734bd9c0df11f51176b61f,part-001800,90788952-bd3d-4f23-9cfb-9397864130fc.png,d807502bf716deacc16beeb0209ea98ebd64a347ba4631fb95537be0328f9af7,colab-t4-hierarchical-calibration-v1,1,2026-10-08T13:17:41.315273+00:00,0.9955072402954102,0.9877818822860718,True,0.9312822949996189,,0.9110410809516907,0.5946570634841919,True,0.15999469200005478,,0.2447357177734375,512,512,4,512,512,F,1.1102941979997922
diffdetect-hierarchical-calibration-v1,5a23bee4f802b9c88dd41030711aee173d27a3f8974371153439c0c363cde3a5,296,cocoglide:000000066841:real,real,nebula/CocoGlide,275f045df7caa2544dd28de7fa86b044ab661bd0,calibration,000000066841,a482bf88f6345b9a5c6d942f4e22b80e32f2dc3e9bd6a8cad28d12907d371913,colab-t4-hierarchical-calibration-v1,1,2026-10-08T13:17:42.441147+00:00,0.9960445165634155,0.9877818822860718,True,0.9204055610002797,,0.03289546072483063,0.5946570634841919,False,0.8793624300001284,,0.0,1016,1016,25,256,256,F,1.8048541820003265
diffdetect-hierarchical-calibration-v1,5a23bee4f802b9c88dd41030711aee173d27a3f8974371153439c0c363cde3a5,297,cocoglide:000000424721:real,real,nebula/CocoGlide,275f045df7caa2544dd28de7fa86b044ab661bd0,calibration,000000424721,af5e286341f1726ed7d5147bcc7fc2d33fd4a7f992313935b5f9496eb339c71c,colab-t4-hierarchical-calibration-v1,1,2026-10-08T13:17:44.266669+00:00,0.9956412315368652,0.9877818822860718,True,0.9190335380003489,,0.006094495765864849,0.5946570634841919,False,0.876592133000031,,0.0,1016,1016,25,256,256,F,1.8026370500001576
diffdetect-hierarchical-calibration-v1,5a23bee4f802b9c88dd41030711aee173d27a3f8974371153439c0c363cde3a5,298,cocoglide:000000198960:real,real,nebula/CocoGlide,275f045df7caa2544dd28de7fa86b044ab661bd0,calibration,000000198960,3cf3633c09b40e680e471ed137c5aaeb3098c6556daeb6cd94e15d6700d18e34,colab-t4-hierarchical-calibration-v1,1,2026-10-08T13:17:46.084124+00:00,0.0027893970254808664,0.9877818822860718,False,0.9237635029999183,,0.030232572928071022,0.5946570634841919,False,0.8655940030002967,,0.0,1016,1016,25,256,256,F,1.7930572750001375
diffdetect-hierarchical-calibration-v1,5a23bee4f802b9c88dd41030711aee173d27a3f8974371153439c0c363cde3a5,299,diffusiondb:6a0161b3-8a03-4d92-89fe-839a6bf166a6.png,synthetic,poloclub/diffusiondb,fb620fbe49fa4420e0734bd9c0df11f51176b61f,part-001800,6a0161b3-8a03-4d92-89fe-839a6bf166a6.png,c4cc711a9e2209a17044fa2bf54fe6e1282898f07a3978377201c3e8caf8e861,colab-t4-hierarchical-calibration-v1,1,2026-10-08T13:17:47.892733+00:00,0.9957612156867981,0.9877818822860718,True,0.9321459540001342,,0.9894228577613831,0.5946570634841919,True,0.45522953500039876,,0.8953838348388672,1024,512,12,1024,512,F,1.4066578710003341
diffdetect-hierarchical-calibration-v1,5a23bee4f802b9c88dd41030711aee173d27a3f8974371153439c0c363cde3a5,300,cocoglide:000000338191:edited,edited,nebula/CocoGlide,275f045df7caa2544dd28de7fa86b044ab661bd0,calibration,000000338191,6ea96d9b30d8c6b357d683d6956f4a47cb83b0e819be7bfb985d633bd568d1d6,colab-t4-hierarchical-calibration-v1,1,2026-10-08T13:17:49.315896+00:00,0.9929855465888977,0.9877818822860718,True,0.9213734230002046,,0.9947996735572815,0.5946570634841919,True,0.8695312400000148,,0.2126759253518507,1016,1016,25,256,256,F,1.796040922999964
diffdetect-hierarchical-calibration-v1,5a23bee4f802b9c88dd41030711aee173d27a3f8974371153439c0c363cde3a5,301,cocoglide:000000293071:real,real,nebula/CocoGlide,275f045df7caa2544dd28de7fa86b044ab661bd0,calibration,000000293071,f04ff97f6a1d5d4afa136091daba0158b8f5296a61a213358483c954f0491be3,colab-t4-hierarchical-calibration-v1,1,2026-10-08T13:17:51.128438+00:00,0.9941389560699463,0.9877818822860718,True,0.922188258999995,,0.06790458410978317,0.5946570634841919,False,0.9776503529997171,,0.0,1016,1016,25,256,256,F,1.9044961120002881
diffdetect-hierarchical-calibration-v1,5a23bee4f802b9c88dd41030711aee173d27a3f8974371153439c0c363cde3a5,302,cocoglide:000000313130:real,real,nebula/CocoGlide,275f045df7caa2544dd28de7fa86b044ab661bd0,calibration,000000313130,320ddde4ee443722b284feed6e7a345e6147831ad16e4262636e114181e70571,colab-t4-hierarchical-calibration-v1,1,2026-10-08T13:17:53.048083+00:00,0.9925997257232666,0.9877818822860718,True,0.9240804209998714,,0.09696999192237854,0.5946570634841919,False,0.9861589000001914,,0.0,1016,1016,25,256,256,F,1.917186904999653
diffdetect-hierarchical-calibration-v1,5a23bee4f802b9c88dd41030711aee173d27a3f8974371153439c0c363cde3a5,303,cocoglide:000000015517:edited,edited,nebula/CocoGlide,275f045df7caa2544dd28de7fa86b044ab661bd0,calibration,000000015517,943b7f2dd1ffeb0788b4335082b8a90dc5c52ff2518342305d481e949479fd19,colab-t4-hierarchical-calibration-v1,1,2026-10-08T13:17:54.982728+00:00,0.9919371604919434,0.9877818822860718,True,0.9208796529997016,,0.9315071702003479,0.5946570634841919,True,0.8724022910000713,,0.04972313069626139,1016,1016,25,256,256,F,1.7989328919998115
diffdetect-hierarchical-calibration-v1,5a23bee4f802b9c88dd41030711aee173d27a3f8974371153439c0c363cde3a5,304,cocoglide:000000416269:real,real,nebula/CocoGlide,275f045df7caa2544dd28de7fa86b044ab661bd0,calibration,000000416269,47458615382181e739e9fdf492053189a1fe5cfe8aaff0c9150195e100bf75a6,colab-t4-hierarchical-calibration-v1,1,2026-10-08T13:17:56.812508+00:00,0.9893474578857422,0.9877818822860718,True,0.9207097110001996,,0.13448688387870789,0.5946570634841919,False,0.8707833190001111,,0.0,1016,1016,25,256,256,F,1.7960827020001489
diffdetect-hierarchical-calibration-v1,5a23bee4f802b9c88dd41030711aee173d27a3f8974371153439c0c363cde3a5,305,cocoglide:000000173091:real,real,nebula/CocoGlide,275f045df7caa2544dd28de7fa86b044ab661bd0,calibration,000000173091,9c688f6107bf2c941d48f16509b87fdd3bb3689df98c323d6e546e016f1fe4ff,colab-t4-hierarchical-calibration-v1,1,2026-10-08T13:17:58.623955+00:00,0.9961452484130859,0.9877818822860718,True,0.9200467989999197,,0.7747301459312439,0.5946570634841919,True,0.8719833170002858,,0.08374860499721,1016,1016,25,256,256,F,1.7969471950000298
diffdetect-hierarchical-calibration-v1,5a23bee4f802b9c88dd41030711aee173d27a3f8974371153439c0c363cde3a5,306,cocoglide:000000043581:edited,edited,nebula/CocoGlide,275f045df7caa2544dd28de7fa86b044ab661bd0,calibration,000000043581,30c6ad2983c0082bf6bd1acc8aa4696272dc461700043e121700b1eced7a5518,colab-t4-hierarchical-calibration-v1,1,2026-10-08T13:18:00.437212+00:00,0.9752060174942017,0.9877818822860718,False,0.9182271839999885,,0.9700660705566406,0.5946570634841919,True,0.8658345520002513,,0.30301591853183707,1016,1016,25,256,256,F,1.7903348360000564
diffdetect-hierarchical-calibration-v1,5a23bee4f802b9c88dd41030711aee173d27a3f8974371153439c0c363cde3a5,307,diffusiondb:54e908b8-3e70-4e3c-9456-b0f13fac1ccf.png,synthetic,poloclub/diffusiondb,fb620fbe49fa4420e0734bd9c0df11f51176b61f,part-001800,54e908b8-3e70-4e3c-9456-b0f13fac1ccf.png,586b3b15cab20a07d7b639ae0fbb1716d297557a57a8220717e96387a35f8566,colab-t4-hierarchical-calibration-v1,1,2026-10-08T13:18:02.243117+00:00,0.0071113682352006435,0.9877818822860718,False,0.927115691000381,,0.8951091170310974,0.5946570634841919,True,0.35729609000009077,,0.30025866800103307,704,704,9,704,704,F,1.3007146789996114
diffdetect-hierarchical-calibration-v1,5a23bee4f802b9c88dd41030711aee173d27a3f8974371153439c0c363cde3a5,308,cocoglide:000000377575:edited,edited,nebula/CocoGlide,275f045df7caa2544dd28de7fa86b044ab661bd0,calibration,000000377575,e8cc58064d6300332252ff805af065288b1554ca06a191a4061a5dca82b3519f,colab-t4-hierarchical-calibration-v1,1,2026-10-08T13:18:03.559060+00:00,0.9958677291870117,0.9877818822860718,True,0.9230148380001992,,0.8970084190368652,0.5946570634841919,True,0.8974885930001619,,0.06196234267468535,1016,1016,25,256,256,F,1.8268836940001165
diffdetect-hierarchical-calibration-v1,5a23bee4f802b9c88dd41030711aee173d27a3f8974371153439c0c363cde3a5,309,cocoglide:000000008277:real,real,nebula/CocoGlide,275f045df7caa2544dd28de7fa86b044ab661bd0,calibration,000000008277,fb7a49e44d5342beecedf3e15cd6e361088f61108f7dc04a2a069865624f2baa,colab-t4-hierarchical-calibration-v1,1,2026-10-08T13:18:05.403286+00:00,0.9959778189659119,0.9877818822860718,True,0.9200506300003326,,0.052202630788087845,0.5946570634841919,False,0.9944350320001831,,0.0,1016,1016,25,256,256,F,1.9209874849998414
diffdetect-hierarchical-calibration-v1,5a23bee4f802b9c88dd41030711aee173d27a3f8974371153439c0c363cde3a5,310,diffusiondb:8a4d1cf5-23f5-448f-b110-7df92b4397b0.png,synthetic,poloclub/diffusiondb,fb620fbe49fa4420e0734bd9c0df11f51176b61f,part-001800,8a4d1cf5-23f5-448f-b110-7df92b4397b0.png,046b1a6cdb1bee80e285cb9912bca68331d2801109eb59402739a669bafe827a,colab-t4-hierarchical-calibration-v1,1,2026-10-08T13:18:07.340191+00:00,0.9945210218429565,0.9877818822860718,True,0.9310434830003942,,0.9847394227981567,0.5946570634841919,True,0.3818488020001496,,0.5157012939453125,768,512,8,768,512,F,1.3317625770000632
diffdetect-hierarchical-calibration-v1,5a23bee4f802b9c88dd41030711aee173d27a3f8974371153439c0c363cde3a5,311,cocoglide:000000201934:real,real,nebula/CocoGlide,275f045df7caa2544dd28de7fa86b044ab661bd0,calibration,000000201934,c97979f414981c59102c26755fd8563765fbf771108371eb909f194c28245d4a,colab-t4-hierarchical-calibration-v1,1,2026-10-08T13:18:08.689773+00:00,0.9869891405105591,0.9877818822860718,False,0.9206732460002058,,0.049769170582294464,0.5946570634841919,False,0.8972590890002721,,0.0,1016,1016,25,256,256,F,1.8250517970000146
diffdetect-hierarchical-calibration-v1,5a23bee4f802b9c88dd41030711aee173d27a3f8974371153439c0c363cde3a5,312,cocoglide:000000499768:edited,edited,nebula/CocoGlide,275f045df7caa2544dd28de7fa86b044ab661bd0,calibration,000000499768,0f4dcbc60269fff57e7847087933e79a3a45b0b75a086f0bad0a3c97b0f97286,colab-t4-hierarchical-calibration-v1,1,2026-10-08T13:18:10.530702+00:00,0.9959151148796082,0.9877818822860718,True,0.9220426839997344,,0.9717727899551392,0.5946570634841919,True,0.8914119479995861,,0.059761338272676545,1016,1016,25,256,256,F,1.8182610889998614
diffdetect-hierarchical-calibration-v1,5a23bee4f802b9c88dd41030711aee173d27a3f8974371153439c0c363cde3a5,313,diffusiondb:56550262-8782-4c09-9b10-2da45d1504aa.png,synthetic,poloclub/diffusiondb,fb620fbe49fa4420e0734bd9c0df11f51176b61f,part-001800,56550262-8782-4c09-9b10-2da45d1504aa.png,329c5a0aeed1bb0ad9c67401c3e9ebb3923174321624590000373c39ddcd3e46,colab-t4-hierarchical-calibration-v1,1,2026-10-08T13:18:12.365323+00:00,0.9946767091751099,0.9877818822860718,True,0.9241328509997402,,0.9918913841247559,0.5946570634841919,True,0.16248891999975967,,0.8548355102539062,512,512,4,512,512,F,1.1013726510000197
diffdetect-hierarchical-calibration-v1,5a23bee4f802b9c88dd41030711aee173d27a3f8974371153439c0c363cde3a5,314,cocoglide:000000493284:real,real,nebula/CocoGlide,275f045df7caa2544dd28de7fa86b044ab661bd0,calibration,000000493284,4343fc7038e2601a6f181807dc5c509526dc8b717d397258b1fbfe31d34644d2,colab-t4-hierarchical-calibration-v1,1,2026-10-08T13:18:13.500111+00:00,0.9950655102729797,0.9877818822860718,True,0.9252191189998484,,0.1958649605512619,0.5946570634841919,False,0.8904382129999249,,0.0,1016,1016,25,256,256,F,1.8210926209999343
diffdetect-hierarchical-calibration-v1,5a23bee4f802b9c88dd41030711aee173d27a3f8974371153439c0c363cde3a5,315,cocoglide:000000025139:edited,edited,nebula/CocoGlide,275f045df7caa2544dd28de7fa86b044ab661bd0,calibration,000000025139,9b0e792f2f43d1c39c67d8157b84c16d4dd0c45bfc9598944c4fa95cbb00b4d5,colab-t4-hierarchical-calibration-v1,1,2026-10-08T13:18:15.336663+00:00,0.9945810437202454,0.9877818822860718,True,0.9247185690001061,,0.9728151559829712,0.5946570634841919,True,0.8628850800000691,,0.4691965946431893,1016,1016,25,256,256,F,1.794328014000257
diffdetect-hierarchical-calibration-v1,5a23bee4f802b9c88dd41030711aee173d27a3f8974371153439c0c363cde3a5,316,cocoglide:000000201934:edited,edited,nebula/CocoGlide,275f045df7caa2544dd28de7fa86b044ab661bd0,calibration,000000201934,db44938ca35cfe354b1ba1d9a0047798a738f0eeefef78dbaeb317194e8ccc0f,colab-t4-hierarchical-calibration-v1,1,2026-10-08T13:18:17.145335+00:00,0.9885220527648926,0.9877818822860718,True,0.9265445920000275,,0.9736266732215881,0.5946570634841919,True,0.8659099380001862,,0.2760206770413541,1016,1016,25,256,256,F,1.7986275660000501
diffdetect-hierarchical-calibration-v1,5a23bee4f802b9c88dd41030711aee173d27a3f8974371153439c0c363cde3a5,317,diffusiondb:450bc48b-df72-47f9-94cd-a8eecab001bc.png,synthetic,poloclub/diffusiondb,fb620fbe49fa4420e0734bd9c0df11f51176b61f,part-001800,450bc48b-df72-47f9-94cd-a8eecab001bc.png,130ec672b79bc3ac899f1bfb1888f691c0a83b07ee53d6e42dd3967ae8f3fa7c,colab-t4-hierarchical-calibration-v1,1,2026-10-08T13:18:18.958790+00:00,0.9129720330238342,0.9877818822860718,False,0.930071167999813,,0.9982012510299683,0.5946570634841919,True,0.21794347200011543,,0.7981643676757812,512,512,4,512,512,F,1.1596301360000325
diffdetect-hierarchical-calibration-v1,5a23bee4f802b9c88dd41030711aee173d27a3f8974371153439c0c363cde3a5,318,diffusiondb:cc07af25-370c-4f0c-b1ef-3eee19cdd405.png,synthetic,poloclub/diffusiondb,fb620fbe49fa4420e0734bd9c0df11f51176b61f,part-001800,cc07af25-370c-4f0c-b1ef-3eee19cdd405.png,425945556e572e617e64c58a03083db662356bfe0e8a2c0ecea49d3c2a7c1bf7,colab-t4-hierarchical-calibration-v1,1,2026-10-08T13:18:20.133968+00:00,0.986108124256134,0.9877818822860718,False,0.9320752690000518,,0.99893718957901,0.5946570634841919,True,0.2111441189999823,,1.0,512,512,4,512,512,F,1.1608147310003005
diffdetect-hierarchical-calibration-v1,5a23bee4f802b9c88dd41030711aee173d27a3f8974371153439c0c363cde3a5,319,diffusiondb:f074ba22-f341-4605-aa83-ead2eacade78.png,synthetic,poloclub/diffusiondb,fb620fbe49fa4420e0734bd9c0df11f51176b61f,part-001800,f074ba22-f341-4605-aa83-ead2eacade78.png,e879785b051055426eff808af8cf41b8a23f6f92954069a70173f8470707d7b0,colab-t4-hierarchical-calibration-v1,1,2026-10-08T13:18:21.313271+00:00,0.9879810214042664,0.9877818822860718,True,0.9368807509999897,,0.9992190003395081,0.5946570634841919,True,0.21615895000013552,,0.8971824645996094,512,512,4,512,512,F,1.1711007909998443
diffdetect-hierarchical-calibration-v1,5a23bee4f802b9c88dd41030711aee173d27a3f8974371153439c0c363cde3a5,320,cocoglide:000000248314:real,real,nebula/CocoGlide,275f045df7caa2544dd28de7fa86b044ab661bd0,calibration,000000248314,cc48f612417f2cd1ea0d3ba4aff83d494bdb0de47264c2c2cb8104cfd66fe3f3,colab-t4-hierarchical-calibration-v1,1,2026-10-08T13:18:22.501163+00:00,0.99488765001297,0.9877818822860718,True,0.9253441820001171,,0.5570489764213562,0.5946570634841919,False,0.8786062379999748,,0.014689185628371257,1016,1016,25,256,256,F,1.8115535749998344
diffdetect-hierarchical-calibration-v1,5a23bee4f802b9c88dd41030711aee173d27a3f8974371153439c0c363cde3a5,321,cocoglide:000000499768:real,real,nebula/CocoGlide,275f045df7caa2544dd28de7fa86b044ab661bd0,calibration,000000499768,69a702b40175b689ae3c636e479074d9edef13bf681ed7ea89cb89801797dfc1,colab-t4-hierarchical-calibration-v1,1,2026-10-08T13:18:24.328642+00:00,0.9958640336990356,0.9877818822860718,True,0.9230231490000733,,0.051379211246967316,0.5946570634841919,False,0.8966548489997876,,0.0,1016,1016,25,256,256,F,1.824461465999775
diffdetect-hierarchical-calibration-v1,5a23bee4f802b9c88dd41030711aee173d27a3f8974371153439c0c363cde3a5,322,diffusiondb:a0662d07-2ac5-4f74-a2a7-9d657fb52f80.png,synthetic,poloclub/diffusiondb,fb620fbe49fa4420e0734bd9c0df11f51176b61f,part-001800,a0662d07-2ac5-4f74-a2a7-9d657fb52f80.png,1a29a33314d7a845bd0313cc3247cac64fedb5fa630c45b468793fc526e25368,colab-t4-hierarchical-calibration-v1,1,2026-10-08T13:18:26.169284+00:00,0.995911717414856,0.9877818822860718,True,0.9340460230000645,,0.7775728106498718,0.5946570634841919,True,0.3112147050001113,,0.17423248291015625,512,768,8,512,768,F,1.2646992729996782
diffdetect-hierarchical-calibration-v1,5a23bee4f802b9c88dd41030711aee173d27a3f8974371153439c0c363cde3a5,323,cocoglide:000000438226:edited,edited,nebula/CocoGlide,275f045df7caa2544dd28de7fa86b044ab661bd0,calibration,000000438226,b647b46c7a98b086a217d2aed669aad509669bbcc9de32f687bdec8152d356bf,colab-t4-hierarchical-calibration-v1,1,2026-10-08T13:18:27.450741+00:00,0.9957745671272278,0.9877818822860718,True,0.9270018560000608,,0.9991652369499207,0.5946570634841919,True,0.8895709880002869,,0.2543293524087048,1016,1016,25,256,256,F,1.8219717770002717
diffdetect-hierarchical-calibration-v1,5a23bee4f802b9c88dd41030711aee173d27a3f8974371153439c0c363cde3a5,324,cocoglide:000000244411:real,real,nebula/CocoGlide,275f045df7caa2544dd28de7fa86b044ab661bd0,calibration,000000244411,6afcae72870b188d8d6a96fb5ea2504f11e8b4b409e9315942434892589edfe9,colab-t4-hierarchical-calibration-v1,1,2026-10-08T13:18:29.307421+00:00,0.9947829842567444,0.9877818822860718,True,0.9259161869999843,,0.05313330888748169,0.5946570634841919,False,0.8782583110000814,,0.0,1016,1016,25,256,256,F,1.808685813000011
diffdetect-hierarchical-calibration-v1,5a23bee4f802b9c88dd41030711aee173d27a3f8974371153439c0c363cde3a5,325,diffusiondb:21ad8e74-d0ba-4191-b37c-a1d515c6715a.png,synthetic,poloclub/diffusiondb,fb620fbe49fa4420e0734bd9c0df11f51176b61f,part-001800,21ad8e74-d0ba-4191-b37c-a1d515c6715a.png,68fda07ca2e6a2b2529f4d9ee2de4f7ab1171e1fe953dd248cededfa661db423,colab-t4-hierarchical-calibration-v1,1,2026-10-08T13:18:31.132366+00:00,0.9941973686218262,0.9877818822860718,True,0.9286831750000601,,0.9435505270957947,0.5946570634841919,True,0.31438640999976997,,0.89007568359375,768,512,8,768,512,F,1.2596419789997526
diffdetect-hierarchical-calibration-v1,5a23bee4f802b9c88dd41030711aee173d27a3f8974371153439c0c363cde3a5,326,diffusiondb:6f2309cb-de70-4cbe-9eef-04c58accd5ff.png,synthetic,poloclub/diffusiondb,fb620fbe49fa4420e0734bd9c0df11f51176b61f,part-001800,6f2309cb-de70-4cbe-9eef-04c58accd5ff.png,6cdbaf66464a0eccc6330272dea6a79c07e44ec7059dbc385fc2509fb5bf619d,colab-t4-hierarchical-calibration-v1,1,2026-10-08T13:18:32.408429+00:00,0.9932271838188171,0.9877818822860718,True,0.9301603829999294,,0.9851463437080383,0.5946570634841919,True,0.20966391899992232,,1.0,512,512,4,512,512,F,1.1548234729998512
diffdetect-hierarchical-calibration-v1,5a23bee4f802b9c88dd41030711aee173d27a3f8974371153439c0c363cde3a5,327,cocoglide:000000393282:edited,edited,nebula/CocoGlide,275f045df7caa2544dd28de7fa86b044ab661bd0,calibration,000000393282,48762cf240b5c562b12327b0feda97d148da125de028ae020dde1b893caad6ed,colab-t4-hierarchical-calibration-v1,1,2026-10-08T13:18:33.577840+00:00,0.9939417839050293,0.9877818822860718,True,0.9277317419996507,,0.9253671765327454,0.5946570634841919,True,1.035637978000068,,0.03178281356562713,1016,1016,25,256,256,F,1.9684773089998089
diffdetect-hierarchical-calibration-v1,5a23bee4f802b9c88dd41030711aee173d27a3f8974371153439c0c363cde3a5,328,cocoglide:000000085911:edited,edited,nebula/CocoGlide,275f045df7caa2544dd28de7fa86b044ab661bd0,calibration,000000085911,18a9c8e03154883f3c94c2fb884931a629bec0d195e34b766bbc31ecbfb0c578,colab-t4-hierarchical-calibration-v1,1,2026-10-08T13:18:35.571418+00:00,0.9955860376358032,0.9877818822860718,True,0.9256645640002716,,0.9759253859519958,0.5946570634841919,True,0.9231185429998732,,0.10348014446028891,1016,1016,25,256,256,F,1.8549929759997212
diffdetect-hierarchical-calibration-v1,5a23bee4f802b9c88dd41030711aee173d27a3f8974371153439c0c363cde3a5,329,cocoglide:000000451090:edited,edited,nebula/CocoGlide,275f045df7caa2544dd28de7fa86b044ab661bd0,calibration,000000451090,88644d6bba67eac01b9b7a643ce0bf41ecfe71ad497ce8b9902970451ae9dd49,colab-t4-hierarchical-calibration-v1,1,2026-10-08T13:18:37.440810+00:00,0.9943650960922241,0.9877818822860718,True,0.9193226229999709,,0.6197525858879089,0.5946570634841919,True,0.862027573999967,,0.04971538068076136,1016,1016,25,256,256,F,1.7872267490001832
diffdetect-hierarchical-calibration-v1,5a23bee4f802b9c88dd41030711aee173d27a3f8974371153439c0c363cde3a5,330,diffusiondb:8898c026-8009-4cd8-be16-07f4c34d6c9b.png,synthetic,poloclub/diffusiondb,fb620fbe49fa4420e0734bd9c0df11f51176b61f,part-001800,8898c026-8009-4cd8-be16-07f4c34d6c9b.png,8d1aa4e9e00fd2570782584de4c359be4be5697d341fb8dd3103bc1254edda24,colab-t4-hierarchical-calibration-v1,1,2026-10-08T13:18:39.242494+00:00,0.995166540145874,0.9877818822860718,True,0.9258654369996293,,0.9989713430404663,0.5946570634841919,True,0.16106866900008754,,0.49246978759765625,512,512,4,512,512,F,1.099258595000265
diffdetect-hierarchical-calibration-v1,5a23bee4f802b9c88dd41030711aee173d27a3f8974371153439c0c363cde3a5,331,cocoglide:000000366141:edited,edited,nebula/CocoGlide,275f045df7caa2544dd28de7fa86b044ab661bd0,calibration,000000366141,c4d2cec924c8cdb366017a7916bb3bd63c5002a70f0e725c432d1bb9d1b52dc3,colab-t4-hierarchical-calibration-v1,1,2026-10-08T13:18:40.357081+00:00,0.9957805871963501,0.9877818822860718,True,0.9177274799999395,,0.9968124032020569,0.5946570634841919,True,0.8667846610001106,,0.034679381858763715,1016,1016,25,256,256,F,1.7893206620001365
diffdetect-hierarchical-calibration-v1,5a23bee4f802b9c88dd41030711aee173d27a3f8974371153439c0c363cde3a5,332,cocoglide:000000531495:real,real,nebula/CocoGlide,275f045df7caa2544dd28de7fa86b044ab661bd0,calibration,000000531495,24c58986c84222cfec90f862ad3b2ecd11e2490bc0ec3dbfc774a4d9c480d196,colab-t4-hierarchical-calibration-v1,1,2026-10-08T13:18:42.161747+00:00,0.9999873638153076,0.9877818822860718,True,0.9203593970000838,,0.1396796703338623,0.5946570634841919,False,0.880868160999853,,0.0,1016,1016,25,256,256,F,1.8060323709996737
diffdetect-hierarchical-calibration-v1,5a23bee4f802b9c88dd41030711aee173d27a3f8974371153439c0c363cde3a5,333,cocoglide:000000231088:edited,edited,nebula/CocoGlide,275f045df7caa2544dd28de7fa86b044ab661bd0,calibration,000000231088,6702b4149b965ad18ff71fa09493afc6410d4462685b7b04df12cf1c438c7ab9,colab-t4-hierarchical-calibration-v1,1,2026-10-08T13:18:43.983359+00:00,0.9903945326805115,0.9877818822860718,True,0.9217814840003484,,0.99631667137146,0.5946570634841919,True,0.8765319549997912,,0.6281658813317627,1016,1016,25,256,256,F,1.8046292650001305
diffdetect-hierarchical-calibration-v1,5a23bee4f802b9c88dd41030711aee173d27a3f8974371153439c0c363cde3a5,334,diffusiondb:4573f6fe-2c15-4c19-9b69-563d0f55c056.png,synthetic,poloclub/diffusiondb,fb620fbe49fa4420e0734bd9c0df11f51176b61f,part-001800,4573f6fe-2c15-4c19-9b69-563d0f55c056.png,e354ee610b587034cf4bb64dc9f7489fb00e96e373806fd00319cfe66eb03f80,colab-t4-hierarchical-calibration-v1,1,2026-10-08T13:18:45.815687+00:00,0.9946845173835754,0.9877818822860718,True,0.9247174879997146,,0.8451998829841614,0.5946570634841919,True,0.16415419499981,,0.8007354736328125,512,512,4,512,512,F,1.101237797000067
diffdetect-hierarchical-calibration-v1,5a23bee4f802b9c88dd41030711aee173d27a3f8974371153439c0c363cde3a5,335,diffusiondb:3530ce75-dd35-46b1-867f-428ebc4ca2a7.png,synthetic,poloclub/diffusiondb,fb620fbe49fa4420e0734bd9c0df11f51176b61f,part-001800,3530ce75-dd35-46b1-867f-428ebc4ca2a7.png,8ccdf420463defdd0057e91e8709b735da0cb71e173cd40eb425df3efaece149,colab-t4-hierarchical-calibration-v1,1,2026-10-08T13:18:46.948914+00:00,0.9908830523490906,0.9877818822860718,True,0.9357190390001051,,0.9990665316581726,0.5946570634841919,True,0.22045784000010826,,0.7832984924316406,512,512,4,512,512,F,1.1694846820000748
diffdetect-hierarchical-calibration-v1,5a23bee4f802b9c88dd41030711aee173d27a3f8974371153439c0c363cde3a5,336,cocoglide:000000044652:edited,edited,nebula/CocoGlide,275f045df7caa2544dd28de7fa86b044ab661bd0,calibration,000000044652,04f43f4f56728011efab1c85f8b5e6432d01d5821ff75fba7b30f06cb1981822,colab-t4-hierarchical-calibration-v1,1,2026-10-08T13:18:48.141276+00:00,0.9900919795036316,0.9877818822860718,True,0.9224096719999579,,0.9914541244506836,0.5946570634841919,True,0.9889775360002204,,0.04863522227044454,1016,1016,25,256,256,F,1.916491309000321
diffdetect-hierarchical-calibration-v1,5a23bee4f802b9c88dd41030711aee173d27a3f8974371153439c0c363cde3a5,337,cocoglide:000000451090:real,real,nebula/CocoGlide,275f045df7caa2544dd28de7fa86b044ab661bd0,calibration,000000451090,0d17d88b6c5735da7d60cc6298003edf7218a66d66515dd17ee9b5b49211ac7d,colab-t4-hierarchical-calibration-v1,1,2026-10-08T13:18:50.080655+00:00,0.9945842623710632,0.9877818822860718,True,0.9258768930003498,,0.018768273293972015,0.5946570634841919,False,0.868541710000045,,0.0,1016,1016,25,256,256,F,1.7999786860000313
diffdetect-hierarchical-calibration-v1,5a23bee4f802b9c88dd41030711aee173d27a3f8974371153439c0c363cde3a5,338,cocoglide:000000261161:edited,edited,nebula/CocoGlide,275f045df7caa2544dd28de7fa86b044ab661bd0,calibration,000000261161,d58ab3dbd5cf35f4eec8d4bf0192238bd7cc7bd8f02e58a05adf3dba81f452b3,colab-t4-hierarchical-calibration-v1,1,2026-10-08T13:18:51.895318+00:00,0.9935344457626343,0.9877818822860718,True,0.9263675990000593,,0.9989035129547119,0.5946570634841919,True,0.8665296399999534,,0.2799702786905574,1016,1016,25,256,256,F,1.7972151280000617
diffdetect-hierarchical-calibration-v1,5a23bee4f802b9c88dd41030711aee173d27a3f8974371153439c0c363cde3a5,339,cocoglide:000000120853:real,real,nebula/CocoGlide,275f045df7caa2544dd28de7fa86b044ab661bd0,calibration,000000120853,44939bd43139abc19a54530fd1ca72eb8785bb6ec007e832010c24bb06c8c6e8,colab-t4-hierarchical-calibration-v1,1,2026-10-08T13:18:53.706230+00:00,0.9956645369529724,0.9877818822860718,True,0.9224509680002484,,0.05826599523425102,0.5946570634841919,False,0.8777332980002939,,0.0,1016,1016,25,256,256,F,1.8046798390000731
diffdetect-hierarchical-calibration-v1,5a23bee4f802b9c88dd41030711aee173d27a3f8974371153439c0c363cde3a5,340,diffusiondb:f07364da-dc95-4bac-94cf-d0bf0cc53404.png,synthetic,poloclub/diffusiondb,fb620fbe49fa4420e0734bd9c0df11f51176b61f,part-001800,f07364da-dc95-4bac-94cf-d0bf0cc53404.png,6d852a60239290207b9067cb849b8e146c252f30dff962fe7fe64fcb449a2e68,colab-t4-hierarchical-calibration-v1,1,2026-10-08T13:18:55.527474+00:00,0.9948633313179016,0.9877818822860718,True,0.922399236000274,,0.9950989484786987,0.5946570634841919,True,0.1636935659998926,,0.6704483032226562,512,512,4,512,512,F,1.0969969709999532
diffdetect-hierarchical-calibration-v1,5a23bee4f802b9c88dd41030711aee173d27a3f8974371153439c0c363cde3a5,341,cocoglide:000000534664:real,real,nebula/CocoGlide,275f045df7caa2544dd28de7fa86b044ab661bd0,calibration,000000534664,b063571b19530192e40fca33687fc2d6a36b01664cb67921e410dc2bc8f4385c,colab-t4-hierarchical-calibration-v1,1,2026-10-08T13:18:56.640774+00:00,0.9954049587249756,0.9877818822860718,True,0.9242857220001497,,0.040260251611471176,0.5946570634841919,False,0.881816107999839,,0.0,1016,1016,25,256,256,F,1.8107592430001205
diffdetect-hierarchical-calibration-v1,5a23bee4f802b9c88dd41030711aee173d27a3f8974371153439c0c363cde3a5,342,cocoglide:000000377814:real,real,nebula/CocoGlide,275f045df7caa2544dd28de7fa86b044ab661bd0,calibration,000000377814,c0dc2b4eb79eb2a123da07d77d7fbf47139ae88f75dc6d353079801287a39f88,colab-t4-hierarchical-calibration-v1,1,2026-10-08T13:18:58.464020+00:00,0.9945125579833984,0.9877818822860718,True,0.9203921500002252,,0.05157788097858429,0.5946570634841919,False,0.8753484690000732,,0.0,1016,1016,25,256,256,F,1.8003979029999755
diffdetect-hierarchical-calibration-v1,5a23bee4f802b9c88dd41030711aee173d27a3f8974371153439c0c363cde3a5,343,cocoglide:000000060449:real,real,nebula/CocoGlide,275f045df7caa2544dd28de7fa86b044ab661bd0,calibration,000000060449,a13465992cf9f4116a8cacd3ca111b897bfa0a9001c40c6f634b6c13475ae2e2,colab-t4-hierarchical-calibration-v1,1,2026-10-08T13:19:00.279883+00:00,0.9929123520851135,0.9877818822860718,True,0.9232168349999483,,0.06151702627539635,0.5946570634841919,False,0.9927945620001992,,7.846890693781388e-05,1016,1016,25,256,256,F,1.9224572029997944
diffdetect-hierarchical-calibration-v1,5a23bee4f802b9c88dd41030711aee173d27a3f8974371153439c0c363cde3a5,344,diffusiondb:83b64fe3-955e-4f9b-9fd4-620061ac62a0.png,synthetic,poloclub/diffusiondb,fb620fbe49fa4420e0734bd9c0df11f51176b61f,part-001800,83b64fe3-955e-4f9b-9fd4-620061ac62a0.png,052fc8869488c07d81b670c228cd44a365781196bcd29898def8c22c83b55bde,colab-t4-hierarchical-calibration-v1,1,2026-10-08T13:19:02.228763+00:00,0.9955202341079712,0.9877818822860718,True,0.9330981049997717,,0.6788173317909241,0.5946570634841919,True,0.3152914439997403,,0.07163862748579546,704,512,6,704,512,F,1.2754238989996338
diffdetect-hierarchical-calibration-v1,5a23bee4f802b9c88dd41030711aee173d27a3f8974371153439c0c363cde3a5,345,cocoglide:000000540928:real,real,nebula/CocoGlide,275f045df7caa2544dd28de7fa86b044ab661bd0,calibration,000000540928,54f1e6d248613262b175eefb96836b4c324fdd477b9ae5e0e324396482d3b76c,colab-t4-hierarchical-calibration-v1,1,2026-10-08T13:19:03.517658+00:00,0.994142472743988,0.9877818822860718,True,0.9192935859996396,,0.016681529581546783,0.5946570634841919,False,0.8908605169999646,,0.0,1016,1016,25,256,256,F,1.8158410370001548
diffdetect-hierarchical-calibration-v1,5a23bee4f802b9c88dd41030711aee173d27a3f8974371153439c0c363cde3a5,346,diffusiondb:912c090c-bf7c-47c5-97e4-1bce6252a14d.png,synthetic,poloclub/diffusiondb,fb620fbe49fa4420e0734bd9c0df11f51176b61f,part-001800,912c090c-bf7c-47c5-97e4-1bce6252a14d.png,ae406480bbead09d6443eeb55e1e2bb69185388bfda3e8d29f990b02ba77f2d1,colab-t4-hierarchical-calibration-v1,1,2026-10-08T13:19:05.348819+00:00,0.9923619031906128,0.9877818822860718,True,0.9268607399999382,,0.999288022518158,0.5946570634841919,True,0.30662492999999813,,1.0,512,768,8,512,768,F,1.2506380999998328
diffdetect-hierarchical-calibration-v1,5a23bee4f802b9c88dd41030711aee173d27a3f8974371153439c0c363cde3a5,347,diffusiondb:d68607e6-554f-4746-a284-9aae71b89d42.png,synthetic,poloclub/diffusiondb,fb620fbe49fa4420e0734bd9c0df11f51176b61f,part-001800,d68607e6-554f-4746-a284-9aae71b89d42.png,f87024d913a6eeb2ee6dba1ad0c6b05c03cdd65962317247026b541a9f3e2d7e,colab-t4-hierarchical-calibration-v1,1,2026-10-08T13:19:06.614338+00:00,0.9934259653091431,0.9877818822860718,True,0.926054290999673,,0.9967601895332336,0.5946570634841919,True,0.3062086240001918,,0.9500096638997396,768,512,8,768,512,F,1.2491576939996776
diffdetect-hierarchical-calibration-v1,5a23bee4f802b9c88dd41030711aee173d27a3f8974371153439c0c363cde3a5,348,diffusiondb:ae011ee5-e52e-424d-a9ec-05cd014ab068.png,synthetic,poloclub/diffusiondb,fb620fbe49fa4420e0734bd9c0df11f51176b61f,part-001800,ae011ee5-e52e-424d-a9ec-05cd014ab068.png,27abfbb56f31a4008ff70108ff73b42eb67b1631b1daa59dde7e4b140bca8e24,colab-t4-hierarchical-calibration-v1,1,2026-10-08T13:19:07.877762+00:00,0.9999922513961792,0.9877818822860718,True,0.921720863000246,,0.9989604353904724,0.5946570634841919,True,0.17411577299981218,,0.97064208984375,512,512,4,512,512,F,1.1085096890001296
diffdetect-hierarchical-calibration-v1,5a23bee4f802b9c88dd41030711aee173d27a3f8974371153439c0c363cde3a5,349,cocoglide:000000259625:edited,edited,nebula/CocoGlide,275f045df7caa2544dd28de7fa86b044ab661bd0,calibration,000000259625,c6c95484e0d11e14f68e92b45d4c48b457f4b7f7d5d8bde977e2a241466b14f8,colab-t4-hierarchical-calibration-v1,1,2026-10-08T13:19:09.001383+00:00,0.9956241250038147,0.9877818822860718,True,0.9190517780002665,,0.9962711334228516,0.5946570634841919,True,0.8761886190000041,,0.07479346208692417,1016,1016,25,256,256,F,1.7998603360001653
diffdetect-hierarchical-calibration-v1,5a23bee4f802b9c88dd41030711aee173d27a3f8974371153439c0c363cde3a5,350,cocoglide:000000099428:edited,edited,nebula/CocoGlide,275f045df7caa2544dd28de7fa86b044ab661bd0,calibration,000000099428,d3151dc29031474340a8d388e91a1fcbd365f53790e22b88dd63a76e89757df9,colab-t4-hierarchical-calibration-v1,1,2026-10-08T13:19:10.815907+00:00,0.9939409494400024,0.9877818822860718,True,0.9192673539996576,,0.999017596244812,0.5946570634841919,True,0.8721495229997345,,0.29552649730299463,1016,1016,25,256,256,F,1.7972460000000865
diffdetect-hierarchical-calibration-v1,5a23bee4f802b9c88dd41030711aee173d27a3f8974371153439c0c363cde3a5,351,cocoglide:000000470121:real,real,nebula/CocoGlide,275f045df7caa2544dd28de7fa86b044ab661bd0,calibration,000000470121,05a5925c31f76b9e45d4d59eacc398b33aa9e45a18d201d96c23d0be7750dc4d,colab-t4-hierarchical-calibration-v1,1,2026-10-08T13:19:12.628227+00:00,0.9953804016113281,0.9877818822860718,True,0.9196873549999509,,0.03766347095370293,0.5946570634841919,False,0.8633652010003061,,0.0,1016,1016,25,256,256,F,1.7875911819996873
diffdetect-hierarchical-calibration-v1,5a23bee4f802b9c88dd41030711aee173d27a3f8974371153439c0c363cde3a5,352,cocoglide:000000196754:edited,edited,nebula/CocoGlide,275f045df7caa2544dd28de7fa86b044ab661bd0,calibration,000000196754,478fe057c81919d0584e4660f818088488abbfd52ed1fbd1df8959e92d210201,colab-t4-hierarchical-calibration-v1,1,2026-10-08T13:19:14.431525+00:00,0.9939716458320618,0.9877818822860718,True,0.9231869139998707,,0.772061824798584,0.5946570634841919,True,1.0130986140002278,,0.025798832847665695,1016,1016,25,256,256,F,1.9434123169999111
diffdetect-hierarchical-calibration-v1,5a23bee4f802b9c88dd41030711aee173d27a3f8974371153439c0c363cde3a5,353,cocoglide:000000530457:edited,edited,nebula/CocoGlide,275f045df7caa2544dd28de7fa86b044ab661bd0,calibration,000000530457,5d0ac8a9ed864b8cfd75740017e2858a38248d3ec89f987edfdaa13a3e353842,colab-t4-hierarchical-calibration-v1,1,2026-10-08T13:19:16.393053+00:00,0.9953468441963196,0.9877818822860718,True,0.922410936000233,,0.9982025027275085,0.5946570634841919,True,1.00088667800037,,0.15925700601401202,1016,1016,25,256,256,F,1.9293635119997816
diffdetect-hierarchical-calibration-v1,5a23bee4f802b9c88dd41030711aee173d27a3f8974371153439c0c363cde3a5,354,diffusiondb:dc7a750f-7bea-4e4c-aef4-933040e5ce96.png,synthetic,poloclub/diffusiondb,fb620fbe49fa4420e0734bd9c0df11f51176b61f,part-001800,dc7a750f-7bea-4e4c-aef4-933040e5ce96.png,cb8cca0984cb44696d94fd91177b1dca3a0dccc0622cc06a184df8ff32de603b,colab-t4-hierarchical-calibration-v1,1,2026-10-08T13:19:18.340724+00:00,0.9952197670936584,0.9877818822860718,True,0.9232760999998391,,0.8078879714012146,0.5946570634841919,True,0.16055023900025844,,0.337921142578125,512,512,4,512,512,F,1.1010569410000244
diffdetect-hierarchical-calibration-v1,5a23bee4f802b9c88dd41030711aee173d27a3f8974371153439c0c363cde3a5,355,cocoglide:000000384651:real,real,nebula/CocoGlide,275f045df7caa2544dd28de7fa86b044ab661bd0,calibration,000000384651,cdb9a504fcefceabf2525ac43219e3926ebeda200008eb69f1162b1c34647cd4,colab-t4-hierarchical-calibration-v1,1,2026-10-08T13:19:19.470948+00:00,0.9898321628570557,0.9877818822860718,True,0.9233640090001245,,0.06523618847131729,0.5946570634841919,False,0.8607933230000526,,0.00010656271312542625,1016,1016,25,256,256,F,1.790034359999936
diffdetect-hierarchical-calibration-v1,5a23bee4f802b9c88dd41030711aee173d27a3f8974371153439c0c363cde3a5,356,cocoglide:000000344795:real,real,nebula/CocoGlide,275f045df7caa2544dd28de7fa86b044ab661bd0,calibration,000000344795,af7688b7252411b64af7a81f6fb305915ec8b7a2adf47dac4703efb7963ae6c4,colab-t4-hierarchical-calibration-v1,1,2026-10-08T13:19:21.278006+00:00,0.9177791476249695,0.9877818822860718,False,0.9175012369996693,,0.04441586136817932,0.5946570634841919,False,0.8587422320001679,,0.0,1016,1016,25,256,256,F,1.7800200949995997
diffdetect-hierarchical-calibration-v1,5a23bee4f802b9c88dd41030711aee173d27a3f8974371153439c0c363cde3a5,357,cocoglide:000000000285:real,real,nebula/CocoGlide,275f045df7caa2544dd28de7fa86b044ab661bd0,calibration,000000000285,bdecd7a899cb856029b6808b97ea448d906ded1c5dff51e4132d1ecc66c3d92f,colab-t4-hierarchical-calibration-v1,1,2026-10-08T13:19:23.072541+00:00,0.9956592917442322,0.9877818822860718,True,0.9180919499999618,,0.04536361247301102,0.5946570634841919,False,0.8682240680000177,,0.0,1016,1016,25,256,256,F,1.7925102180001886
diffdetect-hierarchical-calibration-v1,5a23bee4f802b9c88dd41030711aee173d27a3f8974371153439c0c363cde3a5,358,diffusiondb:64e75a46-5c5c-4329-b587-7bf66f75b38f.png,synthetic,poloclub/diffusiondb,fb620fbe49fa4420e0734bd9c0df11f51176b61f,part-001800,64e75a46-5c5c-4329-b587-7bf66f75b38f.png,d3cc2c59b70a19eccdc0e2e9cb2b8d189be3c069f1a095645962eff73dd14420,colab-t4-hierarchical-calibration-v1,1,2026-10-08T13:19:24.880085+00:00,0.9927523136138916,0.9877818822860718,True,0.9261015199999747,,0.9548808932304382,0.5946570634841919,True,0.23720700000012584,,0.7555958140980114,512,704,6,512,704,F,1.1818161589999363
diffdetect-hierarchical-calibration-v1,5a23bee4f802b9c88dd41030711aee173d27a3f8974371153439c0c363cde3a5,359,diffusiondb:4a39826a-eefd-4687-884c-db28b6c8e04a.png,synthetic,poloclub/diffusiondb,fb620fbe49fa4420e0734bd9c0df11f51176b61f,part-001800,4a39826a-eefd-4687-884c-db28b6c8e04a.png,8e68930fbbdfb8ecf9a350dc774b193936d6905588b73ee41b636061a60a284b,colab-t4-hierarchical-calibration-v1,1,2026-10-08T13:19:26.077754+00:00,0.9991922974586487,0.9877818822860718,True,0.9237346720001369,,0.7578723430633545,0.5946570634841919,True,0.16012149600010162,,0.0695343017578125,512,512,4,512,512,F,1.0984391649999452
diffdetect-hierarchical-calibration-v1,5a23bee4f802b9c88dd41030711aee173d27a3f8974371153439c0c363cde3a5,360,diffusiondb:229aa6e6-0400-47ce-be98-b2948c2fb68a.png,synthetic,poloclub/diffusiondb,fb620fbe49fa4420e0734bd9c0df11f51176b61f,part-001800,229aa6e6-0400-47ce-be98-b2948c2fb68a.png,d0cb84f4dc2e6824b43cdbb0fca7f77103545140916f618d74ce8dda734dd792,colab-t4-hierarchical-calibration-v1,1,2026-10-08T13:19:27.191796+00:00,0.9957699179649353,0.9877818822860718,True,0.9213308849998612,,0.632382333278656,0.5946570634841919,True,0.16696056699993278,,0.13257217407226562,512,512,4,512,512,F,1.101024027999756
diffdetect-hierarchical-calibration-v1,5a23bee4f802b9c88dd41030711aee173d27a3f8974371153439c0c363cde3a5,361,cocoglide:000000029675:real,real,nebula/CocoGlide,275f045df7caa2544dd28de7fa86b044ab661bd0,calibration,000000029675,32c38cf4dae3322cb089904c9b91a16bb54dee95d6485b5933ac14fcdf9e6a22,colab-t4-hierarchical-calibration-v1,1,2026-10-08T13:19:28.306837+00:00,0.9955020546913147,0.9877818822860718,True,0.9229263149995859,,0.20752277970314026,0.5946570634841919,False,0.9803506570001446,,0.0,1016,1016,25,256,256,F,1.9081178809997255
diffdetect-hierarchical-calibration-v1,5a23bee4f802b9c88dd41030711aee173d27a3f8974371153439c0c363cde3a5,362,cocoglide:000000433374:real,real,nebula/CocoGlide,275f045df7caa2544dd28de7fa86b044ab661bd0,calibration,000000433374,c939f30abf8db91f9139ed5cafe4bd525bf8cc6f0b2a5c82644c7055e3b2f979,colab-t4-hierarchical-calibration-v1,1,2026-10-08T13:19:30.237176+00:00,0.9952804446220398,0.9877818822860718,True,0.9182097240000076,,0.08406232297420502,0.5946570634841919,False,0.9980431919998409,,0.0,1016,1016,25,256,256,F,1.9222908789997746
diffdetect-hierarchical-calibration-v1,5a23bee4f802b9c88dd41030711aee173d27a3f8974371153439c0c363cde3a5,363,cocoglide:000000489046:real,real,nebula/CocoGlide,275f045df7caa2544dd28de7fa86b044ab661bd0,calibration,000000489046,cd85b231a46cc9adaffa7b11b225669978b04c2bbe9349f65b096d07452180cf,colab-t4-hierarchical-calibration-v1,1,2026-10-08T13:19:32.172579+00:00,0.9906891584396362,0.9877818822860718,True,0.9226048780001292,,0.16419675946235657,0.5946570634841919,False,0.8665632879997247,,0.0,1016,1016,25,256,256,F,1.7961313519999749
diffdetect-hierarchical-calibration-v1,5a23bee4f802b9c88dd41030711aee173d27a3f8974371153439c0c363cde3a5,364,cocoglide:000000060449:edited,edited,nebula/CocoGlide,275f045df7caa2544dd28de7fa86b044ab661bd0,calibration,000000060449,a61f76b6e3a30cfa0332bb2fa48a937826fe764e144535c0d9700aead4e1964c,colab-t4-hierarchical-calibration-v1,1,2026-10-08T13:19:33.984018+00:00,0.9929775595664978,0.9877818822860718,True,0.9169771670003684,,0.9099693894386292,0.5946570634841919,True,0.8819429909999599,,0.04266480407960816,1016,1016,25,256,256,F,1.8050329630000306
diffdetect-hierarchical-calibration-v1,5a23bee4f802b9c88dd41030711aee173d27a3f8974371153439c0c363cde3a5,365,cocoglide:000000304984:real,real,nebula/CocoGlide,275f045df7caa2544dd28de7fa86b044ab661bd0,calibration,000000304984,3e104ca78d1aff95321c076c7675f068258efde9c41752ae323a371c90d81c79,colab-t4-hierarchical-calibration-v1,1,2026-10-08T13:19:35.818063+00:00,0.9922452569007874,0.9877818822860718,True,0.9178610489998391,,0.13917256891727448,0.5946570634841919,False,0.8714303149999978,,0.0,1016,1016,25,256,256,F,1.794750688000022
diffdetect-hierarchical-calibration-v1,5a23bee4f802b9c88dd41030711aee173d27a3f8974371153439c0c363cde3a5,366,diffusiondb:3c38b34c-9f6b-447e-8421-df3c8c9d8391.png,synthetic,poloclub/diffusiondb,fb620fbe49fa4420e0734bd9c0df11f51176b61f,part-001800,3c38b34c-9f6b-447e-8421-df3c8c9d8391.png,8b5cd1f727018e9edd7c4dfcbec599f6fbd0bdf002a0be2648db30092e768080,colab-t4-hierarchical-calibration-v1,1,2026-10-08T13:19:37.628842+00:00,0.9956069588661194,0.9877818822860718,True,0.9217536139999538,,0.7124533653259277,0.5946570634841919,True,0.16054679199987731,,0.2125701904296875,512,512,4,512,512,F,1.093759468999906
diffdetect-hierarchical-calibration-v1,5a23bee4f802b9c88dd41030711aee173d27a3f8974371153439c0c363cde3a5,367,diffusiondb:8b5442c4-a782-4b0c-8915-e4a28a2f7dc9.png,synthetic,poloclub/diffusiondb,fb620fbe49fa4420e0734bd9c0df11f51176b61f,part-001800,8b5442c4-a782-4b0c-8915-e4a28a2f7dc9.png,f6d77fa9565f474afcfb455feb4ae74104b5d6cdcd266001627181e81286c229,colab-t4-hierarchical-calibration-v1,1,2026-10-08T13:19:38.737432+00:00,0.9943442344665527,0.9877818822860718,True,0.9232937440001479,,0.9736857414245605,0.5946570634841919,True,0.1625491980003062,,0.6168479919433594,512,512,4,512,512,F,1.0992820960000245
diffdetect-hierarchical-calibration-v1,5a23bee4f802b9c88dd41030711aee173d27a3f8974371153439c0c363cde3a5,368,cocoglide:000000408830:edited,edited,nebula/CocoGlide,275f045df7caa2544dd28de7fa86b044ab661bd0,calibration,000000408830,4ff12cfeb0e040f84ca1a72f9bf01f7fa6a91879632e2123f097bd02ac148e4b,colab-t4-hierarchical-calibration-v1,1,2026-10-08T13:19:39.851284+00:00,0.9944255352020264,0.9877818822860718,True,0.9238172450000093,,0.9935092926025391,0.5946570634841919,True,0.87503832099992,,0.5938178126356253,1016,1016,25,256,256,F,1.8053435150000041
diffdetect-hierarchical-calibration-v1,5a23bee4f802b9c88dd41030711aee173d27a3f8974371153439c0c363cde3a5,369,cocoglide:000000338986:edited,edited,nebula/CocoGlide,275f045df7caa2544dd28de7fa86b044ab661bd0,calibration,000000338986,b230b73453d3faaec2e2e5fb2698ab8e68fb3e5b0df77ab43f1fdea079af3d9c,colab-t4-hierarchical-calibration-v1,1,2026-10-08T13:19:41.671913+00:00,0.9932143688201904,0.9877818822860718,True,0.92191387999992,,0.9978525042533875,0.5946570634841919,True,0.9769648259998576,,0.10898459296918594,1016,1016,25,256,256,F,1.9042366720000246
diffdetect-hierarchical-calibration-v1,5a23bee4f802b9c88dd41030711aee173d27a3f8974371153439c0c363cde3a5,370,diffusiondb:408b0c84-326c-4244-965a-04ff5ddc71de.png,synthetic,poloclub/diffusiondb,fb620fbe49fa4420e0734bd9c0df11f51176b61f,part-001800,408b0c84-326c-4244-965a-04ff5ddc71de.png,b48c7c8308ec2fff0846224446ae88853ec1e93325e3d9c36d78f1f69d44f4a7,colab-t4-hierarchical-calibration-v1,1,2026-10-08T13:19:43.590156+00:00,0.9959967136383057,0.9877818822860718,True,0.9318470839998554,,0.9729712605476379,0.5946570634841919,True,0.20834017900006074,,0.2590484619140625,512,512,4,512,512,F,1.156202803999804
diffdetect-hierarchical-calibration-v1,5a23bee4f802b9c88dd41030711aee173d27a3f8974371153439c0c363cde3a5,371,diffusiondb:4a06aebd-4f11-4f96-a8e2-d38907495a1f.png,synthetic,poloclub/diffusiondb,fb620fbe49fa4420e0734bd9c0df11f51176b61f,part-001800,4a06aebd-4f11-4f96-a8e2-d38907495a1f.png,920bae1d697ba5abbdb46b61beca908212272c1be5afc2e1b707ce43806be81f,colab-t4-hierarchical-calibration-v1,1,2026-10-08T13:19:44.767617+00:00,0.9917137622833252,0.9877818822860718,True,0.9359020710003279,,0.9950305223464966,0.5946570634841919,True,0.20841036800038637,,0.9158134460449219,512,512,4,512,512,F,1.161330375000034
diffdetect-hierarchical-calibration-v1,5a23bee4f802b9c88dd41030711aee173d27a3f8974371153439c0c363cde3a5,372,cocoglide:000000293858:edited,edited,nebula/CocoGlide,275f045df7caa2544dd28de7fa86b044ab661bd0,calibration,000000293858,97a3d0baa7bf9541c91159d5fad1afe3b8249cae2d1d08edade4fed3efb295c2,colab-t4-hierarchical-calibration-v1,1,2026-10-08T13:19:45.955569+00:00,0.9946358799934387,0.9877818822860718,True,0.9277143119998073,,0.9925627112388611,0.5946570634841919,True,0.8889157539997541,,0.24971712443424887,1016,1016,25,256,256,F,1.8245745150002222
diffdetect-hierarchical-calibration-v1,5a23bee4f802b9c88dd41030711aee173d27a3f8974371153439c0c363cde3a5,373,cocoglide:000000141597:edited,edited,nebula/CocoGlide,275f045df7caa2544dd28de7fa86b044ab661bd0,calibration,000000141597,cbd8dbcdc66a274570acb131d1e5de798bc2ac08f91e1977a96ccea7dd5d33af,colab-t4-hierarchical-calibration-v1,1,2026-10-08T13:19:47.795179+00:00,0.9934712648391724,0.9877818822860718,True,0.9205683879999924,,0.9725663065910339,0.5946570634841919,True,0.8791733429998203,,0.06884532519065038,1016,1016,25,256,256,F,1.8041714930000126
diffdetect-hierarchical-calibration-v1,5a23bee4f802b9c88dd41030711aee173d27a3f8974371153439c0c363cde3a5,374,cocoglide:000000471869:edited,edited,nebula/CocoGlide,275f045df7caa2544dd28de7fa86b044ab661bd0,calibration,000000471869,a9a1ab0a2855b5d023bdd2307f00ae6167f4e398ad53bf4550eec103835a13ad,colab-t4-hierarchical-calibration-v1,1,2026-10-08T13:19:49.614761+00:00,0.9955658316612244,0.9877818822860718,True,0.9209373569997297,,0.9296426177024841,0.5946570634841919,True,0.8670783770003254,,0.036514198028396054,1016,1016,25,256,256,F,1.794614200000069
diffdetect-hierarchical-calibration-v1,5a23bee4f802b9c88dd41030711aee173d27a3f8974371153439c0c363cde3a5,375,cocoglide:000000084650:real,real,nebula/CocoGlide,275f045df7caa2544dd28de7fa86b044ab661bd0,calibration,000000084650,b4f429ccf19bc3db1ecb099cdfd01785d28d74b08085d0c6feceb503e5fff9ce,colab-t4-hierarchical-calibration-v1,1,2026-10-08T13:19:51.440541+00:00,0.9947540760040283,0.9877818822860718,True,0.9253015610001967,,0.00631391117349267,0.5946570634841919,False,0.8741208579999693,,0.0,1016,1016,25,256,256,F,1.806230628999856
diffdetect-hierarchical-calibration-v1,5a23bee4f802b9c88dd41030711aee173d27a3f8974371153439c0c363cde3a5,376,cocoglide:000000559707:real,real,nebula/CocoGlide,275f045df7caa2544dd28de7fa86b044ab661bd0,calibration,000000559707,5473a14044527079f7bc3b16dee90eb853e7ea68a258b4e78d4c3b4099e43771,colab-t4-hierarchical-calibration-v1,1,2026-10-08T13:19:53.261720+00:00,0.9958488941192627,0.9877818822860718,True,0.9246399570001813,,0.12711527943611145,0.5946570634841919,False,0.8813031610002326,,0.0,1016,1016,25,256,256,F,1.811037474999921
diffdetect-hierarchical-calibration-v1,5a23bee4f802b9c88dd41030711aee173d27a3f8974371153439c0c363cde3a5,377,diffusiondb:bdcac1c7-3983-4481-93f7-c61af46d6816.png,synthetic,poloclub/diffusiondb,fb620fbe49fa4420e0734bd9c0df11f51176b61f,part-001800,bdcac1c7-3983-4481-93f7-c61af46d6816.png,b841b7311499729f9ab37e19b92c39c000adad67e70988060d95452718cf1cc1,colab-t4-hierarchical-calibration-v1,1,2026-10-08T13:19:55.088269+00:00,0.9919482469558716,0.9877818822860718,True,0.9344895529998212,,0.9878422021865845,0.5946570634841919,True,0.16376311700014412,,0.9936141967773438,512,512,4,512,512,F,1.1105242779999571
diffdetect-hierarchical-calibration-v1,5a23bee4f802b9c88dd41030711aee173d27a3f8974371153439c0c363cde3a5,378,cocoglide:000000369370:edited,edited,nebula/CocoGlide,275f045df7caa2544dd28de7fa86b044ab661bd0,calibration,000000369370,5d6b66a865ef10d30c5288dde2ca8bb4917941fcf9b152021160cf2bc22b4562,colab-t4-hierarchical-calibration-v1,1,2026-10-08T13:19:56.213420+00:00,0.9940998554229736,0.9877818822860718,True,0.9365938910000295,,0.9466670751571655,0.5946570634841919,True,0.9971160840000266,,0.06390759656519313,1016,1016,25,256,256,F,1.9405910380000932
diffdetect-hierarchical-calibration-v1,5a23bee4f802b9c88dd41030711aee173d27a3f8974371153439c0c363cde3a5,379,cocoglide:000000122969:real,real,nebula/CocoGlide,275f045df7caa2544dd28de7fa86b044ab661bd0,calibration,000000122969,7f79f57bc829dd479397da89dbbb9cb2a4ea060e5e199935072f15bd7f1e6de2,colab-t4-hierarchical-calibration-v1,1,2026-10-08T13:19:58.184195+00:00,0.9925488233566284,0.9877818822860718,True,0.9268083440001647,,0.016843069344758987,0.5946570634841919,False,0.9954948159997912,,0.0,1016,1016,25,256,256,F,1.9287616090000483
diffdetect-hierarchical-calibration-v1,5a23bee4f802b9c88dd41030711aee173d27a3f8974371153439c0c363cde3a5,380,cocoglide:000000335427:edited,edited,nebula/CocoGlide,275f045df7caa2544dd28de7fa86b044ab661bd0,calibration,000000335427,454ff2a8bdb6ed77849f73c9759c956717bd1e32c995af4caeddd67c88fe4ef3,colab-t4-hierarchical-calibration-v1,1,2026-10-08T13:20:00.134269+00:00,0.9953308701515198,0.9877818822860718,True,0.9270947999998498,,0.3158002197742462,0.5946570634841919,False,0.8697618589999365,,0.002140941781883564,1016,1016,25,256,256,F,1.8048260489999848
diffdetect-hierarchical-calibration-v1,5a23bee4f802b9c88dd41030711aee173d27a3f8974371153439c0c363cde3a5,381,cocoglide:000000168593:edited,edited,nebula/CocoGlide,275f045df7caa2544dd28de7fa86b044ab661bd0,calibration,000000168593,02ad01ccfa878269c255995be21acf76fea1871c75d71c7ba5ecb06c95f64d10,colab-t4-hierarchical-calibration-v1,1,2026-10-08T13:20:01.954536+00:00,0.9933339953422546,0.9877818822860718,True,0.9288977290002549,,0.985640823841095,0.5946570634841919,True,0.8766597889998593,,0.3851467077934156,1016,1016,25,256,256,F,1.810638815999937
diffdetect-hierarchical-calibration-v1,5a23bee4f802b9c88dd41030711aee173d27a3f8974371153439c0c363cde3a5,382,cocoglide:000000335427:real,real,nebula/CocoGlide,275f045df7caa2544dd28de7fa86b044ab661bd0,calibration,000000335427,d989df377e5dc638c553b87ee80bf1599f0b42eeaf386cc1fe9c095ec93852e1,colab-t4-hierarchical-calibration-v1,1,2026-10-08T13:20:03.780105+00:00,0.9952453970909119,0.9877818822860718,True,0.9259180849999211,,0.03740634024143219,0.5946570634841919,False,0.8811042119996273,,0.0,1016,1016,25,256,256,F,1.8129364340002212
diffdetect-hierarchical-calibration-v1,5a23bee4f802b9c88dd41030711aee173d27a3f8974371153439c0c363cde3a5,383,cocoglide:000000504439:edited,edited,nebula/CocoGlide,275f045df7caa2544dd28de7fa86b044ab661bd0,calibration,000000504439,d302509bf2038f9f1f26cf394c64972f978ec0ac7a1e530a44234a59c1772117,colab-t4-hierarchical-calibration-v1,1,2026-10-08T13:20:05.608462+00:00,0.7985776662826538,0.9877818822860718,False,0.9299146349999319,,0.9826779365539551,0.5946570634841919,True,0.8823905909998757,,0.14891364157728315,1016,1016,25,256,256,F,1.818242188000113
diffdetect-hierarchical-calibration-v1,5a23bee4f802b9c88dd41030711aee173d27a3f8974371153439c0c363cde3a5,384,cocoglide:000000384616:edited,edited,nebula/CocoGlide,275f045df7caa2544dd28de7fa86b044ab661bd0,calibration,000000384616,3382955a98f2d37e9bec134a04700f34c1c72ce2d473758ce8e27f8e8193e83d,colab-t4-hierarchical-calibration-v1,1,2026-10-08T13:20:07.442062+00:00,0.9958857893943787,0.9877818822860718,True,0.9243275339999855,,0.9841895699501038,0.5946570634841919,True,0.871446071000264,,0.06551088102176204,1016,1016,25,256,256,F,1.8003190350000295
diffdetect-hierarchical-calibration-v1,5a23bee4f802b9c88dd41030711aee173d27a3f8974371153439c0c363cde3a5,385,diffusiondb:ef287977-5da5-4864-b6c4-a42214ca59f3.png,synthetic,poloclub/diffusiondb,fb620fbe49fa4420e0734bd9c0df11f51176b61f,part-001800,ef287977-5da5-4864-b6c4-a42214ca59f3.png,9c8796de0bec2edb3da52c7f5f263b6b36849a8d91e46c13b0eb987b30274bd9,colab-t4-hierarchical-calibration-v1,1,2026-10-08T13:20:09.271246+00:00,0.986967146396637,0.9877818822860718,False,0.9264686110000184,,0.9989476799964905,0.5946570634841919,True,0.16063216500015187,,1.0,512,512,4,512,512,F,1.1008129349997944
diffdetect-hierarchical-calibration-v1,5a23bee4f802b9c88dd41030711aee173d27a3f8974371153439c0c363cde3a5,386,cocoglide:000000139883:edited,edited,nebula/CocoGlide,275f045df7caa2544dd28de7fa86b044ab661bd0,calibration,000000139883,155067a9636c7e910504d6ca60f47c17089c4935bf27b9214da22236978981b7,colab-t4-hierarchical-calibration-v1,1,2026-10-08T13:20:10.388540+00:00,0.9957542419433594,0.9877818822860718,True,0.9248612150004192,,0.6940034627914429,0.5946570634841919,True,1.0060176460001458,,0.015609499968999938,1016,1016,25,256,256,F,1.9359033240002645
diffdetect-hierarchical-calibration-v1,5a23bee4f802b9c88dd41030711aee173d27a3f8974371153439c0c363cde3a5,387,cocoglide:000000223789:edited,edited,nebula/CocoGlide,275f045df7caa2544dd28de7fa86b044ab661bd0,calibration,000000223789,e29e3c2ecbd8408fa0941335cb7fd9ee12ec57f7d9c44a2519de17c1e523139a,colab-t4-hierarchical-calibration-v1,1,2026-10-08T13:20:12.340203+00:00,0.995471715927124,0.9877818822860718,True,0.9227827350000553,,0.9997038245201111,0.5946570634841919,True,0.9807817259998046,,0.3032077314154628,1016,1016,25,256,256,F,1.9093858219998765
diffdetect-hierarchical-calibration-v1,5a23bee4f802b9c88dd41030711aee173d27a3f8974371153439c0c363cde3a5,388,cocoglide:000000223789:real,real,nebula/CocoGlide,275f045df7caa2544dd28de7fa86b044ab661bd0,calibration,000000223789,fedbcc20878e707789117128e7ab7bc3f0ce83fd4027fbbdd2e634c64b47f98b,colab-t4-hierarchical-calibration-v1,1,2026-10-08T13:20:14.264898+00:00,0.9958320260047913,0.9877818822860718,True,0.9261273260003691,,0.041585687547922134,0.5946570634841919,False,0.8892157810000754,,1.93750387500775e-06,1016,1016,25,256,256,F,1.8217419769998742
diffdetect-hierarchical-calibration-v1,5a23bee4f802b9c88dd41030711aee173d27a3f8974371153439c0c363cde3a5,389,diffusiondb:cccb797a-8b34-45ca-a1c0-fdc093b38eb4.png,synthetic,poloclub/diffusiondb,fb620fbe49fa4420e0734bd9c0df11f51176b61f,part-001800,cccb797a-8b34-45ca-a1c0-fdc093b38eb4.png,41a62f8c9c462d8df629eb97abbb45e8f9f991c09347df55d3322457d0da6339,colab-t4-hierarchical-calibration-v1,1,2026-10-08T13:20:16.100304+00:00,0.9948951601982117,0.9877818822860718,True,0.9276995139998689,,0.986141562461853,0.5946570634841919,True,0.2418453860000227,,0.5289581298828125,512,640,6,512,640,F,1.184095022999827
diffdetect-hierarchical-calibration-v1,5a23bee4f802b9c88dd41030711aee173d27a3f8974371153439c0c363cde3a5,390,cocoglide:000000048924:real,real,nebula/CocoGlide,275f045df7caa2544dd28de7fa86b044ab661bd0,calibration,000000048924,9ca408888a7cb78f08024f71e9a6dcce7b5cb6b3d83991c2b4d2dda337f489a2,colab-t4-hierarchical-calibration-v1,1,2026-10-08T13:20:17.298676+00:00,0.9958513975143433,0.9877818822860718,True,0.9259327319996373,,0.1466199904680252,0.5946570634841919,False,0.8771113550001246,,0.001495752991505983,1016,1016,25,256,256,F,1.8085142710001492
diffdetect-hierarchical-calibration-v1,5a23bee4f802b9c88dd41030711aee173d27a3f8974371153439c0c363cde3a5,391,cocoglide:000000475678:real,real,nebula/CocoGlide,275f045df7caa2544dd28de7fa86b044ab661bd0,calibration,000000475678,050b0fa8e1c8f578f11636244bf0eaa2089f0cc372021933e71892cd9e058fb7,colab-t4-hierarchical-calibration-v1,1,2026-10-08T13:20:19.122604+00:00,0.995153546333313,0.9877818822860718,True,0.9256426099996133,,0.026343733072280884,0.5946570634841919,False,0.8745835780000561,,0.0,1016,1016,25,256,256,F,1.8052585800000998
diffdetect-hierarchical-calibration-v1,5a23bee4f802b9c88dd41030711aee173d27a3f8974371153439c0c363cde3a5,392,cocoglide:000000034205:real,real,nebula/CocoGlide,275f045df7caa2544dd28de7fa86b044ab661bd0,calibration,000000034205,4b993c23ca891b103f86e5c5d22e47f88ea072885bdad19273b4f65a0a8fe9a1,colab-t4-hierarchical-calibration-v1,1,2026-10-08T13:20:20.943837+00:00,0.9959873557090759,0.9877818822860718,True,0.9281014349999168,,0.1587934046983719,0.5946570634841919,False,0.8737411400002202,,0.0,1016,1016,25,256,256,F,1.8071633539998402
diffdetect-hierarchical-calibration-v1,5a23bee4f802b9c88dd41030711aee173d27a3f8974371153439c0c363cde3a5,393,cocoglide:000000211069:real,real,nebula/CocoGlide,275f045df7caa2544dd28de7fa86b044ab661bd0,calibration,000000211069,bb9a4a565d9c51640137ec31e7e2c2bf3434f097d4417b066eaa0e6198e67714,colab-t4-hierarchical-calibration-v1,1,2026-10-08T13:20:22.766161+00:00,0.9961438179016113,0.9877818822860718,True,0.9278555220003,,0.5425816178321838,0.5946570634841919,False,0.9596193399997901,,0.011722867195734392,1016,1016,25,256,256,F,1.892181260000143
diffdetect-hierarchical-calibration-v1,5a23bee4f802b9c88dd41030711aee173d27a3f8974371153439c0c363cde3a5,394,cocoglide:000000369771:real,real,nebula/CocoGlide,275f045df7caa2544dd28de7fa86b044ab661bd0,calibration,000000369771,f457ccf0ee99a9f47d81c6d92fa939e2093aa7c68dec2b1eae3930519f98c1ef,colab-t4-hierarchical-calibration-v1,1,2026-10-08T13:20:24.674867+00:00,0.9930095672607422,0.9877818822860718,True,0.9247484889997395,,0.019545000046491623,0.5946570634841919,False,1.002875941000184,,0.0,1016,1016,25,256,256,F,1.9355654699998013
diffdetect-hierarchical-calibration-v1,5a23bee4f802b9c88dd41030711aee173d27a3f8974371153439c0c363cde3a5,395,cocoglide:000000476787:edited,edited,nebula/CocoGlide,275f045df7caa2544dd28de7fa86b044ab661bd0,calibration,000000476787,5ae472b4a1434ff01b2c740fcadb39c9d71ed86f3e67826943fab972f9e283a6,colab-t4-hierarchical-calibration-v1,1,2026-10-08T13:20:26.634462+00:00,0.9954712390899658,0.9877818822860718,True,0.9301452350000545,,0.979481041431427,0.5946570634841919,True,0.9215862549999656,,0.12949500899001798,1016,1016,25,256,256,F,1.8584069710000222
diffdetect-hierarchical-calibration-v1,5a23bee4f802b9c88dd41030711aee173d27a3f8974371153439c0c363cde3a5,396,cocoglide:000000537802:real,real,nebula/CocoGlide,275f045df7caa2544dd28de7fa86b044ab661bd0,calibration,000000537802,36b0af712a4cb42a9bc39ed13a23e7053bf8005afdf03c6c165f4e939dc1c9e8,colab-t4-hierarchical-calibration-v1,1,2026-10-08T13:20:28.522695+00:00,0.9954482913017273,0.9877818822860718,True,0.9262710210000478,,0.02534380555152893,0.5946570634841919,False,0.8673647470000105,,0.0,1016,1016,25,256,256,F,1.8001187240001855
diffdetect-hierarchical-calibration-v1,5a23bee4f802b9c88dd41030711aee173d27a3f8974371153439c0c363cde3a5,397,diffusiondb:8df1a636-9f2b-44ae-951f-07ec6a072469.png,synthetic,poloclub/diffusiondb,fb620fbe49fa4420e0734bd9c0df11f51176b61f,part-001800,8df1a636-9f2b-44ae-951f-07ec6a072469.png,897a05016dbb47d5087ae92254e3371606d5ac6607e8bad8b23716a69afe95e4,colab-t4-hierarchical-calibration-v1,1,2026-10-08T13:20:30.338215+00:00,0.9943654537200928,0.9877818822860718,True,0.9344674160001887,,0.9023714065551758,0.5946570634841919,True,0.4907767629997579,,0.3259446885850694,1024,576,12,1024,576,F,1.4517922489999364
diffdetect-hierarchical-calibration-v1,5a23bee4f802b9c88dd41030711aee173d27a3f8974371153439c0c363cde3a5,398,diffusiondb:d8d7a899-3d38-45c9-af0d-3ca0cae33b19.png,synthetic,poloclub/diffusiondb,fb620fbe49fa4420e0734bd9c0df11f51176b61f,part-001800,d8d7a899-3d38-45c9-af0d-3ca0cae33b19.png,edb5d02cdba96040ef6f265751d20cef9db818b4486d88e3d24745af1df6e97b,colab-t4-hierarchical-calibration-v1,1,2026-10-08T13:20:31.804806+00:00,0.992840051651001,0.9877818822860718,True,0.927594470999793,,0.23864097893238068,0.5946570634841919,False,0.16540655599965248,,0.000873565673828125,512,512,4,512,512,F,1.1037362920001215
diffdetect-hierarchical-calibration-v1,5a23bee4f802b9c88dd41030711aee173d27a3f8974371153439c0c363cde3a5,399,cocoglide:000000446522:real,real,nebula/CocoGlide,275f045df7caa2544dd28de7fa86b044ab661bd0,calibration,000000446522,e23536c9948b4c951c43100ea822bd61eb2726a380c777aba92a57000a8cb4b2,colab-t4-hierarchical-calibration-v1,1,2026-10-08T13:20:32.927326+00:00,0.9955150485038757,0.9877818822860718,True,0.925233708000178,,0.005151621997356415,0.5946570634841919,False,0.8743221920003634,,0.0,1016,1016,25,256,256,F,1.8042422150001585
diffdetect-hierarchical-calibration-v1,5a23bee4f802b9c88dd41030711aee173d27a3f8974371153439c0c363cde3a5,400,cocoglide:000000002149:edited,edited,nebula/CocoGlide,275f045df7caa2544dd28de7fa86b044ab661bd0,calibration,000000002149,707d0db8231dc509aa4c38fe0b27dbb95f55eb593814d8b09d7059ca41ddc123,colab-t4-hierarchical-calibration-v1,1,2026-10-08T13:20:34.746829+00:00,0.9922279715538025,0.9877818822860718,True,0.9185360810001839,,0.9996823072433472,0.5946570634841919,True,0.8740350769999168,,0.7752030504061008,1016,1016,25,256,256,F,1.7982606089999535
diffdetect-hierarchical-calibration-v1,5a23bee4f802b9c88dd41030711aee173d27a3f8974371153439c0c363cde3a5,401,cocoglide:000000122969:edited,edited,nebula/CocoGlide,275f045df7caa2544dd28de7fa86b044ab661bd0,calibration,000000122969,121d62bce8f08bc19c5a06b4025a0b1365be807e7ceeb008be97b434af06cdac,colab-t4-hierarchical-calibration-v1,1,2026-10-08T13:20:36.559765+00:00,0.9919756054878235,0.9877818822860718,True,0.9212834479999401,,0.9475142359733582,0.5946570634841919,True,0.9509885410002425,,0.6751658503317006,1016,1016,25,256,256,F,1.8786055380001017
diffdetect-hierarchical-calibration-v1,5a23bee4f802b9c88dd41030711aee173d27a3f8974371153439c0c363cde3a5,402,cocoglide:000000189451:edited,edited,nebula/CocoGlide,275f045df7caa2544dd28de7fa86b044ab661bd0,calibration,000000189451,c039026318c87843dbfde6ceeb6da3b30195de487eb1fc54df3ee76a999013a6,colab-t4-hierarchical-calibration-v1,1,2026-10-08T13:20:38.453619+00:00,0.9960783123970032,0.9877818822860718,True,0.924998663000224,,0.9850323796272278,0.5946570634841919,True,0.9899785739999061,,0.03800995101990204,1016,1016,25,256,256,F,1.9211964989999615
diffdetect-hierarchical-calibration-v1,5a23bee4f802b9c88dd41030711aee173d27a3f8974371153439c0c363cde3a5,403,cocoglide:000000180798:real,real,nebula/CocoGlide,275f045df7caa2544dd28de7fa86b044ab661bd0,calibration,000000180798,ad194d91c1a62b43cdd9bab8516040d5d36a89202271ecaef661f70e7fed1457,colab-t4-hierarchical-calibration-v1,1,2026-10-08T13:20:40.391072+00:00,0.9923253059387207,0.9877818822860718,True,0.9231548889997612,,0.10233629494905472,0.5946570634841919,False,0.912097267000263,,0.0,1016,1016,25,256,256,F,1.8414335439997558
diffdetect-hierarchical-calibration-v1,5a23bee4f802b9c88dd41030711aee173d27a3f8974371153439c0c363cde3a5,404,cocoglide:000000050896:edited,edited,nebula/CocoGlide,275f045df7caa2544dd28de7fa86b044ab661bd0,calibration,000000050896,7984b86089f0e9a86871138ef6785d7582a1630f5610b826be48abccf85edfe1,colab-t4-hierarchical-calibration-v1,1,2026-10-08T13:20:42.247468+00:00,0.9961283206939697,0.9877818822860718,True,0.9213254659998711,,0.9327571988105774,0.5946570634841919,True,0.8770753690000674,,0.2599965512431025,1016,1016,25,256,256,F,1.8029807920001986
diffdetect-hierarchical-calibration-v1,5a23bee4f802b9c88dd41030711aee173d27a3f8974371153439c0c363cde3a5,405,cocoglide:000000221213:edited,edited,nebula/CocoGlide,275f045df7caa2544dd28de7fa86b044ab661bd0,calibration,000000221213,6a427942626ad756626a851d3ed9f8d700e1a43fda02bd33c5c64034b55dcb99,colab-t4-hierarchical-calibration-v1,1,2026-10-08T13:20:44.077476+00:00,0.9942726492881775,0.9877818822860718,True,0.922784603999844,,0.996199905872345,0.5946570634841919,True,0.8687848660001691,,0.45778275931551865,1016,1016,25,256,256,F,1.7962301659999866
diffdetect-hierarchical-calibration-v1,5a23bee4f802b9c88dd41030711aee173d27a3f8974371153439c0c363cde3a5,406,diffusiondb:492b70da-7224-4ed2-96a4-66e8e709ac8f.png,synthetic,poloclub/diffusiondb,fb620fbe49fa4420e0734bd9c0df11f51176b61f,part-001800,492b70da-7224-4ed2-96a4-66e8e709ac8f.png,d89f091468d83c38f0fd5c98f0da8f46938f55d1a4dc082e8e96c06c4601da89,colab-t4-hierarchical-calibration-v1,1,2026-10-08T13:20:45.889663+00:00,0.9941515326499939,0.9877818822860718,True,0.9254299839999476,,0.9980636239051819,0.5946570634841919,True,0.16172200099981637,,0.9907379150390625,512,512,4,512,512,F,1.10181413600003
diffdetect-hierarchical-calibration-v1,5a23bee4f802b9c88dd41030711aee173d27a3f8974371153439c0c363cde3a5,407,cocoglide:000000392818:real,real,nebula/CocoGlide,275f045df7caa2544dd28de7fa86b044ab661bd0,calibration,000000392818,f6cb556c4bffabcb7c1dc9df49f80a88293db86132aac522f8297a1bd770b6f1,colab-t4-hierarchical-calibration-v1,1,2026-10-08T13:20:47.006518+00:00,0.9924195408821106,0.9877818822860718,True,0.9216004309996606,,0.0330013744533062,0.5946570634841919,False,0.8718460260001848,,0.0,1016,1016,25,256,256,F,1.798565809000138
diffdetect-hierarchical-calibration-v1,5a23bee4f802b9c88dd41030711aee173d27a3f8974371153439c0c363cde3a5,408,cocoglide:000000085195:real,real,nebula/CocoGlide,275f045df7caa2544dd28de7fa86b044ab661bd0,calibration,000000085195,ca9bb94684de9a1a9b33cfe286badcbd64a506d0e8aa4a4501959fa68a8b952a,colab-t4-hierarchical-calibration-v1,1,2026-10-08T13:20:48.820460+00:00,0.9938156604766846,0.9877818822860718,True,0.924141463000069,,0.05103936791419983,0.5946570634841919,False,0.8804619829998046,,0.0,1016,1016,25,256,256,F,1.8088666640001065
diffdetect-hierarchical-calibration-v1,5a23bee4f802b9c88dd41030711aee173d27a3f8974371153439c0c363cde3a5,409,diffusiondb:6d83c096-1552-4075-9fdd-d9aec1d1fc8f.png,synthetic,poloclub/diffusiondb,fb620fbe49fa4420e0734bd9c0df11f51176b61f,part-001800,6d83c096-1552-4075-9fdd-d9aec1d1fc8f.png,56f7ac23f4a2235e17d3ea5d0e83a3b6aee35d89144f47cd2af7976555141b26,colab-t4-hierarchical-calibration-v1,1,2026-10-08T13:20:50.644667+00:00,0.024494564160704613,0.9877818822860718,False,0.9314049800000248,,0.9978514313697815,0.5946570634841919,True,0.16329930600022635,,0.9022178649902344,512,512,4,512,512,F,1.102590470999985
diffdetect-hierarchical-calibration-v1,5a23bee4f802b9c88dd41030711aee173d27a3f8974371153439c0c363cde3a5,410,cocoglide:000000365766:edited,edited,nebula/CocoGlide,275f045df7caa2544dd28de7fa86b044ab661bd0,calibration,000000365766,81c13bb9e34bf83dda62ec36e6efb9f56a6945ef0b6919151221e4947237a079,colab-t4-hierarchical-calibration-v1,1,2026-10-08T13:20:51.763366+00:00,0.9910352826118469,0.9877818822860718,True,0.9274358669999856,,0.9907989501953125,0.5946570634841919,True,1.0085119650002525,,0.030659061318122637,1016,1016,25,256,256,F,1.9407233639999504
diffdetect-hierarchical-calibration-v1,5a23bee4f802b9c88dd41030711aee173d27a3f8974371153439c0c363cde3a5,411,diffusiondb:108f3046-8619-4dc8-b339-584d91277488.png,synthetic,poloclub/diffusiondb,fb620fbe49fa4420e0734bd9c0df11f51176b61f,part-001800,108f3046-8619-4dc8-b339-584d91277488.png,e1c98216db7c7333d0f802271eee4bcb030e067f4a5d2389fa2dfe7f29243303,colab-t4-hierarchical-calibration-v1,1,2026-10-08T13:20:53.723527+00:00,0.9952682852745056,0.9877818822860718,True,0.9302745999998479,,0.9797906279563904,0.5946570634841919,True,0.22376155500023742,,1.0,512,512,4,512,512,F,1.1685303739996016
diffdetect-hierarchical-calibration-v1,5a23bee4f802b9c88dd41030711aee173d27a3f8974371153439c0c363cde3a5,412,cocoglide:000000420472:real,real,nebula/CocoGlide,275f045df7caa2544dd28de7fa86b044ab661bd0,calibration,000000420472,687204a4f7c4d56cfaf4d1748a9a7f8343713432f9af9f89bddc5e748bdd192a,colab-t4-hierarchical-calibration-v1,1,2026-10-08T13:20:54.907384+00:00,0.9958860278129578,0.9877818822860718,True,0.9299521390003065,,0.17427432537078857,0.5946570634841919,False,0.8891382360002353,,0.0,1016,1016,25,256,256,F,1.8253621539997766
diffdetect-hierarchical-calibration-v1,5a23bee4f802b9c88dd41030711aee173d27a3f8974371153439c0c363cde3a5,413,cocoglide:000000148957:real,real,nebula/CocoGlide,275f045df7caa2544dd28de7fa86b044ab661bd0,calibration,000000148957,3967294015d137fef50a02c3e0bc4b966c946983218bbcadfc0a0811d5ecd354,colab-t4-hierarchical-calibration-v1,1,2026-10-08T13:20:56.747814+00:00,0.9957910776138306,0.9877818822860718,True,0.9250826669999697,,0.04477506875991821,0.5946570634841919,False,0.8733546170001318,,0.0,1016,1016,25,256,256,F,1.8051289319996613
diffdetect-hierarchical-calibration-v1,5a23bee4f802b9c88dd41030711aee173d27a3f8974371153439c0c363cde3a5,414,diffusiondb:80883fc4-6d23-417a-9c21-81e76387fd85.png,synthetic,poloclub/diffusiondb,fb620fbe49fa4420e0734bd9c0df11f51176b61f,part-001800,80883fc4-6d23-417a-9c21-81e76387fd85.png,4f330e82eb31e5fbf46da330d78be061caf44bfa7a1ba88ada3a885bb353b1f0,colab-t4-hierarchical-calibration-v1,1,2026-10-08T13:20:58.568153+00:00,0.994872510433197,0.9877818822860718,True,0.9278823089998696,,0.659395694732666,0.5946570634841919,True,0.16236303000005137,,0.068695068359375,512,512,4,512,512,F,1.1037882659998104
diffdetect-hierarchical-calibration-v1,5a23bee4f802b9c88dd41030711aee173d27a3f8974371153439c0c363cde3a5,415,cocoglide:000000424721:edited,edited,nebula/CocoGlide,275f045df7caa2544dd28de7fa86b044ab661bd0,calibration,000000424721,dc4934824175e720024daab7edea673beb3558d4139eb952433bf0106b8ffc2a,colab-t4-hierarchical-calibration-v1,1,2026-10-08T13:20:59.700351+00:00,0.9957706332206726,0.9877818822860718,True,0.9237004950000482,,0.9951496720314026,0.5946570634841919,True,0.8803588820001096,,0.06437841000682001,1016,1016,25,256,256,F,1.8086588750002193
diffdetect-hierarchical-calibration-v1,5a23bee4f802b9c88dd41030711aee173d27a3f8974371153439c0c363cde3a5,416,diffusiondb:285b67ce-f752-4590-80c7-8224e6797fcc.png,synthetic,poloclub/diffusiondb,fb620fbe49fa4420e0734bd9c0df11f51176b61f,part-001800,285b67ce-f752-4590-80c7-8224e6797fcc.png,abcb261a98d08c868fac6518e5c7672ce571e93cd8aad1aac761e9621bdb70ab,colab-t4-hierarchical-calibration-v1,1,2026-10-08T13:21:01.525392+00:00,0.9938866496086121,0.9877818822860718,True,0.9281446560003133,,0.9702588319778442,0.5946570634841919,True,0.24376087100017685,,0.5302928577769886,704,512,6,704,512,F,1.1910904090000258
diffdetect-hierarchical-calibration-v1,5a23bee4f802b9c88dd41030711aee173d27a3f8974371153439c0c363cde3a5,417,cocoglide:000000561335:real,real,nebula/CocoGlide,275f045df7caa2544dd28de7fa86b044ab661bd0,calibration,000000561335,5979056605d8e24e4c520387573c1bdb6f0806ca7ac6bf757f3862df4d9aee28,colab-t4-hierarchical-calibration-v1,1,2026-10-08T13:21:02.730579+00:00,0.995486319065094,0.9877818822860718,True,0.9232487990002483,,0.359747052192688,0.5946570634841919,False,0.878201775999969,,0.002194223138446277,1016,1016,25,256,256,F,1.8060758440001337
diffdetect-hierarchical-calibration-v1,5a23bee4f802b9c88dd41030711aee173d27a3f8974371153439c0c363cde3a5,418,cocoglide:000000548506:edited,edited,nebula/CocoGlide,275f045df7caa2544dd28de7fa86b044ab661bd0,calibration,000000548506,75194ae7eebc7fb37209cdb885121df8f9cc402f22aab13e485422abcea45481,colab-t4-hierarchical-calibration-v1,1,2026-10-08T13:21:04.555886+00:00,0.9950609803199768,0.9877818822860718,True,0.9261528010001712,,0.9595385789871216,0.5946570634841919,True,0.9599763589999384,,0.24618989862979726,1016,1016,25,256,256,F,1.890679036000165
diffdetect-hierarchical-calibration-v1,5a23bee4f802b9c88dd41030711aee173d27a3f8974371153439c0c363cde3a5,419,diffusiondb:fe3c0a17-492d-46c7-9fb5-bcffca348ba9.png,synthetic,poloclub/diffusiondb,fb620fbe49fa4420e0734bd9c0df11f51176b61f,part-001800,fe3c0a17-492d-46c7-9fb5-bcffca348ba9.png,0dcd136311cfb6dbffa140013866a5c93cdc35c2d0f528ea3813a52173970e96,colab-t4-hierarchical-calibration-v1,1,2026-10-08T13:21:06.461191+00:00,0.9747207760810852,0.9877818822860718,False,0.9289669019999565,,0.9340609908103943,0.5946570634841919,True,0.20713107699975808,,0.4629554748535156,512,512,4,512,512,F,1.1507497510001485
diffdetect-hierarchical-calibration-v1,5a23bee4f802b9c88dd41030711aee173d27a3f8974371153439c0c363cde3a5,420,cocoglide:000000480842:edited,edited,nebula/CocoGlide,275f045df7caa2544dd28de7fa86b044ab661bd0,calibration,000000480842,61bae9bded9c1ba34d81433fde5b81e0c4db7bf2781a23a78ce66929dd2d8fec,colab-t4-hierarchical-calibration-v1,1,2026-10-08T13:21:07.630761+00:00,0.9945100545883179,0.9877818822860718,True,0.9233833389998836,,0.7967608571052551,0.5946570634841919,True,0.9958327650001593,,0.07703709157418315,1016,1016,25,256,256,F,1.9250397450000492
diffdetect-hierarchical-calibration-v1,5a23bee4f802b9c88dd41030711aee173d27a3f8974371153439c0c363cde3a5,421,diffusiondb:041da770-1eb9-493b-b51c-ce33fd1e7108.png,synthetic,poloclub/diffusiondb,fb620fbe49fa4420e0734bd9c0df11f51176b61f,part-001800,041da770-1eb9-493b-b51c-ce33fd1e7108.png,95e9a570a0c9fba87ac4bdb913c705a97ba49fa95c5ac5ded089230187d76ae5,colab-t4-hierarchical-calibration-v1,1,2026-10-08T13:21:09.575430+00:00,0.9929662942886353,0.9877818822860718,True,0.9358865999997761,,0.9717199802398682,0.5946570634841919,True,0.45130466899991006,,0.7612037658691406,1024,512,12,1024,512,F,1.4186835040000005
diffdetect-hierarchical-calibration-v1,5a23bee4f802b9c88dd41030711aee173d27a3f8974371153439c0c363cde3a5,422,diffusiondb:6a84f9bf-18e2-4708-af12-ff4260737221.png,synthetic,poloclub/diffusiondb,fb620fbe49fa4420e0734bd9c0df11f51176b61f,part-001800,6a84f9bf-18e2-4708-af12-ff4260737221.png,b49f1f946217e2176305324699303f834729cf5053d14b511054338c2efdc15a,colab-t4-hierarchical-calibration-v1,1,2026-10-08T13:21:11.009017+00:00,0.9931214451789856,0.9877818822860718,True,0.9275474730002315,,0.9926554560661316,0.5946570634841919,True,0.31710557799988237,,0.2172978719075521,512,768,8,512,768,F,1.2628433709996898
diffdetect-hierarchical-calibration-v1,5a23bee4f802b9c88dd41030711aee173d27a3f8974371153439c0c363cde3a5,423,cocoglide:000000416256:edited,edited,nebula/CocoGlide,275f045df7caa2544dd28de7fa86b044ab661bd0,calibration,000000416256,e2842d21f8353835dc3ebbe0ea6b61a63d57ed1f40f8d60150b450ffed9d655b,colab-t4-hierarchical-calibration-v1,1,2026-10-08T13:21:12.286272+00:00,0.990426242351532,0.9877818822860718,True,0.9230159860003369,,0.9954845309257507,0.5946570634841919,True,0.8768901939997704,,0.11316669508339017,1016,1016,25,256,256,F,1.80460744300035
diffdetect-hierarchical-calibration-v1,5a23bee4f802b9c88dd41030711aee173d27a3f8974371153439c0c363cde3a5,424,diffusiondb:a75aa3db-6fca-4ffa-a132-f57ada7a91de.png,synthetic,poloclub/diffusiondb,fb620fbe49fa4420e0734bd9c0df11f51176b61f,part-001800,a75aa3db-6fca-4ffa-a132-f57ada7a91de.png,7f2d7eb323cacd738f9152e4305af297cd984560ecda65b09e8c48495ed23a33,colab-t4-hierarchical-calibration-v1,1,2026-10-08T13:21:14.106220+00:00,0.9867470264434814,0.9877818822860718,False,0.9286281879999478,,0.9896131753921509,0.5946570634841919,True,0.16083332300013353,,0.9966888427734375,512,512,4,512,512,F,1.0989515149999534
diffdetect-hierarchical-calibration-v1,5a23bee4f802b9c88dd41030711aee173d27a3f8974371153439c0c363cde3a5,425,diffusiondb:3e949498-7789-42c4-afaa-09ac8fc04a31.png,synthetic,poloclub/diffusiondb,fb620fbe49fa4420e0734bd9c0df11f51176b61f,part-001800,3e949498-7789-42c4-afaa-09ac8fc04a31.png,c82bce6ab0202d50979c53a76fa2f34205d9da03e9642399355c27ee9401e60a,colab-t4-hierarchical-calibration-v1,1,2026-10-08T13:21:15.220034+00:00,0.9912142753601074,0.9877818822860718,True,0.9349192950003271,,0.9552860260009766,0.5946570634841919,True,0.3171880479999345,,0.8646474984975961,832,512,8,832,512,F,1.2703830110003764
diffdetect-hierarchical-calibration-v1,5a23bee4f802b9c88dd41030711aee173d27a3f8974371153439c0c363cde3a5,426,diffusiondb:7d09bea2-3b08-4b2d-bf0b-23cbc68876e7.png,synthetic,poloclub/diffusiondb,fb620fbe49fa4420e0734bd9c0df11f51176b61f,part-001800,7d09bea2-3b08-4b2d-bf0b-23cbc68876e7.png,b2cc83ca231546d1b2f9470129914818fd45247f930aac8e11b71256d1f8234f,colab-t4-hierarchical-calibration-v1,1,2026-10-08T13:21:16.517884+00:00,0.9949595928192139,0.9877818822860718,True,0.9293839160000061,,0.9742875099182129,0.5946570634841919,True,0.16201028599971323,,0.64691162109375,512,512,4,512,512,F,1.1051456139998663
diffdetect-hierarchical-calibration-v1,5a23bee4f802b9c88dd41030711aee173d27a3f8974371153439c0c363cde3a5,427,cocoglide:000000044699:edited,edited,nebula/CocoGlide,275f045df7caa2544dd28de7fa86b044ab661bd0,calibration,000000044699,2b1f310d35307a4fc2728c100c51dff19d78a551ec3e2d779b045d8204208b29,colab-t4-hierarchical-calibration-v1,1,2026-10-08T13:21:17.637977+00:00,0.994541347026825,0.9877818822860718,True,0.9291982689996985,,0.9628627896308899,0.5946570634841919,True,0.8663100609996945,,0.06862735600471201,1016,1016,25,256,256,F,1.8009091099997931
diffdetect-hierarchical-calibration-v1,5a23bee4f802b9c88dd41030711aee173d27a3f8974371153439c0c363cde3a5,428,diffusiondb:98d090c9-b113-4698-87ee-894b35029b39.png,synthetic,poloclub/diffusiondb,fb620fbe49fa4420e0734bd9c0df11f51176b61f,part-001800,98d090c9-b113-4698-87ee-894b35029b39.png,4bfd8d086bd543cdeeb658ec1eb778941cfd2983da169c88012b7bec20fac3ea,colab-t4-hierarchical-calibration-v1,1,2026-10-08T13:21:19.453154+00:00,0.9932965636253357,0.9877818822860718,True,0.9307513939997989,,0.9066291451454163,0.5946570634841919,True,0.20664560600016557,,0.9426002502441406,512,512,4,512,512,F,1.1498421290002625
diffdetect-hierarchical-calibration-v1,5a23bee4f802b9c88dd41030711aee173d27a3f8974371153439c0c363cde3a5,429,cocoglide:000000498286:edited,edited,nebula/CocoGlide,275f045df7caa2544dd28de7fa86b044ab661bd0,calibration,000000498286,8bcd26bf37f69181f7cca6945c5b367735ec17f7a0b0eabb8b365e2f005f4248,colab-t4-hierarchical-calibration-v1,1,2026-10-08T13:21:20.617073+00:00,0.9945059418678284,0.9877818822860718,True,0.9251110019999942,,0.982715368270874,0.5946570634841919,True,1.0020941209995726,,0.03830735786471573,1016,1016,25,256,256,F,1.9325040449998596
diffdetect-hierarchical-calibration-v1,5a23bee4f802b9c88dd41030711aee173d27a3f8974371153439c0c363cde3a5,430,cocoglide:000000000285:edited,edited,nebula/CocoGlide,275f045df7caa2544dd28de7fa86b044ab661bd0,calibration,000000000285,7ce66d4e0442f43205dd68043af23d214d8077c8299feec69f652dfc8bcae8c7,colab-t4-hierarchical-calibration-v1,1,2026-10-08T13:21:22.563386+00:00,0.9928256273269653,0.9877818822860718,True,0.9223249230003603,,0.6503738164901733,0.5946570634841919,True,0.8631104020000748,,0.06480950461900924,1016,1016,25,256,256,F,1.791290468999705
diffdetect-hierarchical-calibration-v1,5a23bee4f802b9c88dd41030711aee173d27a3f8974371153439c0c363cde3a5,431,cocoglide:000000375078:edited,edited,nebula/CocoGlide,275f045df7caa2544dd28de7fa86b044ab661bd0,calibration,000000375078,6982a1da65f43f63d36f8aae2f29b0a74702a068ddd6ade35c00d01b4991d0ef,colab-t4-hierarchical-calibration-v1,1,2026-10-08T13:21:24.370705+00:00,0.9955589771270752,0.9877818822860718,True,0.9239296490000015,,0.9558262825012207,0.5946570634841919,True,0.8741293769999174,,0.17641360282720567,1016,1016,25,256,256,F,1.8030224529998122
diffdetect-hierarchical-calibration-v1,5a23bee4f802b9c88dd41030711aee173d27a3f8974371153439c0c363cde3a5,432,cocoglide:000000304817:real,real,nebula/CocoGlide,275f045df7caa2544dd28de7fa86b044ab661bd0,calibration,000000304817,7ed9b64a043a6b5ab795c85889a93b980ea80fbe7910fd393bfb1947b2b8b787,colab-t4-hierarchical-calibration-v1,1,2026-10-08T13:21:26.187801+00:00,0.9951985478401184,0.9877818822860718,True,0.9212926680002056,,0.012845478020608425,0.5946570634841919,False,0.8579810460000772,,0.0,1016,1016,25,256,256,F,1.7837814899999103
diffdetect-hierarchical-calibration-v1,5a23bee4f802b9c88dd41030711aee173d27a3f8974371153439c0c363cde3a5,433,cocoglide:000000111179:real,real,nebula/CocoGlide,275f045df7caa2544dd28de7fa86b044ab661bd0,calibration,000000111179,db615743c5bfdcbfd077df1f6242b3e4edf3a6a02349594e71916a38f7727fc4,colab-t4-hierarchical-calibration-v1,1,2026-10-08T13:21:27.988067+00:00,0.9990196228027344,0.9877818822860718,True,0.9193546250003237,,0.022107237949967384,0.5946570634841919,False,0.8613077420000081,,0.0,1016,1016,25,256,256,F,1.7850160880002477
diffdetect-hierarchical-calibration-v1,5a23bee4f802b9c88dd41030711aee173d27a3f8974371153439c0c363cde3a5,434,cocoglide:000000095786:edited,edited,nebula/CocoGlide,275f045df7caa2544dd28de7fa86b044ab661bd0,calibration,000000095786,89540c06cb45941f61a0c2f3ffc72de2dda372f7891be92ce2a6f8d87ade61cd,colab-t4-hierarchical-calibration-v1,1,2026-10-08T13:21:29.788022+00:00,0.9941104054450989,0.9877818822860718,True,0.9228471480000735,,0.9956462383270264,0.5946570634841919,True,0.864486745999784,,0.5927783418066837,1016,1016,25,256,256,F,1.7918796140002087
diffdetect-hierarchical-calibration-v1,5a23bee4f802b9c88dd41030711aee173d27a3f8974371153439c0c363cde3a5,435,cocoglide:000000168593:real,real,nebula/CocoGlide,275f045df7caa2544dd28de7fa86b044ab661bd0,calibration,000000168593,cccef53e2b850cbadc32d1b604be021afd407968c0ac500085bcc2915846fc7d,colab-t4-hierarchical-calibration-v1,1,2026-10-08T13:21:31.594670+00:00,0.9926294088363647,0.9877818822860718,True,0.9259778749997167,,0.009408802725374699,0.5946570634841919,False,0.8804685629997948,,0.0,1016,1016,25,256,256,F,1.8110354220002591
diffdetect-hierarchical-calibration-v1,5a23bee4f802b9c88dd41030711aee173d27a3f8974371153439c0c363cde3a5,436,cocoglide:000000114871:edited,edited,nebula/CocoGlide,275f045df7caa2544dd28de7fa86b044ab661bd0,calibration,000000114871,3f83c6b99205dfae876846870ab1d7f9928c572bbf4fca7172fda29067e2e162,colab-t4-hierarchical-calibration-v1,1,2026-10-08T13:21:33.421238+00:00,0.9947362542152405,0.9877818822860718,True,0.9273333169999205,,0.9995237588882446,0.5946570634841919,True,0.9788251119998677,,0.977134548019096,1016,1016,25,256,256,F,1.9108600250001473
diffdetect-hierarchical-calibration-v1,5a23bee4f802b9c88dd41030711aee173d27a3f8974371153439c0c363cde3a5,437,cocoglide:000000526103:edited,edited,nebula/CocoGlide,275f045df7caa2544dd28de7fa86b044ab661bd0,calibration,000000526103,8ed455f3b2e42ad53d69ec0c2346c5e2a5cf69ea8658f3e129776ac07c99b004,colab-t4-hierarchical-calibration-v1,1,2026-10-08T13:21:35.348527+00:00,0.9939601421356201,0.9877818822860718,True,0.9218452479999542,,0.35861116647720337,0.5946570634841919,False,0.9653444790001231,,0.00740998356996714,1016,1016,25,256,256,F,1.8933371180000904
diffdetect-hierarchical-calibration-v1,5a23bee4f802b9c88dd41030711aee173d27a3f8974371153439c0c363cde3a5,438,cocoglide:000000498286:real,real,nebula/CocoGlide,275f045df7caa2544dd28de7fa86b044ab661bd0,calibration,000000498286,a367f993703d1c10c38a9e5b9108482ee43547db21bef8bc56a8cef96566af1f,colab-t4-hierarchical-calibration-v1,1,2026-10-08T13:21:37.256237+00:00,0.9947677850723267,0.9877818822860718,True,0.922515077999833,,0.011538981460034847,0.5946570634841919,False,0.8542045039998811,,0.0,1016,1016,25,256,256,F,1.7808455780000259
diffdetect-hierarchical-calibration-v1,5a23bee4f802b9c88dd41030711aee173d27a3f8974371153439c0c363cde3a5,439,cocoglide:000000164363:edited,edited,nebula/CocoGlide,275f045df7caa2544dd28de7fa86b044ab661bd0,calibration,000000164363,211345f9e3a6bbd34b8bf6c0b2c013a5f2f94625f10836793608dce43ad5521d,colab-t4-hierarchical-calibration-v1,1,2026-10-08T13:21:39.055764+00:00,0.99528568983078,0.9877818822860718,True,0.9278806229999645,,0.9986745119094849,0.5946570634841919,True,0.8632595710000714,,0.5455478098456197,1016,1016,25,256,256,F,1.7953884799999287
diffdetect-hierarchical-calibration-v1,5a23bee4f802b9c88dd41030711aee173d27a3f8974371153439c0c363cde3a5,440,diffusiondb:e4c8b8da-b23f-4149-93c4-64af6ab2bdd8.png,synthetic,poloclub/diffusiondb,fb620fbe49fa4420e0734bd9c0df11f51176b61f,part-001800,e4c8b8da-b23f-4149-93c4-64af6ab2bdd8.png,981760568338bf742aa9696c27a8634026cac9f5ef69c31aa19aad847a3ea40f,colab-t4-hierarchical-calibration-v1,1,2026-10-08T13:21:40.865725+00:00,0.9927657842636108,0.9877818822860718,True,0.9313732979999259,,0.891313910484314,0.5946570634841919,True,0.22651572800032227,,0.2757232666015625,512,640,6,512,640,F,1.173446433999743
diffdetect-hierarchical-calibration-v1,5a23bee4f802b9c88dd41030711aee173d27a3f8974371153439c0c363cde3a5,441,diffusiondb:4400ee1a-cb7c-41fb-93f9-6e46de98d511.png,synthetic,poloclub/diffusiondb,fb620fbe49fa4420e0734bd9c0df11f51176b61f,part-001800,4400ee1a-cb7c-41fb-93f9-6e46de98d511.png,1c064b8408220232fe8ef62731e930ef29b8e34aff53a9bade919c2da5b6f13a,colab-t4-hierarchical-calibration-v1,1,2026-10-08T13:21:42.053529+00:00,0.9926419854164124,0.9877818822860718,True,0.9253426049999689,,0.9503461718559265,0.5946570634841919,True,0.15909589800003232,,0.9519767761230469,512,512,4,512,512,F,1.096008367000195
diffdetect-hierarchical-calibration-v1,5a23bee4f802b9c88dd41030711aee173d27a3f8974371153439c0c363cde3a5,442,cocoglide:000000221213:real,real,nebula/CocoGlide,275f045df7caa2544dd28de7fa86b044ab661bd0,calibration,000000221213,3c1a76bc7e58e6499cce72b3fdb7d666d3ac94244279508f318de36dc05b4ffb,colab-t4-hierarchical-calibration-v1,1,2026-10-08T13:21:43.164184+00:00,0.993558943271637,0.9877818822860718,True,0.9191433490000236,,0.01915249228477478,0.5946570634841919,False,0.8580651470001612,,0.0,1016,1016,25,256,256,F,1.7814473099997485
diffdetect-hierarchical-calibration-v1,5a23bee4f802b9c88dd41030711aee173d27a3f8974371153439c0c363cde3a5,443,diffusiondb:b58f49f9-f8b0-4c21-a967-113d5d6b9b4f.png,synthetic,poloclub/diffusiondb,fb620fbe49fa4420e0734bd9c0df11f51176b61f,part-001800,b58f49f9-f8b0-4c21-a967-113d5d6b9b4f.png,84eae5a03e25b1f52dfd7b7303b7ba812cd480de5289d8a8ed7af7c14d0d4cfe,colab-t4-hierarchical-calibration-v1,1,2026-10-08T13:21:44.959956+00:00,0.9908562898635864,0.9877818822860718,True,0.9243184959996142,,0.9997888207435608,0.5946570634841919,True,0.162230007999824,,1.0,512,512,4,512,512,F,1.0984906250000677
diffdetect-hierarchical-calibration-v1,5a23bee4f802b9c88dd41030711aee173d27a3f8974371153439c0c363cde3a5,444,cocoglide:000000049269:edited,edited,nebula/CocoGlide,275f045df7caa2544dd28de7fa86b044ab661bd0,calibration,000000049269,96a799d0d62ad769851685d6ee82e3c1e631ec4827c25f21b2c04491750e57dc,colab-t4-hierarchical-calibration-v1,1,2026-10-08T13:21:46.072440+00:00,0.9948063492774963,0.9877818822860718,True,0.9226091499999711,,0.9791145920753479,0.5946570634841919,True,0.9573659110001245,,0.2586664548329097,1016,1016,25,256,256,F,1.8839883270002247
diffdetect-hierarchical-calibration-v1,5a23bee4f802b9c88dd41030711aee173d27a3f8974371153439c0c363cde3a5,445,cocoglide:000000210502:edited,edited,nebula/CocoGlide,275f045df7caa2544dd28de7fa86b044ab661bd0,calibration,000000210502,e435b5530c51f54b4e9bcd0806719eb8fa3548ab35d9eefe37faec72e0af9c9f,colab-t4-hierarchical-calibration-v1,1,2026-10-08T13:21:47.985490+00:00,0.9934942126274109,0.9877818822860718,True,0.9219157349998568,,0.9968927502632141,0.5946570634841919,True,0.9782790669996757,,0.7983290966581933,1016,1016,25,256,256,F,1.905698110999765
diffdetect-hierarchical-calibration-v1,5a23bee4f802b9c88dd41030711aee173d27a3f8974371153439c0c363cde3a5,446,cocoglide:000000377814:edited,edited,nebula/CocoGlide,275f045df7caa2544dd28de7fa86b044ab661bd0,calibration,000000377814,521c193718ddfbda1a5347d7331bcd7f4f0b0f892c6925a8fda592492fd1d043,colab-t4-hierarchical-calibration-v1,1,2026-10-08T13:21:49.907549+00:00,0.9943113327026367,0.9877818822860718,True,0.9202163129998553,,0.999373733997345,0.5946570634841919,True,0.9076408939999965,,0.7563114188728377,1016,1016,25,256,256,F,1.8334001880002688
diffdetect-hierarchical-calibration-v1,5a23bee4f802b9c88dd41030711aee173d27a3f8974371153439c0c363cde3a5,447,cocoglide:000000131938:real,real,nebula/CocoGlide,275f045df7caa2544dd28de7fa86b044ab661bd0,calibration,000000131938,98c11bbd7658ce8d7c034a27c6440c004e95f4d0ef215e6b5121ad4994393b2e,colab-t4-hierarchical-calibration-v1,1,2026-10-08T13:21:51.755107+00:00,0.9943435192108154,0.9877818822860718,True,0.9234386630000699,,0.006562006194144487,0.5946570634841919,False,0.8637553119997392,,0.0,1016,1016,25,256,256,F,1.7914820450000661
diffdetect-hierarchical-calibration-v1,5a23bee4f802b9c88dd41030711aee173d27a3f8974371153439c0c363cde3a5,448,cocoglide:000000105014:real,real,nebula/CocoGlide,275f045df7caa2544dd28de7fa86b044ab661bd0,calibration,000000105014,44dfe878a6a20bc1581053ade35c7aabe28ba69ea83a06b95804ab0ec8b64453,colab-t4-hierarchical-calibration-v1,1,2026-10-08T13:21:53.562697+00:00,0.9953811168670654,0.9877818822860718,True,0.9212830670003314,,0.1762586534023285,0.5946570634841919,False,0.8568453719999525,,0.0,1016,1016,25,256,256,F,1.784418471999743
diffdetect-hierarchical-calibration-v1,5a23bee4f802b9c88dd41030711aee173d27a3f8974371153439c0c363cde3a5,449,cocoglide:000000166563:real,real,nebula/CocoGlide,275f045df7caa2544dd28de7fa86b044ab661bd0,calibration,000000166563,ae73e6022d7dd886351a2a5b1a4926a47e69ad5ec41b3bc6bc39d9aa3a8d4416,colab-t4-hierarchical-calibration-v1,1,2026-10-08T13:21:55.361734+00:00,0.9794568419456482,0.9877818822860718,False,0.9207381470000655,,0.07757171243429184,0.5946570634841919,False,0.8577675709998402,,0.0,1016,1016,25,256,256,F,1.7827525869997771
diffdetect-hierarchical-calibration-v1,5a23bee4f802b9c88dd41030711aee173d27a3f8974371153439c0c363cde3a5,450,cocoglide:000000402473:edited,edited,nebula/CocoGlide,275f045df7caa2544dd28de7fa86b044ab661bd0,calibration,000000402473,7ae629664b9a9b3cca0ee2601a9e5053e7ae1754de8346b18f6359ab45b2764b,colab-t4-hierarchical-calibration-v1,1,2026-10-08T13:21:57.159217+00:00,0.9939436316490173,0.9877818822860718,True,0.9209254710003734,,0.9856842160224915,0.5946570634841919,True,0.8570714810002755,,0.4499232748465497,1016,1016,25,256,256,F,1.7826216589996875
diffdetect-hierarchical-calibration-v1,5a23bee4f802b9c88dd41030711aee173d27a3f8974371153439c0c363cde3a5,451,diffusiondb:55184eb8-1008-4021-a88d-10d0ce95d63d.png,synthetic,poloclub/diffusiondb,fb620fbe49fa4420e0734bd9c0df11f51176b61f,part-001800,55184eb8-1008-4021-a88d-10d0ce95d63d.png,9090ab4769ece5b14d615a2970c2c18748126320f9212491613d02f706123132,colab-t4-hierarchical-calibration-v1,1,2026-10-08T13:21:58.956441+00:00,0.9959096908569336,0.9877818822860718,True,0.9293767799999841,,0.27470409870147705,0.5946570634841919,False,0.4805273780002608,,0.0,1024,576,12,1024,576,F,1.4372434100000646
diffdetect-hierarchical-calibration-v1,5a23bee4f802b9c88dd41030711aee173d27a3f8974371153439c0c363cde3a5,452,diffusiondb:6fad9180-d909-432a-9bc6-6304e84b9f51.png,synthetic,poloclub/diffusiondb,fb620fbe49fa4420e0734bd9c0df11f51176b61f,part-001800,6fad9180-d909-432a-9bc6-6304e84b9f51.png,ef1483d8c5b63e9032c7893ae3c53d3cbe9b58bf20b8ed5d77b00b222a212d9f,colab-t4-hierarchical-calibration-v1,1,2026-10-08T13:22:00.408741+00:00,0.9961317777633667,0.9877818822860718,True,0.926132035000137,,0.7753681540489197,0.5946570634841919,True,0.20431763900023725,,0.6355476379394531,512,512,4,512,512,F,1.143373308000264
diffdetect-hierarchical-calibration-v1,5a23bee4f802b9c88dd41030711aee173d27a3f8974371153439c0c363cde3a5,453,cocoglide:000000320632:real,real,nebula/CocoGlide,275f045df7caa2544dd28de7fa86b044ab661bd0,calibration,000000320632,9dc31b81420da09d3a55662029d331c8eee75613b3c8df2f1769a305f8830943,colab-t4-hierarchical-calibration-v1,1,2026-10-08T13:22:01.567182+00:00,0.99162757396698,0.9877818822860718,True,0.9262667329999204,,0.08979771286249161,0.5946570634841919,False,0.9813267239997003,,0.0,1016,1016,25,256,256,F,1.912994789000095
diffdetect-hierarchical-calibration-v1,5a23bee4f802b9c88dd41030711aee173d27a3f8974371153439c0c363cde3a5,454,cocoglide:000000172856:real,real,nebula/CocoGlide,275f045df7caa2544dd28de7fa86b044ab661bd0,calibration,000000172856,b786bc2636e2ae7257eada24c4c1c3a2e8d055342ae2a9a53d8c72fe8813a7e4,colab-t4-hierarchical-calibration-v1,1,2026-10-08T13:22:03.510550+00:00,0.991070032119751,0.9877818822860718,True,0.922814998999911,,0.00897478312253952,0.5946570634841919,False,0.8922951800000192,,0.0,1016,1016,25,256,256,F,1.8251829620003264
diffdetect-hierarchical-calibration-v1,5a23bee4f802b9c88dd41030711aee173d27a3f8974371153439c0c363cde3a5,455,cocoglide:000000238866:real,real,nebula/CocoGlide,275f045df7caa2544dd28de7fa86b044ab661bd0,calibration,000000238866,190b5aa6f28f41ba4741df0294dce3f875f8503f40468993c4363f14c2ef78a1,colab-t4-hierarchical-calibration-v1,1,2026-10-08T13:22:05.366178+00:00,0.0027619528118520975,0.9877818822860718,False,0.9187103619997288,,0.8227414488792419,0.5946570634841919,True,0.8539636629998313,,0.04549355973711947,1016,1016,25,256,256,F,1.7781345180001153
diffdetect-hierarchical-calibration-v1,5a23bee4f802b9c88dd41030711aee173d27a3f8974371153439c0c363cde3a5,456,diffusiondb:ab73e48c-2993-406c-af59-5f37add1f1e5.png,synthetic,poloclub/diffusiondb,fb620fbe49fa4420e0734bd9c0df11f51176b61f,part-001800,ab73e48c-2993-406c-af59-5f37add1f1e5.png,8c5bc28c27d1cf54cdfc93713a91a447f97e7741e2e957f5b1aedd7b74549480,colab-t4-hierarchical-calibration-v1,1,2026-10-08T13:22:07.158878+00:00,0.9951828122138977,0.9877818822860718,True,0.9228239250001025,,0.9993070960044861,0.5946570634841919,True,0.1572067449997121,,0.9916877746582031,512,512,4,512,512,F,1.092142447000242
diffdetect-hierarchical-calibration-v1,5a23bee4f802b9c88dd41030711aee173d27a3f8974371153439c0c363cde3a5,457,diffusiondb:0e2c9a96-d7ae-4a7c-83fe-4e5dc769a3db.png,synthetic,poloclub/diffusiondb,fb620fbe49fa4420e0734bd9c0df11f51176b61f,part-001800,0e2c9a96-d7ae-4a7c-83fe-4e5dc769a3db.png,239f617db0dd6a8d3b66c584f64c4029c1395e3ca9d923a0bec75172a5db8f0d,colab-t4-hierarchical-calibration-v1,1,2026-10-08T13:22:08.265544+00:00,0.9954758286476135,0.9877818822860718,True,0.9231241960001171,,0.42806532979011536,0.5946570634841919,False,0.15431891000025644,,0.0,512,512,4,512,512,F,1.0872677820002536
diffdetect-hierarchical-calibration-v1,5a23bee4f802b9c88dd41030711aee173d27a3f8974371153439c0c363cde3a5,458,diffusiondb:590588ac-99ac-4ebb-9bd6-e2e50587bd3b.png,synthetic,poloclub/diffusiondb,fb620fbe49fa4420e0734bd9c0df11f51176b61f,part-001800,590588ac-99ac-4ebb-9bd6-e2e50587bd3b.png,26eaa43e98bc408c4c6395c0f590dbd03c0abeb18615fa495545000a197d2bf5,colab-t4-hierarchical-calibration-v1,1,2026-10-08T13:22:09.367565+00:00,0.9845120906829834,0.9877818822860718,False,0.9273932810001497,,0.8244112730026245,0.5946570634841919,True,0.1607196909999402,,0.8827362060546875,512,512,4,512,512,F,1.1007967329996973
diffdetect-hierarchical-calibration-v1,5a23bee4f802b9c88dd41030711aee173d27a3f8974371153439c0c363cde3a5,459,cocoglide:000000435299:real,real,nebula/CocoGlide,275f045df7caa2544dd28de7fa86b044ab661bd0,calibration,000000435299,6a91ea14e8f5e6dd1ca8422e5a140e7428192bc39c03e6ece85901487ebd4320,colab-t4-hierarchical-calibration-v1,1,2026-10-08T13:22:10.487937+00:00,0.9884703159332275,0.9877818822860718,True,0.9219924439998977,,0.38999348878860474,0.5946570634841919,False,0.8552173759999278,,0.0,1016,1016,25,256,256,F,1.7812910379998357
diffdetect-hierarchical-calibration-v1,5a23bee4f802b9c88dd41030711aee173d27a3f8974371153439c0c363cde3a5,460,diffusiondb:547c7764-3a83-48d3-938f-57e96def847a.png,synthetic,poloclub/diffusiondb,fb620fbe49fa4420e0734bd9c0df11f51176b61f,part-001800,547c7764-3a83-48d3-938f-57e96def847a.png,7680d7d06a6dacf88e1ba9fe03bc25845b2a8d664c7528eba0b70aaa6afcceda,colab-t4-hierarchical-calibration-v1,1,2026-10-08T13:22:12.283965+00:00,0.9949479103088379,0.9877818822860718,True,0.9215270059999057,,0.38550451397895813,0.5946570634841919,False,0.16728052899998147,,0.0,512,512,4,512,512,F,1.1019878870001776
diffdetect-hierarchical-calibration-v1,5a23bee4f802b9c88dd41030711aee173d27a3f8974371153439c0c363cde3a5,461,cocoglide:000000002149:real,real,nebula/CocoGlide,275f045df7caa2544dd28de7fa86b044ab661bd0,calibration,000000002149,8e160132b0d140d2cc589281a06b06945f4f87b90c48bc8303f0401e9bf084ae,colab-t4-hierarchical-calibration-v1,1,2026-10-08T13:22:13.400878+00:00,0.9933856129646301,0.9877818822860718,True,0.9178663930001676,,0.07266739755868912,0.5946570634841919,False,0.9381522290000248,,0.0,1016,1016,25,256,256,F,1.860233793000134
diffdetect-hierarchical-calibration-v1,5a23bee4f802b9c88dd41030711aee173d27a3f8974371153439c0c363cde3a5,462,cocoglide:000000017178:real,real,nebula/CocoGlide,275f045df7caa2544dd28de7fa86b044ab661bd0,calibration,000000017178,272190cbd3f7fb17b3eb439b949b5e63d86e498b05589f14eb1e7b7163c5ffb2,colab-t4-hierarchical-calibration-v1,1,2026-10-08T13:22:15.275559+00:00,0.9957237243652344,0.9877818822860718,True,0.9216304269998545,,0.022594472393393517,0.5946570634841919,False,1.0047732640000504,,0.0,1016,1016,25,256,256,F,1.9317161839999244
diffdetect-hierarchical-calibration-v1,5a23bee4f802b9c88dd41030711aee173d27a3f8974371153439c0c363cde3a5,463,cocoglide:000000088265:real,real,nebula/CocoGlide,275f045df7caa2544dd28de7fa86b044ab661bd0,calibration,000000088265,a78cbb1f48b20ff56636bfc71ec76506503a3fe6e002d1cc031c63fd7d7d025d,colab-t4-hierarchical-calibration-v1,1,2026-10-08T13:22:17.238800+00:00,0.9954755902290344,0.9877818822860718,True,0.9243727020002552,,0.1560821831226349,0.5946570634841919,False,0.8920246019997649,,0.0,1016,1016,25,256,256,F,1.8264680480001516
diffdetect-hierarchical-calibration-v1,5a23bee4f802b9c88dd41030711aee173d27a3f8974371153439c0c363cde3a5,464,cocoglide:000000269196:real,real,nebula/CocoGlide,275f045df7caa2544dd28de7fa86b044ab661bd0,calibration,000000269196,051e16595d759e5180ed9ba5855087d4046ace08e13ccba6bedd97d2629aa627,colab-t4-hierarchical-calibration-v1,1,2026-10-08T13:22:19.080215+00:00,0.9932936429977417,0.9877818822860718,True,0.9180826960000559,,0.06087518855929375,0.5946570634841919,False,0.8610497180002312,,0.0,1016,1016,25,256,256,F,1.785346973000287
diffdetect-hierarchical-calibration-v1,5a23bee4f802b9c88dd41030711aee173d27a3f8974371153439c0c363cde3a5,465,cocoglide:000000520871:real,real,nebula/CocoGlide,275f045df7caa2544dd28de7fa86b044ab661bd0,calibration,000000520871,6d1c9a11910773cf192cdefd26e3199b4f4a8004209c574ec879672cebc102d6,colab-t4-hierarchical-calibration-v1,1,2026-10-08T13:22:20.892308+00:00,0.9953641891479492,0.9877818822860718,True,0.9210829429998739,,0.09614037722349167,0.5946570634841919,False,0.8631546100000378,,0.0,1016,1016,25,256,256,F,1.7900542759998643
diffdetect-hierarchical-calibration-v1,5a23bee4f802b9c88dd41030711aee173d27a3f8974371153439c0c363cde3a5,466,cocoglide:000000450439:real,real,nebula/CocoGlide,275f045df7caa2544dd28de7fa86b044ab661bd0,calibration,000000450439,5d87d74e70240bd4dc752d0df7943560c6b90e5ab34e166671f045218c533cf3,colab-t4-hierarchical-calibration-v1,1,2026-10-08T13:22:22.697389+00:00,0.9993849992752075,0.9877818822860718,True,0.918171662000077,,0.07378973066806793,0.5946570634841919,False,0.8644928170001549,,0.0,1016,1016,25,256,256,F,1.7871076470000844
diffdetect-hierarchical-calibration-v1,5a23bee4f802b9c88dd41030711aee173d27a3f8974371153439c0c363cde3a5,467,cocoglide:000000267351:real,real,nebula/CocoGlide,275f045df7caa2544dd28de7fa86b044ab661bd0,calibration,000000267351,b66cac7be5deb480cb1418323348ed49fccae1189dec1c0f2fdf72d7f879ccff,colab-t4-hierarchical-calibration-v1,1,2026-10-08T13:22:24.499426+00:00,1.0,0.9877818822860718,True,0.9206680239999514,,0.45588546991348267,0.5946570634841919,False,0.8574559760004377,,0.0022513795027590054,1016,1016,25,256,256,F,1.782171081999877
diffdetect-hierarchical-calibration-v1,5a23bee4f802b9c88dd41030711aee173d27a3f8974371153439c0c363cde3a5,468,cocoglide:000000088218:real,real,nebula/CocoGlide,275f045df7caa2544dd28de7fa86b044ab661bd0,calibration,000000088218,cb84147d26bf9d3232e1f3b8d974b2f024dad2e46813b70475d13f4fc530b6f6,colab-t4-hierarchical-calibration-v1,1,2026-10-08T13:22:26.295960+00:00,0.9861917495727539,0.9877818822860718,False,0.918454182000005,,0.04562181234359741,0.5946570634841919,False,0.8577437819999432,,0.0,1016,1016,25,256,256,F,1.7800298009997277
diffdetect-hierarchical-calibration-v1,5a23bee4f802b9c88dd41030711aee173d27a3f8974371153439c0c363cde3a5,469,cocoglide:000000034205:edited,edited,nebula/CocoGlide,275f045df7caa2544dd28de7fa86b044ab661bd0,calibration,000000034205,bd54ce5c0c1dc0dfe3cb13aca93db446d0735d4951895622273e1c1243e5250a,colab-t4-hierarchical-calibration-v1,1,2026-10-08T13:22:28.090767+00:00,0.9957481026649475,0.9877818822860718,True,0.9220320449999235,,0.7226217985153198,0.5946570634841919,True,0.9780902419997801,,0.05998608872217744,1016,1016,25,256,256,F,1.9047643519998019
diffdetect-hierarchical-calibration-v1,5a23bee4f802b9c88dd41030711aee173d27a3f8974371153439c0c363cde3a5,470,cocoglide:000000129054:edited,edited,nebula/CocoGlide,275f045df7caa2544dd28de7fa86b044ab661bd0,calibration,000000129054,0a05b47e306a333aed0f4e1742b46f7e91b7cb65bb9754ddad6b2f8b1b8a21b6,colab-t4-hierarchical-calibration-v1,1,2026-10-08T13:22:30.012641+00:00,0.995510458946228,0.9877818822860718,True,0.9195342250000067,,0.46013960242271423,0.5946570634841919,False,0.9883604299998296,,0.004481446462892925,1016,1016,25,256,256,F,1.9126463100001274
diffdetect-hierarchical-calibration-v1,5a23bee4f802b9c88dd41030711aee173d27a3f8974371153439c0c363cde3a5,471,cocoglide:000000015440:edited,edited,nebula/CocoGlide,275f045df7caa2544dd28de7fa86b044ab661bd0,calibration,000000015440,94584c2a66db8670a8ea2cfda904da85cff277ef480bb41bc0fe54734633643a,colab-t4-hierarchical-calibration-v1,1,2026-10-08T13:22:31.939453+00:00,0.9959824085235596,0.9877818822860718,True,0.9202186549996441,,0.8307390809059143,0.5946570634841919,True,0.8852491150000787,,0.037920825841651684,1016,1016,25,256,256,F,1.8110548879999442
diffdetect-hierarchical-calibration-v1,5a23bee4f802b9c88dd41030711aee173d27a3f8974371153439c0c363cde3a5,472,cocoglide:000000402433:edited,edited,nebula/CocoGlide,275f045df7caa2544dd28de7fa86b044ab661bd0,calibration,000000402433,0aa7a585569000ae4ac35d292e1ec1f5c323f0bfed1c9b3e3a323068d9ab42ad,colab-t4-hierarchical-calibration-v1,1,2026-10-08T13:22:33.765782+00:00,0.9945372939109802,0.9877818822860718,True,0.9237736449999829,,0.9701967835426331,0.5946570634841919,True,0.8733988889998727,,0.17180524986049972,1016,1016,25,256,256,F,1.8017616210004235
diffdetect-hierarchical-calibration-v1,5a23bee4f802b9c88dd41030711aee173d27a3f8974371153439c0c363cde3a5,473,cocoglide:000000259625:real,real,nebula/CocoGlide,275f045df7caa2544dd28de7fa86b044ab661bd0,calibration,000000259625,58c6aa83c0aede756d045d76eb1bf9dfd1c4a5da1f2da6836c522ba8f445668e,colab-t4-hierarchical-calibration-v1,1,2026-10-08T13:22:35.582679+00:00,0.9956504702568054,0.9877818822860718,True,0.9242025280000234,,0.006787077523767948,0.5946570634841919,False,0.8591341520000242,,0.0,1016,1016,25,256,256,F,1.788775133999934
diffdetect-hierarchical-calibration-v1,5a23bee4f802b9c88dd41030711aee173d27a3f8974371153439c0c363cde3a5,474,cocoglide:000000228981:real,real,nebula/CocoGlide,275f045df7caa2544dd28de7fa86b044ab661bd0,calibration,000000228981,44b4ef6478679c2ed30e75c51edec036edca6f29dc1380d9e0ee7954b9650517,colab-t4-hierarchical-calibration-v1,1,2026-10-08T13:22:37.386012+00:00,0.9921422004699707,0.9877818822860718,True,0.9236046199998782,,0.011152799241244793,0.5946570634841919,False,0.8603999070001009,,0.0,1016,1016,25,256,256,F,1.788511397000093
diffdetect-hierarchical-calibration-v1,5a23bee4f802b9c88dd41030711aee173d27a3f8974371153439c0c363cde3a5,475,cocoglide:000000426166:edited,edited,nebula/CocoGlide,275f045df7caa2544dd28de7fa86b044ab661bd0,calibration,000000426166,3ca512d725ee0354eb7bb5c92fa1c8e515bdf2296998fc2ba0b21b56856bd34b,colab-t4-hierarchical-calibration-v1,1,2026-10-08T13:22:39.203517+00:00,0.992921769618988,0.9877818822860718,True,0.9244716839998546,,0.947662889957428,0.5946570634841919,True,0.874706352999965,,0.06645735166470333,1016,1016,25,256,256,F,1.8053070260002642
diffdetect-hierarchical-calibration-v1,5a23bee4f802b9c88dd41030711aee173d27a3f8974371153439c0c363cde3a5,476,cocoglide:000000518213:edited,edited,nebula/CocoGlide,275f045df7caa2544dd28de7fa86b044ab661bd0,calibration,000000518213,ce1642eccc0e1900f79836185417614ad7e47c05809c86f2e96c3892acaf6730,colab-t4-hierarchical-calibration-v1,1,2026-10-08T13:22:41.024063+00:00,0.9961333274841309,0.9877818822860718,True,0.9274050600001829,,0.9982596039772034,0.5946570634841919,True,0.9496238220003761,,0.24901284177568356,1016,1016,25,256,256,F,1.8814779419999468
diffdetect-hierarchical-calibration-v1,5a23bee4f802b9c88dd41030711aee173d27a3f8974371153439c0c363cde3a5,477,cocoglide:000000293071:edited,edited,nebula/CocoGlide,275f045df7caa2544dd28de7fa86b044ab661bd0,calibration,000000293071,6d45b869119eb8ea161f73cc4469034d179a74c5b94df1b188dcb287e083e526,colab-t4-hierarchical-calibration-v1,1,2026-10-08T13:22:42.920249+00:00,0.9939390420913696,0.9877818822860718,True,0.9253068620000704,,0.7968549132347107,0.5946570634841919,True,0.9964008809997722,,0.03476269452538905,1016,1016,25,256,256,F,1.927295533999768
diffdetect-hierarchical-calibration-v1,5a23bee4f802b9c88dd41030711aee173d27a3f8974371153439c0c363cde3a5,478,diffusiondb:e2ad8e1a-c0e2-48b9-bac2-482bb76490ff.png,synthetic,poloclub/diffusiondb,fb620fbe49fa4420e0734bd9c0df11f51176b61f,part-001800,e2ad8e1a-c0e2-48b9-bac2-482bb76490ff.png,e0302bdfd4e19b4fe40f69b0eca53920176ada9f5b6956516546b75357a7d0b6,colab-t4-hierarchical-calibration-v1,1,2026-10-08T13:22:44.863066+00:00,0.994650661945343,0.9877818822860718,True,0.9393769889998111,,0.8576288819313049,0.5946570634841919,True,0.3699270219999562,,0.08297475179036458,512,768,8,512,768,F,1.3345961889999671
diffdetect-hierarchical-calibration-v1,5a23bee4f802b9c88dd41030711aee173d27a3f8974371153439c0c363cde3a5,479,diffusiondb:0067c566-32a1-43a2-99b4-c8df579aefd2.png,synthetic,poloclub/diffusiondb,fb620fbe49fa4420e0734bd9c0df11f51176b61f,part-001800,0067c566-32a1-43a2-99b4-c8df579aefd2.png,c6a447eddfcc8f551780862cea9bcd834466dab06ac1e82e42b65a15ab63253b,colab-t4-hierarchical-calibration-v1,1,2026-10-08T13:22:46.220784+00:00,0.9930481910705566,0.9877818822860718,True,0.9256376479997925,,0.7416808605194092,0.5946570634841919,True,0.16320816600000398,,0.2315673828125,512,512,4,512,512,F,1.1078895139999076
diffdetect-hierarchical-calibration-v1,5a23bee4f802b9c88dd41030711aee173d27a3f8974371153439c0c363cde3a5,480,diffusiondb:85bda307-f890-49c4-8a14-40a7953878ee.png,synthetic,poloclub/diffusiondb,fb620fbe49fa4420e0734bd9c0df11f51176b61f,part-001800,85bda307-f890-49c4-8a14-40a7953878ee.png,45140e3a1a00722e85bd99e45444cfcbb4a89975a893df312993636477651b50,colab-t4-hierarchical-calibration-v1,1,2026-10-08T13:22:47.343874+00:00,0.9917546510696411,0.9877818822860718,True,0.9399706069998501,,0.9469018578529358,0.5946570634841919,True,0.47111637100033477,,0.7176801893446181,1024,576,12,1024,576,F,1.4362168620000375
diffdetect-hierarchical-calibration-v1,5a23bee4f802b9c88dd41030711aee173d27a3f8974371153439c0c363cde3a5,481,diffusiondb:991cfb94-6f66-4b0e-9702-7388d385575c.png,synthetic,poloclub/diffusiondb,fb620fbe49fa4420e0734bd9c0df11f51176b61f,part-001800,991cfb94-6f66-4b0e-9702-7388d385575c.png,94c4040c45f749b42d6dc13302ae1c0737bd4d768a9d5fda3aee24759efdf484,colab-t4-hierarchical-calibration-v1,1,2026-10-08T13:22:48.794144+00:00,0.9962283372879028,0.9877818822860718,True,0.9406742370001666,,0.8298460245132446,0.5946570634841919,True,0.4553412740001477,,0.30777931213378906,512,1024,12,512,1024,F,1.420564049999939
diffdetect-hierarchical-calibration-v1,5a23bee4f802b9c88dd41030711aee173d27a3f8974371153439c0c363cde3a5,482,cocoglide:000000231822:real,real,nebula/CocoGlide,275f045df7caa2544dd28de7fa86b044ab661bd0,calibration,000000231822,975999a430aa12145b256154fe60fb44ba1e13390313f90d24f5d72dc2a1957f,colab-t4-hierarchical-calibration-v1,1,2026-10-08T13:22:50.227774+00:00,0.9950586557388306,0.9877818822860718,True,0.9272874559997035,,0.02705000713467598,0.5946570634841919,False,0.8642181889999847,,0.0,1016,1016,25,256,256,F,1.7958016950001365
diffdetect-hierarchical-calibration-v1,5a23bee4f802b9c88dd41030711aee173d27a3f8974371153439c0c363cde3a5,483,cocoglide:000000081061:edited,edited,nebula/CocoGlide,275f045df7caa2544dd28de7fa86b044ab661bd0,calibration,000000081061,51018470825d9f8998c0e1bb0a6a43e18e890633c925e1fdf7dc71dd68893261,colab-t4-hierarchical-calibration-v1,1,2026-10-08T13:22:52.038703+00:00,0.9947072267532349,0.9877818822860718,True,0.9268445610000526,,0.9924547672271729,0.5946570634841919,True,0.8715718440003002,,0.0651485677971356,1016,1016,25,256,256,F,1.8027068979999967
diffdetect-hierarchical-calibration-v1,5a23bee4f802b9c88dd41030711aee173d27a3f8974371153439c0c363cde3a5,484,diffusiondb:2767d6c3-4542-432d-b32c-f9388795b461.png,synthetic,poloclub/diffusiondb,fb620fbe49fa4420e0734bd9c0df11f51176b61f,part-001800,2767d6c3-4542-432d-b32c-f9388795b461.png,e9bba1f7141e1dc69fe3b929ee2fcd5a92a979b2c192ae028ce811d2632232ea,colab-t4-hierarchical-calibration-v1,1,2026-10-08T13:22:53.855846+00:00,0.9954074025154114,0.9877818822860718,True,0.9367526229998475,,0.20396046340465546,0.5946570634841919,False,0.2484241940001084,,0.000979336825284091,512,704,6,512,704,F,1.1999669599999834
diffdetect-hierarchical-calibration-v1,5a23bee4f802b9c88dd41030711aee173d27a3f8974371153439c0c363cde3a5,485,diffusiondb:eb9cd069-63c9-4365-96bf-09c83167b54a.png,synthetic,poloclub/diffusiondb,fb620fbe49fa4420e0734bd9c0df11f51176b61f,part-001800,eb9cd069-63c9-4365-96bf-09c83167b54a.png,9e398435c6ea9bf0a1d3f866020c54b058130ce892002170728f459c51682b11,colab-t4-hierarchical-calibration-v1,1,2026-10-08T13:22:55.084326+00:00,0.9940125346183777,0.9877818822860718,True,0.939465071000086,,0.5926365852355957,0.5946570634841919,False,0.2777464180003335,,0.03748779296875,512,640,6,512,640,F,1.2322209620001559
diffdetect-hierarchical-calibration-v1,5a23bee4f802b9c88dd41030711aee173d27a3f8974371153439c0c363cde3a5,486,cocoglide:000000231088:real,real,nebula/CocoGlide,275f045df7caa2544dd28de7fa86b044ab661bd0,calibration,000000231088,a9f12811088bb50ba494571b17007c4c9a6df041b0296628f1504cc42c85fde1,colab-t4-hierarchical-calibration-v1,1,2026-10-08T13:22:56.332425+00:00,0.9819256067276001,0.9877818822860718,False,0.9294511989996863,,0.005890858359634876,0.5946570634841919,False,0.9698715520003134,,0.0,1016,1016,25,256,256,F,1.9047696249999717
diffdetect-hierarchical-calibration-v1,5a23bee4f802b9c88dd41030711aee173d27a3f8974371153439c0c363cde3a5,487,cocoglide:000000066135:real,real,nebula/CocoGlide,275f045df7caa2544dd28de7fa86b044ab661bd0,calibration,000000066135,c2a9e86574a6941e4a6f88005d6f1cd5b0f0c66a3aa39549b9b5ce2dec09fac4,colab-t4-hierarchical-calibration-v1,1,2026-10-08T13:22:58.258088+00:00,0.9947958588600159,0.9877818822860718,True,0.931632540999999,,0.018544534221291542,0.5946570634841919,False,0.8960457690000112,,0.0,1016,1016,25,256,256,F,1.8332347199998367
diffdetect-hierarchical-calibration-v1,5a23bee4f802b9c88dd41030711aee173d27a3f8974371153439c0c363cde3a5,488,diffusiondb:01242810-3f06-4a9a-a674-2a5910246ef8.png,synthetic,poloclub/diffusiondb,fb620fbe49fa4420e0734bd9c0df11f51176b61f,part-001800,01242810-3f06-4a9a-a674-2a5910246ef8.png,16be2349dfc978765f216d357bc50f9c2d9bb786bb3f95a37ccfc62c4f5afa4f,colab-t4-hierarchical-calibration-v1,1,2026-10-08T13:23:00.106780+00:00,0.9944367408752441,0.9877818822860718,True,0.9306073369998558,,0.9933732748031616,0.5946570634841919,True,0.23410148000039044,,1.0,512,704,6,512,704,F,1.1809649490000993
diffdetect-hierarchical-calibration-v1,5a23bee4f802b9c88dd41030711aee173d27a3f8974371153439c0c363cde3a5,489,cocoglide:000000344614:edited,edited,nebula/CocoGlide,275f045df7caa2544dd28de7fa86b044ab661bd0,calibration,000000344614,b8c1480facfb88577328df4013b585637fd4fae36eee5855088640bc37b183ad,colab-t4-hierarchical-calibration-v1,1,2026-10-08T13:23:01.302282+00:00,0.9947499632835388,0.9877818822860718,True,0.924807372000032,,0.8828402161598206,0.5946570634841919,True,0.8621395730001495,,0.043340992931985865,1016,1016,25,256,256,F,1.7932824530003018
diffdetect-hierarchical-calibration-v1,5a23bee4f802b9c88dd41030711aee173d27a3f8974371153439c0c363cde3a5,490,cocoglide:000000370900:edited,edited,nebula/CocoGlide,275f045df7caa2544dd28de7fa86b044ab661bd0,calibration,000000370900,addc26f5b5e4e68268c05c1926dc6800a86279708e4319449a33849dba5d097c,colab-t4-hierarchical-calibration-v1,1,2026-10-08T13:23:03.109993+00:00,0.9919677376747131,0.9877818822860718,True,0.9225158839999494,,0.9956145286560059,0.5946570634841919,True,0.8670655619998797,,0.728753332506665,1016,1016,25,256,256,F,1.7942524090003644
diffdetect-hierarchical-calibration-v1,5a23bee4f802b9c88dd41030711aee173d27a3f8974371153439c0c363cde3a5,491,cocoglide:000000222299:edited,edited,nebula/CocoGlide,275f045df7caa2544dd28de7fa86b044ab661bd0,calibration,000000222299,404766d425439a2f2f1fbca828184979732461137ee344c8b287542721433975,colab-t4-hierarchical-calibration-v1,1,2026-10-08T13:23:04.919038+00:00,0.9955562949180603,0.9877818822860718,True,0.9253001950000908,,0.9913389086723328,0.5946570634841919,True,0.8721848499999396,,0.04643809287618575,1016,1016,25,256,256,F,1.802297660000022
diffdetect-hierarchical-calibration-v1,5a23bee4f802b9c88dd41030711aee173d27a3f8974371153439c0c363cde3a5,492,cocoglide:000000451150:edited,edited,nebula/CocoGlide,275f045df7caa2544dd28de7fa86b044ab661bd0,calibration,000000451150,94100d1a1be06c61936a2e95a9ad1adc0780f65de13108ccd8976cede95a3f7c,colab-t4-hierarchical-calibration-v1,1,2026-10-08T13:23:06.736084+00:00,0.9940968751907349,0.9877818822860718,True,0.9236956830000054,,0.9982677102088928,0.5946570634841919,True,0.8697094569997716,,0.7065185380370761,1016,1016,25,256,256,F,1.7981831379997857
diffdetect-hierarchical-calibration-v1,5a23bee4f802b9c88dd41030711aee173d27a3f8974371153439c0c363cde3a5,493,cocoglide:000000365766:real,real,nebula/CocoGlide,275f045df7caa2544dd28de7fa86b044ab661bd0,calibration,000000365766,6b3393e0fa0a8c8174c363ce692f3a1eaa7a39377e2ba4f455863519bd7095d3,colab-t4-hierarchical-calibration-v1,1,2026-10-08T13:23:08.549523+00:00,0.990543782711029,0.9877818822860718,True,0.9204022910003005,,0.12898103892803192,0.5946570634841919,False,0.9410953090000476,,0.0,1016,1016,25,256,256,F,1.8661882319997858
diffdetect-hierarchical-calibration-v1,5a23bee4f802b9c88dd41030711aee173d27a3f8974371153439c0c363cde3a5,494,diffusiondb:5302e3c9-e29f-4f35-9dd5-55334333ef1c.png,synthetic,poloclub/diffusiondb,fb620fbe49fa4420e0734bd9c0df11f51176b61f,part-001800,5302e3c9-e29f-4f35-9dd5-55334333ef1c.png,ab43a1d74be7b31f8939fe4cb84d542d08c6d8fc542a049a96deaa50b7484b63,colab-t4-hierarchical-calibration-v1,1,2026-10-08T13:23:10.430147+00:00,0.9952197670936584,0.9877818822860718,True,0.9284734570001092,,0.8181669116020203,0.5946570634841919,True,0.20393583800023407,,0.9865493774414062,512,512,4,512,512,F,1.1463702559999547
diffdetect-hierarchical-calibration-v1,5a23bee4f802b9c88dd41030711aee173d27a3f8974371153439c0c363cde3a5,495,cocoglide:000000405432:edited,edited,nebula/CocoGlide,275f045df7caa2544dd28de7fa86b044ab661bd0,calibration,000000405432,1bb0a90380c351c4202ccf4520d4366b1a8dd95ec39303822a096cf537ae1a47,colab-t4-hierarchical-calibration-v1,1,2026-10-08T13:23:11.609239+00:00,0.9907364249229431,0.9877818822860718,True,0.9229532570002448,,0.990254819393158,0.5946570634841919,True,0.9833446100001311,,0.08682923615847232,1016,1016,25,256,256,F,1.9122931729998527
diffdetect-hierarchical-calibration-v1,5a23bee4f802b9c88dd41030711aee173d27a3f8974371153439c0c363cde3a5,496,cocoglide:000000580757:real,real,nebula/CocoGlide,275f045df7caa2544dd28de7fa86b044ab661bd0,calibration,000000580757,7baec47e09e274e2d60508cfa3dd3f3427a793fe3cb97d1ee889e6fe0e9939bf,colab-t4-hierarchical-calibration-v1,1,2026-10-08T13:23:13.538503+00:00,0.99592125415802,0.9877818822860718,True,0.9236520370000108,,0.08355887234210968,0.5946570634841919,False,0.8642831010001828,,0.0,1016,1016,25,256,256,F,1.79375418599966
diffdetect-hierarchical-calibration-v1,5a23bee4f802b9c88dd41030711aee173d27a3f8974371153439c0c363cde3a5,497,cocoglide:000000489046:edited,edited,nebula/CocoGlide,275f045df7caa2544dd28de7fa86b044ab661bd0,calibration,000000489046,b51e7784e8ebb64164782809e75b2ed12e72716f1cd3f0102b17cce801b435ee,colab-t4-hierarchical-calibration-v1,1,2026-10-08T13:23:15.346606+00:00,0.9903600215911865,0.9877818822860718,True,0.9217929679998633,,0.9558520913124084,0.5946570634841919,True,0.8615944759999365,,0.035081413912827826,1016,1016,25,256,256,F,1.7879626760000065
diffdetect-hierarchical-calibration-v1,5a23bee4f802b9c88dd41030711aee173d27a3f8974371153439c0c363cde3a5,498,cocoglide:000000420472:edited,edited,nebula/CocoGlide,275f045df7caa2544dd28de7fa86b044ab661bd0,calibration,000000420472,a4b291e0d746cad3b4fc9d4988622d76c65ab418caf06873079baebdae673651,colab-t4-hierarchical-calibration-v1,1,2026-10-08T13:23:17.150267+00:00,0.9956973791122437,0.9877818822860718,True,0.927453271000104,,0.9940070509910583,0.5946570634841919,True,0.8630714949999856,,0.16115866606733215,1016,1016,25,256,256,F,1.7950992119999682
diffdetect-hierarchical-calibration-v1,5a23bee4f802b9c88dd41030711aee173d27a3f8974371153439c0c363cde3a5,499,cocoglide:000000285788:edited,edited,nebula/CocoGlide,275f045df7caa2544dd28de7fa86b044ab661bd0,calibration,000000285788,28737b36a169b781698f29fb45887d30a2715f02fc1292c3e7609af52b90d48f,colab-t4-hierarchical-calibration-v1,1,2026-10-08T13:23:18.960203+00:00,0.9957667589187622,0.9877818822860718,True,0.9275413870000193,,0.6999098062515259,0.5946570634841919,True,0.8639781439997023,,0.013094619939239879,1016,1016,25,256,256,F,1.797427819999939
diffdetect-hierarchical-calibration-v1,5a23bee4f802b9c88dd41030711aee173d27a3f8974371153439c0c363cde3a5,500,cocoglide:000000296969:edited,edited,nebula/CocoGlide,275f045df7caa2544dd28de7fa86b044ab661bd0,calibration,000000296969,cf33c70519c7ad7db767f55f4926374548e9e2998477770859813f5170a26dfd,colab-t4-hierarchical-calibration-v1,1,2026-10-08T13:23:20.771850+00:00,0.9961221814155579,0.9877818822860718,True,0.9260338539997974,,0.8520032167434692,0.5946570634841919,True,0.8690637300001072,,0.0909735569471139,1016,1016,25,256,256,F,1.799527315999967
diffdetect-hierarchical-calibration-v1,5a23bee4f802b9c88dd41030711aee173d27a3f8974371153439c0c363cde3a5,501,diffusiondb:3e05211c-7788-4a80-a91f-4dc0a46b26f4.png,synthetic,poloclub/diffusiondb,fb620fbe49fa4420e0734bd9c0df11f51176b61f,part-001800,3e05211c-7788-4a80-a91f-4dc0a46b26f4.png,a73e9f581208cc7de1d3c3f9428fe0393c40e46ebed1f1807ebe5592f4656558,colab-t4-hierarchical-calibration-v1,1,2026-10-08T13:23:22.584535+00:00,0.9934566617012024,0.9877818822860718,True,0.9343877779997456,,0.8843082189559937,0.5946570634841919,True,0.37253009400001247,,0.5098292032877604,512,768,8,512,768,F,1.3248659650002992
diffdetect-hierarchical-calibration-v1,5a23bee4f802b9c88dd41030711aee173d27a3f8974371153439c0c363cde3a5,502,diffusiondb:0e95d67f-9f67-46ba-b990-95ebca516482.png,synthetic,poloclub/diffusiondb,fb620fbe49fa4420e0734bd9c0df11f51176b61f,part-001800,0e95d67f-9f67-46ba-b990-95ebca516482.png,565437fa572f917817e885e082933dd8d9883a3dc8c277cd09d9db21e414ea92,colab-t4-hierarchical-calibration-v1,1,2026-10-08T13:23:23.925712+00:00,0.9931129813194275,0.9877818822860718,True,0.9313566840000931,,0.855944037437439,0.5946570634841919,True,0.201750419000291,,0.2719764709472656,512,512,4,512,512,F,1.146994702000029
diffdetect-hierarchical-calibration-v1,5a23bee4f802b9c88dd41030711aee173d27a3f8974371153439c0c363cde3a5,503,cocoglide:000000100582:edited,edited,nebula/CocoGlide,275f045df7caa2544dd28de7fa86b044ab661bd0,calibration,000000100582,5c770629fc6dcc9d345427fde5cfed268096fd8ae27d02171bf7d9d355ccbc0f,colab-t4-hierarchical-calibration-v1,1,2026-10-08T13:23:25.091149+00:00,0.9944955706596375,0.9877818822860718,True,0.9268749210000351,,0.9339394569396973,0.5946570634841919,True,0.982431319999705,,0.16981640213280427,1016,1016,25,256,256,F,1.915668203000223
diffdetect-hierarchical-calibration-v1,5a23bee4f802b9c88dd41030711aee173d27a3f8974371153439c0c363cde3a5,504,cocoglide:000000350388:edited,edited,nebula/CocoGlide,275f045df7caa2544dd28de7fa86b044ab661bd0,calibration,000000350388,9002b873c77f3ef0234528ea12ef9759d868727cf17b87e7742c35fefabce84a,colab-t4-hierarchical-calibration-v1,1,2026-10-08T13:23:27.022978+00:00,0.9955280423164368,0.9877818822860718,True,0.9242458529997748,,0.9394924640655518,0.5946570634841919,True,0.8629053640001985,,0.1102255642011284,1016,1016,25,256,256,F,1.7926469539997925
diffdetect-hierarchical-calibration-v1,5a23bee4f802b9c88dd41030711aee173d27a3f8974371153439c0c363cde3a5,505,cocoglide:000000048924:edited,edited,nebula/CocoGlide,275f045df7caa2544dd28de7fa86b044ab661bd0,calibration,000000048924,ee06d8b6d6bc447c8a0e1f438bbf54ad35d1fee2f0f4192fc9dfdec8f1adc561,colab-t4-hierarchical-calibration-v1,1,2026-10-08T13:23:28.829932+00:00,0.9948069453239441,0.9877818822860718,True,0.9255610149998574,,0.9133914709091187,0.5946570634841919,True,0.8794865259997096,,0.10192336009672019,1016,1016,25,256,256,F,1.8104746279996107
diffdetect-hierarchical-calibration-v1,5a23bee4f802b9c88dd41030711aee173d27a3f8974371153439c0c363cde3a5,506,cocoglide:000000549167:real,real,nebula/CocoGlide,275f045df7caa2544dd28de7fa86b044ab661bd0,calibration,000000549167,fe8b580655903e5d599661663d17c8e97c29e6fb8cb18c4c58916cb4ef22af44,colab-t4-hierarchical-calibration-v1,1,2026-10-08T13:23:30.656557+00:00,0.9948195815086365,0.9877818822860718,True,0.9219922479996967,,0.024617427960038185,0.5946570634841919,False,0.8668748019999839,,0.0,1016,1016,25,256,256,F,1.7951550160000806
diffdetect-hierarchical-calibration-v1,5a23bee4f802b9c88dd41030711aee173d27a3f8974371153439c0c363cde3a5,507,cocoglide:000000392818:edited,edited,nebula/CocoGlide,275f045df7caa2544dd28de7fa86b044ab661bd0,calibration,000000392818,f5fb1ceeb018be36e4969a35f2a3d9e85fc7049b88f84319206a85bfe47484f2,colab-t4-hierarchical-calibration-v1,1,2026-10-08T13:23:32.468470+00:00,0.9928702712059021,0.9877818822860718,True,0.9248168399999486,,0.9919330477714539,0.5946570634841919,True,0.8736557980000725,,0.4916590458180916,1016,1016,25,256,256,F,1.8035324740003489
diffdetect-hierarchical-calibration-v1,5a23bee4f802b9c88dd41030711aee173d27a3f8974371153439c0c363cde3a5,508,cocoglide:000000369370:real,real,nebula/CocoGlide,275f045df7caa2544dd28de7fa86b044ab661bd0,calibration,000000369370,092dd7eb9f685aca7561e6ad9b4f804ba62758e008aad42007f55814aafae028,colab-t4-hierarchical-calibration-v1,1,2026-10-08T13:23:34.288040+00:00,0.9939237236976624,0.9877818822860718,True,0.9256735979997757,,0.14386263489723206,0.5946570634841919,False,0.8653899999999339,,0.0,1016,1016,25,256,256,F,1.7957167459999255
diffdetect-hierarchical-calibration-v1,5a23bee4f802b9c88dd41030711aee173d27a3f8974371153439c0c363cde3a5,509,cocoglide:000000091654:real,real,nebula/CocoGlide,275f045df7caa2544dd28de7fa86b044ab661bd0,calibration,000000091654,5105889c16cb83bf867c63553f5ef00071e010cc8fc5c79d688fb3d38df55830,colab-t4-hierarchical-calibration-v1,1,2026-10-08T13:23:36.098959+00:00,0.9955161213874817,0.9877818822860718,True,0.9230656539998563,,0.3617292046546936,0.5946570634841919,False,0.957179160999658,,0.000527001054002108,1016,1016,25,256,256,F,1.8852443989999301
diffdetect-hierarchical-calibration-v1,5a23bee4f802b9c88dd41030711aee173d27a3f8974371153439c0c363cde3a5,510,cocoglide:000000545407:edited,edited,nebula/CocoGlide,275f045df7caa2544dd28de7fa86b044ab661bd0,calibration,000000545407,4c6018acc6b446de651839bcef0c49773b65123695af71b3a5da82c475e7f2fb,colab-t4-hierarchical-calibration-v1,1,2026-10-08T13:23:37.999491+00:00,0.9904423356056213,0.9877818822860718,True,0.9255049449998296,,0.982381284236908,0.5946570634841919,True,0.9795301970002583,,0.057903272056544115,1016,1016,25,256,256,F,1.910296702999858
diffdetect-hierarchical-calibration-v1,5a23bee4f802b9c88dd41030711aee173d27a3f8974371153439c0c363cde3a5,511,cocoglide:000000384616:real,real,nebula/CocoGlide,275f045df7caa2544dd28de7fa86b044ab661bd0,calibration,000000384616,29b67fa0cc3680179be88af458f84659c6d2fe15a55234b5c4fe096f033382ef,colab-t4-hierarchical-calibration-v1,1,2026-10-08T13:23:39.934239+00:00,0.9959949254989624,0.9877818822860718,True,0.9197002030000476,,0.01088053546845913,0.5946570634841919,False,0.8961252959998092,,0.0,1016,1016,25,256,256,F,1.8229610780003895
diffdetect-hierarchical-calibration-v1,5a23bee4f802b9c88dd41030711aee173d27a3f8974371153439c0c363cde3a5,512,diffusiondb:53c37a05-9486-47e5-ba43-db0280af7fb0.png,synthetic,poloclub/diffusiondb,fb620fbe49fa4420e0734bd9c0df11f51176b61f,part-001800,53c37a05-9486-47e5-ba43-db0280af7fb0.png,9fc3ded7207d9cf240c8ffe5df49d1246d7f98fdfa72bf859189b6c42651398f,colab-t4-hierarchical-calibration-v1,1,2026-10-08T13:23:41.772327+00:00,0.9964181184768677,0.9877818822860718,True,0.9309666970002581,,0.947685956954956,0.5946570634841919,True,0.4568332499998178,,0.23112869262695312,1024,512,12,1024,512,F,1.410558693999974
diffdetect-hierarchical-calibration-v1,5a23bee4f802b9c88dd41030711aee173d27a3f8974371153439c0c363cde3a5,513,diffusiondb:ea71e1f7-05f6-4d24-bc88-185aab075fab.png,synthetic,poloclub/diffusiondb,fb620fbe49fa4420e0734bd9c0df11f51176b61f,part-001800,ea71e1f7-05f6-4d24-bc88-185aab075fab.png,6287ede397617461ebc056b9e47d6a62f654446df8070b056c16e7cd5a9b1956,colab-t4-hierarchical-calibration-v1,1,2026-10-08T13:23:43.198524+00:00,0.9910334944725037,0.9877818822860718,True,0.9238488470000448,,0.9653646945953369,0.5946570634841919,True,0.15909292500009542,,0.860198974609375,512,512,4,512,512,F,1.0928366789999018
diffdetect-hierarchical-calibration-v1,5a23bee4f802b9c88dd41030711aee173d27a3f8974371153439c0c363cde3a5,514,diffusiondb:7de7f640-0767-4e2c-a617-da1a37e7ee82.png,synthetic,poloclub/diffusiondb,fb620fbe49fa4420e0734bd9c0df11f51176b61f,part-001800,7de7f640-0767-4e2c-a617-da1a37e7ee82.png,e47f04aa589d4a7ca7ed543c1678790cc4db836b71f3fa7d740d7b45c5c7dd19,colab-t4-hierarchical-calibration-v1,1,2026-10-08T13:23:44.305587+00:00,0.9999998807907104,0.9877818822860718,True,0.9263685760001863,,0.6944860219955444,0.5946570634841919,True,0.15637868999965576,,0.20972061157226562,512,512,4,512,512,F,1.0960588580001058
diffdetect-hierarchical-calibration-v1,5a23bee4f802b9c88dd41030711aee173d27a3f8974371153439c0c363cde3a5,515,diffusiondb:f7ae7aa2-8860-4442-8281-c25115ae51d5.png,synthetic,poloclub/diffusiondb,fb620fbe49fa4420e0734bd9c0df11f51176b61f,part-001800,f7ae7aa2-8860-4442-8281-c25115ae51d5.png,ba4c3921176bbb3e3be1048952736b4b24053d1a3d4d40774f167c2c60fd0988,colab-t4-hierarchical-calibration-v1,1,2026-10-08T13:23:45.431230+00:00,0.9952894449234009,0.9877818822860718,True,0.9242992080003205,,0.9976170063018799,0.5946570634841919,True,0.15877646599983564,,0.9881324768066406,512,512,4,512,512,F,1.093195136000304
diffdetect-hierarchical-calibration-v1,5a23bee4f802b9c88dd41030711aee173d27a3f8974371153439c0c363cde3a5,516,cocoglide:000000269196:edited,edited,nebula/CocoGlide,275f045df7caa2544dd28de7fa86b044ab661bd0,calibration,000000269196,33d9e94449b069fd8dfc7ea1eb276354dc36b9126e561303f11669b8912df042,colab-t4-hierarchical-calibration-v1,1,2026-10-08T13:23:46.541129+00:00,0.991384744644165,0.9877818822860718,True,0.9213372470003378,,0.9793524742126465,0.5946570634841919,True,0.8631881350002004,,0.4985255595511191,1016,1016,25,256,256,F,1.788953832000061
diffdetect-hierarchical-calibration-v1,5a23bee4f802b9c88dd41030711aee173d27a3f8974371153439c0c363cde3a5,517,cocoglide:000000347664:edited,edited,nebula/CocoGlide,275f045df7caa2544dd28de7fa86b044ab661bd0,calibration,000000347664,1eb357e6eeb0cf2541a5ab263093a3bb5f86877afde30d49d7d599d04c29f646,colab-t4-hierarchical-calibration-v1,1,2026-10-08T13:23:48.345068+00:00,0.9929975271224976,0.9877818822860718,True,0.9200827110003047,,0.21791373193264008,0.5946570634841919,False,0.85376538599985,,0.0038536952073904146,1016,1016,25,256,256,F,1.7778187230001095
diffdetect-hierarchical-calibration-v1,5a23bee4f802b9c88dd41030711aee173d27a3f8974371153439c0c363cde3a5,518,diffusiondb:c816dc59-f8f7-4d76-8844-ed96960732c0.png,synthetic,poloclub/diffusiondb,fb620fbe49fa4420e0734bd9c0df11f51176b61f,part-001800,c816dc59-f8f7-4d76-8844-ed96960732c0.png,92f12b2ef94c8461997d523720525ea7644543ae6f4e69e4c66dab028e629479,colab-t4-hierarchical-calibration-v1,1,2026-10-08T13:23:50.138451+00:00,0.99369215965271,0.9877818822860718,True,0.9287752889999865,,0.9907436370849609,0.5946570634841919,True,0.3253176639996127,,0.21641031901041666,512,768,8,512,768,F,1.2716171460001533
diffdetect-hierarchical-calibration-v1,5a23bee4f802b9c88dd41030711aee173d27a3f8974371153439c0c363cde3a5,519,cocoglide:000000211069:edited,edited,nebula/CocoGlide,275f045df7caa2544dd28de7fa86b044ab661bd0,calibration,000000211069,b2270621d5db43ba5fd9bf8abe11a42c8eaf908d78be46111646385b4181acba,colab-t4-hierarchical-calibration-v1,1,2026-10-08T13:23:51.432218+00:00,0.9961340427398682,0.9877818822860718,True,0.9229065439999431,,0.8401183485984802,0.5946570634841919,True,0.9776200579999568,,0.045518747287494575,1016,1016,25,256,256,F,1.9069133170000896
diffdetect-hierarchical-calibration-v1,5a23bee4f802b9c88dd41030711aee173d27a3f8974371153439c0c363cde3a5,520,diffusiondb:df8544ea-e9b1-489f-ace4-6f2d706d8ea3.png,synthetic,poloclub/diffusiondb,fb620fbe49fa4420e0734bd9c0df11f51176b61f,part-001800,df8544ea-e9b1-489f-ace4-6f2d706d8ea3.png,e998bd66307692e0237bca5ba033010d31c5410bee86ce27ca04074eb51cbf79,colab-t4-hierarchical-calibration-v1,1,2026-10-08T13:23:53.357021+00:00,0.9947304725646973,0.9877818822860718,True,0.9242446850003034,,0.9190526604652405,0.5946570634841919,True,0.2025261470002988,,0.6740226745605469,512,512,4,512,512,F,1.1444866369997726
diffdetect-hierarchical-calibration-v1,5a23bee4f802b9c88dd41030711aee173d27a3f8974371153439c0c363cde3a5,521,diffusiondb:9e6b2214-3021-4bcf-8c12-a1f5e88ccd4a.png,synthetic,poloclub/diffusiondb,fb620fbe49fa4420e0734bd9c0df11f51176b61f,part-001800,9e6b2214-3021-4bcf-8c12-a1f5e88ccd4a.png,8baccfa174fedb43e92d3392907cd8761e3eccf472a36ec7cabe9dbe78b19413,colab-t4-hierarchical-calibration-v1,1,2026-10-08T13:23:54.519765+00:00,0.9937917590141296,0.9877818822860718,True,0.9282286059997205,,0.9621295928955078,0.5946570634841919,True,0.2296732139998312,,0.71806640625,512,640,6,512,640,F,1.174541728999884
diffdetect-hierarchical-calibration-v1,5a23bee4f802b9c88dd41030711aee173d27a3f8974371153439c0c363cde3a5,522,cocoglide:000000095786:real,real,nebula/CocoGlide,275f045df7caa2544dd28de7fa86b044ab661bd0,calibration,000000095786,55d8d852e77fe8d0522e0a0f867e58ee9785e88fe61aedf934be1d92ae539789,colab-t4-hierarchical-calibration-v1,1,2026-10-08T13:23:55.709267+00:00,0.9949855804443359,0.9877818822860718,True,0.9195541359999879,,0.9118410348892212,0.5946570634841919,True,0.856576240999857,,0.06590516306032612,1016,1016,25,256,256,F,1.781017583999983
diffdetect-hierarchical-calibration-v1,5a23bee4f802b9c88dd41030711aee173d27a3f8974371153439c0c363cde3a5,523,diffusiondb:a0175cba-0842-4f40-8e20-86b7819ca194.png,synthetic,poloclub/diffusiondb,fb620fbe49fa4420e0734bd9c0df11f51176b61f,part-001800,a0175cba-0842-4f40-8e20-86b7819ca194.png,b3a0c12bc57fdd8b80e6925e15a5e83ead64eaacaa9985e53c1c7bb7639b98a9,colab-t4-hierarchical-calibration-v1,1,2026-10-08T13:23:57.505006+00:00,0.9934813976287842,0.9877818822860718,True,0.9196610609997151,,0.8630167245864868,0.5946570634841919,True,0.1592919160002566,,0.086395263671875,512,512,4,512,512,F,1.089794897000047
diffdetect-hierarchical-calibration-v1,5a23bee4f802b9c88dd41030711aee173d27a3f8974371153439c0c363cde3a5,524,diffusiondb:a1c5d57f-f0d3-4a03-b24e-04e0ebbd7496.png,synthetic,poloclub/diffusiondb,fb620fbe49fa4420e0734bd9c0df11f51176b61f,part-001800,a1c5d57f-f0d3-4a03-b24e-04e0ebbd7496.png,b1f32aa8b4e530072a49cbc1c99a63a741bedfaca467b638e26a396bca30612c,colab-t4-hierarchical-calibration-v1,1,2026-10-08T13:23:58.610042+00:00,0.9910394549369812,0.9877818822860718,True,0.9294820709997111,,0.936959981918335,0.5946570634841919,True,0.4597025030002442,,0.4947052001953125,1024,576,12,1024,576,F,1.414018644999942
diffdetect-hierarchical-calibration-v1,5a23bee4f802b9c88dd41030711aee173d27a3f8974371153439c0c363cde3a5,525,cocoglide:000000070774:real,real,nebula/CocoGlide,275f045df7caa2544dd28de7fa86b044ab661bd0,calibration,000000070774,ca1f311482e78cb61a614e8f8ea6108ba90fd845a28d0fb477171d9ef70d1786,colab-t4-hierarchical-calibration-v1,1,2026-10-08T13:24:00.038803+00:00,0.0018693569581955671,0.9877818822860718,False,0.9204809670000031,,0.03080715797841549,0.5946570634841919,False,0.8649494010001035,,0.0,1016,1016,25,256,256,F,1.7906139789997724
diffdetect-hierarchical-calibration-v1,5a23bee4f802b9c88dd41030711aee173d27a3f8974371153439c0c363cde3a5,526,cocoglide:000000238866:edited,edited,nebula/CocoGlide,275f045df7caa2544dd28de7fa86b044ab661bd0,calibration,000000238866,c573e2d9004fdb5a477c53f2d4d762bfcc505676f52c74db2072fc06bdd2633f,colab-t4-hierarchical-calibration-v1,1,2026-10-08T13:24:01.856906+00:00,0.9071391820907593,0.9877818822860718,False,0.9196664400001282,,0.8640961050987244,0.5946570634841919,True,0.8625677069999256,,0.20830588536177072,1016,1016,25,256,256,F,1.7863554199998362
diffdetect-hierarchical-calibration-v1,5a23bee4f802b9c88dd41030711aee173d27a3f8974371153439c0c363cde3a5,527,cocoglide:000000161820:real,real,nebula/CocoGlide,275f045df7caa2544dd28de7fa86b044ab661bd0,calibration,000000161820,abc6cd8dbc9f6634d544f3ad6ab927a6a2f0d1eb2152798c72593c2e617020a0,colab-t4-hierarchical-calibration-v1,1,2026-10-08T13:24:03.658851+00:00,0.9962714910507202,0.9877818822860718,True,0.9189169250003033,,0.1819184124469757,0.5946570634841919,False,0.95681213700027,,0.0,1016,1016,25,256,256,F,1.8820524679999835
diffdetect-hierarchical-calibration-v1,5a23bee4f802b9c88dd41030711aee173d27a3f8974371153439c0c363cde3a5,528,cocoglide:000000548506:real,real,nebula/CocoGlide,275f045df7caa2544dd28de7fa86b044ab661bd0,calibration,000000548506,13c4b9d9219b859d367726687591a5b237f84f003c992e06b0c009228d8103d7,colab-t4-hierarchical-calibration-v1,1,2026-10-08T13:24:05.566069+00:00,0.994998574256897,0.9877818822860718,True,0.9185716639999555,,0.13382485508918762,0.5946570634841919,False,0.9747815319997244,,0.0002528442556885114,1016,1016,25,256,256,F,1.8994424740003524
diffdetect-hierarchical-calibration-v1,5a23bee4f802b9c88dd41030711aee173d27a3f8974371153439c0c363cde3a5,529,cocoglide:000000263860:real,real,nebula/CocoGlide,275f045df7caa2544dd28de7fa86b044ab661bd0,calibration,000000263860,0659f7c3969f390ce99eb5769f7b3f5bfd7e21feafc025b4efb95c341496a0c3,colab-t4-hierarchical-calibration-v1,1,2026-10-08T13:24:07.484324+00:00,0.9929466843605042,0.9877818822860718,True,0.922512658999949,,0.14102061092853546,0.5946570634841919,False,0.8797837039996921,,0.0,1016,1016,25,256,256,F,1.807371169000362
diffdetect-hierarchical-calibration-v1,5a23bee4f802b9c88dd41030711aee173d27a3f8974371153439c0c363cde3a5,530,cocoglide:000000550322:edited,edited,nebula/CocoGlide,275f045df7caa2544dd28de7fa86b044ab661bd0,calibration,000000550322,6ce432532c93c7ab77ed5bf7a851cc8be668805a23b78b0a05e49348d2ed41b7,colab-t4-hierarchical-calibration-v1,1,2026-10-08T13:24:09.306156+00:00,0.9958382844924927,0.9877818822860718,True,0.9181560820002233,,0.7977900505065918,0.5946570634841919,True,0.8555940869996448,,0.07235705096410193,1016,1016,25,256,256,F,1.7784405980000884
diffdetect-hierarchical-calibration-v1,5a23bee4f802b9c88dd41030711aee173d27a3f8974371153439c0c363cde3a5,531,diffusiondb:12253723-b840-4179-b119-b23d9b94968e.png,synthetic,poloclub/diffusiondb,fb620fbe49fa4420e0734bd9c0df11f51176b61f,part-001800,12253723-b840-4179-b119-b23d9b94968e.png,a8ca8942cf68d60e9860b4990253b32bade4d08955b9db996ddf2955b64c4315,colab-t4-hierarchical-calibration-v1,1,2026-10-08T13:24:11.098980+00:00,0.9939472675323486,0.9877818822860718,True,0.9216340320003837,,0.9879083037376404,0.5946570634841919,True,0.30612824799982263,,0.9430287679036459,768,512,8,768,512,F,1.2450615990001097
diffdetect-hierarchical-calibration-v1,5a23bee4f802b9c88dd41030711aee173d27a3f8974371153439c0c363cde3a5,532,cocoglide:000000365385:real,real,nebula/CocoGlide,275f045df7caa2544dd28de7fa86b044ab661bd0,calibration,000000365385,9dc65876310e11f31a5dd38855e26738ee4cac3c9bcccf3cea406fb98f13c26d,colab-t4-hierarchical-calibration-v1,1,2026-10-08T13:24:12.358713+00:00,0.9927613735198975,0.9877818822860718,True,0.9187941939999291,,0.3859673738479614,0.5946570634841919,False,0.8630320359998223,,0.0,1016,1016,25,256,256,F,1.7862256139997044
diffdetect-hierarchical-calibration-v1,5a23bee4f802b9c88dd41030711aee173d27a3f8974371153439c0c363cde3a5,533,cocoglide:000000347664:real,real,nebula/CocoGlide,275f045df7caa2544dd28de7fa86b044ab661bd0,calibration,000000347664,9fc9911dd6ac26cdac7dd33945ed812725f5b7449d9c8990bf77b82cf12a2c1a,colab-t4-hierarchical-calibration-v1,1,2026-10-08T13:24:14.159915+00:00,0.9932398796081543,0.9877818822860718,True,0.9189430629999151,,0.010089999996125698,0.5946570634841919,False,0.8578519389998291,,0.0,1016,1016,25,256,256,F,1.7808889939997243
diffdetect-hierarchical-calibration-v1,5a23bee4f802b9c88dd41030711aee173d27a3f8974371153439c0c363cde3a5,534,cocoglide:000000140929:edited,edited,nebula/CocoGlide,275f045df7caa2544dd28de7fa86b044ab661bd0,calibration,000000140929,94e285b42fb9f9b24320cb50a4261df9b2efdacf66a5dd0e5ee0f94926eb8685,colab-t4-hierarchical-calibration-v1,1,2026-10-08T13:24:15.955668+00:00,0.9666519165039062,0.9877818822860718,False,0.9186465669999961,,0.9809837937355042,0.5946570634841919,True,0.85456130700004,,0.4277853555707111,1016,1016,25,256,256,F,1.7768840720000298
diffdetect-hierarchical-calibration-v1,5a23bee4f802b9c88dd41030711aee173d27a3f8974371153439c0c363cde3a5,535,cocoglide:000000416885:edited,edited,nebula/CocoGlide,275f045df7caa2544dd28de7fa86b044ab661bd0,calibration,000000416885,5414f7ef7bda010dcfe530ec8c535d0acdae4f4de76da9c8a3560045f21db4cc,colab-t4-hierarchical-calibration-v1,1,2026-10-08T13:24:17.760846+00:00,0.9958957433700562,0.9877818822860718,True,0.9165540710000641,,0.9853288531303406,0.5946570634841919,True,0.938852725000288,,0.1899703174406349,1016,1016,25,256,256,F,1.8617497069999445
diffdetect-hierarchical-calibration-v1,5a23bee4f802b9c88dd41030711aee173d27a3f8974371153439c0c363cde3a5,536,diffusiondb:b8f4a475-bc67-4949-8856-d19366f2485f.png,synthetic,poloclub/diffusiondb,fb620fbe49fa4420e0734bd9c0df11f51176b61f,part-001800,b8f4a475-bc67-4949-8856-d19366f2485f.png,8a567cb62fa96b7cd2bb3d31f118d7e6606649375e0d640f06240888577bc916,colab-t4-hierarchical-calibration-v1,1,2026-10-08T13:24:19.638406+00:00,0.9947435855865479,0.9877818822860718,True,0.9293268279998301,,0.9985722303390503,0.5946570634841919,True,0.202176695000162,,0.83502197265625,512,512,4,512,512,F,1.15039779000017
diffdetect-hierarchical-calibration-v1,5a23bee4f802b9c88dd41030711aee173d27a3f8974371153439c0c363cde3a5,537,diffusiondb:e2af2334-a1bd-4a78-9028-5792a1ef4183.png,synthetic,poloclub/diffusiondb,fb620fbe49fa4420e0734bd9c0df11f51176b61f,part-001800,e2af2334-a1bd-4a78-9028-5792a1ef4183.png,6df3f549d129c482d0144fdebb27fb8f703a931fe5b450f56dcedb03004b58ef,colab-t4-hierarchical-calibration-v1,1,2026-10-08T13:24:20.804543+00:00,0.9939396381378174,0.9877818822860718,True,0.9269220129999667,,0.5616915225982666,0.5946570634841919,False,0.377522479000163,,0.03284454345703125,768,512,8,768,512,F,1.3290149270001166
diffdetect-hierarchical-calibration-v1,5a23bee4f802b9c88dd41030711aee173d27a3f8974371153439c0c363cde3a5,538,diffusiondb:51e0bcf9-dbd3-4e6b-898c-1a3a42a5199f.png,synthetic,poloclub/diffusiondb,fb620fbe49fa4420e0734bd9c0df11f51176b61f,part-001800,51e0bcf9-dbd3-4e6b-898c-1a3a42a5199f.png,3ec331fdd2d966d7514fe4c57cb28ba187bea3f73a93c5d36a28f324bdebb93d,colab-t4-hierarchical-calibration-v1,1,2026-10-08T13:24:22.151264+00:00,0.9925091862678528,0.9877818822860718,True,0.9306929379999929,,0.8802242875099182,0.5946570634841919,True,0.15698019699993893,,0.9626007080078125,512,512,4,512,512,F,1.1008013549999305
diffdetect-hierarchical-calibration-v1,5a23bee4f802b9c88dd41030711aee173d27a3f8974371153439c0c363cde3a5,539,cocoglide:000000057027:real,real,nebula/CocoGlide,275f045df7caa2544dd28de7fa86b044ab661bd0,calibration,000000057027,d0ff8ea38d8a82dfc4f2e5d57db47bb1298c9e33aa26a7ff9132795361e60935,colab-t4-hierarchical-calibration-v1,1,2026-10-08T13:24:23.271833+00:00,0.9952802658081055,0.9877818822860718,True,0.9193049880000217,,0.03641200065612793,0.5946570634841919,False,0.8528979950001485,,0.0,1016,1016,25,256,256,F,1.7763895759999286
diffdetect-hierarchical-calibration-v1,5a23bee4f802b9c88dd41030711aee173d27a3f8974371153439c0c363cde3a5,540,cocoglide:000000572956:edited,edited,nebula/CocoGlide,275f045df7caa2544dd28de7fa86b044ab661bd0,calibration,000000572956,88e8fa7250230869020c6f59dfbf912d4e031ced2ded18b747a5753a6cb6cc3c,colab-t4-hierarchical-calibration-v1,1,2026-10-08T13:24:25.063234+00:00,0.9923496842384338,0.9877818822860718,True,0.9188839379999081,,0.9927099347114563,0.5946570634841919,True,0.868945518000146,,0.6814084878169756,1016,1016,25,256,256,F,1.7924606879996645
diffdetect-hierarchical-calibration-v1,5a23bee4f802b9c88dd41030711aee173d27a3f8974371153439c0c363cde3a5,541,diffusiondb:1c6bd966-3f8f-431e-bb07-7bb50ea19e21.png,synthetic,poloclub/diffusiondb,fb620fbe49fa4420e0734bd9c0df11f51176b61f,part-001800,1c6bd966-3f8f-431e-bb07-7bb50ea19e21.png,43785a74289267b6290cbd66c685473d73839df1c3e217e8ad41477e5c835c38,colab-t4-hierarchical-calibration-v1,1,2026-10-08T13:24:26.870183+00:00,0.9950291514396667,0.9877818822860718,True,0.9205260479998287,,0.9640246629714966,0.5946570634841919,True,0.15700588599975163,,0.4406585693359375,512,512,4,512,512,F,1.089001509999889
diffdetect-hierarchical-calibration-v1,5a23bee4f802b9c88dd41030711aee173d27a3f8974371153439c0c363cde3a5,542,diffusiondb:ec8f5dec-ebab-4690-8676-613d079ee379.png,synthetic,poloclub/diffusiondb,fb620fbe49fa4420e0734bd9c0df11f51176b61f,part-001800,ec8f5dec-ebab-4690-8676-613d079ee379.png,86eaae46d30e90ef0062432ada2571bda6b146462e9a32ff802940efe3c10606,colab-t4-hierarchical-calibration-v1,1,2026-10-08T13:24:27.974033+00:00,0.9912812113761902,0.9877818822860718,True,0.9214044959999228,,0.9893019795417786,0.5946570634841919,True,0.15820955500021228,,0.7592201232910156,512,512,4,512,512,F,1.0946586529998967
diffdetect-hierarchical-calibration-v1,5a23bee4f802b9c88dd41030711aee173d27a3f8974371153439c0c363cde3a5,543,cocoglide:000000384513:real,real,nebula/CocoGlide,275f045df7caa2544dd28de7fa86b044ab661bd0,calibration,000000384513,fc5f78f23057c849fa3cb5ac3d0c5125386be59704ee9c98cd6f7d148939cb78,colab-t4-hierarchical-calibration-v1,1,2026-10-08T13:24:29.082964+00:00,0.9958555102348328,0.9877818822860718,True,0.9162921880001704,,0.0070336018688976765,0.5946570634841919,False,0.8583810310001354,,0.0,1016,1016,25,256,256,F,1.7801673879998816
diffdetect-hierarchical-calibration-v1,5a23bee4f802b9c88dd41030711aee173d27a3f8974371153439c0c363cde3a5,544,cocoglide:000000526103:real,real,nebula/CocoGlide,275f045df7caa2544dd28de7fa86b044ab661bd0,calibration,000000526103,b869fcaadcf5aba0853ba1b3d8682ff666d2ef853365516b81f8daf853283135,colab-t4-hierarchical-calibration-v1,1,2026-10-08T13:24:30.878122+00:00,0.9939179420471191,0.9877818822860718,True,0.9158554390000972,,0.021238168701529503,0.5946570634841919,False,0.852946213999985,,0.0,1016,1016,25,256,256,F,1.7734545209996213
diffdetect-hierarchical-calibration-v1,5a23bee4f802b9c88dd41030711aee173d27a3f8974371153439c0c363cde3a5,545,cocoglide:000000131938:edited,edited,nebula/CocoGlide,275f045df7caa2544dd28de7fa86b044ab661bd0,calibration,000000131938,431451feaf8cbf2775d005f8c9c3ecb641adab5c927dcd652e24779e1a4f44d7,colab-t4-hierarchical-calibration-v1,1,2026-10-08T13:24:32.680452+00:00,0.9945560693740845,0.9877818822860718,True,0.9194585330001246,,0.8930923938751221,0.5946570634841919,True,0.9840397909997591,,0.05456107787215574,1016,1016,25,256,256,F,1.90960075699968
diffdetect-hierarchical-calibration-v1,5a23bee4f802b9c88dd41030711aee173d27a3f8974371153439c0c363cde3a5,546,cocoglide:000000088218:edited,edited,nebula/CocoGlide,275f045df7caa2544dd28de7fa86b044ab661bd0,calibration,000000088218,4d7cbf9a50b8d6d6dd5488c4b2e3a6e72509aec17acb86496b43ba01f48f33b1,colab-t4-hierarchical-calibration-v1,1,2026-10-08T13:24:34.608358+00:00,0.9852880835533142,0.9877818822860718,False,0.9200737139999546,,0.9627783298492432,0.5946570634841919,True,0.9892178300001433,,0.0632750015500031,1016,1016,25,256,256,F,1.9145501550001427
diffdetect-hierarchical-calibration-v1,5a23bee4f802b9c88dd41030711aee173d27a3f8974371153439c0c363cde3a5,547,cocoglide:000000159282:real,real,nebula/CocoGlide,275f045df7caa2544dd28de7fa86b044ab661bd0,calibration,000000159282,b1cc4f8c3183ffce21e2938039dfe11d88862426bda7921609c0ad210133c049,colab-t4-hierarchical-calibration-v1,1,2026-10-08T13:24:36.542969+00:00,0.9931043982505798,0.9877818822860718,True,0.9206057310002507,,0.01828613504767418,0.5946570634841919,False,0.8565860459998476,,0.0,1016,1016,25,256,256,F,1.7826279759997306
diffdetect-hierarchical-calibration-v1,5a23bee4f802b9c88dd41030711aee173d27a3f8974371153439c0c363cde3a5,548,diffusiondb:2e69279f-6703-49a4-90bd-177cd44c8c66.png,synthetic,poloclub/diffusiondb,fb620fbe49fa4420e0734bd9c0df11f51176b61f,part-001800,2e69279f-6703-49a4-90bd-177cd44c8c66.png,4b0fa89dc7b2d6920dfa4a5687179267df32743a81e2d899f42660f3bf7dbcef,colab-t4-hierarchical-calibration-v1,1,2026-10-08T13:24:38.343298+00:00,0.993522584438324,0.9877818822860718,True,0.9212853349999932,,0.9863811135292053,0.5946570634841919,True,0.16353632400023344,,0.9467735290527344,512,512,4,512,512,F,1.096468687000197
diffdetect-hierarchical-calibration-v1,5a23bee4f802b9c88dd41030711aee173d27a3f8974371153439c0c363cde3a5,549,diffusiondb:c1183b67-0eee-4f8a-8589-76ac333cee69.png,synthetic,poloclub/diffusiondb,fb620fbe49fa4420e0734bd9c0df11f51176b61f,part-001800,c1183b67-0eee-4f8a-8589-76ac333cee69.png,5789627d166dd199c44cdc613c13cc24a572a08f5f96f1cc226524f05b66b9f4,colab-t4-hierarchical-calibration-v1,1,2026-10-08T13:24:39.454720+00:00,0.9684767723083496,0.9877818822860718,False,0.9255046509997555,,0.982700765132904,0.5946570634841919,True,0.3074227140000403,,0.7542800903320312,768,512,8,768,512,F,1.2471239460001016
diffdetect-hierarchical-calibration-v1,5a23bee4f802b9c88dd41030711aee173d27a3f8974371153439c0c363cde3a5,550,diffusiondb:376f7106-d755-4eaf-b1fa-40fb415114c0.png,synthetic,poloclub/diffusiondb,fb620fbe49fa4420e0734bd9c0df11f51176b61f,part-001800,376f7106-d755-4eaf-b1fa-40fb415114c0.png,30a38b4830ad5d7feba2b08329c6e2228f90e77f059e60154a07db6d4334438d,colab-t4-hierarchical-calibration-v1,1,2026-10-08T13:24:40.716188+00:00,0.9958010315895081,0.9877818822860718,True,0.9235949649996655,,0.9835761189460754,0.5946570634841919,True,0.3077955019998626,,0.5709177652994791,512,768,8,512,768,F,1.2494075899999189
diffdetect-hierarchical-calibration-v1,5a23bee4f802b9c88dd41030711aee173d27a3f8974371153439c0c363cde3a5,551,cocoglide:000000248980:real,real,nebula/CocoGlide,275f045df7caa2544dd28de7fa86b044ab661bd0,calibration,000000248980,2b2136c54dcae4fe984072f259add1d55f665790e57a68df7dfaad1c8a7f53fa,colab-t4-hierarchical-calibration-v1,1,2026-10-08T13:24:41.980322+00:00,0.9957892298698425,0.9877818822860718,True,0.9213115369998377,,0.0023766320664435625,0.5946570634841919,False,0.861520407000171,,0.0,1016,1016,25,256,256,F,1.7877598449999823
diffdetect-hierarchical-calibration-v1,5a23bee4f802b9c88dd41030711aee173d27a3f8974371153439c0c363cde3a5,552,cocoglide:000000293858:real,real,nebula/CocoGlide,275f045df7caa2544dd28de7fa86b044ab661bd0,calibration,000000293858,8e1872d693253cd849643192fdf3c8b6139f47660c8675a4ec5e782ae9d80089,colab-t4-hierarchical-calibration-v1,1,2026-10-08T13:24:43.783542+00:00,0.9950571060180664,0.9877818822860718,True,0.9200290449998647,,0.019731895998120308,0.5946570634841919,False,0.8645342620002339,,0.0,1016,1016,25,256,256,F,1.7889250530001846
diffdetect-hierarchical-calibration-v1,5a23bee4f802b9c88dd41030711aee173d27a3f8974371153439c0c363cde3a5,553,cocoglide:000000209972:real,real,nebula/CocoGlide,275f045df7caa2544dd28de7fa86b044ab661bd0,calibration,000000209972,90c2d08616a3659c008a9623afd0796fdd98b5426dd81621039d1e443e5683ef,colab-t4-hierarchical-calibration-v1,1,2026-10-08T13:24:45.586944+00:00,0.9823618531227112,0.9877818822860718,False,0.9191059449999557,,0.06657566875219345,0.5946570634841919,False,0.9786716070002512,,6.2000124000248e-05,1016,1016,25,256,256,F,1.9014291479998064
diffdetect-hierarchical-calibration-v1,5a23bee4f802b9c88dd41030711aee173d27a3f8974371153439c0c363cde3a5,554,cocoglide:000000100582:real,real,nebula/CocoGlide,275f045df7caa2544dd28de7fa86b044ab661bd0,calibration,000000100582,2062da4691c4bd80d54fba8eb61c3ade6042c8600333b27a73817bc46278bfc8,colab-t4-hierarchical-calibration-v1,1,2026-10-08T13:24:47.503208+00:00,0.995870053768158,0.9877818822860718,True,0.9201521800000592,,0.15583951771259308,0.5946570634841919,False,1.0018075529997077,,0.0,1016,1016,25,256,256,F,1.9280256729998655
diffdetect-hierarchical-calibration-v1,5a23bee4f802b9c88dd41030711aee173d27a3f8974371153439c0c363cde3a5,555,cocoglide:000000214200:edited,edited,nebula/CocoGlide,275f045df7caa2544dd28de7fa86b044ab661bd0,calibration,000000214200,385c3ad595a3e4f0d43575be2c658d2c8ba9d2ef3d10892393ae762f4e0952f2,colab-t4-hierarchical-calibration-v1,1,2026-10-08T13:24:49.448206+00:00,0.9945709109306335,0.9877818822860718,True,0.9254104389997337,,0.9800922870635986,0.5946570634841919,True,0.8901416439998684,,0.24571424142848286,1016,1016,25,256,256,F,1.821524089000377
diffdetect-hierarchical-calibration-v1,5a23bee4f802b9c88dd41030711aee173d27a3f8974371153439c0c363cde3a5,556,cocoglide:000000129135:edited,edited,nebula/CocoGlide,275f045df7caa2544dd28de7fa86b044ab661bd0,calibration,000000129135,a49c5decda2036ddc5cc9f3a0e26ccb22979e668591c4ae1094b3d68afa04fe2,colab-t4-hierarchical-calibration-v1,1,2026-10-08T13:24:51.297309+00:00,0.9987714886665344,0.9877818822860718,True,0.9204947919997721,,0.9812669157981873,0.5946570634841919,True,0.8740823810003349,,0.3371789556079112,1016,1016,25,256,256,F,1.8000274410001111
diffdetect-hierarchical-calibration-v1,5a23bee4f802b9c88dd41030711aee173d27a3f8974371153439c0c363cde3a5,557,cocoglide:000000095843:real,real,nebula/CocoGlide,275f045df7caa2544dd28de7fa86b044ab661bd0,calibration,000000095843,ef6e5f3f0f3e854eccec9b11fbf905b95489a4d02b4a82da48b0c0701d1c5ac9,colab-t4-hierarchical-calibration-v1,1,2026-10-08T13:24:53.113694+00:00,0.9888339638710022,0.9877818822860718,True,0.9257396210000479,,0.004763063974678516,0.5946570634841919,False,0.8769977780002591,,0.0,1016,1016,25,256,256,F,1.8082666609998341
diffdetect-hierarchical-calibration-v1,5a23bee4f802b9c88dd41030711aee173d27a3f8974371153439c0c363cde3a5,558,diffusiondb:887b30f1-2030-4dea-a678-3793ed39ad08.png,synthetic,poloclub/diffusiondb,fb620fbe49fa4420e0734bd9c0df11f51176b61f,part-001800,887b30f1-2030-4dea-a678-3793ed39ad08.png,bc910fc638afdbf3b52ec6a7f4a42f51798b5f959975705ca8af63b4c4d4790f,colab-t4-hierarchical-calibration-v1,1,2026-10-08T13:24:54.941224+00:00,0.9949626922607422,0.9877818822860718,True,0.926604674000373,,0.9914383292198181,0.5946570634841919,True,0.16146989900016706,,0.9998588562011719,512,512,4,512,512,F,1.0997511329996996
diffdetect-hierarchical-calibration-v1,5a23bee4f802b9c88dd41030711aee173d27a3f8974371153439c0c363cde3a5,559,cocoglide:000000066841:edited,edited,nebula/CocoGlide,275f045df7caa2544dd28de7fa86b044ab661bd0,calibration,000000066841,951b29d7fe780a9434de03dd68ca809598906fd5a104a23b9f4c50709b7fa35c,colab-t4-hierarchical-calibration-v1,1,2026-10-08T13:24:56.055975+00:00,0.9954160451889038,0.9877818822860718,True,0.9267852230000244,,0.993109405040741,0.5946570634841919,True,0.8667266019997442,,0.2866013857027714,1016,1016,25,256,256,F,1.799916809000024
diffdetect-hierarchical-calibration-v1,5a23bee4f802b9c88dd41030711aee173d27a3f8974371153439c0c363cde3a5,560,cocoglide:000000405205:edited,edited,nebula/CocoGlide,275f045df7caa2544dd28de7fa86b044ab661bd0,calibration,000000405205,bd7b6da3bd49c927d19adc6d8939fee9041a53c9361c4520a7e8a738e8eaa212,colab-t4-hierarchical-calibration-v1,1,2026-10-08T13:24:57.870745+00:00,0.9912816286087036,0.9877818822860718,True,0.9254703430001427,,0.9994858503341675,0.5946570634841919,True,0.8738570589998744,,0.7400354175708351,1016,1016,25,256,256,F,1.8057913120001103
diffdetect-hierarchical-calibration-v1,5a23bee4f802b9c88dd41030711aee173d27a3f8974371153439c0c363cde3a5,561,diffusiondb:02d5089e-1d29-4018-9f7e-294c437257a4.png,synthetic,poloclub/diffusiondb,fb620fbe49fa4420e0734bd9c0df11f51176b61f,part-001800,02d5089e-1d29-4018-9f7e-294c437257a4.png,9c155208965edd8e16bf48eac209a36ea37837a8e6bc50aa665040d32e13e249,colab-t4-hierarchical-calibration-v1,1,2026-10-08T13:24:59.691684+00:00,0.9898782968521118,0.9877818822860718,True,0.9287708279998697,,0.995977520942688,0.5946570634841919,True,0.20214034199989328,,0.999755859375,512,512,4,512,512,F,1.1446340729999065
diffdetect-hierarchical-calibration-v1,5a23bee4f802b9c88dd41030711aee173d27a3f8974371153439c0c363cde3a5,562,cocoglide:000000357941:edited,edited,nebula/CocoGlide,275f045df7caa2544dd28de7fa86b044ab661bd0,calibration,000000357941,45364fa1e25ab6f9fc6fff5fed54f3aa8f31d4cf7d5585da185c3fb7746b55a9,colab-t4-hierarchical-calibration-v1,1,2026-10-08T13:25:00.859199+00:00,0.9941845536231995,0.9877818822860718,True,0.9300797460000467,,0.9994109869003296,0.5946570634841919,True,1.055027006000273,,0.33300847851695703,1016,1016,25,256,256,F,1.9901795380001204
diffdetect-hierarchical-calibration-v1,5a23bee4f802b9c88dd41030711aee173d27a3f8974371153439c0c363cde3a5,563,cocoglide:000000537802:edited,edited,nebula/CocoGlide,275f045df7caa2544dd28de7fa86b044ab661bd0,calibration,000000537802,90c1560333da6aabe75fee1970e72a5ae7adaf40d66d9bdccee69b9a4be5b99c,colab-t4-hierarchical-calibration-v1,1,2026-10-08T13:25:02.861435+00:00,0.9953655004501343,0.9877818822860718,True,0.9289461569997002,,0.9988555908203125,0.5946570634841919,True,0.8981161350002367,,0.4482599277698555,1016,1016,25,256,256,F,1.8329152490000524
diffdetect-hierarchical-calibration-v1,5a23bee4f802b9c88dd41030711aee173d27a3f8974371153439c0c363cde3a5,564,cocoglide:000000572956:real,real,nebula/CocoGlide,275f045df7caa2544dd28de7fa86b044ab661bd0,calibration,000000572956,5ee97c76c0e4b68da23ea28485fb231f6b4d0b955110642ecf0dffb8fe0680f3,colab-t4-hierarchical-calibration-v1,1,2026-10-08T13:25:04.708267+00:00,0.9942623972892761,0.9877818822860718,True,0.9253752149998036,,0.008897906169295311,0.5946570634841919,False,0.8698299880002196,,0.0,1016,1016,25,256,256,F,1.8016901000000871
diffdetect-hierarchical-calibration-v1,5a23bee4f802b9c88dd41030711aee173d27a3f8974371153439c0c363cde3a5,565,cocoglide:000000210030:real,real,nebula/CocoGlide,275f045df7caa2544dd28de7fa86b044ab661bd0,calibration,000000210030,f29ab076bec7ed2d0c7dac672c380a7986ab10c5aca3f8b9df1dc532a708c97c,colab-t4-hierarchical-calibration-v1,1,2026-10-08T13:25:06.539102+00:00,0.9960421323776245,0.9877818822860718,True,0.9268758069997602,,0.016836276277899742,0.5946570634841919,False,0.8651718579999397,,0.0,1016,1016,25,256,256,F,1.7983044160000645
diffdetect-hierarchical-calibration-v1,5a23bee4f802b9c88dd41030711aee173d27a3f8974371153439c0c363cde3a5,566,cocoglide:000000561335:edited,edited,nebula/CocoGlide,275f045df7caa2544dd28de7fa86b044ab661bd0,calibration,000000561335,ddb5cc57da7c209eb742d7b208ffd6eb2f482f8e69341f59e6fc96fed82064d4,colab-t4-hierarchical-calibration-v1,1,2026-10-08T13:25:08.352238+00:00,0.9958102703094482,0.9877818822860718,True,0.9277989350002827,,0.9953992366790771,0.5946570634841919,True,0.8623469530002694,,0.16196660518321038,1016,1016,25,256,256,F,1.7967949789999693
diffdetect-hierarchical-calibration-v1,5a23bee4f802b9c88dd41030711aee173d27a3f8974371153439c0c363cde3a5,567,diffusiondb:a6a3b073-4e52-470f-af00-94c0fd97fff7.png,synthetic,poloclub/diffusiondb,fb620fbe49fa4420e0734bd9c0df11f51176b61f,part-001800,a6a3b073-4e52-470f-af00-94c0fd97fff7.png,adc7ea75e00a6ab57fd6cae2e59aa1f9c4b45bd167aa27e258eda9238b0e6cb2,colab-t4-hierarchical-calibration-v1,1,2026-10-08T13:25:10.165008+00:00,0.9954615235328674,0.9877818822860718,True,0.9285888549998162,,0.43977081775665283,0.5946570634841919,False,0.15839199599986387,,0.000797271728515625,512,512,4,512,512,F,1.0980285409996213
diffdetect-hierarchical-calibration-v1,5a23bee4f802b9c88dd41030711aee173d27a3f8974371153439c0c363cde3a5,568,cocoglide:000000338191:real,real,nebula/CocoGlide,275f045df7caa2544dd28de7fa86b044ab661bd0,calibration,000000338191,242de37517ffbb4e8e4cd225a5630c306d22f2a9f87db139ac866b2968edf175,colab-t4-hierarchical-calibration-v1,1,2026-10-08T13:25:11.277680+00:00,0.9940018057823181,0.9877818822860718,True,0.9246200059997136,,0.07464599609375,0.5946570634841919,False,0.8839981900000566,,0.0,1016,1016,25,256,256,F,1.8133852739997565
diffdetect-hierarchical-calibration-v1,5a23bee4f802b9c88dd41030711aee173d27a3f8974371153439c0c363cde3a5,569,diffusiondb:6acdfa4b-2804-4bec-8500-fa724872efe7.png,synthetic,poloclub/diffusiondb,fb620fbe49fa4420e0734bd9c0df11f51176b61f,part-001800,6acdfa4b-2804-4bec-8500-fa724872efe7.png,93fb0399a9cfdcc930dd550979aa31db158b11cce539f73e084462f4eebcf652,colab-t4-hierarchical-calibration-v1,1,2026-10-08T13:25:13.106620+00:00,0.9959174990653992,0.9877818822860718,True,0.9328644050001458,,0.9582414627075195,0.5946570634841919,True,0.5756534749998536,,0.6002553304036459,1024,576,12,1024,576,F,1.5304481479997776
diffdetect-hierarchical-calibration-v1,5a23bee4f802b9c88dd41030711aee173d27a3f8974371153439c0c363cde3a5,570,cocoglide:000000127182:real,real,nebula/CocoGlide,275f045df7caa2544dd28de7fa86b044ab661bd0,calibration,000000127182,8b49bf400e562b5fc9caed4c750b53c89f666e34cefb6a059a9b83ad994a3daf,colab-t4-hierarchical-calibration-v1,1,2026-10-08T13:25:14.666148+00:00,0.9901883006095886,0.9877818822860718,True,0.9233193630002461,,0.7185520529747009,0.5946570634841919,True,0.9913441270000476,,0.056503425506851016,1016,1016,25,256,256,F,1.9200602799996886
diffdetect-hierarchical-calibration-v1,5a23bee4f802b9c88dd41030711aee173d27a3f8974371153439c0c363cde3a5,571,cocoglide:000000524108:edited,edited,nebula/CocoGlide,275f045df7caa2544dd28de7fa86b044ab661bd0,calibration,000000524108,013065b469309325aeba20d178c15a7b66f1d4b0de41a22abac9707d8166ac73,colab-t4-hierarchical-calibration-v1,1,2026-10-08T13:25:16.604723+00:00,0.993527352809906,0.9877818822860718,True,0.9256506689998787,,0.9920225739479065,0.5946570634841919,True,0.9095135580000715,,0.8314071315642632,1016,1016,25,256,256,F,1.841102683000372
diffdetect-hierarchical-calibration-v1,5a23bee4f802b9c88dd41030711aee173d27a3f8974371153439c0c363cde3a5,572,cocoglide:000000076417:real,real,nebula/CocoGlide,275f045df7caa2544dd28de7fa86b044ab661bd0,calibration,000000076417,ea9859dd33fdd663bcef9317d3e60a1bbcf8b61049a4a1192d2fcf5893929a69,colab-t4-hierarchical-calibration-v1,1,2026-10-08T13:25:18.461561+00:00,0.9946607947349548,0.9877818822860718,True,0.9225467349997416,,0.02095620706677437,0.5946570634841919,False,0.8773018980000415,,0.0,1016,1016,25,256,256,F,1.8046113209998111
diffdetect-hierarchical-calibration-v1,5a23bee4f802b9c88dd41030711aee173d27a3f8974371153439c0c363cde3a5,573,cocoglide:000000304984:edited,edited,nebula/CocoGlide,275f045df7caa2544dd28de7fa86b044ab661bd0,calibration,000000304984,fafc481f2d1381265ccc71c74efb9fb27717e1bc5f0cd894038af8bf6d1034bd,colab-t4-hierarchical-calibration-v1,1,2026-10-08T13:25:20.281591+00:00,0.9899204969406128,0.9877818822860718,True,0.9246443990000444,,0.5784809589385986,0.5946570634841919,False,0.8607613849999325,,0.018610693471386944,1016,1016,25,256,256,F,1.7898957530001098
diffdetect-hierarchical-calibration-v1,5a23bee4f802b9c88dd41030711aee173d27a3f8974371153439c0c363cde3a5,574,cocoglide:000000516871:edited,edited,nebula/CocoGlide,275f045df7caa2544dd28de7fa86b044ab661bd0,calibration,000000516871,9ac219a167a7a438a445166ffb6ba5aabfd8b70e4694b23aaa76edb846967fed,colab-t4-hierarchical-calibration-v1,1,2026-10-08T13:25:22.086284+00:00,0.991817057132721,0.9877818822860718,True,0.922351467000226,,0.7272802591323853,0.5946570634841919,True,0.8589067000002615,,0.11045515841031682,1016,1016,25,256,256,F,1.7873287590000473
diffdetect-hierarchical-calibration-v1,5a23bee4f802b9c88dd41030711aee173d27a3f8974371153439c0c363cde3a5,575,cocoglide:000000269932:real,real,nebula/CocoGlide,275f045df7caa2544dd28de7fa86b044ab661bd0,calibration,000000269932,f2f103d5cdf2ae1219bcb4ba309ca8957c28f6fa77d3f2ae9ea8810b04dda5aa,colab-t4-hierarchical-calibration-v1,1,2026-10-08T13:25:23.903229+00:00,0.9940230250358582,0.9877818822860718,True,0.9228118030000587,,0.06325831264257431,0.5946570634841919,False,0.882462963999842,,0.0,1016,1016,25,256,256,F,1.8119160840001314
diffdetect-hierarchical-calibration-v1,5a23bee4f802b9c88dd41030711aee173d27a3f8974371153439c0c363cde3a5,576,cocoglide:000000293474:edited,edited,nebula/CocoGlide,275f045df7caa2544dd28de7fa86b044ab661bd0,calibration,000000293474,e043bb0ddb641cea8956519a188285b71ecf51da24e7595c4a166bb7f7b2275a,colab-t4-hierarchical-calibration-v1,1,2026-10-08T13:25:25.731942+00:00,0.9944072961807251,0.9877818822860718,True,0.9204486359999464,,0.9301947355270386,0.5946570634841919,True,0.8636206369997126,,0.05193769762539525,1016,1016,25,256,256,F,1.788488937999773
diffdetect-hierarchical-calibration-v1,5a23bee4f802b9c88dd41030711aee173d27a3f8974371153439c0c363cde3a5,577,cocoglide:000000364322:real,real,nebula/CocoGlide,275f045df7caa2544dd28de7fa86b044ab661bd0,calibration,000000364322,3b9499eba7f857b25e1a91d1db48c29484655711c7ac18587f6b2df04ad80784,colab-t4-hierarchical-calibration-v1,1,2026-10-08T13:25:27.534853+00:00,0.9962878227233887,0.9877818822860718,True,0.9276152970001021,,0.033855702728033066,0.5946570634841919,False,0.9881632990000071,,0.0,1016,1016,25,256,256,F,1.9205884279999736
diffdetect-hierarchical-calibration-v1,5a23bee4f802b9c88dd41030711aee173d27a3f8974371153439c0c363cde3a5,578,cocoglide:000000105014:edited,edited,nebula/CocoGlide,275f045df7caa2544dd28de7fa86b044ab661bd0,calibration,000000105014,44e08d1317a20f103867461c2982432e8db1de4955414cd1f187087737068470,colab-t4-hierarchical-calibration-v1,1,2026-10-08T13:25:29.476370+00:00,0.9954383969306946,0.9877818822860718,True,0.9239200740003071,,0.9537100791931152,0.5946570634841919,True,0.9716664020002099,,0.026904178808357618,1016,1016,25,256,256,F,1.9030537959997673
diffdetect-hierarchical-calibration-v1,5a23bee4f802b9c88dd41030711aee173d27a3f8974371153439c0c363cde3a5,579,diffusiondb:3396999c-6c0f-4b9f-a41a-d375ff119e36.png,synthetic,poloclub/diffusiondb,fb620fbe49fa4420e0734bd9c0df11f51176b61f,part-001800,3396999c-6c0f-4b9f-a41a-d375ff119e36.png,77a18387854a755f57087342f68b5ece6d454561c952ff30323208f0b545bd66,colab-t4-hierarchical-calibration-v1,1,2026-10-08T13:25:31.394763+00:00,0.9938021898269653,0.9877818822860718,True,0.9289722859998619,,0.8734589219093323,0.5946570634841919,True,0.15960078399984923,,0.3555183410644531,512,512,4,512,512,F,1.1030700299997989
diffdetect-hierarchical-calibration-v1,5a23bee4f802b9c88dd41030711aee173d27a3f8974371153439c0c363cde3a5,580,diffusiondb:ae2ce43e-5c64-4971-8ac3-df87b2c993aa.png,synthetic,poloclub/diffusiondb,fb620fbe49fa4420e0734bd9c0df11f51176b61f,part-001800,ae2ce43e-5c64-4971-8ac3-df87b2c993aa.png,3c6503ff15b152e50dbd68a87dd786c1e0628c5e5d4fd33acb68e71c57fe20c8,colab-t4-hierarchical-calibration-v1,1,2026-10-08T13:25:32.512918+00:00,0.9950863718986511,0.9877818822860718,True,0.9271846470001037,,0.7546046376228333,0.5946570634841919,True,0.1574302250000983,,0.39002227783203125,512,512,4,512,512,F,1.0960810649999075
diffdetect-hierarchical-calibration-v1,5a23bee4f802b9c88dd41030711aee173d27a3f8974371153439c0c363cde3a5,581,cocoglide:000000433192:edited,edited,nebula/CocoGlide,275f045df7caa2544dd28de7fa86b044ab661bd0,calibration,000000433192,757d4530655c4098501b781407341d66316c349653345a1f4e99a48ec6645229,colab-t4-hierarchical-calibration-v1,1,2026-10-08T13:25:33.623991+00:00,0.9941256046295166,0.9877818822860718,True,0.9200065380000524,,0.9844445586204529,0.5946570634841919,True,0.8647053190002225,,0.04925231725463451,1016,1016,25,256,256,F,1.7888383859999522
diffdetect-hierarchical-calibration-v1,5a23bee4f802b9c88dd41030711aee173d27a3f8974371153439c0c363cde3a5,582,cocoglide:000000043581:real,real,nebula/CocoGlide,275f045df7caa2544dd28de7fa86b044ab661bd0,calibration,000000043581,38ef32009e8047cc9734fe5b9bf38b17bfc95b0541bc58338554715e270a0b6d,colab-t4-hierarchical-calibration-v1,1,2026-10-08T13:25:35.428771+00:00,0.9812937378883362,0.9877818822860718,False,0.9228747560000556,,0.3512546420097351,0.5946570634841919,False,0.8807230980000895,,0.0,1016,1016,25,256,256,F,1.808176316999834
diffdetect-hierarchical-calibration-v1,5a23bee4f802b9c88dd41030711aee173d27a3f8974371153439c0c363cde3a5,583,cocoglide:000000049269:real,real,nebula/CocoGlide,275f045df7caa2544dd28de7fa86b044ab661bd0,calibration,000000049269,d56ccb9ff7c4f13f78af5cb5b16ac25c3dcfbd0b9a1d1e5a2ce15453b30ebba3,colab-t4-hierarchical-calibration-v1,1,2026-10-08T13:25:37.252418+00:00,0.9955638647079468,0.9877818822860718,True,0.9208733180003037,,0.02190529555082321,0.5946570634841919,False,0.8636420179996094,,0.0,1016,1016,25,256,256,F,1.7885384989999693
diffdetect-hierarchical-calibration-v1,5a23bee4f802b9c88dd41030711aee173d27a3f8974371153439c0c363cde3a5,584,cocoglide:000000010363:edited,edited,nebula/CocoGlide,275f045df7caa2544dd28de7fa86b044ab661bd0,calibration,000000010363,1868461bd227c1bf2cd5ab5ef6f70607c3d6ca3fcfc63c8469d0f2d343652a51,colab-t4-hierarchical-calibration-v1,1,2026-10-08T13:25:39.055538+00:00,0.9954836368560791,0.9877818822860718,True,0.9275292410002294,,0.9988543391227722,0.5946570634841919,True,0.8631660129999545,,0.48355737336474675,1016,1016,25,256,256,F,1.795275834000222
diffdetect-hierarchical-calibration-v1,5a23bee4f802b9c88dd41030711aee173d27a3f8974371153439c0c363cde3a5,585,cocoglide:000000357941:real,real,nebula/CocoGlide,275f045df7caa2544dd28de7fa86b044ab661bd0,calibration,000000357941,0c7c050d453819478b2345c5298ab843e09b85f53532b3c2a80cbbfdedaff9a3,colab-t4-hierarchical-calibration-v1,1,2026-10-08T13:25:40.878637+00:00,0.9951135516166687,0.9877818822860718,True,0.9267512030000944,,0.012129409238696098,0.5946570634841919,False,0.9588087850002012,,0.0,1016,1016,25,256,256,F,1.8898333610000009
diffdetect-hierarchical-calibration-v1,5a23bee4f802b9c88dd41030711aee173d27a3f8974371153439c0c363cde3a5,586,cocoglide:000000296969:real,real,nebula/CocoGlide,275f045df7caa2544dd28de7fa86b044ab661bd0,calibration,000000296969,993f0209ab37c289ee6f60d1fa0caf0e77241b5b536f953f3630d7f8ba9fb7cd,colab-t4-hierarchical-calibration-v1,1,2026-10-08T13:25:42.785452+00:00,0.9961739182472229,0.9877818822860718,True,0.9212789759999396,,0.23081324994564056,0.5946570634841919,False,0.9906937529999595,,0.0,1016,1016,25,256,256,F,1.919638809999924
diffdetect-hierarchical-calibration-v1,5a23bee4f802b9c88dd41030711aee173d27a3f8974371153439c0c363cde3a5,587,diffusiondb:8fecb1ae-9b89-4f6d-a625-4cfd5f83e542.png,synthetic,poloclub/diffusiondb,fb620fbe49fa4420e0734bd9c0df11f51176b61f,part-001800,8fecb1ae-9b89-4f6d-a625-4cfd5f83e542.png,ed05cf6171dbfe8d0fd3d4f975f2b379ac76bf010199eb74e4ba24c138dfc2c9,colab-t4-hierarchical-calibration-v1,1,2026-10-08T13:25:44.721076+00:00,0.9942141175270081,0.9877818822860718,True,0.9428890320000392,,0.9615390300750732,0.5946570634841919,True,0.6091437790000782,,0.9908203125,1280,512,16,1280,512,F,1.5881928630001312
diffdetect-hierarchical-calibration-v1,5a23bee4f802b9c88dd41030711aee173d27a3f8974371153439c0c363cde3a5,588,cocoglide:000000346707:real,real,nebula/CocoGlide,275f045df7caa2544dd28de7fa86b044ab661bd0,calibration,000000346707,33d7200ed401ffb3925fd281481e6db667e32e4e2d046426ee029aaa9efe2365,colab-t4-hierarchical-calibration-v1,1,2026-10-08T13:25:46.325018+00:00,0.9950119256973267,0.9877818822860718,True,0.9204189179999958,,0.3814646303653717,0.5946570634841919,False,0.8653734699996676,,0.004704259408518817,1016,1016,25,256,256,F,1.7918415120002464
diffdetect-hierarchical-calibration-v1,5a23bee4f802b9c88dd41030711aee173d27a3f8974371153439c0c363cde3a5,589,cocoglide:000000242287:real,real,nebula/CocoGlide,275f045df7caa2544dd28de7fa86b044ab661bd0,calibration,000000242287,d36e5b741c81b076bb719f50008d954d245b74557d8e2290809f047c15f26e78,colab-t4-hierarchical-calibration-v1,1,2026-10-08T13:25:48.131750+00:00,0.9961538910865784,0.9877818822860718,True,0.9287225519997264,,0.2308732271194458,0.5946570634841919,False,0.8714587790000223,,0.0,1016,1016,25,256,256,F,1.805190417999711
diffdetect-hierarchical-calibration-v1,5a23bee4f802b9c88dd41030711aee173d27a3f8974371153439c0c363cde3a5,590,cocoglide:000000056344:edited,edited,nebula/CocoGlide,275f045df7caa2544dd28de7fa86b044ab661bd0,calibration,000000056344,e7ee2aa54e89f8691d0d4c70c5ac10071f428cdecf17b8e0664a7095e552ba23,colab-t4-hierarchical-calibration-v1,1,2026-10-08T13:25:49.952815+00:00,0.993884265422821,0.9877818822860718,True,0.9255836580000505,,0.9991021752357483,0.5946570634841919,True,0.8762220590001562,,0.24832987165974332,1016,1016,25,256,256,F,1.8078211150000243
diffdetect-hierarchical-calibration-v1,5a23bee4f802b9c88dd41030711aee173d27a3f8974371153439c0c363cde3a5,591,cocoglide:000000017178:edited,edited,nebula/CocoGlide,275f045df7caa2544dd28de7fa86b044ab661bd0,calibration,000000017178,857e8a17ffc53f8e78d454d4afd07b085e9f17270f42b9f68f460b1011c4d3c7,colab-t4-hierarchical-calibration-v1,1,2026-10-08T13:25:51.776988+00:00,0.9957706332206726,0.9877818822860718,True,0.9243417489997228,,0.7249763011932373,0.5946570634841919,True,0.8742134780000015,,0.030418810837621674,1016,1016,25,256,256,F,1.8029470789997504
diffdetect-hierarchical-calibration-v1,5a23bee4f802b9c88dd41030711aee173d27a3f8974371153439c0c363cde3a5,592,cocoglide:000000438226:real,real,nebula/CocoGlide,275f045df7caa2544dd28de7fa86b044ab661bd0,calibration,000000438226,b74b14ea1f3aace5db65c1f063485da858c17e286bb19d9d14707db273fc4924,colab-t4-hierarchical-calibration-v1,1,2026-10-08T13:25:53.594580+00:00,0.9960188269615173,0.9877818822860718,True,0.9265075680000336,,0.002941575599834323,0.5946570634841919,False,0.8724419619998116,,0.0,1016,1016,25,256,256,F,1.8035345620000953
diffdetect-hierarchical-calibration-v1,5a23bee4f802b9c88dd41030711aee173d27a3f8974371153439c0c363cde3a5,593,diffusiondb:73bd6af8-762f-45c4-beca-e6beab873d44.png,synthetic,poloclub/diffusiondb,fb620fbe49fa4420e0734bd9c0df11f51176b61f,part-001800,73bd6af8-762f-45c4-beca-e6beab873d44.png,b6045b29b41c4f10829dcb692bfb1db1d2671b6d96565361ff242570d57c1034,colab-t4-hierarchical-calibration-v1,1,2026-10-08T13:25:55.412946+00:00,0.9957785606384277,0.9877818822860718,True,0.9323445650002213,,0.900017499923706,0.5946570634841919,True,0.5799755090001781,,0.4145355224609375,1024,512,12,1024,512,F,1.5355075259999467
diffdetect-hierarchical-calibration-v1,5a23bee4f802b9c88dd41030711aee173d27a3f8974371153439c0c363cde3a5,594,cocoglide:000000446522:edited,edited,nebula/CocoGlide,275f045df7caa2544dd28de7fa86b044ab661bd0,calibration,000000446522,112189161ce0e465e951f319d42b7341e3d5152d608a3970e80ec2c985ef6f67,colab-t4-hierarchical-calibration-v1,1,2026-10-08T13:25:56.962912+00:00,0.9947271943092346,0.9877818822860718,True,0.9221531179996418,,0.9981874823570251,0.5946570634841919,True,0.9917909190003229,,0.2179749984499969,1016,1016,25,256,256,F,1.9192925170000308
diffdetect-hierarchical-calibration-v1,5a23bee4f802b9c88dd41030711aee173d27a3f8974371153439c0c363cde3a5,595,diffusiondb:d2bed9ff-0126-4529-be05-f89c3b372b5a.png,synthetic,poloclub/diffusiondb,fb620fbe49fa4420e0734bd9c0df11f51176b61f,part-001800,d2bed9ff-0126-4529-be05-f89c3b372b5a.png,51258aaedac15116d60f9ce89d834ddd5405c59d7e6876e1fc22c2dd0ccf7367,colab-t4-hierarchical-calibration-v1,1,2026-10-08T13:25:58.919943+00:00,0.9951158761978149,0.9877818822860718,True,0.9315225549999013,,0.8730063438415527,0.5946570634841919,True,0.23155322599995998,,0.1415496826171875,512,640,6,512,640,F,1.187124459000188
diffdetect-hierarchical-calibration-v1,5a23bee4f802b9c88dd41030711aee173d27a3f8974371153439c0c363cde3a5,596,cocoglide:000000088265:edited,edited,nebula/CocoGlide,275f045df7caa2544dd28de7fa86b044ab661bd0,calibration,000000088265,4b78bee9bfa077ec1046def45c5c8648137f14e0b61d0dc227a5ca0f3d696fc2,colab-t4-hierarchical-calibration-v1,1,2026-10-08T13:26:00.126101+00:00,0.9956448078155518,0.9877818822860718,True,0.9207227890001377,,0.8807787895202637,0.5946570634841919,True,0.8645074460000615,,0.04523780922561845,1016,1016,25,256,256,F,1.7912582849999126
diffdetect-hierarchical-calibration-v1,5a23bee4f802b9c88dd41030711aee173d27a3f8974371153439c0c363cde3a5,597,cocoglide:000000350388:real,real,nebula/CocoGlide,275f045df7caa2544dd28de7fa86b044ab661bd0,calibration,000000350388,8d034facc16a8e8c3969fac5ba9c5528e12eca13809b0084cb7b5d05381c90c3,colab-t4-hierarchical-calibration-v1,1,2026-10-08T13:26:01.931575+00:00,0.9955463409423828,0.9877818822860718,True,0.9227637369999684,,0.040623247623443604,0.5946570634841919,False,0.8638365669999075,,0.0,1016,1016,25,256,256,F,1.7916181570003573
diffdetect-hierarchical-calibration-v1,5a23bee4f802b9c88dd41030711aee173d27a3f8974371153439c0c363cde3a5,598,cocoglide:000000140929:real,real,nebula/CocoGlide,275f045df7caa2544dd28de7fa86b044ab661bd0,calibration,000000140929,5195fa00d7474e460ff9986ae659edb164df0d6df3370f0d2356e86ce0f2caac,colab-t4-hierarchical-calibration-v1,1,2026-10-08T13:26:03.738176+00:00,0.987869918346405,0.9877818822860718,True,0.9200450270000147,,0.6998270153999329,0.5946570634841919,True,0.8595655660001285,,0.018573880897761796,1016,1016,25,256,256,F,1.7837478910000755
diffdetect-hierarchical-calibration-v1,5a23bee4f802b9c88dd41030711aee173d27a3f8974371153439c0c363cde3a5,599,diffusiondb:40de94aa-908a-4c9d-817e-e2a686c76b36.png,synthetic,poloclub/diffusiondb,fb620fbe49fa4420e0734bd9c0df11f51176b61f,part-001800,40de94aa-908a-4c9d-817e-e2a686c76b36.png,05a31f697bdf7fd917dd49abe242355faf7428a45aff968e5b01268fef84c10b,colab-t4-hierarchical-calibration-v1,1,2026-10-08T13:26:05.537001+00:00,0.9945293068885803,0.9877818822860718,True,0.9280017290002434,,0.8550938963890076,0.5946570634841919,True,0.23469772900034513,,0.5777726606889204,512,704,6,512,704,F,1.1799303920001876
diffdetect-hierarchical-calibration-v1,5a23bee4f802b9c88dd41030711aee173d27a3f8974371153439c0c363cde3a5,600,cocoglide:000000428280:real,real,nebula/CocoGlide,275f045df7caa2544dd28de7fa86b044ab661bd0,calibration,000000428280,f75f013f63f01ce4454e0bdfb7816c7018a8652f813acb2554ef7a8776817a4c,colab-t4-hierarchical-calibration-v1,1,2026-10-08T13:26:06.731590+00:00,0.9938297867774963,0.9877818822860718,True,0.9219605829998727,,0.0058251917362213135,0.5946570634841919,False,0.8789104630000111,,0.0,1016,1016,25,256,256,F,1.805445265000344
diffdetect-hierarchical-calibration-v1,5a23bee4f802b9c88dd41030711aee173d27a3f8974371153439c0c363cde3a5,601,cocoglide:000000272416:real,real,nebula/CocoGlide,275f045df7caa2544dd28de7fa86b044ab661bd0,calibration,000000272416,5afa8e4664d94f659855e31812f6c953948e83847644938fa7dfc6f9f5165e18,colab-t4-hierarchical-calibration-v1,1,2026-10-08T13:26:08.553160+00:00,0.9952545166015625,0.9877818822860718,True,0.9238776889997098,,0.005990282632410526,0.5946570634841919,False,0.9445325720002984,,0.0,1016,1016,25,256,256,F,1.873461220000081
diffdetect-hierarchical-calibration-v1,5a23bee4f802b9c88dd41030711aee173d27a3f8974371153439c0c363cde3a5,602,diffusiondb:16ddc700-a21e-4b31-b547-a0c3ed783bfc.png,synthetic,poloclub/diffusiondb,fb620fbe49fa4420e0734bd9c0df11f51176b61f,part-001800,16ddc700-a21e-4b31-b547-a0c3ed783bfc.png,b4afe0e7745eeb0f90753a79092e8f66c8fa936a2ec5cd7323f4720d353e2ad5,colab-t4-hierarchical-calibration-v1,1,2026-10-08T13:26:10.445467+00:00,0.992175281047821,0.9877818822860718,True,0.9323820519998662,,0.6964707970619202,0.5946570634841919,True,0.3747338739999577,,0.16603851318359375,512,768,8,512,768,F,1.3349855360002039
diffdetect-hierarchical-calibration-v1,5a23bee4f802b9c88dd41030711aee173d27a3f8974371153439c0c363cde3a5,603,diffusiondb:8d4d8cca-e97d-411c-88ca-120be03a1ff5.png,synthetic,poloclub/diffusiondb,fb620fbe49fa4420e0734bd9c0df11f51176b61f,part-001800,8d4d8cca-e97d-411c-88ca-120be03a1ff5.png,bd29620d254ff762398f97d874cb9ad01bb190a0a7229a6754efb315cb88add9,colab-t4-hierarchical-calibration-v1,1,2026-10-08T13:26:11.794804+00:00,0.9933075308799744,0.9877818822860718,True,0.9475638349999826,,0.7013879418373108,0.5946570634841919,True,1.3717994329999783,,0.10608577728271484,1024,1024,36,1024,1024,F,2.3753453119998085
diffdetect-hierarchical-calibration-v1,5a23bee4f802b9c88dd41030711aee173d27a3f8974371153439c0c363cde3a5,604,cocoglide:000000143998:real,real,nebula/CocoGlide,275f045df7caa2544dd28de7fa86b044ab661bd0,calibration,000000143998,b476447f55ea11d65e2678c6ce6c0ede1e91be117170aba85ad1291a2c51aef1,colab-t4-hierarchical-calibration-v1,1,2026-10-08T13:26:14.186398+00:00,0.9959081411361694,0.9877818822860718,True,0.9187568509996709,,0.1673516035079956,0.5946570634841919,False,0.8843126500000835,,0.0,1016,1016,25,256,256,F,1.807921854000142
diffdetect-hierarchical-calibration-v1,5a23bee4f802b9c88dd41030711aee173d27a3f8974371153439c0c363cde3a5,605,diffusiondb:22a5d315-f615-4637-970b-f94b3cadd668.png,synthetic,poloclub/diffusiondb,fb620fbe49fa4420e0734bd9c0df11f51176b61f,part-001800,22a5d315-f615-4637-970b-f94b3cadd668.png,adfab4955650dd0d78e825afd1cc8f2cf28ac19b653d9312be4e2ae768305b51,colab-t4-hierarchical-calibration-v1,1,2026-10-08T13:26:16.023063+00:00,0.9930588006973267,0.9877818822860718,True,0.9347724809999818,,0.9668763279914856,0.5946570634841919,True,0.46612768400018467,,0.4897935655381944,1024,576,12,1024,576,F,1.423377477000031
diffdetect-hierarchical-calibration-v1,5a23bee4f802b9c88dd41030711aee173d27a3f8974371153439c0c363cde3a5,606,diffusiondb:e9f69fdc-d568-43ab-ac6a-09eeb1e3641c.png,synthetic,poloclub/diffusiondb,fb620fbe49fa4420e0734bd9c0df11f51176b61f,part-001800,e9f69fdc-d568-43ab-ac6a-09eeb1e3641c.png,a72b69ad4e35f4daf42808d39407c0a7957de9f37e1773ab6df61a0ad8712e94,colab-t4-hierarchical-calibration-v1,1,2026-10-08T13:26:17.460865+00:00,0.9944175481796265,0.9877818822860718,True,0.93399420500009,,0.706932783126831,0.5946570634841919,True,0.6082001499999024,,0.0956390380859375,1280,512,16,1280,512,F,1.572324509000282
diffdetect-hierarchical-calibration-v1,5a23bee4f802b9c88dd41030711aee173d27a3f8974371153439c0c363cde3a5,607,cocoglide:000000423971:real,real,nebula/CocoGlide,275f045df7caa2544dd28de7fa86b044ab661bd0,calibration,000000423971,6dbf7a44f5e22ea43090b65d89a37746019b8ae82d1b6edadf86284cdf7f30e6,colab-t4-hierarchical-calibration-v1,1,2026-10-08T13:26:19.048183+00:00,0.9895301461219788,0.9877818822860718,True,0.9235963860000993,,0.06017638370394707,0.5946570634841919,False,0.8702449620000152,,0.0,1016,1016,25,256,256,F,1.798017573999914
diffdetect-hierarchical-calibration-v1,5a23bee4f802b9c88dd41030711aee173d27a3f8974371153439c0c363cde3a5,608,cocoglide:000000290592:edited,edited,nebula/CocoGlide,275f045df7caa2544dd28de7fa86b044ab661bd0,calibration,000000290592,2f5ce0c8c2312235524725f5df843e044bba6b0fa13b95fffe586320579ac820,colab-t4-hierarchical-calibration-v1,1,2026-10-08T13:26:20.861555+00:00,0.9959210157394409,0.9877818822860718,True,0.9265117219997592,,0.9729093909263611,0.5946570634841919,True,0.8638752629999544,,0.3495596053692107,1016,1016,25,256,256,F,1.7947434120001162
diffdetect-hierarchical-calibration-v1,5a23bee4f802b9c88dd41030711aee173d27a3f8974371153439c0c363cde3a5,609,diffusiondb:119befe7-cb3b-4e98-9cb4-3075c3d5228a.png,synthetic,poloclub/diffusiondb,fb620fbe49fa4420e0734bd9c0df11f51176b61f,part-001800,119befe7-cb3b-4e98-9cb4-3075c3d5228a.png,daeadaf2fd9620052fa9912de8e8f3c6c71cc813e03d47c3ed94de2eb9d16ed2,colab-t4-hierarchical-calibration-v1,1,2026-10-08T13:26:22.670317+00:00,0.9912949204444885,0.9877818822860718,True,0.9315356219999558,,0.9995635151863098,0.5946570634841919,True,0.1976539149995915,,1.0,512,512,4,512,512,F,1.1431657250000171
diffdetect-hierarchical-calibration-v1,5a23bee4f802b9c88dd41030711aee173d27a3f8974371153439c0c363cde3a5,610,diffusiondb:0d2c4d30-89c7-4f50-adda-07c28be7a2a1.png,synthetic,poloclub/diffusiondb,fb620fbe49fa4420e0734bd9c0df11f51176b61f,part-001800,0d2c4d30-89c7-4f50-adda-07c28be7a2a1.png,cadffa70c9d79312b3e1f78f277ecb41dfe6ad48825adfe3b24bb543d5dd532f,colab-t4-hierarchical-calibration-v1,1,2026-10-08T13:26:23.829728+00:00,0.9948595762252808,0.9877818822860718,True,0.933896551000089,,0.867716372013092,0.5946570634841919,True,0.29114687799983585,,0.5084228515625,512,640,6,512,640,F,1.2436939309995978
diffdetect-hierarchical-calibration-v1,5a23bee4f802b9c88dd41030711aee173d27a3f8974371153439c0c363cde3a5,611,cocoglide:000000384513:edited,edited,nebula/CocoGlide,275f045df7caa2544dd28de7fa86b044ab661bd0,calibration,000000384513,0f1f36b8c9b7d19511b299be2a4f53e6a67ad52fecccb433d33e32cfa274bbec,colab-t4-hierarchical-calibration-v1,1,2026-10-08T13:26:25.089848+00:00,0.9957535266876221,0.9877818822860718,True,0.9261956430000282,,0.647438108921051,0.5946570634841919,True,0.988922007000383,,0.01804494233988468,1016,1016,25,256,256,F,1.9230051429999548
diffdetect-hierarchical-calibration-v1,5a23bee4f802b9c88dd41030711aee173d27a3f8974371153439c0c363cde3a5,612,diffusiondb:3b8b0ffb-42d9-41db-864d-fae31c020ac5.png,synthetic,poloclub/diffusiondb,fb620fbe49fa4420e0734bd9c0df11f51176b61f,part-001800,3b8b0ffb-42d9-41db-864d-fae31c020ac5.png,301648951589a7e19fb16ba7a67bab901dc884b74e4e0311a0a68fab0147dc40,colab-t4-hierarchical-calibration-v1,1,2026-10-08T13:26:27.028866+00:00,0.9875801801681519,0.9877818822860718,False,0.9262291260001803,,0.995100736618042,0.5946570634841919,True,0.1603126830000292,,0.943695068359375,512,512,4,512,512,F,1.1034063629999764
diffdetect-hierarchical-calibration-v1,5a23bee4f802b9c88dd41030711aee173d27a3f8974371153439c0c363cde3a5,613,cocoglide:000000530052:edited,edited,nebula/CocoGlide,275f045df7caa2544dd28de7fa86b044ab661bd0,calibration,000000530052,39433c738090108ff2353845e8aab5b73a63c08ccc94f18ea86fc840bf7e48e1,colab-t4-hierarchical-calibration-v1,1,2026-10-08T13:26:28.147248+00:00,0.9953604340553284,0.9877818822860718,True,0.922644653000134,,0.9954627752304077,0.5946570634841919,True,0.8625399839997954,,0.4648333359166718,1016,1016,25,256,256,F,1.7899134799999956
diffdetect-hierarchical-calibration-v1,5a23bee4f802b9c88dd41030711aee173d27a3f8974371153439c0c363cde3a5,614,diffusiondb:b48d5887-46e1-449d-9a55-384558cc521c.png,synthetic,poloclub/diffusiondb,fb620fbe49fa4420e0734bd9c0df11f51176b61f,part-001800,b48d5887-46e1-449d-9a55-384558cc521c.png,8f1cf102d90965d35332f598d42079cf0a1b71c1e5f06f6130ec9eb1cddbb5c2,colab-t4-hierarchical-calibration-v1,1,2026-10-08T13:26:29.953063+00:00,0.9937375783920288,0.9877818822860718,True,0.9278627029998461,,0.9773462414741516,0.5946570634841919,True,0.16458888199986177,,0.6046981811523438,512,512,4,512,512,F,1.107312390000061
diffdetect-hierarchical-calibration-v1,5a23bee4f802b9c88dd41030711aee173d27a3f8974371153439c0c363cde3a5,615,cocoglide:000000222863:real,real,nebula/CocoGlide,275f045df7caa2544dd28de7fa86b044ab661bd0,calibration,000000222863,31b2d8eada0e3a5ef90af9744d12a72c5d9eb0f387480339af425f0d78bb2806,colab-t4-hierarchical-calibration-v1,1,2026-10-08T13:26:31.087155+00:00,0.9953665733337402,0.9877818822860718,True,0.9243104279998988,,0.03341630846261978,0.5946570634841919,False,0.872724160999951,,0.0,1016,1016,25,256,256,F,1.8037940379999782
diffdetect-hierarchical-calibration-v1,5a23bee4f802b9c88dd41030711aee173d27a3f8974371153439c0c363cde3a5,616,diffusiondb:9dae742d-4ad2-491d-bbdf-d37bf3af9dad.png,synthetic,poloclub/diffusiondb,fb620fbe49fa4420e0734bd9c0df11f51176b61f,part-001800,9dae742d-4ad2-491d-bbdf-d37bf3af9dad.png,fadf438047c5702df493149a825525c7a8bed47a0aa7bf5a141f02cecd09156c,colab-t4-hierarchical-calibration-v1,1,2026-10-08T13:26:32.905964+00:00,0.9954438209533691,0.9877818822860718,True,0.9320265669998662,,0.9964039325714111,0.5946570634841919,True,0.16222924100020464,,1.0,512,512,4,512,512,F,1.1067690380000386
diffdetect-hierarchical-calibration-v1,5a23bee4f802b9c88dd41030711aee173d27a3f8974371153439c0c363cde3a5,617,cocoglide:000000504439:real,real,nebula/CocoGlide,275f045df7caa2544dd28de7fa86b044ab661bd0,calibration,000000504439,ae61cd223695b3b6cd1472664040b2941cdbb8b90306e61c4a1fdd05e13bafcf,colab-t4-hierarchical-calibration-v1,1,2026-10-08T13:26:34.027471+00:00,0.5462208390235901,0.9877818822860718,False,0.9255188030001591,,0.27033743262290955,0.5946570634841919,False,0.8715165260000504,,4.456258912517825e-05,1016,1016,25,256,256,F,1.8014620699996158
diffdetect-hierarchical-calibration-v1,5a23bee4f802b9c88dd41030711aee173d27a3f8974371153439c0c363cde3a5,618,diffusiondb:5df6404f-9330-4c6c-8bd4-9081743a9f4b.png,synthetic,poloclub/diffusiondb,fb620fbe49fa4420e0734bd9c0df11f51176b61f,part-001800,5df6404f-9330-4c6c-8bd4-9081743a9f4b.png,02fde70ed7b1fd6cc5fdbe86065b139757c1ef62b48dfe8ab8ecb4fa9f32ce04,colab-t4-hierarchical-calibration-v1,1,2026-10-08T13:26:35.843873+00:00,0.9944157600402832,0.9877818822860718,True,0.9313061919997381,,0.9214524626731873,0.5946570634841919,True,0.16276865300005738,,0.2919349670410156,512,512,4,512,512,F,1.1058898689998387
diffdetect-hierarchical-calibration-v1,5a23bee4f802b9c88dd41030711aee173d27a3f8974371153439c0c363cde3a5,619,cocoglide:000000567825:edited,edited,nebula/CocoGlide,275f045df7caa2544dd28de7fa86b044ab661bd0,calibration,000000567825,9321a109be54789be1a26c130d3afa8221553333aa02691f95f3f27a5e09978f,colab-t4-hierarchical-calibration-v1,1,2026-10-08T13:26:36.963857+00:00,0.9918547868728638,0.9877818822860718,True,0.9267742199999702,,0.9990938901901245,0.5946570634841919,True,0.9861715629999708,,0.12879847634695268,1016,1016,25,256,256,F,1.9194083229999706
diffdetect-hierarchical-calibration-v1,5a23bee4f802b9c88dd41030711aee173d27a3f8974371153439c0c363cde3a5,620,cocoglide:000000079408:edited,edited,nebula/CocoGlide,275f045df7caa2544dd28de7fa86b044ab661bd0,calibration,000000079408,4fa5958dc926d4f8a791c84d2814886a287a73e2417ce317a7346e11ccfc5f04,colab-t4-hierarchical-calibration-v1,1,2026-10-08T13:26:38.901872+00:00,0.9773470759391785,0.9877818822860718,False,0.9270139489999565,,0.9558365345001221,0.5946570634841919,True,0.9846326249999038,,0.41126038502077006,1016,1016,25,256,256,F,1.9169808970000304
diffdetect-hierarchical-calibration-v1,5a23bee4f802b9c88dd41030711aee173d27a3f8974371153439c0c363cde3a5,621,cocoglide:000000435299:edited,edited,nebula/CocoGlide,275f045df7caa2544dd28de7fa86b044ab661bd0,calibration,000000435299,99a23be687265d5aa1da23f00ac6a49dbc1b40b535892b600941743403cac6ac,colab-t4-hierarchical-calibration-v1,1,2026-10-08T13:26:40.838087+00:00,0.9925453066825867,0.9877818822860718,True,0.9281126380001297,,0.9982982277870178,0.5946570634841919,True,0.8639321340001516,,0.5014279403558807,1016,1016,25,256,256,F,1.7969874689997596
diffdetect-hierarchical-calibration-v1,5a23bee4f802b9c88dd41030711aee173d27a3f8974371153439c0c363cde3a5,622,cocoglide:000000577584:edited,edited,nebula/CocoGlide,275f045df7caa2544dd28de7fa86b044ab661bd0,calibration,000000577584,452e741f8c78c386c701bfccd665abcb98bd84ecca3610fbe2e8d770dacbca29,colab-t4-hierarchical-calibration-v1,1,2026-10-08T13:26:42.649928+00:00,0.9657860398292542,0.9877818822860718,False,0.9236843060002684,,0.9984664916992188,0.5946570634841919,True,0.8586758289998215,,0.18731690588381178,1016,1016,25,256,256,F,1.7882171569999628
diffdetect-hierarchical-calibration-v1,5a23bee4f802b9c88dd41030711aee173d27a3f8974371153439c0c363cde3a5,623,cocoglide:000000180798:edited,edited,nebula/CocoGlide,275f045df7caa2544dd28de7fa86b044ab661bd0,calibration,000000180798,22b4b69b9c90e781c66eeeb726de3bc59c342de1cb4316bdb992093a9b907b6a,colab-t4-hierarchical-calibration-v1,1,2026-10-08T13:26:44.453425+00:00,0.9916810393333435,0.9877818822860718,True,0.921892496000055,,0.8381014466285706,0.5946570634841919,True,0.863488334000067,,0.12224196323392647,1016,1016,25,256,256,F,1.789946742000211
diffdetect-hierarchical-calibration-v1,5a23bee4f802b9c88dd41030711aee173d27a3f8974371153439c0c363cde3a5,624,cocoglide:000000146363:real,real,nebula/CocoGlide,275f045df7caa2544dd28de7fa86b044ab661bd0,calibration,000000146363,be8ffcca1f1a854d339974d3c0c58651eda6d153f78637220263b8fd511db5c1,colab-t4-hierarchical-calibration-v1,1,2026-10-08T13:26:46.258524+00:00,0.9948278069496155,0.9877818822860718,True,0.926578098000391,,0.016573263332247734,0.5946570634841919,False,0.8689020480001091,,0.0,1016,1016,25,256,256,F,1.7995378569999048
diffdetect-hierarchical-calibration-v1,5a23bee4f802b9c88dd41030711aee173d27a3f8974371153439c0c363cde3a5,625,diffusiondb:6a296c05-2500-4d0d-bf4f-b6bdd6722272.png,synthetic,poloclub/diffusiondb,fb620fbe49fa4420e0734bd9c0df11f51176b61f,part-001800,6a296c05-2500-4d0d-bf4f-b6bdd6722272.png,b646eed17eada0ca1727f309b41953d2cab81f18cd5298e29a2b996918c3f398,colab-t4-hierarchical-calibration-v1,1,2026-10-08T13:26:48.073194+00:00,0.9936889410018921,0.9877818822860718,True,0.9449739239998962,,0.964299201965332,0.5946570634841919,True,0.917081158000201,,0.4522842095822704,896,896,25,896,896,F,1.8979211900000337
diffdetect-hierarchical-calibration-v1,5a23bee4f802b9c88dd41030711aee173d27a3f8974371153439c0c363cde3a5,626,cocoglide:000000355677:edited,edited,nebula/CocoGlide,275f045df7caa2544dd28de7fa86b044ab661bd0,calibration,000000355677,be6d61346f8f510cb06985c66498bfb2b7d16586278a8945941d6b86ac6683a0,colab-t4-hierarchical-calibration-v1,1,2026-10-08T13:26:49.998722+00:00,0.9997424483299255,0.9877818822860718,True,0.9198276129995975,,0.9080235958099365,0.5946570634841919,True,0.9485267660002137,,0.03706057412114824,1016,1016,25,256,256,F,1.8740079350000087
diffdetect-hierarchical-calibration-v1,5a23bee4f802b9c88dd41030711aee173d27a3f8974371153439c0c363cde3a5,627,cocoglide:000000318114:real,real,nebula/CocoGlide,275f045df7caa2544dd28de7fa86b044ab661bd0,calibration,000000318114,72982c0841463b8a06cd11961ab0443ca319065f9aa4aeb7e9c66f325c16affb,colab-t4-hierarchical-calibration-v1,1,2026-10-08T13:26:51.888613+00:00,0.9956892132759094,0.9877818822860718,True,0.922440897999877,,0.0354606956243515,0.5946570634841919,False,0.9955467919999137,,0.0,1016,1016,25,256,256,F,1.9236830569998347
diffdetect-hierarchical-calibration-v1,5a23bee4f802b9c88dd41030711aee173d27a3f8974371153439c0c363cde3a5,628,cocoglide:000000147518:real,real,nebula/CocoGlide,275f045df7caa2544dd28de7fa86b044ab661bd0,calibration,000000147518,871a915a4442e839f3f8ecd06d05ff1472867aeec3371a72148154bf4fd8596d,colab-t4-hierarchical-calibration-v1,1,2026-10-08T13:26:53.825045+00:00,0.9924599528312683,0.9877818822860718,True,0.9298398649998489,,0.022298725321888924,0.5946570634841919,False,0.9025337070002024,,0.0,1016,1016,25,256,256,F,1.8382226200001242
diffdetect-hierarchical-calibration-v1,5a23bee4f802b9c88dd41030711aee173d27a3f8974371153439c0c363cde3a5,629,cocoglide:000000471869:real,real,nebula/CocoGlide,275f045df7caa2544dd28de7fa86b044ab661bd0,calibration,000000471869,95455b3eba801cb5c9536ab77dda5c03f94aae7eba43afe6878fb474e0625840,colab-t4-hierarchical-calibration-v1,1,2026-10-08T13:26:55.678973+00:00,0.9956329464912415,0.9877818822860718,True,0.9195965030003208,,0.04957636818289757,0.5946570634841919,False,0.8585838660001173,,0.0,1016,1016,25,256,256,F,1.7837307380000311
diffdetect-hierarchical-calibration-v1,5a23bee4f802b9c88dd41030711aee173d27a3f8974371153439c0c363cde3a5,630,cocoglide:000000032610:edited,edited,nebula/CocoGlide,275f045df7caa2544dd28de7fa86b044ab661bd0,calibration,000000032610,1d4ffad167aa98e573d9bbd8fa7f5f53178e5915eede980292f46fd1cc6b5fb1,colab-t4-hierarchical-calibration-v1,1,2026-10-08T13:26:57.479357+00:00,0.996141254901886,0.9877818822860718,True,0.9203600440000628,,0.99094557762146,0.5946570634841919,True,0.8716006200002084,,0.2242990110980222,1016,1016,25,256,256,F,1.7991888700003074
diffdetect-hierarchical-calibration-v1,5a23bee4f802b9c88dd41030711aee173d27a3f8974371153439c0c363cde3a5,631,diffusiondb:bf8b13c9-c67e-406c-b3ed-a7a2e8bb5bd7.png,synthetic,poloclub/diffusiondb,fb620fbe49fa4420e0734bd9c0df11f51176b61f,part-001800,bf8b13c9-c67e-406c-b3ed-a7a2e8bb5bd7.png,cd544688120bb0c0d7fee5eaf053d33006326e06a5ae04ac6221aa174aae000e,colab-t4-hierarchical-calibration-v1,1,2026-10-08T13:26:59.293648+00:00,0.995083212852478,0.9877818822860718,True,0.9297392299999956,,0.5686784982681274,0.5946570634841919,False,0.23739581900008488,,0.03691517223011364,512,704,6,512,704,F,1.1816537559998324
diffdetect-hierarchical-calibration-v1,5a23bee4f802b9c88dd41030711aee173d27a3f8974371153439c0c363cde3a5,632,cocoglide:000000156372:edited,edited,nebula/CocoGlide,275f045df7caa2544dd28de7fa86b044ab661bd0,calibration,000000156372,59264b3ae4d3333c77a7fac369ebc6b00d20933218aee15412c92e4a845f097b,colab-t4-hierarchical-calibration-v1,1,2026-10-08T13:27:00.490268+00:00,0.9909261465072632,0.9877818822860718,True,0.9209985550000965,,0.9994736313819885,0.5946570634841919,True,0.8671478969999953,,0.3344722626945254,1016,1016,25,256,256,F,1.793813413999942
diffdetect-hierarchical-calibration-v1,5a23bee4f802b9c88dd41030711aee173d27a3f8974371153439c0c363cde3a5,633,cocoglide:000000164363:real,real,nebula/CocoGlide,275f045df7caa2544dd28de7fa86b044ab661bd0,calibration,000000164363,364c2080080d45669c4c557fcb2f1d0c6a7ab93bd216263d92259dba3c9e6d81,colab-t4-hierarchical-calibration-v1,1,2026-10-08T13:27:02.299772+00:00,0.9948744177818298,0.9877818822860718,True,0.9169524499998261,,0.5423116087913513,0.5946570634841919,False,0.8690131079997627,,0.015961156922313844,1016,1016,25,256,256,F,1.79036609700006
diffdetect-hierarchical-calibration-v1,5a23bee4f802b9c88dd41030711aee173d27a3f8974371153439c0c363cde3a5,634,diffusiondb:1f6dd471-e703-4d50-83f6-f1a39de6170a.png,synthetic,poloclub/diffusiondb,fb620fbe49fa4420e0734bd9c0df11f51176b61f,part-001800,1f6dd471-e703-4d50-83f6-f1a39de6170a.png,751ff59e4c26b84dec7e585af2253a30e46383961e509adbe3c56e47db8735e7,colab-t4-hierarchical-calibration-v1,1,2026-10-08T13:27:04.105301+00:00,0.9948186278343201,0.9877818822860718,True,0.9221734429997923,,0.4686511754989624,0.5946570634841919,False,0.2054215760003899,,0.00372314453125,512,512,4,512,512,F,1.1372146079997947
diffdetect-hierarchical-calibration-v1,5a23bee4f802b9c88dd41030711aee173d27a3f8974371153439c0c363cde3a5,635,diffusiondb:59d29c19-aa5f-4789-a973-9296a846c2f5.png,synthetic,poloclub/diffusiondb,fb620fbe49fa4420e0734bd9c0df11f51176b61f,part-001800,59d29c19-aa5f-4789-a973-9296a846c2f5.png,f3ca64780ebbd9c986901c58a039b7c728bc0bb6a2a7b6a4f18e4565b92ec0ec,colab-t4-hierarchical-calibration-v1,1,2026-10-08T13:27:05.273978+00:00,0.989730954170227,0.9877818822860718,True,0.9300491389999479,,0.921606719493866,0.5946570634841919,True,0.20919938399993043,,0.7910118103027344,512,512,4,512,512,F,1.1597927399998298
diffdetect-hierarchical-calibration-v1,5a23bee4f802b9c88dd41030711aee173d27a3f8974371153439c0c363cde3a5,636,cocoglide:000000015440:real,real,nebula/CocoGlide,275f045df7caa2544dd28de7fa86b044ab661bd0,calibration,000000015440,dfdcbb0e370eb3562ad7d738267104d2d2f308797a18d50852f15d43718aef52,colab-t4-hierarchical-calibration-v1,1,2026-10-08T13:27:06.452601+00:00,0.996024489402771,0.9877818822860718,True,0.9212492480000947,,0.20555703341960907,0.5946570634841919,False,0.9703892180000366,,0.0,1016,1016,25,256,256,F,1.8979918039999575
diffdetect-hierarchical-calibration-v1,5a23bee4f802b9c88dd41030711aee173d27a3f8974371153439c0c363cde3a5,637,diffusiondb:50a3f919-aef7-4320-a078-0ce1538ef398.png,synthetic,poloclub/diffusiondb,fb620fbe49fa4420e0734bd9c0df11f51176b61f,part-001800,50a3f919-aef7-4320-a078-0ce1538ef398.png,dcccc7b0190285c409125b691a793c6f2b8ba17fddab529dd070bb200cd61a57,colab-t4-hierarchical-calibration-v1,1,2026-10-08T13:27:08.364838+00:00,0.9937804341316223,0.9877818822860718,True,0.9289607840000826,,0.6636720895767212,0.5946570634841919,True,0.15830029300013848,,0.07308578491210938,512,512,4,512,512,F,1.1011518870000145
diffdetect-hierarchical-calibration-v1,5a23bee4f802b9c88dd41030711aee173d27a3f8974371153439c0c363cde3a5,638,cocoglide:000000377575:real,real,nebula/CocoGlide,275f045df7caa2544dd28de7fa86b044ab661bd0,calibration,000000377575,69caac56558eb23b0ed9c5461e699d4544d2d1c4dbd7282f89bd45f63829ebaa,colab-t4-hierarchical-calibration-v1,1,2026-10-08T13:27:09.481859+00:00,0.9960301518440247,0.9877818822860718,True,0.92092650900031,,0.05339082330465317,0.5946570634841919,False,0.8588258120003047,,0.0,1016,1016,25,256,256,F,1.7854261570000745
diffdetect-hierarchical-calibration-v1,5a23bee4f802b9c88dd41030711aee173d27a3f8974371153439c0c363cde3a5,639,cocoglide:000000452321:real,real,nebula/CocoGlide,275f045df7caa2544dd28de7fa86b044ab661bd0,calibration,000000452321,6fe35d20278e95566931e58cd4450284509ea34b4c71f24168c192c9db409997,colab-t4-hierarchical-calibration-v1,1,2026-10-08T13:27:11.285544+00:00,0.9934030175209045,0.9877818822860718,True,0.9240143869997155,,0.03296063467860222,0.5946570634841919,False,0.8655125860000226,,0.0,1016,1016,25,256,256,F,1.7957133899999462
diffdetect-hierarchical-calibration-v1,5a23bee4f802b9c88dd41030711aee173d27a3f8974371153439c0c363cde3a5,640,diffusiondb:497044d7-f263-40e5-aac6-8890f7776b71.png,synthetic,poloclub/diffusiondb,fb620fbe49fa4420e0734bd9c0df11f51176b61f,part-001800,497044d7-f263-40e5-aac6-8890f7776b71.png,2a2dec92aa45047e4e48af6c2e8cc436a83c48cb206da12068d29ea2f59b450d,colab-t4-hierarchical-calibration-v1,1,2026-10-08T13:27:13.098839+00:00,0.9937031865119934,0.9877818822860718,True,0.9273284340001737,,0.9866448640823364,0.5946570634841919,True,0.16581722499995522,,0.5004501342773438,512,512,4,512,512,F,1.1095377390001886
diffdetect-hierarchical-calibration-v1,5a23bee4f802b9c88dd41030711aee173d27a3f8974371153439c0c363cde3a5,641,cocoglide:000000368684:edited,edited,nebula/CocoGlide,275f045df7caa2544dd28de7fa86b044ab661bd0,calibration,000000368684,85951ab852b02a65bb553adc20833cd4bf2df35d05c7ac17c7cb1afdda729d05,colab-t4-hierarchical-calibration-v1,1,2026-10-08T13:27:14.224409+00:00,0.9954286813735962,0.9877818822860718,True,0.9216272329999811,,0.9998027682304382,0.5946570634841919,True,0.879423615000178,,0.22268216411432823,1016,1016,25,256,256,F,1.8056557279996923
diffdetect-hierarchical-calibration-v1,5a23bee4f802b9c88dd41030711aee173d27a3f8974371153439c0c363cde3a5,642,cocoglide:000000355677:real,real,nebula/CocoGlide,275f045df7caa2544dd28de7fa86b044ab661bd0,calibration,000000355677,90b2c8d658625fae8b97ff09b7248c8edde640aeb906ac58ed930724ea7ef92b,colab-t4-hierarchical-calibration-v1,1,2026-10-08T13:27:16.046185+00:00,0.9997288584709167,0.9877818822860718,True,0.9198627880000458,,0.1281789243221283,0.5946570634841919,False,0.8640109349998966,,0.0,1016,1016,25,256,256,F,1.7902648589997625
diffdetect-hierarchical-calibration-v1,5a23bee4f802b9c88dd41030711aee173d27a3f8974371153439c0c363cde3a5,643,diffusiondb:442ab6fd-f893-49ff-8272-8a3285581f16.png,synthetic,poloclub/diffusiondb,fb620fbe49fa4420e0734bd9c0df11f51176b61f,part-001800,442ab6fd-f893-49ff-8272-8a3285581f16.png,23ef0b6933f82aa56fa74c916e6c36505abf7a6244c2e36230501163a2bc1670,colab-t4-hierarchical-calibration-v1,1,2026-10-08T13:27:17.851408+00:00,0.8043358325958252,0.9877818822860718,False,0.9323590859999058,,0.990807831287384,0.5946570634841919,True,0.7235383649999676,,0.8648773193359375,1280,512,16,1280,512,F,1.683925717999955
diffdetect-hierarchical-calibration-v1,5a23bee4f802b9c88dd41030711aee173d27a3f8974371153439c0c363cde3a5,644,cocoglide:000000267940:real,real,nebula/CocoGlide,275f045df7caa2544dd28de7fa86b044ab661bd0,calibration,000000267940,540619002fc45a1426230818bbf030c094d41b2a15af49f4d6476b5bc07505c1,colab-t4-hierarchical-calibration-v1,1,2026-10-08T13:27:19.551967+00:00,0.990326464176178,0.9877818822860718,True,0.9272155929998007,,0.07963772118091583,0.5946570634841919,False,0.9916667150000649,,0.0,1016,1016,25,256,256,F,1.9247389749998547
diffdetect-hierarchical-calibration-v1,5a23bee4f802b9c88dd41030711aee173d27a3f8974371153439c0c363cde3a5,645,diffusiondb:3d61b427-172e-46db-b641-83c54b33ea83.png,synthetic,poloclub/diffusiondb,fb620fbe49fa4420e0734bd9c0df11f51176b61f,part-001800,3d61b427-172e-46db-b641-83c54b33ea83.png,149f0bd3ad64f45555b00f21b575640979655a5841c5706aa44058989d1f4e73,colab-t4-hierarchical-calibration-v1,1,2026-10-08T13:27:21.506209+00:00,0.9934593439102173,0.9877818822860718,True,0.9404440580001392,,0.9965795874595642,0.5946570634841919,True,0.21241280499998538,,0.8564109802246094,512,512,4,512,512,F,1.1743111669998143
diffdetect-hierarchical-calibration-v1,5a23bee4f802b9c88dd41030711aee173d27a3f8974371153439c0c363cde3a5,646,cocoglide:000000228981:edited,edited,nebula/CocoGlide,275f045df7caa2544dd28de7fa86b044ab661bd0,calibration,000000228981,b62f0ed75574e358430330990fcc88ef2894d92ef4ea082b4730ffd00977e411,colab-t4-hierarchical-calibration-v1,1,2026-10-08T13:27:22.699467+00:00,0.9899348616600037,0.9877818822860718,True,0.9229148579997855,,0.9986711740493774,0.5946570634841919,True,0.8721741079998537,,0.2178519669539339,1016,1016,25,256,256,F,1.8017561940000633
diffdetect-hierarchical-calibration-v1,5a23bee4f802b9c88dd41030711aee173d27a3f8974371153439c0c363cde3a5,647,cocoglide:000000530052:real,real,nebula/CocoGlide,275f045df7caa2544dd28de7fa86b044ab661bd0,calibration,000000530052,a1baaf6883093c3f9e1aa50a95fd0595cfc277d01337a5e8aca27b4eddea2cba,colab-t4-hierarchical-calibration-v1,1,2026-10-08T13:27:24.517097+00:00,0.9950414299964905,0.9877818822860718,True,0.9251310729996476,,0.04450420290231705,0.5946570634841919,False,0.8646588669998891,,0.0,1016,1016,25,256,256,F,1.7950845899999877
diffdetect-hierarchical-calibration-v1,5a23bee4f802b9c88dd41030711aee173d27a3f8974371153439c0c363cde3a5,648,diffusiondb:59b8e170-9898-4be1-84bb-dc460d1c150c.png,synthetic,poloclub/diffusiondb,fb620fbe49fa4420e0734bd9c0df11f51176b61f,part-001800,59b8e170-9898-4be1-84bb-dc460d1c150c.png,9ca69eada1fcc16fed02c0e338c2b56e1f73a714f7f29f625381fddf1e48cd20,colab-t4-hierarchical-calibration-v1,1,2026-10-08T13:27:26.327154+00:00,0.9957937002182007,0.9877818822860718,True,0.9264327760001834,,0.9946592450141907,0.5946570634841919,True,0.16125036699986595,,0.7009048461914062,512,512,4,512,512,F,1.1027755009999964
diffdetect-hierarchical-calibration-v1,5a23bee4f802b9c88dd41030711aee173d27a3f8974371153439c0c363cde3a5,649,cocoglide:000000116362:edited,edited,nebula/CocoGlide,275f045df7caa2544dd28de7fa86b044ab661bd0,calibration,000000116362,f36aef59c10591e5ada352ad2d6f5a9d04332ff2632321b5fba1e1a33903432d,colab-t4-hierarchical-calibration-v1,1,2026-10-08T13:27:27.445921+00:00,0.9960318207740784,0.9877818822860718,True,0.921936569999616,,0.979210376739502,0.5946570634841919,True,0.8678474600001209,,0.1013004526009052,1016,1016,25,256,256,F,1.794027742000253
diffdetect-hierarchical-calibration-v1,5a23bee4f802b9c88dd41030711aee173d27a3f8974371153439c0c363cde3a5,650,diffusiondb:396bf2c4-fe70-4b84-8bee-398259e43cc4.png,synthetic,poloclub/diffusiondb,fb620fbe49fa4420e0734bd9c0df11f51176b61f,part-001800,396bf2c4-fe70-4b84-8bee-398259e43cc4.png,d31861a2eb9969df505430e2f537c028c26e0fb1ebe355ef32e89684bac0e81d,colab-t4-hierarchical-calibration-v1,1,2026-10-08T13:27:29.255010+00:00,0.9946168065071106,0.9877818822860718,True,0.939610181000262,,0.9351388216018677,0.5946570634841919,True,0.46036753599992153,,0.6006721047794118,1088,512,12,1088,512,F,1.42016119300024
diffdetect-hierarchical-calibration-v1,5a23bee4f802b9c88dd41030711aee173d27a3f8974371153439c0c363cde3a5,651,diffusiondb:9581811b-b4d0-4347-89df-29b08ee3cb93.png,synthetic,poloclub/diffusiondb,fb620fbe49fa4420e0734bd9c0df11f51176b61f,part-001800,9581811b-b4d0-4347-89df-29b08ee3cb93.png,7c4ade66b61db8f1a0a3ed4e424b286dd6e1301da3132ba665c28040b2dd6477,colab-t4-hierarchical-calibration-v1,1,2026-10-08T13:27:30.690856+00:00,0.9924747347831726,0.9877818822860718,True,0.926346459999877,,0.9569813013076782,0.5946570634841919,True,0.1607562809999763,,0.711639404296875,512,512,4,512,512,F,1.100665170999946
diffdetect-hierarchical-calibration-v1,5a23bee4f802b9c88dd41030711aee173d27a3f8974371153439c0c363cde3a5,652,cocoglide:000000428280:edited,edited,nebula/CocoGlide,275f045df7caa2544dd28de7fa86b044ab661bd0,calibration,000000428280,920f6c289045f33d9ae7528bf782020aedf9c8c349987749789913b087a5c5ea,colab-t4-hierarchical-calibration-v1,1,2026-10-08T13:27:31.808194+00:00,0.9928410053253174,0.9877818822860718,True,0.9261697639999511,,0.8626245856285095,0.5946570634841919,True,0.9855608259999826,,0.0599754324508649,1016,1016,25,256,256,F,1.9179423290001978
diffdetect-hierarchical-calibration-v1,5a23bee4f802b9c88dd41030711aee173d27a3f8974371153439c0c363cde3a5,653,diffusiondb:008eef62-413c-4243-9f8f-30ad4a2cf79f.png,synthetic,poloclub/diffusiondb,fb620fbe49fa4420e0734bd9c0df11f51176b61f,part-001800,008eef62-413c-4243-9f8f-30ad4a2cf79f.png,06724b8fdf3008fe9d529cfda34f080e3f43498f9c7e82c92813995c51203da0,colab-t4-hierarchical-calibration-v1,1,2026-10-08T13:27:33.747432+00:00,0.9928250312805176,0.9877818822860718,True,0.9331370779996178,,0.959871232509613,0.5946570634841919,True,0.20741724200024692,,0.8405380249023438,512,512,4,512,512,F,1.1584198519999518
diffdetect-hierarchical-calibration-v1,5a23bee4f802b9c88dd41030711aee173d27a3f8974371153439c0c363cde3a5,654,cocoglide:000000377882:edited,edited,nebula/CocoGlide,275f045df7caa2544dd28de7fa86b044ab661bd0,calibration,000000377882,1078f46d753a5182b46af15f641132a4079d44be30e253e51c0d7fae2d8fb82f,colab-t4-hierarchical-calibration-v1,1,2026-10-08T13:27:34.923528+00:00,0.9914877414703369,0.9877818822860718,True,0.9271494380000149,,0.35973459482192993,0.5946570634841919,False,0.9574036210001395,,0.006028543307086614,1016,1016,25,256,256,F,1.8907832350000717
diffdetect-hierarchical-calibration-v1,5a23bee4f802b9c88dd41030711aee173d27a3f8974371153439c0c363cde3a5,655,diffusiondb:e0ec8764-db4a-45e9-a873-a45b9e23906c.png,synthetic,poloclub/diffusiondb,fb620fbe49fa4420e0734bd9c0df11f51176b61f,part-001800,e0ec8764-db4a-45e9-a873-a45b9e23906c.png,6acc38be83972e97c386c92dc8ab2a0b33fcd2b6d9513aa3f96ee6fde65be089,colab-t4-hierarchical-calibration-v1,1,2026-10-08T13:27:36.829134+00:00,0.9945639371871948,0.9877818822860718,True,0.9242332109997733,,0.8414379954338074,0.5946570634841919,True,0.16240947899996172,,0.39524078369140625,512,512,4,512,512,F,1.1003933560000405
diffdetect-hierarchical-calibration-v1,5a23bee4f802b9c88dd41030711aee173d27a3f8974371153439c0c363cde3a5,656,diffusiondb:744980f1-b1e5-411a-91cc-b793bc411a30.png,synthetic,poloclub/diffusiondb,fb620fbe49fa4420e0734bd9c0df11f51176b61f,part-001800,744980f1-b1e5-411a-91cc-b793bc411a30.png,7e4196c4ac2c1670a585c7486d5a001ebadb538e72058f72611b636decae19b1,colab-t4-hierarchical-calibration-v1,1,2026-10-08T13:27:37.956243+00:00,0.9951744675636292,0.9877818822860718,True,0.9347994009999638,,0.8933405876159668,0.5946570634841919,True,0.32908489700002974,,0.6753590901692709,512,768,8,512,768,F,1.280685590000303
diffdetect-hierarchical-calibration-v1,5a23bee4f802b9c88dd41030711aee173d27a3f8974371153439c0c363cde3a5,657,diffusiondb:211dccb2-6acc-4d6c-a6b5-29275e1f76bb.png,synthetic,poloclub/diffusiondb,fb620fbe49fa4420e0734bd9c0df11f51176b61f,part-001800,211dccb2-6acc-4d6c-a6b5-29275e1f76bb.png,7030f2215e2c69d4ce279fa3961408bba3cd395bed29f8fa0646df29db07d084,colab-t4-hierarchical-calibration-v1,1,2026-10-08T13:27:39.251614+00:00,0.9960548877716064,0.9877818822860718,True,0.9284091659997102,,0.9577248096466064,0.5946570634841919,True,0.17325968500017552,,0.6515846252441406,512,512,4,512,512,F,1.1127168540001549
diffdetect-hierarchical-calibration-v1,5a23bee4f802b9c88dd41030711aee173d27a3f8974371153439c0c363cde3a5,658,cocoglide:000000476787:real,real,nebula/CocoGlide,275f045df7caa2544dd28de7fa86b044ab661bd0,calibration,000000476787,8bee953a433c8efd44b6cf31c8d34febe44021ded1cf5d27bd4ae7cad8295225,colab-t4-hierarchical-calibration-v1,1,2026-10-08T13:27:40.379241+00:00,0.9960307478904724,0.9877818822860718,True,0.927704102000007,,0.013540365733206272,0.5946570634841919,False,0.8771292880001056,,0.0,1016,1016,25,256,256,F,1.8098374589999366
diffdetect-hierarchical-calibration-v1,5a23bee4f802b9c88dd41030711aee173d27a3f8974371153439c0c363cde3a5,659,cocoglide:000000416330:edited,edited,nebula/CocoGlide,275f045df7caa2544dd28de7fa86b044ab661bd0,calibration,000000416330,d1122678d249d0c7078374a8c5f6912d14f05dc19194d68bb558cb0537a1ade5,colab-t4-hierarchical-calibration-v1,1,2026-10-08T13:27:42.204094+00:00,0.9936635494232178,0.9877818822860718,True,0.9289729680003802,,0.9765883684158325,0.5946570634841919,True,0.8689190830000371,,0.2325508401016802,1016,1016,25,256,256,F,1.80282500300018
diffdetect-hierarchical-calibration-v1,5a23bee4f802b9c88dd41030711aee173d27a3f8974371153439c0c363cde3a5,660,cocoglide:000000044652:real,real,nebula/CocoGlide,275f045df7caa2544dd28de7fa86b044ab661bd0,calibration,000000044652,011c67b70094f5d352e92090dc6434bddd9ccf46eba75569339bddd2048d2536,colab-t4-hierarchical-calibration-v1,1,2026-10-08T13:27:44.022529+00:00,0.9901440143585205,0.9877818822860718,True,0.9246495010002036,,0.0300800409168005,0.5946570634841919,False,0.8625717049999366,,0.0,1016,1016,25,256,256,F,1.791490432000046
diffdetect-hierarchical-calibration-v1,5a23bee4f802b9c88dd41030711aee173d27a3f8974371153439c0c363cde3a5,661,cocoglide:000000085911:real,real,nebula/CocoGlide,275f045df7caa2544dd28de7fa86b044ab661bd0,calibration,000000085911,12d3b86eff3c1363e1bb6880d961a25f94ee0837ef5b74ec146fe3568999fc40,colab-t4-hierarchical-calibration-v1,1,2026-10-08T13:27:45.829049+00:00,0.9957731366157532,0.9877818822860718,True,0.9307114009998259,,0.015369035303592682,0.5946570634841919,False,1.0040115599999808,,0.0,1016,1016,25,256,256,F,1.9386442189997979
diffdetect-hierarchical-calibration-v1,5a23bee4f802b9c88dd41030711aee173d27a3f8974371153439c0c363cde3a5,662,cocoglide:000000241319:edited,edited,nebula/CocoGlide,275f045df7caa2544dd28de7fa86b044ab661bd0,calibration,000000241319,4086b9eb3597961497e4fcfd67d5e97d26faa3605a0ce4851c37250feede98be,colab-t4-hierarchical-calibration-v1,1,2026-10-08T13:27:47.798788+00:00,0.9958427548408508,0.9877818822860718,True,0.9248985309995987,,0.37586894631385803,0.5946570634841919,False,1.0052465109997684,,0.0029653496806993614,1016,1016,25,256,256,F,1.9354173800002172
diffdetect-hierarchical-calibration-v1,5a23bee4f802b9c88dd41030711aee173d27a3f8974371153439c0c363cde3a5,663,cocoglide:000000125952:edited,edited,nebula/CocoGlide,275f045df7caa2544dd28de7fa86b044ab661bd0,calibration,000000125952,b58cbfc3be4108b609d8ea52a41438404aefdec77731a2046f79f97c123b2908,colab-t4-hierarchical-calibration-v1,1,2026-10-08T13:27:49.763575+00:00,0.9949589967727661,0.9877818822860718,True,0.9275930640001206,,0.9989230036735535,0.5946570634841919,True,0.8651654469999812,,0.31418175336350673,1016,1016,25,256,256,F,1.7980108739998286
diffdetect-hierarchical-calibration-v1,5a23bee4f802b9c88dd41030711aee173d27a3f8974371153439c0c363cde3a5,664,cocoglide:000000030213:edited,edited,nebula/CocoGlide,275f045df7caa2544dd28de7fa86b044ab661bd0,calibration,000000030213,e9b9e500e112e128cf907ed5e22a3f526e103b8c3b4864c3282202c23d6902d2,colab-t4-hierarchical-calibration-v1,1,2026-10-08T13:27:51.576748+00:00,0.9956552982330322,0.9877818822860718,True,0.9205064600000696,,0.7242205142974854,0.5946570634841919,True,0.889020137999978,,0.020668322586645173,1016,1016,25,256,256,F,1.8146820810002282
diffdetect-hierarchical-calibration-v1,5a23bee4f802b9c88dd41030711aee173d27a3f8974371153439c0c363cde3a5,665,diffusiondb:4e9c8377-f6fc-46f0-b6e6-f287c030aeaf.png,synthetic,poloclub/diffusiondb,fb620fbe49fa4420e0734bd9c0df11f51176b61f,part-001800,4e9c8377-f6fc-46f0-b6e6-f287c030aeaf.png,71bb163961899020ec1f0df9dc478ed6a27daf05a942daee1f11b385d7ff9dd0,colab-t4-hierarchical-calibration-v1,1,2026-10-08T13:27:53.407353+00:00,0.979247510433197,0.9877818822860718,False,0.9264569710003343,,0.8887898325920105,0.5946570634841919,True,0.16303723500004708,,0.2507171630859375,512,512,4,512,512,F,1.0993251319996489
diffdetect-hierarchical-calibration-v1,5a23bee4f802b9c88dd41030711aee173d27a3f8974371153439c0c363cde3a5,666,diffusiondb:9cd9ccef-194d-457a-8b94-30b59970e8d6.png,synthetic,poloclub/diffusiondb,fb620fbe49fa4420e0734bd9c0df11f51176b61f,part-001800,9cd9ccef-194d-457a-8b94-30b59970e8d6.png,0314759f3f6ec37a0e366acf46495db5b56921c897ff92d109c839cc7bb6b6ea,colab-t4-hierarchical-calibration-v1,1,2026-10-08T13:27:54.535644+00:00,0.9951266050338745,0.9877818822860718,True,0.9242909399999917,,0.7154268026351929,0.5946570634841919,True,0.16553908300011244,,0.2173919677734375,512,512,4,512,512,F,1.103425867000169
diffdetect-hierarchical-calibration-v1,5a23bee4f802b9c88dd41030711aee173d27a3f8974371153439c0c363cde3a5,667,diffusiondb:2f548cca-d361-4ee4-83ff-f230b0b46674.png,synthetic,poloclub/diffusiondb,fb620fbe49fa4420e0734bd9c0df11f51176b61f,part-001800,2f548cca-d361-4ee4-83ff-f230b0b46674.png,147dec4ae6cb5e2c48cd4d238fde686dc9c6e86206826309993ac85a547b5b18,colab-t4-hierarchical-calibration-v1,1,2026-10-08T13:27:55.653210+00:00,0.9910944104194641,0.9877818822860718,True,0.9290936039997177,,0.9929074645042419,0.5946570634841919,True,0.16082089200017435,,0.9975433349609375,512,512,4,512,512,F,1.1031197269999211
diffdetect-hierarchical-calibration-v1,5a23bee4f802b9c88dd41030711aee173d27a3f8974371153439c0c363cde3a5,668,cocoglide:000000001675:real,real,nebula/CocoGlide,275f045df7caa2544dd28de7fa86b044ab661bd0,calibration,000000001675,fa73fc836e8d4859cf3ccbe1c8c2fa7dafdb40855eeb612237acf29ee6bdd291,colab-t4-hierarchical-calibration-v1,1,2026-10-08T13:27:56.770608+00:00,0.9929218888282776,0.9877818822860718,True,0.9219821140000022,,0.19043637812137604,0.5946570634841919,False,0.861017436000111,,0.0,1016,1016,25,256,256,F,1.7872000989996195
diffdetect-hierarchical-calibration-v1,5a23bee4f802b9c88dd41030711aee173d27a3f8974371153439c0c363cde3a5,669,cocoglide:000000508482:edited,edited,nebula/CocoGlide,275f045df7caa2544dd28de7fa86b044ab661bd0,calibration,000000508482,1a7f107d2c9441d4f82e40412d3a711a7cdc2a28815321d8237dd3608badf107,colab-t4-hierarchical-calibration-v1,1,2026-10-08T13:27:58.572708+00:00,0.9950167536735535,0.9877818822860718,True,0.9171792019997156,,0.9903713464736938,0.5946570634841919,True,0.8600096770001073,,0.8403264306528613,1016,1016,25,256,256,F,1.7815656719999424
diffdetect-hierarchical-calibration-v1,5a23bee4f802b9c88dd41030711aee173d27a3f8974371153439c0c363cde3a5,670,cocoglide:000000450439:edited,edited,nebula/CocoGlide,275f045df7caa2544dd28de7fa86b044ab661bd0,calibration,000000450439,d78d868ada369d1ab023e584f362d26a968b7a6c26c4fed505e7b66ab11f0127,colab-t4-hierarchical-calibration-v1,1,2026-10-08T13:28:00.369265+00:00,0.9968858361244202,0.9877818822860718,True,0.9192289990000972,,0.9902732372283936,0.5946570634841919,True,0.993406780999976,,0.17438503627007254,1016,1016,25,256,256,F,1.9185182139999597
diffdetect-hierarchical-calibration-v1,5a23bee4f802b9c88dd41030711aee173d27a3f8974371153439c0c363cde3a5,671,cocoglide:000000456394:edited,edited,nebula/CocoGlide,275f045df7caa2544dd28de7fa86b044ab661bd0,calibration,000000456394,a160ed3757c66617f928350410e98076375034bca98c24e0ecba087384abbd3a,colab-t4-hierarchical-calibration-v1,1,2026-10-08T13:28:02.305743+00:00,0.9922009706497192,0.9877818822860718,True,0.9206962469997961,,0.9511449337005615,0.5946570634841919,True,0.9991094699998939,,0.182122457994916,1016,1016,25,256,256,F,1.9263368510000873
diffdetect-hierarchical-calibration-v1,5a23bee4f802b9c88dd41030711aee173d27a3f8974371153439c0c363cde3a5,672,cocoglide:000000485972:edited,edited,nebula/CocoGlide,275f045df7caa2544dd28de7fa86b044ab661bd0,calibration,000000485972,a9c01caba8fa594e97547069b0b37b54c7d9dd2450b00c4233bf091edae0d822,colab-t4-hierarchical-calibration-v1,1,2026-10-08T13:28:04.253778+00:00,0.994805634021759,0.9877818822860718,True,0.9205313140000726,,0.875198483467102,0.5946570634841919,True,0.8613817190002919,,0.030109778969557938,1016,1016,25,256,256,F,1.7875609509997048
diffdetect-hierarchical-calibration-v1,5a23bee4f802b9c88dd41030711aee173d27a3f8974371153439c0c363cde3a5,673,cocoglide:000000095843:edited,edited,nebula/CocoGlide,275f045df7caa2544dd28de7fa86b044ab661bd0,calibration,000000095843,b05c0a38844be3e3d96245ddfd1459f9d18c4ff27ec2f786b4bc9f1704bdc049,colab-t4-hierarchical-calibration-v1,1,2026-10-08T13:28:06.055922+00:00,0.9898216724395752,0.9877818822860718,True,0.9173388690001048,,0.9996328353881836,0.5946570634841919,True,0.9373127899998508,,0.5755655573811148,1016,1016,25,256,256,F,1.862144860999706
diffdetect-hierarchical-calibration-v1,5a23bee4f802b9c88dd41030711aee173d27a3f8974371153439c0c363cde3a5,674,diffusiondb:ad5adde3-7c14-47e8-8de8-644b1a5d0196.png,synthetic,poloclub/diffusiondb,fb620fbe49fa4420e0734bd9c0df11f51176b61f,part-001800,ad5adde3-7c14-47e8-8de8-644b1a5d0196.png,a4b6208cda023f3966d3da3c0e19ae72577ea58103f6269743b9011a6c9e4867,colab-t4-hierarchical-calibration-v1,1,2026-10-08T13:28:07.941460+00:00,0.9949001669883728,0.9877818822860718,True,0.9261881500001437,,0.7843994498252869,0.5946570634841919,True,0.16777164399991307,,0.5938911437988281,512,512,4,512,512,F,1.1099391979996653
diffdetect-hierarchical-calibration-v1,5a23bee4f802b9c88dd41030711aee173d27a3f8974371153439c0c363cde3a5,675,diffusiondb:ac4ebfe6-f4a0-4c9f-83fb-44aebaf1f3d8.png,synthetic,poloclub/diffusiondb,fb620fbe49fa4420e0734bd9c0df11f51176b61f,part-001800,ac4ebfe6-f4a0-4c9f-83fb-44aebaf1f3d8.png,2359bf2fb724c68e8a79798d170cf03cbb49963e1ae9a83bcecabd43d78862f6,colab-t4-hierarchical-calibration-v1,1,2026-10-08T13:28:09.068125+00:00,0.9952248334884644,0.9877818822860718,True,0.9232521570002064,,0.4007846415042877,0.5946570634841919,False,0.1596616100000574,,0.001796722412109375,512,512,4,512,512,F,1.0958272410002792
diffdetect-hierarchical-calibration-v1,5a23bee4f802b9c88dd41030711aee173d27a3f8974371153439c0c363cde3a5,676,cocoglide:000000161820:edited,edited,nebula/CocoGlide,275f045df7caa2544dd28de7fa86b044ab661bd0,calibration,000000161820,068b3bbad79dae74155c79f5222637ce54c5f72658bb15c7b604ff5c6adc16fc,colab-t4-hierarchical-calibration-v1,1,2026-10-08T13:28:10.191241+00:00,0.9956220984458923,0.9877818822860718,True,0.9176475809999829,,0.9991981983184814,0.5946570634841919,True,0.8674490930002321,,0.6916966333932668,1016,1016,25,256,256,F,1.7898055499999828
diffdetect-hierarchical-calibration-v1,5a23bee4f802b9c88dd41030711aee173d27a3f8974371153439c0c363cde3a5,677,cocoglide:000000531495:edited,edited,nebula/CocoGlide,275f045df7caa2544dd28de7fa86b044ab661bd0,calibration,000000531495,eaba520b52acf070274e3a07f5477b84c5c3b2f8ba96ce590c56a821adcf120b,colab-t4-hierarchical-calibration-v1,1,2026-10-08T13:28:11.996482+00:00,0.9999871253967285,0.9877818822860718,True,0.9201924069998313,,0.5040974020957947,0.5946570634841919,False,0.8746028079999633,,0.010134114018228037,1016,1016,25,256,256,F,1.7993035179997605
diffdetect-hierarchical-calibration-v1,5a23bee4f802b9c88dd41030711aee173d27a3f8974371153439c0c363cde3a5,678,cocoglide:000000337498:real,real,nebula/CocoGlide,275f045df7caa2544dd28de7fa86b044ab661bd0,calibration,000000337498,16e7f0613e338a7e3086a77bec97bcaea2654b2e19ec667cfd09a5c54655e852,colab-t4-hierarchical-calibration-v1,1,2026-10-08T13:28:13.811380+00:00,0.9951958060264587,0.9877818822860718,True,0.9249211820001619,,0.14740197360515594,0.5946570634841919,False,1.0117975530001786,,0.0,1016,1016,25,256,256,F,1.941455790999953
diffdetect-hierarchical-calibration-v1,5a23bee4f802b9c88dd41030711aee173d27a3f8974371153439c0c363cde3a5,679,cocoglide:000000269932:edited,edited,nebula/CocoGlide,275f045df7caa2544dd28de7fa86b044ab661bd0,calibration,000000269932,e0a01e22756501e898b57989dedcbb5318da1079420aa0d892169dbca92d15d3,colab-t4-hierarchical-calibration-v1,1,2026-10-08T13:28:15.793421+00:00,0.9940350651741028,0.9877818822860718,True,0.9251855940001406,,0.9924306273460388,0.5946570634841919,True,0.9805033759998878,,0.06495675491350983,1016,1016,25,256,256,F,1.913495683000292
diffdetect-hierarchical-calibration-v1,5a23bee4f802b9c88dd41030711aee173d27a3f8974371153439c0c363cde3a5,680,cocoglide:000000056344:real,real,nebula/CocoGlide,275f045df7caa2544dd28de7fa86b044ab661bd0,calibration,000000056344,63a5247ffa25045666b9584a73e2f33e5181000c760a3157a0940210a18bc136,colab-t4-hierarchical-calibration-v1,1,2026-10-08T13:28:17.727961+00:00,0.993519127368927,0.9877818822860718,True,0.9176077879997138,,0.01577472873032093,0.5946570634841919,False,0.8631062740000743,,0.0,1016,1016,25,256,256,F,1.7862612379999518
diffdetect-hierarchical-calibration-v1,5a23bee4f802b9c88dd41030711aee173d27a3f8974371153439c0c363cde3a5,681,cocoglide:000000010363:real,real,nebula/CocoGlide,275f045df7caa2544dd28de7fa86b044ab661bd0,calibration,000000010363,1b9d470e8a005c89705f0497ac89df8e5fb0779d897f5fa9652b617c56c4e6b4,colab-t4-hierarchical-calibration-v1,1,2026-10-08T13:28:19.528780+00:00,0.9959761500358582,0.9877818822860718,True,0.9237467339999057,,0.0034195121843367815,0.5946570634841919,False,0.8612055990001863,,0.0,1016,1016,25,256,256,F,1.7910404149997703
diffdetect-hierarchical-calibration-v1,5a23bee4f802b9c88dd41030711aee173d27a3f8974371153439c0c363cde3a5,682,diffusiondb:31e7bca6-ab1d-4d4d-900a-cc523eb0a184.png,synthetic,poloclub/diffusiondb,fb620fbe49fa4420e0734bd9c0df11f51176b61f,part-001800,31e7bca6-ab1d-4d4d-900a-cc523eb0a184.png,dda125934037a75db3dec57192387fdb3664872d9417e537452fec8ec14ba2d2,colab-t4-hierarchical-calibration-v1,1,2026-10-08T13:28:21.334685+00:00,0.9938812255859375,0.9877818822860718,True,0.9264341889997922,,0.9971665740013123,0.5946570634841919,True,0.16436447600017345,,0.5295333862304688,512,512,4,512,512,F,1.1025003679997099
diffdetect-hierarchical-calibration-v1,5a23bee4f802b9c88dd41030711aee173d27a3f8974371153439c0c363cde3a5,683,cocoglide:000000148957:edited,edited,nebula/CocoGlide,275f045df7caa2544dd28de7fa86b044ab661bd0,calibration,000000148957,c182b38c35b4f2425cecd0f4875912a666e009b7cf975de2d204537ea982924d,colab-t4-hierarchical-calibration-v1,1,2026-10-08T13:28:22.451468+00:00,0.9950658082962036,0.9877818822860718,True,0.9205037069996251,,0.9972797632217407,0.5946570634841919,True,0.8773118760000216,,0.6663870202740405,1016,1016,25,256,256,F,1.8046719260000827
diffdetect-hierarchical-calibration-v1,5a23bee4f802b9c88dd41030711aee173d27a3f8974371153439c0c363cde3a5,684,cocoglide:000000183965:real,real,nebula/CocoGlide,275f045df7caa2544dd28de7fa86b044ab661bd0,calibration,000000183965,abc507d0f5f7de3885cb3a342c1402a400b38874533fbd86fc4808eb4109ef60,colab-t4-hierarchical-calibration-v1,1,2026-10-08T13:28:24.270928+00:00,0.9892443418502808,0.9877818822860718,True,0.9176838579996911,,0.5354912281036377,0.5946570634841919,False,0.8713349949998701,,0.011787773575547151,1016,1016,25,256,256,F,1.7942125249996934
diffdetect-hierarchical-calibration-v1,5a23bee4f802b9c88dd41030711aee173d27a3f8974371153439c0c363cde3a5,685,cocoglide:000000516871:real,real,nebula/CocoGlide,275f045df7caa2544dd28de7fa86b044ab661bd0,calibration,000000516871,35b43a4bf6a1ce8b5d35f1747816be85f511adb91bb2d7f8bf919cc7ed60efd3,colab-t4-hierarchical-calibration-v1,1,2026-10-08T13:28:26.080560+00:00,0.9928601384162903,0.9877818822860718,True,0.9215627739999945,,0.025935489684343338,0.5946570634841919,False,0.8611236040001131,,0.0,1016,1016,25,256,256,F,1.7873566880002727
diffdetect-hierarchical-calibration-v1,5a23bee4f802b9c88dd41030711aee173d27a3f8974371153439c0c363cde3a5,686,cocoglide:000000366141:real,real,nebula/CocoGlide,275f045df7caa2544dd28de7fa86b044ab661bd0,calibration,000000366141,9ad5119e9a5ee1850fa064989f0726e85ffc5c6963d6a5384811c28ddac5c4ab,colab-t4-hierarchical-calibration-v1,1,2026-10-08T13:28:27.897619+00:00,0.9956762194633484,0.9877818822860718,True,0.9225347429996873,,0.005372723564505577,0.5946570634841919,False,0.993862240999988,,0.0,1016,1016,25,256,256,F,1.9225832249999257
diffdetect-hierarchical-calibration-v1,5a23bee4f802b9c88dd41030711aee173d27a3f8974371153439c0c363cde3a5,687,cocoglide:000000572517:edited,edited,nebula/CocoGlide,275f045df7caa2544dd28de7fa86b044ab661bd0,calibration,000000572517,15d0d07f9fbed420f20af17056eb0fc3434a272c0916e42a7e003d6d62f587ba,colab-t4-hierarchical-calibration-v1,1,2026-10-08T13:28:29.838334+00:00,0.9957112073898315,0.9877818822860718,True,0.9209046070000113,,0.8138755559921265,0.5946570634841919,True,0.9981218210000407,,0.07726571703143406,1016,1016,25,256,256,F,1.9250962850001088
diffdetect-hierarchical-calibration-v1,5a23bee4f802b9c88dd41030711aee173d27a3f8974371153439c0c363cde3a5,688,cocoglide:000000330790:real,real,nebula/CocoGlide,275f045df7caa2544dd28de7fa86b044ab661bd0,calibration,000000330790,4ba60010e9a67aebc5ac617c22e8bb65b2f6eec003bb92325aeddce2e83a075d,colab-t4-hierarchical-calibration-v1,1,2026-10-08T13:28:31.803334+00:00,0.9955228567123413,0.9877818822860718,True,0.921691950999957,,0.06578072905540466,0.5946570634841919,False,0.8681434760001139,,0.0008902830305660611,1016,1016,25,256,256,F,1.7962840109998979
diffdetect-hierarchical-calibration-v1,5a23bee4f802b9c88dd41030711aee173d27a3f8974371153439c0c363cde3a5,689,cocoglide:000000116362:real,real,nebula/CocoGlide,275f045df7caa2544dd28de7fa86b044ab661bd0,calibration,000000116362,3cb2ec5aa16eaca265b117a37f3dd7e4eccc4f1bb7791dceaa01deb6cae55961,colab-t4-hierarchical-calibration-v1,1,2026-10-08T13:28:33.623647+00:00,0.9962612986564636,0.9877818822860718,True,0.9231505289999404,,0.7398069500923157,0.5946570634841919,True,0.8605175570000938,,0.028288525327050656,1016,1016,25,256,256,F,1.7890968219999195
diffdetect-hierarchical-calibration-v1,5a23bee4f802b9c88dd41030711aee173d27a3f8974371153439c0c363cde3a5,690,cocoglide:000000059920:edited,edited,nebula/CocoGlide,275f045df7caa2544dd28de7fa86b044ab661bd0,calibration,000000059920,0c9ed60e95d0ee0f6faefc526c1e54a0c6cc710f238a398f058443e43c9c790e,colab-t4-hierarchical-calibration-v1,1,2026-10-08T13:28:35.428001+00:00,0.9958393573760986,0.9877818822860718,True,0.9211742580000646,,0.9970852136611938,0.5946570634841919,True,0.8620771850000892,,0.1598479446958894,1016,1016,25,256,256,F,1.7880620930000077
diffdetect-hierarchical-calibration-v1,5a23bee4f802b9c88dd41030711aee173d27a3f8974371153439c0c363cde3a5,691,cocoglide:000000267351:edited,edited,nebula/CocoGlide,275f045df7caa2544dd28de7fa86b044ab661bd0,calibration,000000267351,c09b05f3cc97026e932379ebf12131f1e5277e68623cae9b2f432f8844dac9d2,colab-t4-hierarchical-calibration-v1,1,2026-10-08T13:28:37.231543+00:00,1.0,0.9877818822860718,True,0.9188178969998262,,0.45347046852111816,0.5946570634841919,False,0.864767130999553,,0.0020963791927583854,1016,1016,25,256,256,F,1.7896036309998635
diffdetect-hierarchical-calibration-v1,5a23bee4f802b9c88dd41030711aee173d27a3f8974371153439c0c363cde3a5,692,diffusiondb:08e3df4b-ee8e-4601-8038-5c9f4f680d67.png,synthetic,poloclub/diffusiondb,fb620fbe49fa4420e0734bd9c0df11f51176b61f,part-001800,08e3df4b-ee8e-4601-8038-5c9f4f680d67.png,f505e39ef95e1353d57cd3bbb80fcae3f0cd76aa7474909bf71b9af4dc98529e,colab-t4-hierarchical-calibration-v1,1,2026-10-08T13:28:39.036213+00:00,0.9933810234069824,0.9877818822860718,True,0.9219169650000367,,0.9950010776519775,0.5946570634841919,True,0.1634270739996282,,0.6162834167480469,512,512,4,512,512,F,1.0972483360001206
diffdetect-hierarchical-calibration-v1,5a23bee4f802b9c88dd41030711aee173d27a3f8974371153439c0c363cde3a5,693,cocoglide:000000111179:edited,edited,nebula/CocoGlide,275f045df7caa2544dd28de7fa86b044ab661bd0,calibration,000000111179,558f3055fee2b98345ad65e722cde1baccd5e53d8e65f5ee8d40ee6a0ac586f6,colab-t4-hierarchical-calibration-v1,1,2026-10-08T13:28:40.149106+00:00,0.999004065990448,0.9877818822860718,True,0.9216393839997181,,0.023274635896086693,0.5946570634841919,False,0.8906271340001695,,0.0,1016,1016,25,256,256,F,1.8196297449999292
diffdetect-hierarchical-calibration-v1,5a23bee4f802b9c88dd41030711aee173d27a3f8974371153439c0c363cde3a5,694,diffusiondb:7108fdf6-25b4-4e92-a355-83be9ffa38ec.png,synthetic,poloclub/diffusiondb,fb620fbe49fa4420e0734bd9c0df11f51176b61f,part-001800,7108fdf6-25b4-4e92-a355-83be9ffa38ec.png,64fdb4a7a1509cd8787ca9d19e6423025a8932ec18ae80995fb651ff4b4caad2,colab-t4-hierarchical-calibration-v1,1,2026-10-08T13:28:41.984858+00:00,0.9814069271087646,0.9877818822860718,False,0.9255185340002754,,0.9994964599609375,0.5946570634841919,True,0.2180424159996619,,0.7962532043457031,512,512,4,512,512,F,1.1587186140000085
diffdetect-hierarchical-calibration-v1,5a23bee4f802b9c88dd41030711aee173d27a3f8974371153439c0c363cde3a5,695,cocoglide:000000534639:real,real,nebula/CocoGlide,275f045df7caa2544dd28de7fa86b044ab661bd0,calibration,000000534639,09708d7458ca938b261b3e844b1eceb4e2fa9d58a61d398ef7a608e0cf9eee39,colab-t4-hierarchical-calibration-v1,1,2026-10-08T13:28:43.161192+00:00,0.990920901298523,0.9877818822860718,True,0.9205075800000486,,0.2751530110836029,0.5946570634841919,False,1.0025866129999486,,0.000457250914501829,1016,1016,25,256,256,F,1.929184510000141
diffdetect-hierarchical-calibration-v1,5a23bee4f802b9c88dd41030711aee173d27a3f8974371153439c0c363cde3a5,696,cocoglide:000000120853:edited,edited,nebula/CocoGlide,275f045df7caa2544dd28de7fa86b044ab661bd0,calibration,000000120853,fe0394a9f42190cc0124aeec680f005893e02a39968857ee0bfa6748b4592966,colab-t4-hierarchical-calibration-v1,1,2026-10-08T13:28:45.123381+00:00,0.9954015016555786,0.9877818822860718,True,0.9213128950000282,,0.9976824522018433,0.5946570634841919,True,0.9133603209998,,0.4447055769111538,1016,1016,25,256,256,F,1.840733556000032
diffdetect-hierarchical-calibration-v1,5a23bee4f802b9c88dd41030711aee173d27a3f8974371153439c0c363cde3a5,697,diffusiondb:a137cfcc-bb41-4aee-8351-c74953b3872e.png,synthetic,poloclub/diffusiondb,fb620fbe49fa4420e0734bd9c0df11f51176b61f,part-001800,a137cfcc-bb41-4aee-8351-c74953b3872e.png,d9e6984b50b5a94c8e6f48829137cd1ede56e6ce94f327e20210150e9e0a56e7,colab-t4-hierarchical-calibration-v1,1,2026-10-08T13:28:46.979595+00:00,0.9915260672569275,0.9877818822860718,True,0.9338198309997097,,0.9653812646865845,0.5946570634841919,True,0.4563787189999857,,0.21926116943359375,1024,512,12,1024,512,F,1.4152972480001154
diffdetect-hierarchical-calibration-v1,5a23bee4f802b9c88dd41030711aee173d27a3f8974371153439c0c363cde3a5,698,cocoglide:000000540928:edited,edited,nebula/CocoGlide,275f045df7caa2544dd28de7fa86b044ab661bd0,calibration,000000540928,c46e6350998d55ca74332fa9f26319792161351db103e8cf4e9b3bcad2e4a472,colab-t4-hierarchical-calibration-v1,1,2026-10-08T13:28:48.411946+00:00,0.9943365454673767,0.9877818822860718,True,0.9178786160000527,,0.9979375600814819,0.5946570634841919,True,0.8662431200000356,,0.6313027001054002,1016,1016,25,256,256,F,1.7903702809999231
diffdetect-hierarchical-calibration-v1,5a23bee4f802b9c88dd41030711aee173d27a3f8974371153439c0c363cde3a5,699,cocoglide:000000255718:real,real,nebula/CocoGlide,275f045df7caa2544dd28de7fa86b044ab661bd0,calibration,000000255718,89d9bb183e37698cdbe1956dda8306c7090a85e95840524d42fa46157f6f34ec,colab-t4-hierarchical-calibration-v1,1,2026-10-08T13:28:50.218354+00:00,0.9950549602508545,0.9877818822860718,True,0.9240119709997998,,0.005370703525841236,0.5946570634841919,False,0.8917893050002021,,0.0,1016,1016,25,256,256,F,1.8224357359999885
diffdetect-hierarchical-calibration-v1,5a23bee4f802b9c88dd41030711aee173d27a3f8974371153439c0c363cde3a5,700,diffusiondb:85457cc4-3fc2-4017-8bcb-9217e1499a7c.png,synthetic,poloclub/diffusiondb,fb620fbe49fa4420e0734bd9c0df11f51176b61f,part-001800,85457cc4-3fc2-4017-8bcb-9217e1499a7c.png,6d8ca0d38aea11c05d4b5090e2459d9aabb8d7bfd0cf6423a249762131aa348c,colab-t4-hierarchical-calibration-v1,1,2026-10-08T13:28:52.057167+00:00,0.9956817626953125,0.9877818822860718,True,0.9368354390003333,,0.8524407744407654,0.5946570634841919,True,1.0343912439998348,,0.20196747361567982,1216,768,28,1216,768,F,1.9983879679998608
diffdetect-hierarchical-calibration-v1,5a23bee4f802b9c88dd41030711aee173d27a3f8974371153439c0c363cde3a5,701,cocoglide:000000183965:edited,edited,nebula/CocoGlide,275f045df7caa2544dd28de7fa86b044ab661bd0,calibration,000000183965,a1b4a1c8e0af22c61839572babed45f6d9de2dd376f62fd5eabee8dd5ee9a208,colab-t4-hierarchical-calibration-v1,1,2026-10-08T13:28:54.070816+00:00,0.9898109436035156,0.9877818822860718,True,0.9195570790002421,,0.851815402507782,0.5946570634841919,True,0.8641023370000767,,0.05950461900923802,1016,1016,25,256,256,F,1.7877097909999975
diffdetect-hierarchical-calibration-v1,5a23bee4f802b9c88dd41030711aee173d27a3f8974371153439c0c363cde3a5,702,diffusiondb:db3bf85d-5b70-4107-b065-6b9dcc7feaec.png,synthetic,poloclub/diffusiondb,fb620fbe49fa4420e0734bd9c0df11f51176b61f,part-001800,db3bf85d-5b70-4107-b065-6b9dcc7feaec.png,85719470c3b587acebc432def2fdb9039d2f91e81654ac9da876c0a318debd23,colab-t4-hierarchical-calibration-v1,1,2026-10-08T13:28:55.874033+00:00,0.9954237341880798,0.9877818822860718,True,0.925879569999779,,0.9990039467811584,0.5946570634841919,True,0.20590911999988748,,1.0,512,512,4,512,512,F,1.146402395000223
diffdetect-hierarchical-calibration-v1,5a23bee4f802b9c88dd41030711aee173d27a3f8974371153439c0c363cde3a5,703,cocoglide:000000255718:edited,edited,nebula/CocoGlide,275f045df7caa2544dd28de7fa86b044ab661bd0,calibration,000000255718,9add5837b38cb26c7434501412eb4c032d16da9fd27d83372c32b9ad071f87e3,colab-t4-hierarchical-calibration-v1,1,2026-10-08T13:28:57.037258+00:00,0.9955005049705505,0.9877818822860718,True,0.9218979699999181,,0.9879400134086609,0.5946570634841919,True,1.002035961999809,,0.3933142553785108,1016,1016,25,256,256,F,1.9313738719997673
diffdetect-hierarchical-calibration-v1,5a23bee4f802b9c88dd41030711aee173d27a3f8974371153439c0c363cde3a5,704,cocoglide:000000369751:real,real,nebula/CocoGlide,275f045df7caa2544dd28de7fa86b044ab661bd0,calibration,000000369751,e992a5f2808777e346b510df4ee6d3787a3ebac82345366ad24151e6cd8b6e9c,colab-t4-hierarchical-calibration-v1,1,2026-10-08T13:28:58.985873+00:00,0.9959633350372314,0.9877818822860718,True,0.9229026079997311,,0.01959715411067009,0.5946570634841919,False,0.9306443899999977,,0.0,1016,1016,25,256,256,F,1.8601427080002395
diffdetect-hierarchical-calibration-v1,5a23bee4f802b9c88dd41030711aee173d27a3f8974371153439c0c363cde3a5,705,cocoglide:000000288882:real,real,nebula/CocoGlide,275f045df7caa2544dd28de7fa86b044ab661bd0,calibration,000000288882,5ced1f6f32c980d4653cb64ffd010063dc447845e8ff20067d670bbd2e10b176,colab-t4-hierarchical-calibration-v1,1,2026-10-08T13:29:00.861722+00:00,0.9958568215370178,0.9877818822860718,True,0.9199357180000334,,0.19352875649929047,0.5946570634841919,False,0.8774883229998522,,0.0,1016,1016,25,256,256,F,1.8037152380002226
diffdetect-hierarchical-calibration-v1,5a23bee4f802b9c88dd41030711aee173d27a3f8974371153439c0c363cde3a5,706,cocoglide:000000508482:real,real,nebula/CocoGlide,275f045df7caa2544dd28de7fa86b044ab661bd0,calibration,000000508482,fefa19c779ed88a2db5030079943a07f895fae4fb846c09b51b6fd4707ea6b10,colab-t4-hierarchical-calibration-v1,1,2026-10-08T13:29:02.695441+00:00,0.9921169877052307,0.9877818822860718,True,0.9219608050002535,,0.1575714349746704,0.5946570634841919,False,0.8672961100000975,,0.0,1016,1016,25,256,256,F,1.7957845229998384
diffdetect-hierarchical-calibration-v1,5a23bee4f802b9c88dd41030711aee173d27a3f8974371153439c0c363cde3a5,707,cocoglide:000000069795:edited,edited,nebula/CocoGlide,275f045df7caa2544dd28de7fa86b044ab661bd0,calibration,000000069795,4a0b658060c2e0d65b2289dcade6fee5547fc50f0f23e9b17e3306dea7140f3d,colab-t4-hierarchical-calibration-v1,1,2026-10-08T13:29:04.507872+00:00,0.9952463507652283,0.9877818822860718,True,0.922543678999773,,0.9534061551094055,0.5946570634841919,True,0.8616662730000826,,0.07887190774381549,1016,1016,25,256,256,F,1.7904187459998866
diffdetect-hierarchical-calibration-v1,5a23bee4f802b9c88dd41030711aee173d27a3f8974371153439c0c363cde3a5,708,cocoglide:000000534639:edited,edited,nebula/CocoGlide,275f045df7caa2544dd28de7fa86b044ab661bd0,calibration,000000534639,25625f62e3a19312f6de357d6b6ae19a755b3f1190af9fdaffa18500f4208fe9,colab-t4-hierarchical-calibration-v1,1,2026-10-08T13:29:06.313214+00:00,0.9889557957649231,0.9877818822860718,True,0.9187126340002578,,0.9925413727760315,0.5946570634841919,True,0.8755518749999283,,0.5250955189410379,1016,1016,25,256,256,F,1.7990195929996844
diffdetect-hierarchical-calibration-v1,5a23bee4f802b9c88dd41030711aee173d27a3f8974371153439c0c363cde3a5,709,cocoglide:000000571313:real,real,nebula/CocoGlide,275f045df7caa2544dd28de7fa86b044ab661bd0,calibration,000000571313,0e4a905e841b3fec11246be7b2549447ace5721a2bf5ce847f224e421f48e10a,colab-t4-hierarchical-calibration-v1,1,2026-10-08T13:29:08.127606+00:00,0.9937538504600525,0.9877818822860718,True,0.9222495359999812,,0.06739840656518936,0.5946570634841919,False,0.897921247999875,,0.0,1016,1016,25,256,256,F,1.8261254950002694
diffdetect-hierarchical-calibration-v1,5a23bee4f802b9c88dd41030711aee173d27a3f8974371153439c0c363cde3a5,710,diffusiondb:54444813-dd7a-4015-81c8-da6af1339dfc.png,synthetic,poloclub/diffusiondb,fb620fbe49fa4420e0734bd9c0df11f51176b61f,part-001800,54444813-dd7a-4015-81c8-da6af1339dfc.png,7eb174bea987167cc7be0a88808dd4cf68df027c4d4b7ca85485ec6f8ce75038,colab-t4-hierarchical-calibration-v1,1,2026-10-08T13:29:09.974422+00:00,0.9949513673782349,0.9877818822860718,True,0.9323075870001958,,0.9865982532501221,0.5946570634841919,True,0.3963518059999842,,0.5910186767578125,512,768,8,512,768,F,1.3481358320000254
diffdetect-hierarchical-calibration-v1,5a23bee4f802b9c88dd41030711aee173d27a3f8974371153439c0c363cde3a5,711,cocoglide:000000542625:edited,edited,nebula/CocoGlide,275f045df7caa2544dd28de7fa86b044ab661bd0,calibration,000000542625,681f4f799dd43325ae7ebb21d222feec6b040012ffba7dd4e780a8f5cf0bae40,colab-t4-hierarchical-calibration-v1,1,2026-10-08T13:29:11.341366+00:00,0.9932602047920227,0.9877818822860718,True,0.9279939379998723,,0.9738324880599976,0.5946570634841919,True,1.0002136759999303,,0.03884210893421787,1016,1016,25,256,256,F,1.9348005609999746
diffdetect-hierarchical-calibration-v1,5a23bee4f802b9c88dd41030711aee173d27a3f8974371153439c0c363cde3a5,712,cocoglide:000000370900:real,real,nebula/CocoGlide,275f045df7caa2544dd28de7fa86b044ab661bd0,calibration,000000370900,fe053aee52242a9c5c05a4fa28ddadf640147891ceb887fac42b4c2f26f50ece,colab-t4-hierarchical-calibration-v1,1,2026-10-08T13:29:13.293034+00:00,0.9941972494125366,0.9877818822860718,True,0.9229533389998323,,0.17235079407691956,0.5946570634841919,False,0.8692467930000021,,0.0,1016,1016,25,256,256,F,1.7986565209998844
diffdetect-hierarchical-calibration-v1,5a23bee4f802b9c88dd41030711aee173d27a3f8974371153439c0c363cde3a5,713,cocoglide:000000313130:edited,edited,nebula/CocoGlide,275f045df7caa2544dd28de7fa86b044ab661bd0,calibration,000000313130,c0f81a9e6d2e96f7711c3f73893dc9f7c9450e5ecf936421e623eb19e8880883,colab-t4-hierarchical-calibration-v1,1,2026-10-08T13:29:15.108384+00:00,0.9929538369178772,0.9877818822860718,True,0.9201734920002309,,0.6963129043579102,0.5946570634841919,True,0.8601479690000815,,0.02343701562403125,1016,1016,25,256,256,F,1.785486432000198
diffdetect-hierarchical-calibration-v1,5a23bee4f802b9c88dd41030711aee173d27a3f8974371153439c0c363cde3a5,714,cocoglide:000000470121:edited,edited,nebula/CocoGlide,275f045df7caa2544dd28de7fa86b044ab661bd0,calibration,000000470121,2e8acf5b9f7784afba2228a34a5c96534cd2caf91da92ca4e6630fefbd377a3f,colab-t4-hierarchical-calibration-v1,1,2026-10-08T13:29:16.909168+00:00,0.9952137470245361,0.9877818822860718,True,0.9206320219996087,,0.9637917280197144,0.5946570634841919,True,0.8792646040001273,,0.11943645762291524,1016,1016,25,256,256,F,1.8049888030000147
diffdetect-hierarchical-calibration-v1,5a23bee4f802b9c88dd41030711aee173d27a3f8974371153439c0c363cde3a5,715,diffusiondb:1fcbefb2-d406-435b-9545-a4a4a8d9bdf6.png,synthetic,poloclub/diffusiondb,fb620fbe49fa4420e0734bd9c0df11f51176b61f,part-001800,1fcbefb2-d406-435b-9545-a4a4a8d9bdf6.png,6b1484ead65ff7d6117d4c4923ac126f3a73811d366efbf4685a24443c4a1a61,colab-t4-hierarchical-calibration-v1,1,2026-10-08T13:29:18.741730+00:00,0.9961282014846802,0.9877818822860718,True,0.9333102769996913,,0.7060151100158691,0.5946570634841919,True,0.6594297540000298,,0.07489776611328125,1024,640,18,1024,640,F,1.6224939460003043
diffdetect-hierarchical-calibration-v1,5a23bee4f802b9c88dd41030711aee173d27a3f8974371153439c0c363cde3a5,716,cocoglide:000000405432:real,real,nebula/CocoGlide,275f045df7caa2544dd28de7fa86b044ab661bd0,calibration,000000405432,11bc5a2607b1502621e0c8b5e0302e4865747bdfada98228a2360c30427e0e93,colab-t4-hierarchical-calibration-v1,1,2026-10-08T13:29:20.378722+00:00,0.9911949634552002,0.9877818822860718,True,0.9193691430000399,,0.03776590898633003,0.5946570634841919,False,0.8674039229999835,,0.0006374387748775498,1016,1016,25,256,256,F,1.791640488000212
diffdetect-hierarchical-calibration-v1,5a23bee4f802b9c88dd41030711aee173d27a3f8974371153439c0c363cde3a5,717,diffusiondb:f9d539ba-8854-4f8e-b471-5852783ab413.png,synthetic,poloclub/diffusiondb,fb620fbe49fa4420e0734bd9c0df11f51176b61f,part-001800,f9d539ba-8854-4f8e-b471-5852783ab413.png,ee9f87b971cf4f88fc4a78555fdb1377477b5ccedcd02b56edaf94aca16400c4,colab-t4-hierarchical-calibration-v1,1,2026-10-08T13:29:22.185299+00:00,0.9943009614944458,0.9877818822860718,True,0.9307045850000577,,0.9807271361351013,0.5946570634841919,True,0.24094357400008448,,0.6355257901278409,704,512,6,704,512,F,1.1882639969999218
diffdetect-hierarchical-calibration-v1,5a23bee4f802b9c88dd41030711aee173d27a3f8974371153439c0c363cde3a5,718,cocoglide:000000308753:edited,edited,nebula/CocoGlide,275f045df7caa2544dd28de7fa86b044ab661bd0,calibration,000000308753,46b443f173dbe3013ebd7f6c43dfa13914a522741c33e6156ccf803de949dc3e,colab-t4-hierarchical-calibration-v1,1,2026-10-08T13:29:23.390840+00:00,0.9948943853378296,0.9877818822860718,True,0.9241453429999638,,0.766815721988678,0.5946570634841919,True,0.9951988529996925,,0.01668287711575423,1016,1016,25,256,256,F,1.9261840110002595
diffdetect-hierarchical-calibration-v1,5a23bee4f802b9c88dd41030711aee173d27a3f8974371153439c0c363cde3a5,719,diffusiondb:9fe9c4e8-4593-4941-b1ee-5971957b534c.png,synthetic,poloclub/diffusiondb,fb620fbe49fa4420e0734bd9c0df11f51176b61f,part-001800,9fe9c4e8-4593-4941-b1ee-5971957b534c.png,985de94872392c7ee3c9e85a559d4aba4ed441a348d30cb87eb677864869d9fa,colab-t4-hierarchical-calibration-v1,1,2026-10-08T13:29:25.332111+00:00,0.9931091070175171,0.9877818822860718,True,0.9344632769998498,,0.9973578453063965,0.5946570634841919,True,0.20373805999997785,,0.7912673950195312,512,512,4,512,512,F,1.157475500000146
diffdetect-hierarchical-calibration-v1,5a23bee4f802b9c88dd41030711aee173d27a3f8974371153439c0c363cde3a5,720,diffusiondb:0a6a0a91-e522-4f18-b55f-3776cafbdda4.png,synthetic,poloclub/diffusiondb,fb620fbe49fa4420e0734bd9c0df11f51176b61f,part-001800,0a6a0a91-e522-4f18-b55f-3776cafbdda4.png,0227da7ce1f777905276c0219dcf2394b6aba5176bce9a4d5d2c963cbbb03521,colab-t4-hierarchical-calibration-v1,1,2026-10-08T13:29:26.511125+00:00,0.993605375289917,0.9877818822860718,True,0.9341149310002947,,0.3509221374988556,0.5946570634841919,False,0.28697435699996277,,0.0,512,640,6,512,640,F,1.242706003999956
diffdetect-hierarchical-calibration-v1,5a23bee4f802b9c88dd41030711aee173d27a3f8974371153439c0c363cde3a5,721,cocoglide:000000079408:real,real,nebula/CocoGlide,275f045df7caa2544dd28de7fa86b044ab661bd0,calibration,000000079408,8459e889e78569050c964fafda30d3af74e66398c6f478f48dcee0e30c6d3c9b,colab-t4-hierarchical-calibration-v1,1,2026-10-08T13:29:27.769766+00:00,0.9871843457221985,0.9877818822860718,False,0.9239924289995542,,0.13682159781455994,0.5946570634841919,False,0.8659244340001351,,0.0,1016,1016,25,256,256,F,1.7971280460001253
diffdetect-hierarchical-calibration-v1,5a23bee4f802b9c88dd41030711aee173d27a3f8974371153439c0c363cde3a5,722,cocoglide:000000242287:edited,edited,nebula/CocoGlide,275f045df7caa2544dd28de7fa86b044ab661bd0,calibration,000000242287,0ba85229b1ff68a9b1cfdcf7a3b50220b45608dc38bf4fc348fa2b22e04d84f2,colab-t4-hierarchical-calibration-v1,1,2026-10-08T13:29:29.581383+00:00,0.9956888556480408,0.9877818822860718,True,0.9261664430000565,,0.9895517826080322,0.5946570634841919,True,0.8713508729997557,,0.1370774304048608,1016,1016,25,256,256,F,1.8022885209998094
diffdetect-hierarchical-calibration-v1,5a23bee4f802b9c88dd41030711aee173d27a3f8974371153439c0c363cde3a5,723,cocoglide:000000365385:edited,edited,nebula/CocoGlide,275f045df7caa2544dd28de7fa86b044ab661bd0,calibration,000000365385,75171a72d681a07be5aa753915b6d781c450de59b21a191de6b13fa49d93be74,colab-t4-hierarchical-calibration-v1,1,2026-10-08T13:29:31.399412+00:00,0.9928512573242188,0.9877818822860718,True,0.924125154000194,,0.926236629486084,0.5946570634841919,True,0.8846262769998248,,0.06311612623225246,1016,1016,25,256,256,F,1.8131096460001572
diffdetect-hierarchical-calibration-v1,5a23bee4f802b9c88dd41030711aee173d27a3f8974371153439c0c363cde3a5,724,cocoglide:000000248980:edited,edited,nebula/CocoGlide,275f045df7caa2544dd28de7fa86b044ab661bd0,calibration,000000248980,386aac53c48f6d60b1c900e8df90210c67d6b3a86e774ea06281953b90b3f6e2,colab-t4-hierarchical-calibration-v1,1,2026-10-08T13:29:33.227851+00:00,0.9957383871078491,0.9877818822860718,True,0.9299154529999214,,0.2553907036781311,0.5946570634841919,False,0.8761703099999067,,0.0004921259842519685,1016,1016,25,256,256,F,1.8113323439997657
diffdetect-hierarchical-calibration-v1,5a23bee4f802b9c88dd41030711aee173d27a3f8974371153439c0c363cde3a5,725,cocoglide:000000542625:real,real,nebula/CocoGlide,275f045df7caa2544dd28de7fa86b044ab661bd0,calibration,000000542625,e3b54895127f65d27382c70c3bb275a633412ee5fec4d77156967157988bc886,colab-t4-hierarchical-calibration-v1,1,2026-10-08T13:29:35.068310+00:00,0.9930332899093628,0.9877818822860718,True,0.9216413780000039,,0.042535461485385895,0.5946570634841919,False,0.8637774449998687,,0.0,1016,1016,25,256,256,F,1.7901277920000211
diffdetect-hierarchical-calibration-v1,5a23bee4f802b9c88dd41030711aee173d27a3f8974371153439c0c363cde3a5,726,cocoglide:000000022589:edited,edited,nebula/CocoGlide,275f045df7caa2544dd28de7fa86b044ab661bd0,calibration,000000022589,637fad76bcca58b45d4f8a70bb8675f7b4b011fdc7afb54e5cf7b9ee95ea0a8f,colab-t4-hierarchical-calibration-v1,1,2026-10-08T13:29:36.873261+00:00,0.9957908391952515,0.9877818822860718,True,0.9209168269999282,,0.9851318001747131,0.5946570634841919,True,0.9516674589999639,,0.2808140616281233,1016,1016,25,256,256,F,1.8781358679998448
diffdetect-hierarchical-calibration-v1,5a23bee4f802b9c88dd41030711aee173d27a3f8974371153439c0c363cde3a5,727,cocoglide:000000222299:real,real,nebula/CocoGlide,275f045df7caa2544dd28de7fa86b044ab661bd0,calibration,000000222299,a67a676c7139e5953e6687d39c52a211d2e88fa6f45014c07cebadda5edb0369,colab-t4-hierarchical-calibration-v1,1,2026-10-08T13:29:38.768961+00:00,0.995630145072937,0.9877818822860718,True,0.9305205519999618,,0.837334156036377,0.5946570634841919,True,1.0130008370001633,,0.030125279000558,1016,1016,25,256,256,F,1.9508348469998964
diffdetect-hierarchical-calibration-v1,5a23bee4f802b9c88dd41030711aee173d27a3f8974371153439c0c363cde3a5,728,cocoglide:000000474164:edited,edited,nebula/CocoGlide,275f045df7caa2544dd28de7fa86b044ab661bd0,calibration,000000474164,e4e9e5a62dcabfee952059b1468cb9d8356bc0216f67c7764683c05c28e43a09,colab-t4-hierarchical-calibration-v1,1,2026-10-08T13:29:40.734340+00:00,0.9924805164337158,0.9877818822860718,True,0.9324287760000516,,0.9922346472740173,0.5946570634841919,True,0.8916410010001528,,0.3834794857089714,1016,1016,25,256,256,F,1.8299530979998053
diffdetect-hierarchical-calibration-v1,5a23bee4f802b9c88dd41030711aee173d27a3f8974371153439c0c363cde3a5,729,cocoglide:000000156372:real,real,nebula/CocoGlide,275f045df7caa2544dd28de7fa86b044ab661bd0,calibration,000000156372,879e07d76744217f286a35e03eb7bb6a646d322cac1bb2bc949779b9593523b4,colab-t4-hierarchical-calibration-v1,1,2026-10-08T13:29:42.580926+00:00,0.9920600652694702,0.9877818822860718,True,0.9234783819997574,,0.013755219988524914,0.5946570634841919,False,0.8591068599998835,,0.0,1016,1016,25,256,256,F,1.7883201039999221
diffdetect-hierarchical-calibration-v1,5a23bee4f802b9c88dd41030711aee173d27a3f8974371153439c0c363cde3a5,730,cocoglide:000000219283:edited,edited,nebula/CocoGlide,275f045df7caa2544dd28de7fa86b044ab661bd0,calibration,000000219283,f80be092a6c62d7d37e1c1c1fdb3be9b3f3c3c1cd831ffadf46c8583decae00a,colab-t4-hierarchical-calibration-v1,1,2026-10-08T13:29:44.383888+00:00,0.0038045067340135574,0.9877818822860718,False,0.9216079309999259,,0.981356680393219,0.5946570634841919,True,0.8686069860000316,,0.07745752991505983,1016,1016,25,256,256,F,1.794096107000314
diffdetect-hierarchical-calibration-v1,5a23bee4f802b9c88dd41030711aee173d27a3f8974371153439c0c363cde3a5,731,diffusiondb:25913066-e883-4a99-b513-3580fe857036.png,synthetic,poloclub/diffusiondb,fb620fbe49fa4420e0734bd9c0df11f51176b61f,part-001800,25913066-e883-4a99-b513-3580fe857036.png,6bc6b9fcb9d0852cbbcacc07617460601715972666d570f4030b33e0b0bb1a45,colab-t4-hierarchical-calibration-v1,1,2026-10-08T13:29:46.194563+00:00,0.9943532943725586,0.9877818822860718,True,0.9295829279999452,,0.9986989498138428,0.5946570634841919,True,0.16026122199991732,,0.9914741516113281,512,512,4,512,512,F,1.102495763999741
diffdetect-hierarchical-calibration-v1,5a23bee4f802b9c88dd41030711aee173d27a3f8974371153439c0c363cde3a5,732,cocoglide:000000545407:real,real,nebula/CocoGlide,275f045df7caa2544dd28de7fa86b044ab661bd0,calibration,000000545407,39b7ed5e900c7cb15ef134affba98849c6c8ca07241bc4310e348b8ff17e0b8d,colab-t4-hierarchical-calibration-v1,1,2026-10-08T13:29:47.312394+00:00,0.9900673627853394,0.9877818822860718,True,0.926043682999989,,0.0731194019317627,0.5946570634841919,False,0.8666751810001188,,0.0,1016,1016,25,256,256,F,1.7974330940000982
diffdetect-hierarchical-calibration-v1,5a23bee4f802b9c88dd41030711aee173d27a3f8974371153439c0c363cde3a5,733,diffusiondb:e63c6371-a680-4cb5-ba84-4ac57d1ef569.png,synthetic,poloclub/diffusiondb,fb620fbe49fa4420e0734bd9c0df11f51176b61f,part-001800,e63c6371-a680-4cb5-ba84-4ac57d1ef569.png,e19b3d0056d457aa9cca548dd3b076bddc22529f6ebcd669220097960d10fa08,colab-t4-hierarchical-calibration-v1,1,2026-10-08T13:29:49.125049+00:00,0.9956592917442322,0.9877818822860718,True,0.9275960660002056,,0.8787334561347961,0.5946570634841919,True,0.15950696699974287,,0.3413352966308594,512,512,4,512,512,F,1.1023036819997287
diffdetect-hierarchical-calibration-v1,5a23bee4f802b9c88dd41030711aee173d27a3f8974371153439c0c363cde3a5,734,diffusiondb:a1720ad7-31e8-450a-a2e7-8aaa37db60e5.png,synthetic,poloclub/diffusiondb,fb620fbe49fa4420e0734bd9c0df11f51176b61f,part-001800,a1720ad7-31e8-450a-a2e7-8aaa37db60e5.png,a866430f3009ef9cb418e323c5491696996a0b308ec5bb5f9fc7824ba987c5fc,colab-t4-hierarchical-calibration-v1,1,2026-10-08T13:29:50.243999+00:00,0.9960024952888489,0.9877818822860718,True,0.933303173999775,,0.9791494011878967,0.5946570634841919,True,0.15913218799960305,,0.36193084716796875,512,512,4,512,512,F,1.1064859979996982
diffdetect-hierarchical-calibration-v1,5a23bee4f802b9c88dd41030711aee173d27a3f8974371153439c0c363cde3a5,735,cocoglide:000000196754:real,real,nebula/CocoGlide,275f045df7caa2544dd28de7fa86b044ab661bd0,calibration,000000196754,4bd3bf5e1dfd95fd129a97d863fcc27c66914514db349ebd17ae1a1eca3838ca,colab-t4-hierarchical-calibration-v1,1,2026-10-08T13:29:51.378474+00:00,0.9939952492713928,0.9877818822860718,True,0.9277642690003631,,0.06403963267803192,0.5946570634841919,False,1.0039338230003523,,0.0,1016,1016,25,256,256,F,1.9378143690000798
diffdetect-hierarchical-calibration-v1,5a23bee4f802b9c88dd41030711aee173d27a3f8974371153439c0c363cde3a5,736,diffusiondb:a681ed81-619b-42e8-8719-c2a729ea10a8.png,synthetic,poloclub/diffusiondb,fb620fbe49fa4420e0734bd9c0df11f51176b61f,part-001800,a681ed81-619b-42e8-8719-c2a729ea10a8.png,936142e4aba2199debe11fcf7e8422462d1e55d9dbc7be7b041168b6f990ddcb,colab-t4-hierarchical-calibration-v1,1,2026-10-08T13:29:53.333142+00:00,0.9953420162200928,0.9877818822860718,True,0.929836744000113,,0.9985657930374146,0.5946570634841919,True,0.21085378099996888,,1.0,512,512,4,512,512,F,1.157979184999931
diffdetect-hierarchical-calibration-v1,5a23bee4f802b9c88dd41030711aee173d27a3f8974371153439c0c363cde3a5,737,cocoglide:000000382088:edited,edited,nebula/CocoGlide,275f045df7caa2544dd28de7fa86b044ab661bd0,calibration,000000382088,0165e193cfb328e2f86fd572ccd6258223a7c840e565cbbf1284b49191480783,colab-t4-hierarchical-calibration-v1,1,2026-10-08T13:29:54.511957+00:00,0.9951856732368469,0.9877818822860718,True,0.922130197000115,,0.9866008162498474,0.5946570634841919,True,0.9213423409996722,,0.3244679614359229,1016,1016,25,256,256,F,1.84962479800015
diffdetect-hierarchical-calibration-v1,5a23bee4f802b9c88dd41030711aee173d27a3f8974371153439c0c363cde3a5,738,cocoglide:000000063552:edited,edited,nebula/CocoGlide,275f045df7caa2544dd28de7fa86b044ab661bd0,calibration,000000063552,7b34d090d52b9f57bbcfb802dd8adf4f55e70995bedcc829044f62da70216d99,colab-t4-hierarchical-calibration-v1,1,2026-10-08T13:29:56.377414+00:00,0.9952822327613831,0.9877818822860718,True,0.928877969000041,,0.9840947985649109,0.5946570634841919,True,0.8702034050002112,,0.4463233926467853,1016,1016,25,256,256,F,1.8037060999999994
diffdetect-hierarchical-calibration-v1,5a23bee4f802b9c88dd41030711aee173d27a3f8974371153439c0c363cde3a5,739,cocoglide:000000182417:edited,edited,nebula/CocoGlide,275f045df7caa2544dd28de7fa86b044ab661bd0,calibration,000000182417,614cdc7d739e416aa98c331184c22ccc4c1ca85ba6f9953192d421cb92a2624e,colab-t4-hierarchical-calibration-v1,1,2026-10-08T13:29:58.196333+00:00,0.995241641998291,0.9877818822860718,True,0.9231897940003364,,0.9970430135726929,0.5946570634841919,True,0.8703636249997544,,0.772767608035216,1016,1016,25,256,256,F,1.8002127130002918
diffdetect-hierarchical-calibration-v1,5a23bee4f802b9c88dd41030711aee173d27a3f8974371153439c0c363cde3a5,740,cocoglide:000000375078:real,real,nebula/CocoGlide,275f045df7caa2544dd28de7fa86b044ab661bd0,calibration,000000375078,8b7ec3e10875af0bba0d89b83350b8c3aae5af0c5cd1ac425ee4c1ac79bd29e6,colab-t4-hierarchical-calibration-v1,1,2026-10-08T13:30:00.011395+00:00,0.9954149723052979,0.9877818822860718,True,0.9205404989997987,,0.5822826623916626,0.5946570634841919,False,0.8617591110000831,,0.02961184047368095,1016,1016,25,256,256,F,1.7872069009999905
diffdetect-hierarchical-calibration-v1,5a23bee4f802b9c88dd41030711aee173d27a3f8974371153439c0c363cde3a5,741,diffusiondb:672b5d9e-8831-45ab-9f67-cfcd6044fb0b.png,synthetic,poloclub/diffusiondb,fb620fbe49fa4420e0734bd9c0df11f51176b61f,part-001800,672b5d9e-8831-45ab-9f67-cfcd6044fb0b.png,f9785144ef6f4d1d0e07d555942ad9af759c80a743d7be034f730b122f58c193,colab-t4-hierarchical-calibration-v1,1,2026-10-08T13:30:01.815880+00:00,0.994996190071106,0.9877818822860718,True,0.9258337810001649,,0.9929436445236206,0.5946570634841919,True,0.9486192250001295,,0.9204179970859941,508,2032,26,256,1024,F,1.8859613879999415
diffdetect-hierarchical-calibration-v1,5a23bee4f802b9c88dd41030711aee173d27a3f8974371153439c0c363cde3a5,742,cocoglide:000000294855:edited,edited,nebula/CocoGlide,275f045df7caa2544dd28de7fa86b044ab661bd0,calibration,000000294855,778fab170d72c0c269efc99274a9e0c4d83006ac1d23d9185b9df398cbb765d3,colab-t4-hierarchical-calibration-v1,1,2026-10-08T13:30:03.715967+00:00,0.995357096195221,0.9877818822860718,True,0.925078140000096,,0.9982424974441528,0.5946570634841919,True,0.8681093810000675,,0.17005955886911775,1016,1016,25,256,256,F,1.7980999229998815
diffdetect-hierarchical-calibration-v1,5a23bee4f802b9c88dd41030711aee173d27a3f8974371153439c0c363cde3a5,743,diffusiondb:37840d44-4153-4f8e-a8ef-df67f06dcd0d.png,synthetic,poloclub/diffusiondb,fb620fbe49fa4420e0734bd9c0df11f51176b61f,part-001800,37840d44-4153-4f8e-a8ef-df67f06dcd0d.png,c48553b1a85dcd6cc8c6cfbf8a4f277e8b96c19e27584046bfa5ef4a17b7be37,colab-t4-hierarchical-calibration-v1,1,2026-10-08T13:30:05.530406+00:00,0.9925495386123657,0.9877818822860718,True,0.9225063859998954,,0.9883823990821838,0.5946570634841919,True,0.2050106430001506,,0.7895736694335938,512,512,4,512,512,F,1.1411876409997603
diffdetect-hierarchical-calibration-v1,5a23bee4f802b9c88dd41030711aee173d27a3f8974371153439c0c363cde3a5,744,diffusiondb:0c1c1c86-6fa4-4ad5-aeaf-302beab6805d.png,synthetic,poloclub/diffusiondb,fb620fbe49fa4420e0734bd9c0df11f51176b61f,part-001800,0c1c1c86-6fa4-4ad5-aeaf-302beab6805d.png,2c26e59204d9f35abdc364fe03af78a075ffb5a7144f58e63ecf1e18a5dc7aae,colab-t4-hierarchical-calibration-v1,1,2026-10-08T13:30:06.702801+00:00,0.9950893521308899,0.9877818822860718,True,0.9322167720001744,,0.8435823917388916,0.5946570634841919,True,0.2842715850001696,,0.30179443359375,512,640,6,512,640,F,1.2366209510000772
diffdetect-hierarchical-calibration-v1,5a23bee4f802b9c88dd41030711aee173d27a3f8974371153439c0c363cde3a5,745,cocoglide:000000198960:edited,edited,nebula/CocoGlide,275f045df7caa2544dd28de7fa86b044ab661bd0,calibration,000000198960,0c8e61b6f11f689776ffab1dbe0ee072959d1fe1482a6b1d9b6c4730da7025d3,colab-t4-hierarchical-calibration-v1,1,2026-10-08T13:30:07.955452+00:00,0.47611480951309204,0.9877818822860718,False,0.9270769770000697,,0.877862811088562,0.5946570634841919,True,1.0185974799996984,,0.14028690557381115,1016,1016,25,256,256,F,1.9508759320001445
diffdetect-hierarchical-calibration-v1,5a23bee4f802b9c88dd41030711aee173d27a3f8974371153439c0c363cde3a5,746,cocoglide:000000384651:edited,edited,nebula/CocoGlide,275f045df7caa2544dd28de7fa86b044ab661bd0,calibration,000000384651,91ffd2443fcd518dde027a7f4e0494381a4cf2fa08e215e98108f746a3f2026b,colab-t4-hierarchical-calibration-v1,1,2026-10-08T13:30:09.922849+00:00,0.989798903465271,0.9877818822860718,True,0.9216353779997917,,0.998306155204773,0.5946570634841919,True,0.8762515520002125,,0.16096879068758138,1016,1016,25,256,256,F,1.8048248329996568
diffdetect-hierarchical-calibration-v1,5a23bee4f802b9c88dd41030711aee173d27a3f8974371153439c0c363cde3a5,747,cocoglide:000000335450:edited,edited,nebula/CocoGlide,275f045df7caa2544dd28de7fa86b044ab661bd0,calibration,000000335450,bd572c2e4a1801f2719982386a603501837394735c9407e0937cd3693d59b3fa,colab-t4-hierarchical-calibration-v1,1,2026-10-08T13:30:11.745513+00:00,0.994110643863678,0.9877818822860718,True,0.9196079289999943,,0.9979234337806702,0.5946570634841919,True,0.8742133670002659,,0.2568645762291525,1016,1016,25,256,256,F,1.7980785350000588
diffdetect-hierarchical-calibration-v1,5a23bee4f802b9c88dd41030711aee173d27a3f8974371153439c0c363cde3a5,748,diffusiondb:ec4c31c9-3531-436f-9f0f-8550d9842e81.png,synthetic,poloclub/diffusiondb,fb620fbe49fa4420e0734bd9c0df11f51176b61f,part-001800,ec4c31c9-3531-436f-9f0f-8550d9842e81.png,9652fb5f0d1b8c3b91777de84cae0c2ead0f9fe02e437965343a0f64f28922a6,colab-t4-hierarchical-calibration-v1,1,2026-10-08T13:30:13.559080+00:00,0.9950035214424133,0.9877818822860718,True,0.9253547600001184,,0.9319874048233032,0.5946570634841919,True,0.16032601500000965,,0.37457275390625,512,512,4,512,512,F,1.103529553000044
diffdetect-hierarchical-calibration-v1,5a23bee4f802b9c88dd41030711aee173d27a3f8974371153439c0c363cde3a5,749,diffusiondb:aef3fe3b-361f-4493-81bc-ab02bdfccce6.png,synthetic,poloclub/diffusiondb,fb620fbe49fa4420e0734bd9c0df11f51176b61f,part-001800,aef3fe3b-361f-4493-81bc-ab02bdfccce6.png,1c38624bf2e2417061f40fb7f3f0dd106f316fb3a484cc03a812fb09343bb3c6,colab-t4-hierarchical-calibration-v1,1,2026-10-08T13:30:14.677842+00:00,0.9905794262886047,0.9877818822860718,True,0.9302709429998686,,0.8272293210029602,0.5946570634841919,True,0.37279120499988494,,0.28747054170971076,704,704,9,704,704,F,1.3240049030000591
diffdetect-hierarchical-calibration-v1,5a23bee4f802b9c88dd41030711aee173d27a3f8974371153439c0c363cde3a5,750,cocoglide:000000333956:real,real,nebula/CocoGlide,275f045df7caa2544dd28de7fa86b044ab661bd0,calibration,000000333956,338fde4ab288416e9c6b24865a61bae1d068b742dfa52ed66f592d8c556730f9,colab-t4-hierarchical-calibration-v1,1,2026-10-08T13:30:16.018193+00:00,0.993819534778595,0.9877818822860718,True,0.9203820770003404,,0.03142132610082626,0.5946570634841919,False,0.8694085530000848,,0.0,1016,1016,25,256,256,F,1.7958420630002365
diffdetect-hierarchical-calibration-v1,5a23bee4f802b9c88dd41030711aee173d27a3f8974371153439c0c363cde3a5,751,cocoglide:000000393282:real,real,nebula/CocoGlide,275f045df7caa2544dd28de7fa86b044ab661bd0,calibration,000000393282,b7c7212c39957fcfd844f97956c4c662ef94df28bc3e233699c2403d7e444ddd,colab-t4-hierarchical-calibration-v1,1,2026-10-08T13:30:17.829103+00:00,0.9937970638275146,0.9877818822860718,True,0.9205875799998466,,0.4082914888858795,0.5946570634841919,False,0.8643098349998581,,0.0036793198586397174,1016,1016,25,256,256,F,1.7897643189999144
diffdetect-hierarchical-calibration-v1,5a23bee4f802b9c88dd41030711aee173d27a3f8974371153439c0c363cde3a5,752,cocoglide:000000478286:real,real,nebula/CocoGlide,275f045df7caa2544dd28de7fa86b044ab661bd0,calibration,000000478286,b8db73d7dab254eba23dafc0c96e561eeb576b9d25291e7f0899dfcc2d4f6aa1,colab-t4-hierarchical-calibration-v1,1,2026-10-08T13:30:19.634470+00:00,0.9897077083587646,0.9877818822860718,True,0.9246515129998443,,0.036899223923683167,0.5946570634841919,False,1.0000748999996176,,0.0,1016,1016,25,256,256,F,1.9314244409997627
diffdetect-hierarchical-calibration-v1,5a23bee4f802b9c88dd41030711aee173d27a3f8974371153439c0c363cde3a5,753,cocoglide:000000214200:real,real,nebula/CocoGlide,275f045df7caa2544dd28de7fa86b044ab661bd0,calibration,000000214200,9de05e3e48b7d3b9c1aa25eef2a178c8f44ccb753fb3ce3f2d0e0dc15993e5c1,colab-t4-hierarchical-calibration-v1,1,2026-10-08T13:30:21.581935+00:00,0.994103729724884,0.9877818822860718,True,0.9186569890002829,,0.09998519718647003,0.5946570634841919,False,0.987182329999996,,0.00040009455018910037,1016,1016,25,256,256,F,1.9121706500000073
diffdetect-hierarchical-calibration-v1,5a23bee4f802b9c88dd41030711aee173d27a3f8974371153439c0c363cde3a5,754,cocoglide:000000549167:edited,edited,nebula/CocoGlide,275f045df7caa2544dd28de7fa86b044ab661bd0,calibration,000000549167,1072a3cb880d52943f03ad84d32e178f5615a9bbf880531a5ec5be5d417e9b41,colab-t4-hierarchical-calibration-v1,1,2026-10-08T13:30:23.529412+00:00,0.994534969329834,0.9877818822860718,True,0.9201157840002452,,0.7363499999046326,0.5946570634841919,True,0.8800149210001109,,0.0472750945501891,1016,1016,25,256,256,F,1.8144997049998892
diffdetect-hierarchical-calibration-v1,5a23bee4f802b9c88dd41030711aee173d27a3f8974371153439c0c363cde3a5,755,cocoglide:000000141597:real,real,nebula/CocoGlide,275f045df7caa2544dd28de7fa86b044ab661bd0,calibration,000000141597,d1a592fef2bdd3bd6225d408a8a9f0df5a98aa10e60603b40f16088037635933,colab-t4-hierarchical-calibration-v1,1,2026-10-08T13:30:25.373392+00:00,0.99381422996521,0.9877818822860718,True,0.9154737859998932,,0.009346877224743366,0.5946570634841919,False,0.8663125180000861,,0.0,1016,1016,25,256,256,F,1.788174589999926
diffdetect-hierarchical-calibration-v1,5a23bee4f802b9c88dd41030711aee173d27a3f8974371153439c0c363cde3a5,756,cocoglide:000000098839:edited,edited,nebula/CocoGlide,275f045df7caa2544dd28de7fa86b044ab661bd0,calibration,000000098839,d1752663e278a7616195df0c385b1d31ef05e8987b7ef3e8ab759b48de755ac8,colab-t4-hierarchical-calibration-v1,1,2026-10-08T13:30:27.176561+00:00,0.9877784848213196,0.9877818822860718,False,0.9201669230001244,,0.9992245435714722,0.5946570634841919,True,0.8606645989998469,,0.6051541478082956,1016,1016,25,256,256,F,1.7870128150002529
diffdetect-hierarchical-calibration-v1,5a23bee4f802b9c88dd41030711aee173d27a3f8974371153439c0c363cde3a5,757,cocoglide:000000217614:edited,edited,nebula/CocoGlide,275f045df7caa2544dd28de7fa86b044ab661bd0,calibration,000000217614,5615e499aa510b95ab403df4dd80e40209440c2e6bf3fb71cb135f9b4d06b56b,colab-t4-hierarchical-calibration-v1,1,2026-10-08T13:30:28.978125+00:00,0.99524986743927,0.9877818822860718,True,0.9219826230000763,,0.3185259699821472,0.5946570634841919,False,0.884491385000274,,0.0001356252712505425,1016,1016,25,256,256,F,1.810794020999765
diffdetect-hierarchical-calibration-v1,5a23bee4f802b9c88dd41030711aee173d27a3f8974371153439c0c363cde3a5,758,cocoglide:000000224051:real,real,nebula/CocoGlide,275f045df7caa2544dd28de7fa86b044ab661bd0,calibration,000000224051,188662b2b4697a1553e7685fb78d52b28b122aa2845548bb752d905fc0da6127,colab-t4-hierarchical-calibration-v1,1,2026-10-08T13:30:30.803007+00:00,0.809619665145874,0.9877818822860718,False,0.9185200919996532,,0.07141605764627457,0.5946570634841919,False,0.8733278889999383,,0.0,1016,1016,25,256,256,F,1.7975638979996802
diffdetect-hierarchical-calibration-v1,5a23bee4f802b9c88dd41030711aee173d27a3f8974371153439c0c363cde3a5,759,diffusiondb:02a2bf57-e250-40c4-880b-ce3f2a6de90b.png,synthetic,poloclub/diffusiondb,fb620fbe49fa4420e0734bd9c0df11f51176b61f,part-001800,02a2bf57-e250-40c4-880b-ce3f2a6de90b.png,c8c6d61a37271f7d93f6c16db7421955b9696155a7d89fe196ebf391a3b2f059,colab-t4-hierarchical-calibration-v1,1,2026-10-08T13:30:32.615676+00:00,0.9940022826194763,0.9877818822860718,True,0.927426111999921,,0.996967613697052,0.5946570634841919,True,0.27910392400008277,,0.563739013671875,640,512,6,640,512,F,1.2236685649995707
diffdetect-hierarchical-calibration-v1,5a23bee4f802b9c88dd41030711aee173d27a3f8974371153439c0c363cde3a5,760,cocoglide:000000172856:edited,edited,nebula/CocoGlide,275f045df7caa2544dd28de7fa86b044ab661bd0,calibration,000000172856,9022e75459dedf6fc4ec9281e24dcad240938968b0a69f08b9c75794f73719fe,colab-t4-hierarchical-calibration-v1,1,2026-10-08T13:30:33.864178+00:00,0.9909428954124451,0.9877818822860718,True,0.9222373949996836,,0.9987996816635132,0.5946570634841919,True,1.0020231069997863,,0.09173015221030442,1016,1016,25,256,256,F,1.931760727999972
diffdetect-hierarchical-calibration-v1,5a23bee4f802b9c88dd41030711aee173d27a3f8974371153439c0c363cde3a5,761,cocoglide:000000340175:edited,edited,nebula/CocoGlide,275f045df7caa2544dd28de7fa86b044ab661bd0,calibration,000000340175,ce70b18ef4470f95810fd66672e1436c129975ab4c736e22fea883a5b628135b,colab-t4-hierarchical-calibration-v1,1,2026-10-08T13:30:35.820762+00:00,0.9950399994850159,0.9877818822860718,True,0.9231754890001866,,0.9478678107261658,0.5946570634841919,True,1.0026613439999892,,0.03063484251968504,1016,1016,25,256,256,F,1.931163620999996
diffdetect-hierarchical-calibration-v1,5a23bee4f802b9c88dd41030711aee173d27a3f8974371153439c0c363cde3a5,762,cocoglide:000000192904:edited,edited,nebula/CocoGlide,275f045df7caa2544dd28de7fa86b044ab661bd0,calibration,000000192904,0540562414d602ca6af52e1fb3288b45d85c279a5205dc0e221819a33b079a00,colab-t4-hierarchical-calibration-v1,1,2026-10-08T13:30:37.767825+00:00,0.9943918585777283,0.9877818822860718,True,0.9196162309999636,,0.9961370229721069,0.5946570634841919,True,0.8618341279998276,,0.03455731911463823,1016,1016,25,256,256,F,1.786069342999781
diffdetect-hierarchical-calibration-v1,5a23bee4f802b9c88dd41030711aee173d27a3f8974371153439c0c363cde3a5,763,cocoglide:000000020247:real,real,nebula/CocoGlide,275f045df7caa2544dd28de7fa86b044ab661bd0,calibration,000000020247,ec7535802bb194f6d0a0e4c38428813b4a36df292301896d63fb1b0a3aa88c20,colab-t4-hierarchical-calibration-v1,1,2026-10-08T13:30:39.570644+00:00,0.9945443868637085,0.9877818822860718,True,0.9196219669997845,,0.047911886125802994,0.5946570634841919,False,0.8866484410000339,,0.0,1016,1016,25,256,256,F,1.8110728219999146
diffdetect-hierarchical-calibration-v1,5a23bee4f802b9c88dd41030711aee173d27a3f8974371153439c0c363cde3a5,764,diffusiondb:4369f164-5810-4869-9930-05b706a1291d.png,synthetic,poloclub/diffusiondb,fb620fbe49fa4420e0734bd9c0df11f51176b61f,part-001800,4369f164-5810-4869-9930-05b706a1291d.png,a8aa07560ad7d6f52be6d43f42692f67551edc14f798c99fb093cb2699f5fee5,colab-t4-hierarchical-calibration-v1,1,2026-10-08T13:30:41.398759+00:00,0.9935186505317688,0.9877818822860718,True,0.9318663160001961,,0.8639028668403625,0.5946570634841919,True,0.4792783339999005,,0.22922570720996732,1088,576,12,1088,576,F,1.4398675600000388
diffdetect-hierarchical-calibration-v1,5a23bee4f802b9c88dd41030711aee173d27a3f8974371153439c0c363cde3a5,765,cocoglide:000000129135:real,real,nebula/CocoGlide,275f045df7caa2544dd28de7fa86b044ab661bd0,calibration,000000129135,d690881b955c88e3cd22c5a99fb0b4016a372dd1379f791538769105d2245732,colab-t4-hierarchical-calibration-v1,1,2026-10-08T13:30:42.869255+00:00,0.9943665862083435,0.9877818822860718,True,0.9208044470001369,,0.0020539986435323954,0.5946570634841919,False,0.8671811350000098,,0.0,1016,1016,25,256,256,F,1.7927352830001837
diffdetect-hierarchical-calibration-v1,5a23bee4f802b9c88dd41030711aee173d27a3f8974371153439c0c363cde3a5,766,cocoglide:000000283038:real,real,nebula/CocoGlide,275f045df7caa2544dd28de7fa86b044ab661bd0,calibration,000000283038,94d19fa0b6f602330ff9fb0957d976273bd078b64e04a25f4d9122f429dc2bda,colab-t4-hierarchical-calibration-v1,1,2026-10-08T13:30:44.676684+00:00,0.9953376054763794,0.9877818822860718,True,0.9253206830003364,,0.12734290957450867,0.5946570634841919,False,0.8805312750000667,,0.0,1016,1016,25,256,256,F,1.8123331419997157
diffdetect-hierarchical-calibration-v1,5a23bee4f802b9c88dd41030711aee173d27a3f8974371153439c0c363cde3a5,767,diffusiondb:84ffaf5c-49b0-4b9e-be4c-87f6be4eac9e.png,synthetic,poloclub/diffusiondb,fb620fbe49fa4420e0734bd9c0df11f51176b61f,part-001800,84ffaf5c-49b0-4b9e-be4c-87f6be4eac9e.png,9113b484822d8a8009bd5a49001d24595ca8b6ba7258acafded4d385319839c7,colab-t4-hierarchical-calibration-v1,1,2026-10-08T13:30:46.505834+00:00,0.9936030507087708,0.9877818822860718,True,0.9353528619999452,,0.978920578956604,0.5946570634841919,True,0.5648305639997488,,1.0,1024,512,12,1024,512,F,1.5189927649998936
diffdetect-hierarchical-calibration-v1,5a23bee4f802b9c88dd41030711aee173d27a3f8974371153439c0c363cde3a5,768,cocoglide:000000244411:edited,edited,nebula/CocoGlide,275f045df7caa2544dd28de7fa86b044ab661bd0,calibration,000000244411,e6bd8cbf0b99d092d04f7c47c19ca8e4b8884b9877381d82e744c66448603353,colab-t4-hierarchical-calibration-v1,1,2026-10-08T13:30:48.047155+00:00,0.9951595664024353,0.9877818822860718,True,0.9232819259996177,,0.9857678413391113,0.5946570634841919,True,0.9864744540000174,,0.12404384183768367,1016,1016,25,256,256,F,1.9155541430000085
