level1_threshold,level2_threshold,eligible,coverage,accuracy,balanced_accuracy,macro_precision,macro_recall,macro_f1,conclusive_accuracy,conclusive_macro_f1
0.5,0.5,True,1.0,0.8111979166666666,0.8111979166666666,0.8122258795970132,0.8111979166666666,0.8088383162064856,0.8111979166666666,0.8088383162064856
0.5,0.51,True,0.9895833333333334,0.8059895833333334,0.8059895833333334,0.8158909327387588,0.8059895833333334,0.807460461498574,0.8144736842105263,0.8115490471897795
0.5,0.52,True,0.9752604166666666,0.7994791666666666,0.7994791666666666,0.8203266706176032,0.7994791666666666,0.8061261850277869,0.8197596795727636,0.816174727358938
0.5,0.53,True,0.9674479166666666,0.7981770833333334,0.7981770833333334,0.8251496546099245,0.7981770833333334,0.8078351148526587,0.8250336473755047,0.8212690187387515
0.5,0.54,True,0.9544270833333334,0.7890625,0.7890625,0.826026899001861,0.7890625,0.8033741761811938,0.8267394270122783,0.8223567764140528
0.5,0.55,True,0.9427083333333334,0.78125,0.78125,0.8277102124928213,0.78125,0.799550316815916,0.8287292817679558,0.8237134724648435
0.5,0.56,True,0.9296875,0.7721354166666666,0.7721354166666666,0.8291206289726664,0.7721354166666666,0.794961566769785,0.8305322128851541,0.8248645480149434
0.5,0.57,True,0.921875,0.76953125,0.76953125,0.8331829463712511,0.76953125,0.7950818487660593,0.8347457627118644,0.8287699240609396
0.5,0.58,True,0.9127604166666666,0.7669270833333334,0.7669270833333334,0.8384482308395352,0.7669270833333334,0.7957152866806032,0.8402282453637661,0.8340324065377919
0.5,0.59,True,0.90234375,0.7591145833333334,0.7591145833333334,0.8389462680397001,0.7591145833333334,0.7912915886233733,0.8412698412698413,0.8345426253107906
0.5,0.6,True,0.890625,0.75,0.75,0.8391529251882973,0.75,0.7856300664594036,0.8421052631578947,0.8345873806838574
0.5,0.61,True,0.8841145833333334,0.74609375,0.74609375,0.8410353293517439,0.74609375,0.784114069392483,0.8438880706921944,0.836292894171696
0.5,0.62,True,0.8763020833333334,0.7408854166666666,0.7408854166666666,0.842230043423729,0.7408854166666666,0.7813897880108339,0.8454680534918276,0.8375498521232263
0.5,0.63,True,0.8684895833333334,0.7356770833333334,0.7356770833333334,0.8438924055016136,0.7356770833333334,0.7787890286463822,0.8470764617691154,0.838942227970683
0.5,0.64,True,0.86328125,0.7317708333333334,0.7317708333333334,0.8441993581679385,0.7317708333333334,0.7762015239140294,0.8476621417797888,0.8391149207927387
0.5,0.65,True,0.8541666666666666,0.7291666666666666,0.7291666666666666,0.8511949627723135,0.7291666666666666,0.7769045453298182,0.8536585365853658,0.8452791819233139
0.5,0.66,True,0.8450520833333334,0.7252604166666666,0.7252604166666666,0.8559221063322786,0.7252604166666666,0.7758470301067802,0.8582434514637904,0.8497584770928638
0.5,0.67,True,0.8359375,0.7200520833333334,0.7200520833333334,0.8592442459393478,0.7200520833333334,0.7735128885014468,0.8613707165109035,0.8525747194775536
0.5,0.68,True,0.8294270833333334,0.7174479166666666,0.7174479166666666,0.8627298764626442,0.7174479166666666,0.7729666552076123,0.8649921507064364,0.8562254786793425
0.5,0.69,True,0.8216145833333334,0.7135416666666666,0.7135416666666666,0.8675751410009281,0.7135416666666666,0.7716499855302744,0.8684627575277337,0.8598475735339682
0.5,0.7,True,0.8072916666666666,0.703125,0.703125,0.8698430826106351,0.703125,0.765716358554244,0.8709677419354839,0.8620222282461372
0.5,0.71,False,0.7955729166666666,0.6940104166666666,0.6940104166666666,0.8710063236917457,0.6940104166666666,0.759669999485225,0.8723404255319149,0.8624381129573994
0.5,0.72,False,0.7838541666666666,0.68359375,0.68359375,0.8703759002672046,0.68359375,0.751809603918472,0.872093023255814,0.8613775182588884
0.5,0.73,False,0.7786458333333334,0.6796875,0.6796875,0.8710995441246513,0.6796875,0.7490735390410007,0.8729096989966555,0.8619374258075599
0.5,0.74,False,0.7643229166666666,0.66796875,0.66796875,0.8719457194608317,0.66796875,0.7406877835781932,0.8739352640545145,0.8617118451497575
0.5,0.75,False,0.7513020833333334,0.66015625,0.66015625,0.8784277648466855,0.66015625,0.7363231227732907,0.878682842287695,0.8666702333001549
0.5,0.76,False,0.7330729166666666,0.6471354166666666,0.6471354166666666,0.8835564622380891,0.6471354166666666,0.7277644282527626,0.8827708703374778,0.8704907203168887
0.5,0.77,False,0.7252604166666666,0.640625,0.640625,0.8841992108271564,0.640625,0.7227298175046455,0.8833034111310593,0.8707233379647173
0.5,0.78,False,0.71875,0.63671875,0.63671875,0.8876880378035947,0.63671875,0.720353500489324,0.8858695652173914,0.8735256554729172
0.5,0.79,False,0.7044270833333334,0.6263020833333334,0.6263020833333334,0.8922275005289326,0.6263020833333334,0.7128154554643608,0.88909426987061,0.8768893941307735
0.5,0.8,False,0.6953125,0.6236979166666666,0.6236979166666666,0.9034030728996404,0.6236979166666666,0.7131054481401841,0.897003745318352,0.8865823450349345
0.5,0.81,False,0.6822916666666666,0.61328125,0.61328125,0.9066102970509929,0.61328125,0.704508507939725,0.898854961832061,0.8882806746060234
0.5,0.82,False,0.6588541666666666,0.5989583333333334,0.5989583333333334,0.922513773379654,0.5989583333333334,0.69440122626958,0.9090909090909091,0.9008419742853239
0.5,0.83,False,0.64453125,0.5872395833333334,0.5872395833333334,0.9269786785805092,0.5872395833333334,0.6838229998894819,0.9111111111111111,0.9023289530639232
0.5,0.84,False,0.6354166666666666,0.5794270833333334,0.5794270833333334,0.9289255893862007,0.5794270833333334,0.67638609533397,0.9118852459016393,0.9029352344562479
0.5,0.85,False,0.6119791666666666,0.5559895833333334,0.5559895833333334,0.9259605303731112,0.5559895833333334,0.6519698121708767,0.9085106382978724,0.8965310143161848
0.5,0.86,False,0.59375,0.5377604166666666,0.5377604166666666,0.9234820019844174,0.5377604166666666,0.6314835967756144,0.9057017543859649,0.8904098243554941
0.5,0.87,False,0.5768229166666666,0.5247395833333334,0.5247395833333334,0.9322944964599943,0.5247395833333334,0.6179551727282084,0.909706546275395,0.894209439809186
0.5,0.88,False,0.5625,0.51171875,0.51171875,0.9352291026204069,0.51171875,0.6027197297087907,0.9097222222222222,0.892343756629471
0.5,0.89,False,0.53515625,0.484375,0.484375,0.9308090152215961,0.484375,0.5663118768600063,0.9051094890510949,0.8759324009324009
0.5,0.9,False,0.5065104166666666,0.4596354166666667,0.4596354166666667,0.9419021874022037,0.4596354166666667,0.5336071780067771,0.9074550128534704,0.8699320358356504
0.5,0.91,False,0.47265625,0.42578125,0.42578125,0.9272029836353838,0.42578125,0.48048035771066755,0.9008264462809917,0.8034773971926205
0.5,0.92,False,0.4544270833333333,0.4075520833333333,0.4075520833333333,0.8836743393009378,0.4075520833333333,0.4505308609966807,0.8968481375358166,0.7057868275515334
0.5,0.93,False,0.4388020833333333,0.3932291666666667,0.3932291666666667,0.6158826324542647,0.3932291666666667,0.42859119407351187,0.8961424332344213,0.5951123494268169
0.5,0.94,False,0.40625,0.3619791666666667,0.3619791666666667,0.6175523349436393,0.3619791666666667,0.38441995399457546,0.8910256410256411,0.5713979875829587
0.5,0.95,False,0.3841145833333333,0.33984375,0.33984375,0.6092677345537757,0.33984375,0.3481476418318524,0.8847457627118644,0.5264244426094137
0.51,0.5,True,0.9973958333333334,0.8111979166666666,0.8111979166666666,0.8141761213470785,0.8111979166666666,0.8098896105053036,0.8133159268929504,0.8109448651737735
0.51,0.51,True,0.9869791666666666,0.8059895833333334,0.8059895833333334,0.8178496503496504,0.8059895833333334,0.8085129986795678,0.816622691292876,0.8136727209965575
0.51,0.52,True,0.97265625,0.7994791666666666,0.7994791666666666,0.8223232323232322,0.7994791666666666,0.8071867481966094,0.821954484605087,0.8183264903153011
0.51,0.53,True,0.96484375,0.7981770833333334,0.7981770833333334,0.8271770203486475,0.7981770833333334,0.8089026291567031,0.8272604588394062,0.823443368543496
0.51,0.54,True,0.953125,0.7890625,0.7890625,0.8270940926777502,0.7890625,0.8039476437484168,0.8278688524590164,0.823456122104688
0.51,0.55,True,0.94140625,0.78125,0.78125,0.8287774061687104,0.78125,0.800123784383139,0.8298755186721992,0.8248223142608785
0.51,0.56,True,0.9283854166666666,0.7721354166666666,0.7721354166666666,0.8301878226485556,0.7721354166666666,0.795535034337008,0.8316970546984572,0.8259887050057181
0.51,0.57,True,0.9205729166666666,0.76953125,0.76953125,0.8342501400471404,0.76953125,0.7956553163332823,0.8359264497878359,0.8299054615599801
0.51,0.58,True,0.9114583333333334,0.7669270833333334,0.7669270833333334,0.8395154245154245,0.7669270833333334,0.7962887542478262,0.8414285714285714,0.8351797637390858
0.51,0.59,True,0.9010416666666666,0.7591145833333334,0.7591145833333334,0.8400134617155893,0.7591145833333334,0.7918650561905963,0.8424855491329479,0.8357004243703751
0.51,0.6,True,0.8893229166666666,0.75,0.75,0.8402201188641866,0.75,0.7862035340266268,0.8433382137628112,0.8357540586281106
0.51,0.61,True,0.8828125,0.74609375,0.74609375,0.8421025230276332,0.74609375,0.784687536959706,0.8451327433628318,0.8374707391374058
0.51,0.62,True,0.875,0.7408854166666666,0.7408854166666666,0.8432972370996185,0.7408854166666666,0.7819632555780571,0.8467261904761905,0.8387371976081653
0.51,0.63,True,0.8671875,0.7356770833333334,0.7356770833333334,0.844959599177503,0.7356770833333334,0.7793624962136053,0.8483483483483484,0.840141543073334
0.51,0.64,True,0.8619791666666666,0.7317708333333334,0.7317708333333334,0.8452665518438277,0.7317708333333334,0.7767749914812524,0.8489425981873112,0.8403170833369514
0.51,0.65,True,0.8528645833333334,0.7291666666666666,0.7291666666666666,0.8522621564482029,0.7291666666666666,0.7774780128970414,0.8549618320610687,0.8464982071627088
0.51,0.66,True,0.84375,0.7252604166666666,0.7252604166666666,0.856989300008168,0.7252604166666666,0.7764204976740032,0.8595679012345679,0.8509896020317257
0.51,0.67,True,0.8346354166666666,0.7200520833333334,0.7200520833333334,0.860311439615237,0.7200520833333334,0.7740863560686698,0.8627145085803433,0.8538224134770981
0.51,0.68,True,0.828125,0.7174479166666666,0.7174479166666666,0.8637970701385336,0.7174479166666666,0.7735401227748354,0.8663522012578616,0.8574828407936214
0.51,0.69,True,0.8203125,0.7135416666666666,0.7135416666666666,0.8686423346768174,0.7135416666666666,0.7722234530974976,0.8698412698412699,0.8611203013247227
0.51,0.7,True,0.8059895833333334,0.703125,0.703125,0.8709102762865245,0.703125,0.7662898261214671,0.8723747980613893,0.8633279983916453
0.51,0.71,False,0.7942708333333334,0.6940104166666666,0.6940104166666666,0.8720735173676349,0.6940104166666666,0.7602434670524482,0.8737704918032787,0.8637683444285659
0.51,0.72,False,0.7825520833333334,0.68359375,0.68359375,0.8714430939430939,0.68359375,0.752383071485695,0.8735440931780366,0.8627247831904551
0.51,0.73,False,0.77734375,0.6796875,0.6796875,0.8721667378005407,0.6796875,0.7496470066082238,0.8743718592964824,0.8632921798036324
0.51,0.74,False,0.7630208333333334,0.66796875,0.66796875,0.873012913136721,0.66796875,0.7412612511454162,0.8754266211604096,0.8631009735626919
0.51,0.75,False,0.75,0.66015625,0.66015625,0.879494958522575,0.66015625,0.7368965903405139,0.8802083333333334,0.8680933655979027
0.51,0.76,False,0.7317708333333334,0.6471354166666666,0.6471354166666666,0.8846236559139785,0.6471354166666666,0.7283378958199856,0.8843416370106761,0.8719755402652777
0.51,0.77,False,0.7239583333333334,0.640625,0.640625,0.8852664045030458,0.640625,0.7233032850718687,0.8848920863309353,0.8722327973100974
0.51,0.78,False,0.7174479166666666,0.63671875,0.63671875,0.8887552314794839,0.63671875,0.720926968056547,0.8874773139745916,0.8750570746322924
0.51,0.79,False,0.703125,0.6263020833333334,0.6263020833333334,0.893294694204822,0.6263020833333334,0.7133889230315837,0.8907407407407407,0.8784840665838747
0.51,0.8,False,0.6940104166666666,0.6236979166666666,0.6236979166666666,0.9044702665755299,0.6236979166666666,0.713678915707407,0.8986866791744841,0.8882255539103611
0.51,0.81,False,0.6809895833333334,0.61328125,0.61328125,0.9076774907268823,0.61328125,0.705081975506948,0.9005736137667304,0.8899805439323824
0.51,0.82,False,0.6575520833333334,0.5989583333333334,0.5989583333333334,0.9235809670555434,0.5989583333333334,0.694974693836803,0.9108910891089109,0.9026799836787841
0.51,0.83,False,0.6432291666666666,0.5872395833333334,0.5872395833333334,0.9280458722563987,0.5872395833333334,0.6843964674567049,0.9129554655870445,0.9042394050036849
0.51,0.84,False,0.6341145833333334,0.5794270833333334,0.5794270833333334,0.9299927830620899,0.5794270833333334,0.676959562901193,0.9137577002053389,0.9049001835241116
0.51,0.85,False,0.6106770833333334,0.5559895833333334,0.5559895833333334,0.9270277240490007,0.5559895833333334,0.6525432797380998,0.9104477611940298,0.89857783221857
0.51,0.86,False,0.5924479166666666,0.5377604166666666,0.5377604166666666,0.9245491956603068,0.5377604166666666,0.6320570643428375,0.9076923076923077,0.8926371061367481
0.51,0.87,False,0.5755208333333334,0.5247395833333334,0.5247395833333334,0.9333616901358837,0.5247395833333334,0.6185286402954315,0.9117647058823529,0.8966022284960119
0.51,0.88,False,0.5611979166666666,0.51171875,0.51171875,0.9362962962962964,0.51171875,0.6032931972760137,0.9118329466357309,0.8949051682329965
0.51,0.89,False,0.5338541666666666,0.484375,0.484375,0.9318762088974856,0.484375,0.5668853444272294,0.9073170731707317,0.8790347527885313
0.51,0.9,False,0.5052083333333334,0.4596354166666667,0.4596354166666667,0.9429693810780929,0.4596354166666667,0.5341806455740002,0.9097938144329897,0.873764744583862
0.51,0.91,False,0.4713541666666667,0.42578125,0.42578125,0.9282701773112733,0.42578125,0.48105382527789065,0.9033149171270718,0.8088764827301654
0.51,0.92,False,0.453125,0.4075520833333333,0.4075520833333333,0.8847415329768271,0.4075520833333333,0.4511043285639038,0.8994252873563219,0.7108315387812159
0.51,0.93,False,0.4375,0.3932291666666667,0.3932291666666667,0.616949826130154,0.3932291666666667,0.42916466164073497,0.8988095238095238,0.5957149338444302
0.51,0.94,False,0.4049479166666667,0.3619791666666667,0.3619791666666667,0.6186195286195286,0.3619791666666667,0.38499342156179855,0.8938906752411575,0.572000572000572
0.51,0.95,False,0.3828125,0.33984375,0.33984375,0.6103349282296651,0.33984375,0.34872110939907547,0.8877551020408163,0.5270270270270271
0.52,0.5,True,0.99609375,0.8098958333333334,0.8098958333333334,0.814034559745663,0.8098958333333334,0.8092073804658622,0.8130718954248366,0.8108400433708384
0.52,0.51,True,0.9856770833333334,0.8046875,0.8046875,0.8177080887482348,0.8046875,0.8078307686401264,0.8163804491413474,0.8135678991936225
0.52,0.52,True,0.9713541666666666,0.7981770833333334,0.7981770833333334,0.8221816707218167,0.7981770833333334,0.8065045181571681,0.82171581769437,0.8182216685123661
0.52,0.53,True,0.9635416666666666,0.796875,0.796875,0.8270354587472318,0.796875,0.8082203991172617,0.827027027027027,0.823338546740561
0.52,0.54,True,0.9518229166666666,0.7877604166666666,0.7877604166666666,0.8269525310763347,0.7877604166666666,0.8032654137089753,0.8276333789329685,0.823351300301753
0.52,0.55,True,0.9401041666666666,0.7799479166666666,0.7799479166666666,0.8286358445672949,0.7799479166666666,0.7994415543436976,0.8296398891966759,0.8247174924579435
0.52,0.56,True,0.9270833333333334,0.7708333333333334,0.7708333333333334,0.8300462610471401,0.7708333333333334,0.7948528042975666,0.8314606741573034,0.8258858771192736
0.52,0.57,True,0.9192708333333334,0.7682291666666666,0.7682291666666666,0.8341085784457247,0.7682291666666666,0.794973086293841,0.8356940509915014,0.8298046434933827
0.52,0.58,True,0.91015625,0.765625,0.765625,0.8393738629140088,0.765625,0.7956065242083848,0.8412017167381974,0.8350789456724884
0.52,0.59,True,0.8997395833333334,0.7578125,0.7578125,0.8398719001141738,0.7578125,0.791182826151155,0.8422575976845152,0.8355996063037776
0.52,0.6,True,0.8880208333333334,0.7486979166666666,0.7486979166666666,0.840078557262771,0.7486979166666666,0.7855213039871853,0.843108504398827,0.835653240561513
0.52,0.61,True,0.8815104166666666,0.7447916666666666,0.7447916666666666,0.8419609614262176,0.7447916666666666,0.7840053069202645,0.844903988183161,0.8373699210708082
0.52,0.62,True,0.8736979166666666,0.7395833333333334,0.7395833333333334,0.8431556754982029,0.7395833333333334,0.7812810255386157,0.8464977645305514,0.8386363795415678
0.52,0.63,True,0.8658854166666666,0.734375,0.734375,0.8448180375760873,0.734375,0.778680266174164,0.8481203007518797,0.8400407250067365
0.52,0.64,True,0.8606770833333334,0.73046875,0.73046875,0.8451249902424122,0.73046875,0.776092761441811,0.848714069591528,0.840216265270354
0.52,0.65,True,0.8515625,0.7278645833333334,0.7278645833333334,0.8521205948467873,0.7278645833333334,0.7767957828576,0.8547400611620795,0.8463973890961114
0.52,0.66,True,0.8424479166666666,0.7239583333333334,0.7239583333333334,0.8568477384067523,0.7239583333333334,0.7757382676345618,0.8593508500772797,0.8508887839651282
0.52,0.67,True,0.8333333333333334,0.71875,0.71875,0.8601698780138215,0.71875,0.7734041260292285,0.8625,0.853723621272044
0.52,0.68,True,0.8268229166666666,0.7161458333333334,0.7161458333333334,0.8636555085371179,0.7161458333333334,0.7728578927353941,0.8661417322834646,0.8573840485885672
0.52,0.69,True,0.8190104166666666,0.7122395833333334,0.7122395833333334,0.8685007730754019,0.7122395833333334,0.7715412230580562,0.8696343402225755,0.8610215091196686
0.52,0.7,True,0.8046875,0.7018229166666666,0.7018229166666666,0.8707687146851089,0.7018229166666666,0.7656075960820257,0.872168284789644,0.8632312482295887
0.52,0.71,False,0.79296875,0.6927083333333334,0.6927083333333334,0.8719319557662194,0.6927083333333334,0.7595612370130067,0.8735632183908046,0.8636757274630876
0.52,0.72,False,0.78125,0.6822916666666666,0.6822916666666666,0.8713015323416783,0.6822916666666666,0.7517008414462536,0.8733333333333333,0.8626321662249768
0.52,0.73,False,0.7760416666666666,0.6783854166666666,0.6783854166666666,0.872025176199125,0.6783854166666666,0.7489647765687825,0.8741610738255033,0.8631995628381541
0.52,0.74,False,0.76171875,0.6666666666666666,0.6666666666666666,0.8728713515353054,0.6666666666666666,0.7405790211059747,0.8752136752136752,0.8630125562328952
0.52,0.75,False,0.7486979166666666,0.6588541666666666,0.6588541666666666,0.8793533969211594,0.6588541666666666,0.7362143603010725,0.88,0.8680049482681061
0.52,0.76,False,0.73046875,0.6458333333333334,0.6458333333333334,0.8844820943125629,0.6458333333333334,0.7276556657805443,0.8841354723707665,0.8718892480329345
0.52,0.77,False,0.72265625,0.6393229166666666,0.6393229166666666,0.8851248429016302,0.6393229166666666,0.7226210550324272,0.8846846846846846,0.8721465050777543
0.52,0.78,False,0.7161458333333334,0.6354166666666666,0.6354166666666666,0.8886136698780683,0.6354166666666666,0.7202447380171056,0.8872727272727273,0.8749707823999495
0.52,0.79,False,0.7018229166666666,0.625,0.625,0.8931531326034063,0.625,0.7127066929921423,0.8905380333951762,0.8783977743515315
0.52,0.8,False,0.6927083333333334,0.6223958333333334,0.6223958333333334,0.9043287049741142,0.6223958333333334,0.7129966856679656,0.8984962406015038,0.8881392616780182
0.52,0.81,False,0.6796875,0.6119791666666666,0.6119791666666666,0.9075359291254667,0.6119791666666666,0.7043997454675065,0.9003831417624522,0.8898942517000393
0.52,0.82,False,0.65625,0.59765625,0.59765625,0.9234394054541277,0.59765625,0.6942924637973616,0.9107142857142857,0.902593691446441
0.52,0.83,False,0.6419270833333334,0.5859375,0.5859375,0.927904310654983,0.5859375,0.6837142374172634,0.9127789046653144,0.904155254919535
0.52,0.84,False,0.6328125,0.578125,0.578125,0.9298512214606743,0.578125,0.6762773328617516,0.9135802469135802,0.9048160334399616
0.52,0.85,False,0.609375,0.5546875,0.5546875,0.9268861624475851,0.5546875,0.6518610496986583,0.9102564102564102,0.8984936821344199
0.52,0.86,False,0.5911458333333334,0.5364583333333334,0.5364583333333334,0.9244076340588911,0.5364583333333334,0.6313748343033961,0.9074889867841409,0.8925529560525979
0.52,0.87,False,0.57421875,0.5234375,0.5234375,0.933220128534468,0.5234375,0.6178464102559901,0.9115646258503401,0.8965202377609649
0.52,0.88,False,0.5598958333333334,0.5104166666666666,0.5104166666666666,0.9361547346948808,0.5104166666666666,0.6026109672365724,0.9116279069767442,0.8948231774979495
0.52,0.89,False,0.5325520833333334,0.4830729166666667,0.4830729166666667,0.93173464729607,0.4830729166666667,0.566203114387788,0.9070904645476773,0.8789527620534843
0.52,0.9,False,0.50390625,0.4583333333333333,0.4583333333333333,0.9428278194766774,0.4583333333333333,0.5334984155345588,0.9095607235142119,0.873682753848815
0.52,0.91,False,0.4700520833333333,0.4244791666666667,0.4244791666666667,0.9281286157098577,0.4244791666666667,0.48037159523844924,0.9030470914127424,0.8087944919951185
0.52,0.92,False,0.4518229166666667,0.40625,0.40625,0.8845999713754115,0.40625,0.4504220985244624,0.899135446685879,0.7107495480461689
0.52,0.93,False,0.4361979166666667,0.3919270833333333,0.3919270833333333,0.6168082645287384,0.3919270833333333,0.42848243160129357,0.8985074626865671,0.5956351198111278
0.52,0.94,False,0.4036458333333333,0.3606770833333333,0.3606770833333333,0.618477967018113,0.3606770833333333,0.38431119152235715,0.8935483870967742,0.5719207579672696
0.52,0.95,False,0.3815104166666667,0.3385416666666667,0.3385416666666667,0.6101933666282494,0.3385416666666667,0.34803887935963407,0.8873720136518771,0.5269472129937246
0.53,0.5,True,0.9934895833333334,0.80859375,0.80859375,0.814973804056526,0.80859375,0.809097794035521,0.8138925294888598,0.8118485267896108
0.53,0.51,True,0.9830729166666666,0.8033854166666666,0.8033854166666666,0.8186473330590976,0.8033854166666666,0.8077211822097854,0.8172185430463577,0.8145903307105126
0.53,0.52,True,0.96875,0.796875,0.796875,0.8231209150326797,0.796875,0.8063949317268269,0.8225806451612904,0.8192638012491297
0.53,0.53,True,0.9609375,0.7955729166666666,0.7955729166666666,0.827974703058095,0.7955729166666666,0.8081108126869205,0.8279132791327913,0.8243935414072938
0.53,0.54,True,0.94921875,0.7864583333333334,0.7864583333333334,0.8278917753871976,0.7864583333333334,0.8031558272786343,0.8285322359396433,0.8244172112786762
0.53,0.55,True,0.9375,0.7786458333333334,0.7786458333333334,0.8295750888781579,0.7786458333333334,0.7993319679133566,0.8305555555555556,0.8257995678234392
0.53,0.56,True,0.9244791666666666,0.76953125,0.76953125,0.8309855053580031,0.76953125,0.7947432178672256,0.8323943661971831,0.8269841518714874
0.53,0.57,True,0.9166666666666666,0.7669270833333334,0.7669270833333334,0.8350478227565877,0.7669270833333334,0.7948634998634998,0.8366477272727273,0.8309205415914978
0.53,0.58,True,0.9075520833333334,0.7643229166666666,0.7643229166666666,0.8403131072248718,0.7643229166666666,0.7954969377780438,0.8421807747489239,0.8362152505092006
0.53,0.59,True,0.8971354166666666,0.7565104166666666,0.7565104166666666,0.8408111444250368,0.7565104166666666,0.7910732397208138,0.8432510885341074,0.8367497656525466
0.53,0.6,True,0.8854166666666666,0.7473958333333334,0.7473958333333334,0.841017801573634,0.7473958333333334,0.7854117175568441,0.8441176470588235,0.8368230063593353
0.53,0.61,True,0.87890625,0.7434895833333334,0.7434895833333334,0.8429002057370806,0.7434895833333334,0.7838957204899234,0.845925925925926,0.8385469653432994
0.53,0.62,True,0.87109375,0.73828125,0.73828125,0.8440949198090658,0.73828125,0.7811714391082746,0.8475336322869955,0.8398263079889401
0.53,0.63,True,0.86328125,0.7330729166666666,0.7330729166666666,0.8457572818869504,0.7330729166666666,0.7785706797438228,0.8491704374057315,0.8412411532487517
0.53,0.64,True,0.8580729166666666,0.7291666666666666,0.7291666666666666,0.8460642345532752,0.7291666666666666,0.77598317501147,0.849772382397572,0.8414293702946699
0.53,0.65,True,0.8489583333333334,0.7265625,0.7265625,0.8530598391576504,0.7265625,0.7766861964272588,0.8558282208588958,0.8476342935376602
0.53,0.66,True,0.83984375,0.72265625,0.72265625,0.8577869827176153,0.72265625,0.7756286812042207,0.8604651162790697,0.852153173608066
0.53,0.67,True,0.8307291666666666,0.7174479166666666,0.7174479166666666,0.8611091223246845,0.7174479166666666,0.7732945395988874,0.8636363636363636,0.8550085611104553
0.53,0.68,True,0.82421875,0.71484375,0.71484375,0.864594752847981,0.71484375,0.7727483063050529,0.8672985781990521,0.858690856591906
0.53,0.69,True,0.81640625,0.7109375,0.7109375,0.8694400173862649,0.7109375,0.7714316366277151,0.8708133971291866,0.862347343726654
0.53,0.7,True,0.8020833333333334,0.7005208333333334,0.7005208333333334,0.8717079589959719,0.7005208333333334,0.7654980096516845,0.8733766233766234,0.8645759022102144
0.53,0.71,False,0.7903645833333334,0.69140625,0.69140625,0.8728712000770824,0.69140625,0.7594516505826655,0.8747940691927513,0.8650416986589788
0.53,0.72,False,0.7786458333333334,0.6809895833333334,0.6809895833333334,0.8722407766525414,0.6809895833333334,0.7515912550159124,0.8745819397993311,0.8640212353042669
0.53,0.73,False,0.7734375,0.6770833333333334,0.6770833333333334,0.8729644205099879,0.6770833333333334,0.7488551901384413,0.8754208754208754,0.8646036301138378
0.53,0.74,False,0.7591145833333334,0.6653645833333334,0.6653645833333334,0.8738105958461685,0.6653645833333334,0.7404694346756336,0.8765008576329331,0.8644395633216405
0.53,0.75,False,0.74609375,0.6575520833333334,0.6575520833333334,0.8802926412320223,0.6575520833333334,0.7361047738707313,0.881326352530541,0.8694675206569888
0.53,0.76,False,0.7278645833333334,0.64453125,0.64453125,0.8854213386234259,0.64453125,0.7275460793502031,0.8855098389982111,0.8733819203914454
0.53,0.77,False,0.7200520833333334,0.6380208333333334,0.6380208333333334,0.8860640872124931,0.6380208333333334,0.722511468602086,0.8860759493670886,0.8736517373359058
0.53,0.78,False,0.7135416666666666,0.6341145833333334,0.6341145833333334,0.8895529141889313,0.6341145833333334,0.7201351515867644,0.8886861313868614,0.8764961856460141
0.53,0.79,False,0.69921875,0.6236979166666666,0.6236979166666666,0.8940923769142693,0.6236979166666666,0.7125971065618012,0.8919925512104283,0.8799455408552536
0.53,0.8,False,0.6901041666666666,0.62109375,0.62109375,0.9052679492849771,0.62109375,0.7128870992376246,0.9,0.8897259858306157
0.53,0.81,False,0.6770833333333334,0.6106770833333334,0.6106770833333334,0.9084751734363298,0.6106770833333334,0.7042901590371654,0.9019230769230769,0.891511208367481
0.53,0.82,False,0.6536458333333334,0.5963541666666666,0.5963541666666666,0.9243786497649907,0.5963541666666666,0.6941828773670206,0.9123505976095617,0.9042882765509305
0.53,0.83,False,0.6393229166666666,0.5846354166666666,0.5846354166666666,0.9288435549658459,0.5846354166666666,0.6836046509869225,0.9144602851323829,0.9058981482702846
0.53,0.84,False,0.6302083333333334,0.5768229166666666,0.5768229166666666,0.9307904657715373,0.5768229166666666,0.6761677464314104,0.9152892561983471,0.9065873517205084
0.53,0.85,False,0.6067708333333334,0.5533854166666666,0.5533854166666666,0.927825406758448,0.5533854166666666,0.6517514632683171,0.9120171673819742,0.9003755034611488
0.53,0.86,False,0.5885416666666666,0.53515625,0.53515625,0.9253468783697542,0.53515625,0.6312652478730549,0.9092920353982301,0.8944457726127556
0.53,0.87,False,0.5716145833333334,0.5221354166666666,0.5221354166666666,0.9341593728453311,0.5221354166666666,0.617736823825649,0.9134396355353075,0.8984915064499677
0.53,0.88,False,0.5572916666666666,0.5091145833333334,0.5091145833333334,0.9370939790057436,0.5091145833333334,0.6025013808062313,0.9135514018691588,0.8968475906774961
0.53,0.89,False,0.5299479166666666,0.4817708333333333,0.4817708333333333,0.9326738916069329,0.4817708333333333,0.5660935279574469,0.9090909090909091,0.8810041386294784
0.53,0.9,False,0.5013020833333334,0.45703125,0.45703125,0.9437670637875403,0.45703125,0.5333888291042177,0.9116883116883117,0.875892903568778
0.53,0.91,False,0.4674479166666667,0.4231770833333333,0.4231770833333333,0.9290678600207206,0.4231770833333333,0.48026200880810804,0.9052924791086351,0.8111113398618803
0.53,0.92,False,0.44921875,0.4049479166666667,0.4049479166666667,0.8855392156862746,0.4049479166666667,0.4503125120941213,0.9014492753623189,0.7131658588754636
0.53,0.93,False,0.43359375,0.390625,0.390625,0.6177475088396014,0.390625,0.4283728451709525,0.9009009009009009,0.5982145379551939
0.53,0.94,False,0.4010416666666667,0.359375,0.359375,0.619417211328976,0.359375,0.38420160509201606,0.8961038961038961,0.5753626680100167
0.53,0.95,False,0.37890625,0.3372395833333333,0.3372395833333333,0.6111326109391125,0.3372395833333333,0.3479292929292929,0.8900343642611683,0.5313722015476401
0.54,0.5,True,0.9908854166666666,0.8072916666666666,0.8072916666666666,0.815785743661067,0.8072916666666666,0.808786028808009,0.8147174770039421,0.812612527616916
0.54,0.51,True,0.9817708333333334,0.8033854166666666,0.8033854166666666,0.8197371601338391,0.8033854166666666,0.8082985881477226,0.8183023872679045,0.8157229871329467
0.54,0.52,True,0.9674479166666666,0.796875,0.796875,0.8242107421074211,0.796875,0.8069723376647642,0.8236877523553163,0.8204163114170525
0.54,0.53,True,0.9596354166666666,0.7955729166666666,0.7955729166666666,0.8290645301328361,0.7955729166666666,0.8086882186248578,0.8290366350067843,0.8255590006098306
0.54,0.54,True,0.9479166666666666,0.7864583333333334,0.7864583333333334,0.8289816024619391,0.7864583333333334,0.8037332332165715,0.8296703296703297,0.8255936857113082
0.54,0.55,True,0.9361979166666666,0.7786458333333334,0.7786458333333334,0.8306649159528993,0.7786458333333334,0.7999093738512938,0.8317107093184979,0.8269923542547897
0.54,0.56,True,0.9231770833333334,0.76953125,0.76953125,0.8320753324327445,0.76953125,0.7953206238051628,0.8335684062059239,0.8281912561570056
0.54,0.57,True,0.9153645833333334,0.7669270833333334,0.7669270833333334,0.8361376498313291,0.7669270833333334,0.7954409058014371,0.8378378378378378,0.8321433754094781
0.54,0.58,True,0.90625,0.7643229166666666,0.7643229166666666,0.8414029342996132,0.7643229166666666,0.796074343715981,0.8433908045977011,0.8374586637540801
0.54,0.59,True,0.8958333333333334,0.7565104166666666,0.7565104166666666,0.8419009714997782,0.7565104166666666,0.7916506456587511,0.8444767441860465,0.8380071716278614
0.54,0.6,True,0.8841145833333334,0.7473958333333334,0.7473958333333334,0.8421076286483754,0.7473958333333334,0.7859891234947814,0.845360824742268,0.8381002308623651
0.54,0.61,True,0.8776041666666666,0.7434895833333334,0.7434895833333334,0.8439900328118219,0.7434895833333334,0.7844731264278607,0.8471810089020771,0.8398315263172197
0.54,0.62,True,0.8697916666666666,0.73828125,0.73828125,0.8451847468838071,0.73828125,0.7817488450462119,0.8488023952095808,0.8411238825031928
0.54,0.63,True,0.8619791666666666,0.7330729166666666,0.7330729166666666,0.8468471089616917,0.7330729166666666,0.7791480856817601,0.850453172205438,0.8425493265967073
0.54,0.64,True,0.8567708333333334,0.7291666666666666,0.7291666666666666,0.8471540616280165,0.7291666666666666,0.7765605809494072,0.851063829787234,0.8427503673109283
0.54,0.65,True,0.84765625,0.7265625,0.7265625,0.8541496662323916,0.7265625,0.7772636023651961,0.8571428571428571,0.8489793058959995
0.54,0.66,True,0.8385416666666666,0.72265625,0.72265625,0.8588768097923567,0.72265625,0.776206087142158,0.8618012422360248,0.8535259568715036
0.54,0.67,True,0.8294270833333334,0.7174479166666666,0.7174479166666666,0.8621989493994259,0.7174479166666666,0.7738719455368246,0.8649921507064364,0.8564000458530899
0.54,0.68,True,0.8229166666666666,0.71484375,0.71484375,0.8656845799227222,0.71484375,0.7733257122429902,0.8686708860759493,0.860104443244388
0.54,0.69,True,0.8151041666666666,0.7109375,0.7109375,0.8705298444610062,0.7109375,0.7720090425656524,0.8722044728434505,0.8637801511548578
0.54,0.7,True,0.80078125,0.7005208333333334,0.7005208333333334,0.8727977860707132,0.7005208333333334,0.7660754155896218,0.8747967479674796,0.8660256410256411
0.54,0.71,False,0.7890625,0.69140625,0.69140625,0.8739610271518238,0.69140625,0.7600290565206028,0.8762376237623762,0.8665088008366587
0.54,0.72,False,0.77734375,0.6809895833333334,0.6809895833333334,0.8733306037272827,0.6809895833333334,0.7521686609538497,0.8760469011725294,0.8655117492110996
0.54,0.73,False,0.7721354166666666,0.6770833333333334,0.6770833333333334,0.8740542475847294,0.6770833333333334,0.7494325960763786,0.8768971332209107,0.8661093391528173
0.54,0.74,False,0.7578125,0.6653645833333334,0.6653645833333334,0.8749004229209097,0.6653645833333334,0.741046840613571,0.8780068728522337,0.8659642282875573
0.54,0.75,False,0.7447916666666666,0.6575520833333334,0.6575520833333334,0.8813824683067636,0.6575520833333334,0.7366821798086686,0.8828671328671329,0.8710281739657505
0.54,0.76,False,0.7265625,0.64453125,0.64453125,0.8865111656981672,0.64453125,0.7281234852881404,0.8870967741935484,0.8749708478734064
0.54,0.77,False,0.71875,0.6380208333333334,0.6380208333333334,0.8871539142872344,0.6380208333333334,0.7230888745400234,0.8876811594202898,0.8752533901452496
0.54,0.78,False,0.7122395833333334,0.6341145833333334,0.6341145833333334,0.8906427412636727,0.6341145833333334,0.7207125575247018,0.8903107861060329,0.8781182606446235
0.54,0.79,False,0.6979166666666666,0.6236979166666666,0.6236979166666666,0.8951822039890107,0.6236979166666666,0.7131745124997385,0.8936567164179104,0.8815902257739395
0.54,0.8,False,0.6888020833333334,0.62109375,0.62109375,0.9063577763597185,0.62109375,0.7134645051755618,0.9017013232514177,0.8914100645395692
0.54,0.81,False,0.67578125,0.6106770833333334,0.6106770833333334,0.9095650005110709,0.6106770833333334,0.7048675649751027,0.9036608863198459,0.8932259380522513
0.54,0.82,False,0.65234375,0.5963541666666666,0.5963541666666666,0.9254684768397321,0.5963541666666666,0.6947602833049578,0.9141716566866267,0.9060816325594455
0.54,0.83,False,0.6380208333333334,0.5846354166666666,0.5846354166666666,0.9299333820405873,0.5846354166666666,0.6841820569248597,0.9163265306122449,0.9077383890208862
0.54,0.84,False,0.62890625,0.5768229166666666,0.5768229166666666,0.9318802928462787,0.5768229166666666,0.6767451523693477,0.917184265010352,0.9084564761759787
0.54,0.85,False,0.60546875,0.5533854166666666,0.5533854166666666,0.9289152338331893,0.5533854166666666,0.6523288692062544,0.9139784946236559,0.9023572686772873
0.54,0.86,False,0.5872395833333334,0.53515625,0.53515625,0.9264367054444955,0.53515625,0.6318426538109922,0.9113082039911308,0.8964387585047818
0.54,0.87,False,0.5703125,0.5221354166666666,0.5221354166666666,0.9352491999200724,0.5221354166666666,0.6183142297635863,0.9155251141552512,0.9005621664258306
0.54,0.88,False,0.5559895833333334,0.5091145833333334,0.5091145833333334,0.938183806080485,0.5091145833333334,0.6030787867441685,0.9156908665105387,0.8989724625205079
0.54,0.89,False,0.5286458333333334,0.4817708333333333,0.4817708333333333,0.9337637186816742,0.4817708333333333,0.5666709338953841,0.9113300492610837,0.8831565832692503
0.54,0.9,False,0.5,0.45703125,0.45703125,0.9448568908622818,0.45703125,0.5339662350421549,0.9140625,0.878207536427526
0.54,0.91,False,0.4661458333333333,0.4231770833333333,0.4231770833333333,0.9301576870954619,0.4231770833333333,0.48083941474604536,0.9078212290502793,0.8135354489282789
0.54,0.92,False,0.4479166666666667,0.4049479166666667,0.4049479166666667,0.8866290427610158,0.4049479166666667,0.4508899180320585,0.9040697674418605,0.7156922229537542
0.54,0.93,False,0.4322916666666667,0.390625,0.390625,0.6188373359143428,0.390625,0.4289502511088897,0.9036144578313253,0.6009067062043796
0.54,0.94,False,0.3997395833333333,0.359375,0.359375,0.6205070384037173,0.359375,0.3847790110299533,0.8990228013029316,0.5789535984848485
0.54,0.95,False,0.3776041666666667,0.3372395833333333,0.3372395833333333,0.6122224380138538,0.3372395833333333,0.34850669886723024,0.8931034482758621,0.5360243055555555
0.55,0.5,True,0.9908854166666666,0.8072916666666666,0.8072916666666666,0.815785743661067,0.8072916666666666,0.808786028808009,0.8147174770039421,0.812612527616916
0.55,0.51,True,0.9817708333333334,0.8033854166666666,0.8033854166666666,0.8197371601338391,0.8033854166666666,0.8082985881477226,0.8183023872679045,0.8157229871329467
0.55,0.52,True,0.9674479166666666,0.796875,0.796875,0.8242107421074211,0.796875,0.8069723376647642,0.8236877523553163,0.8204163114170525
0.55,0.53,True,0.9596354166666666,0.7955729166666666,0.7955729166666666,0.8290645301328361,0.7955729166666666,0.8086882186248578,0.8290366350067843,0.8255590006098306
0.55,0.54,True,0.9479166666666666,0.7864583333333334,0.7864583333333334,0.8289816024619391,0.7864583333333334,0.8037332332165715,0.8296703296703297,0.8255936857113082
0.55,0.55,True,0.9361979166666666,0.7786458333333334,0.7786458333333334,0.8306649159528993,0.7786458333333334,0.7999093738512938,0.8317107093184979,0.8269923542547897
0.55,0.56,True,0.9231770833333334,0.76953125,0.76953125,0.8320753324327445,0.76953125,0.7953206238051628,0.8335684062059239,0.8281912561570056
0.55,0.57,True,0.9153645833333334,0.7669270833333334,0.7669270833333334,0.8361376498313291,0.7669270833333334,0.7954409058014371,0.8378378378378378,0.8321433754094781
0.55,0.58,True,0.90625,0.7643229166666666,0.7643229166666666,0.8414029342996132,0.7643229166666666,0.796074343715981,0.8433908045977011,0.8374586637540801
0.55,0.59,True,0.8958333333333334,0.7565104166666666,0.7565104166666666,0.8419009714997782,0.7565104166666666,0.7916506456587511,0.8444767441860465,0.8380071716278614
0.55,0.6,True,0.8841145833333334,0.7473958333333334,0.7473958333333334,0.8421076286483754,0.7473958333333334,0.7859891234947814,0.845360824742268,0.8381002308623651
0.55,0.61,True,0.8776041666666666,0.7434895833333334,0.7434895833333334,0.8439900328118219,0.7434895833333334,0.7844731264278607,0.8471810089020771,0.8398315263172197
0.55,0.62,True,0.8697916666666666,0.73828125,0.73828125,0.8451847468838071,0.73828125,0.7817488450462119,0.8488023952095808,0.8411238825031928
0.55,0.63,True,0.8619791666666666,0.7330729166666666,0.7330729166666666,0.8468471089616917,0.7330729166666666,0.7791480856817601,0.850453172205438,0.8425493265967073
0.55,0.64,True,0.8567708333333334,0.7291666666666666,0.7291666666666666,0.8471540616280165,0.7291666666666666,0.7765605809494072,0.851063829787234,0.8427503673109283
0.55,0.65,True,0.84765625,0.7265625,0.7265625,0.8541496662323916,0.7265625,0.7772636023651961,0.8571428571428571,0.8489793058959995
0.55,0.66,True,0.8385416666666666,0.72265625,0.72265625,0.8588768097923567,0.72265625,0.776206087142158,0.8618012422360248,0.8535259568715036
0.55,0.67,True,0.8294270833333334,0.7174479166666666,0.7174479166666666,0.8621989493994259,0.7174479166666666,0.7738719455368246,0.8649921507064364,0.8564000458530899
0.55,0.68,True,0.8229166666666666,0.71484375,0.71484375,0.8656845799227222,0.71484375,0.7733257122429902,0.8686708860759493,0.860104443244388
0.55,0.69,True,0.8151041666666666,0.7109375,0.7109375,0.8705298444610062,0.7109375,0.7720090425656524,0.8722044728434505,0.8637801511548578
0.55,0.7,True,0.80078125,0.7005208333333334,0.7005208333333334,0.8727977860707132,0.7005208333333334,0.7660754155896218,0.8747967479674796,0.8660256410256411
0.55,0.71,False,0.7890625,0.69140625,0.69140625,0.8739610271518238,0.69140625,0.7600290565206028,0.8762376237623762,0.8665088008366587
0.55,0.72,False,0.77734375,0.6809895833333334,0.6809895833333334,0.8733306037272827,0.6809895833333334,0.7521686609538497,0.8760469011725294,0.8655117492110996
0.55,0.73,False,0.7721354166666666,0.6770833333333334,0.6770833333333334,0.8740542475847294,0.6770833333333334,0.7494325960763786,0.8768971332209107,0.8661093391528173
0.55,0.74,False,0.7578125,0.6653645833333334,0.6653645833333334,0.8749004229209097,0.6653645833333334,0.741046840613571,0.8780068728522337,0.8659642282875573
0.55,0.75,False,0.7447916666666666,0.6575520833333334,0.6575520833333334,0.8813824683067636,0.6575520833333334,0.7366821798086686,0.8828671328671329,0.8710281739657505
0.55,0.76,False,0.7265625,0.64453125,0.64453125,0.8865111656981672,0.64453125,0.7281234852881404,0.8870967741935484,0.8749708478734064
0.55,0.77,False,0.71875,0.6380208333333334,0.6380208333333334,0.8871539142872344,0.6380208333333334,0.7230888745400234,0.8876811594202898,0.8752533901452496
0.55,0.78,False,0.7122395833333334,0.6341145833333334,0.6341145833333334,0.8906427412636727,0.6341145833333334,0.7207125575247018,0.8903107861060329,0.8781182606446235
0.55,0.79,False,0.6979166666666666,0.6236979166666666,0.6236979166666666,0.8951822039890107,0.6236979166666666,0.7131745124997385,0.8936567164179104,0.8815902257739395
0.55,0.8,False,0.6888020833333334,0.62109375,0.62109375,0.9063577763597185,0.62109375,0.7134645051755618,0.9017013232514177,0.8914100645395692
0.55,0.81,False,0.67578125,0.6106770833333334,0.6106770833333334,0.9095650005110709,0.6106770833333334,0.7048675649751027,0.9036608863198459,0.8932259380522513
0.55,0.82,False,0.65234375,0.5963541666666666,0.5963541666666666,0.9254684768397321,0.5963541666666666,0.6947602833049578,0.9141716566866267,0.9060816325594455
0.55,0.83,False,0.6380208333333334,0.5846354166666666,0.5846354166666666,0.9299333820405873,0.5846354166666666,0.6841820569248597,0.9163265306122449,0.9077383890208862
0.55,0.84,False,0.62890625,0.5768229166666666,0.5768229166666666,0.9318802928462787,0.5768229166666666,0.6767451523693477,0.917184265010352,0.9084564761759787
0.55,0.85,False,0.60546875,0.5533854166666666,0.5533854166666666,0.9289152338331893,0.5533854166666666,0.6523288692062544,0.9139784946236559,0.9023572686772873
0.55,0.86,False,0.5872395833333334,0.53515625,0.53515625,0.9264367054444955,0.53515625,0.6318426538109922,0.9113082039911308,0.8964387585047818
0.55,0.87,False,0.5703125,0.5221354166666666,0.5221354166666666,0.9352491999200724,0.5221354166666666,0.6183142297635863,0.9155251141552512,0.9005621664258306
0.55,0.88,False,0.5559895833333334,0.5091145833333334,0.5091145833333334,0.938183806080485,0.5091145833333334,0.6030787867441685,0.9156908665105387,0.8989724625205079
0.55,0.89,False,0.5286458333333334,0.4817708333333333,0.4817708333333333,0.9337637186816742,0.4817708333333333,0.5666709338953841,0.9113300492610837,0.8831565832692503
0.55,0.9,False,0.5,0.45703125,0.45703125,0.9448568908622818,0.45703125,0.5339662350421549,0.9140625,0.878207536427526
0.55,0.91,False,0.4661458333333333,0.4231770833333333,0.4231770833333333,0.9301576870954619,0.4231770833333333,0.48083941474604536,0.9078212290502793,0.8135354489282789
0.55,0.92,False,0.4479166666666667,0.4049479166666667,0.4049479166666667,0.8866290427610158,0.4049479166666667,0.4508899180320585,0.9040697674418605,0.7156922229537542
0.55,0.93,False,0.4322916666666667,0.390625,0.390625,0.6188373359143428,0.390625,0.4289502511088897,0.9036144578313253,0.6009067062043796
0.55,0.94,False,0.3997395833333333,0.359375,0.359375,0.6205070384037173,0.359375,0.3847790110299533,0.8990228013029316,0.5789535984848485
0.55,0.95,False,0.3776041666666667,0.3372395833333333,0.3372395833333333,0.6122224380138538,0.3372395833333333,0.34850669886723024,0.8931034482758621,0.5360243055555555
0.56,0.5,True,0.9895833333333334,0.8072916666666666,0.8072916666666666,0.8166751906343314,0.8072916666666666,0.8092656518807001,0.8157894736842105,0.8136323607360633
0.56,0.51,True,0.9817708333333334,0.8033854166666666,0.8033854166666666,0.8197371601338391,0.8033854166666666,0.8082985881477226,0.8183023872679045,0.8157229871329467
0.56,0.52,True,0.9674479166666666,0.796875,0.796875,0.8242107421074211,0.796875,0.8069723376647642,0.8236877523553163,0.8204163114170525
0.56,0.53,True,0.9596354166666666,0.7955729166666666,0.7955729166666666,0.8290645301328361,0.7955729166666666,0.8086882186248578,0.8290366350067843,0.8255590006098306
0.56,0.54,True,0.9479166666666666,0.7864583333333334,0.7864583333333334,0.8289816024619391,0.7864583333333334,0.8037332332165715,0.8296703296703297,0.8255936857113082
0.56,0.55,True,0.9361979166666666,0.7786458333333334,0.7786458333333334,0.8306649159528993,0.7786458333333334,0.7999093738512938,0.8317107093184979,0.8269923542547897
0.56,0.56,True,0.9231770833333334,0.76953125,0.76953125,0.8320753324327445,0.76953125,0.7953206238051628,0.8335684062059239,0.8281912561570056
0.56,0.57,True,0.9153645833333334,0.7669270833333334,0.7669270833333334,0.8361376498313291,0.7669270833333334,0.7954409058014371,0.8378378378378378,0.8321433754094781
0.56,0.58,True,0.90625,0.7643229166666666,0.7643229166666666,0.8414029342996132,0.7643229166666666,0.796074343715981,0.8433908045977011,0.8374586637540801
0.56,0.59,True,0.8958333333333334,0.7565104166666666,0.7565104166666666,0.8419009714997782,0.7565104166666666,0.7916506456587511,0.8444767441860465,0.8380071716278614
0.56,0.6,True,0.8841145833333334,0.7473958333333334,0.7473958333333334,0.8421076286483754,0.7473958333333334,0.7859891234947814,0.845360824742268,0.8381002308623651
0.56,0.61,True,0.8776041666666666,0.7434895833333334,0.7434895833333334,0.8439900328118219,0.7434895833333334,0.7844731264278607,0.8471810089020771,0.8398315263172197
0.56,0.62,True,0.8697916666666666,0.73828125,0.73828125,0.8451847468838071,0.73828125,0.7817488450462119,0.8488023952095808,0.8411238825031928
0.56,0.63,True,0.8619791666666666,0.7330729166666666,0.7330729166666666,0.8468471089616917,0.7330729166666666,0.7791480856817601,0.850453172205438,0.8425493265967073
0.56,0.64,True,0.8567708333333334,0.7291666666666666,0.7291666666666666,0.8471540616280165,0.7291666666666666,0.7765605809494072,0.851063829787234,0.8427503673109283
0.56,0.65,True,0.84765625,0.7265625,0.7265625,0.8541496662323916,0.7265625,0.7772636023651961,0.8571428571428571,0.8489793058959995
0.56,0.66,True,0.8385416666666666,0.72265625,0.72265625,0.8588768097923567,0.72265625,0.776206087142158,0.8618012422360248,0.8535259568715036
0.56,0.67,True,0.8294270833333334,0.7174479166666666,0.7174479166666666,0.8621989493994259,0.7174479166666666,0.7738719455368246,0.8649921507064364,0.8564000458530899
0.56,0.68,True,0.8229166666666666,0.71484375,0.71484375,0.8656845799227222,0.71484375,0.7733257122429902,0.8686708860759493,0.860104443244388
0.56,0.69,True,0.8151041666666666,0.7109375,0.7109375,0.8705298444610062,0.7109375,0.7720090425656524,0.8722044728434505,0.8637801511548578
0.56,0.7,True,0.80078125,0.7005208333333334,0.7005208333333334,0.8727977860707132,0.7005208333333334,0.7660754155896218,0.8747967479674796,0.8660256410256411
0.56,0.71,False,0.7890625,0.69140625,0.69140625,0.8739610271518238,0.69140625,0.7600290565206028,0.8762376237623762,0.8665088008366587
0.56,0.72,False,0.77734375,0.6809895833333334,0.6809895833333334,0.8733306037272827,0.6809895833333334,0.7521686609538497,0.8760469011725294,0.8655117492110996
0.56,0.73,False,0.7721354166666666,0.6770833333333334,0.6770833333333334,0.8740542475847294,0.6770833333333334,0.7494325960763786,0.8768971332209107,0.8661093391528173
0.56,0.74,False,0.7578125,0.6653645833333334,0.6653645833333334,0.8749004229209097,0.6653645833333334,0.741046840613571,0.8780068728522337,0.8659642282875573
0.56,0.75,False,0.7447916666666666,0.6575520833333334,0.6575520833333334,0.8813824683067636,0.6575520833333334,0.7366821798086686,0.8828671328671329,0.8710281739657505
0.56,0.76,False,0.7265625,0.64453125,0.64453125,0.8865111656981672,0.64453125,0.7281234852881404,0.8870967741935484,0.8749708478734064
0.56,0.77,False,0.71875,0.6380208333333334,0.6380208333333334,0.8871539142872344,0.6380208333333334,0.7230888745400234,0.8876811594202898,0.8752533901452496
0.56,0.78,False,0.7122395833333334,0.6341145833333334,0.6341145833333334,0.8906427412636727,0.6341145833333334,0.7207125575247018,0.8903107861060329,0.8781182606446235
0.56,0.79,False,0.6979166666666666,0.6236979166666666,0.6236979166666666,0.8951822039890107,0.6236979166666666,0.7131745124997385,0.8936567164179104,0.8815902257739395
0.56,0.8,False,0.6888020833333334,0.62109375,0.62109375,0.9063577763597185,0.62109375,0.7134645051755618,0.9017013232514177,0.8914100645395692
0.56,0.81,False,0.67578125,0.6106770833333334,0.6106770833333334,0.9095650005110709,0.6106770833333334,0.7048675649751027,0.9036608863198459,0.8932259380522513
0.56,0.82,False,0.65234375,0.5963541666666666,0.5963541666666666,0.9254684768397321,0.5963541666666666,0.6947602833049578,0.9141716566866267,0.9060816325594455
0.56,0.83,False,0.6380208333333334,0.5846354166666666,0.5846354166666666,0.9299333820405873,0.5846354166666666,0.6841820569248597,0.9163265306122449,0.9077383890208862
0.56,0.84,False,0.62890625,0.5768229166666666,0.5768229166666666,0.9318802928462787,0.5768229166666666,0.6767451523693477,0.917184265010352,0.9084564761759787
0.56,0.85,False,0.60546875,0.5533854166666666,0.5533854166666666,0.9289152338331893,0.5533854166666666,0.6523288692062544,0.9139784946236559,0.9023572686772873
0.56,0.86,False,0.5872395833333334,0.53515625,0.53515625,0.9264367054444955,0.53515625,0.6318426538109922,0.9113082039911308,0.8964387585047818
0.56,0.87,False,0.5703125,0.5221354166666666,0.5221354166666666,0.9352491999200724,0.5221354166666666,0.6183142297635863,0.9155251141552512,0.9005621664258306
0.56,0.88,False,0.5559895833333334,0.5091145833333334,0.5091145833333334,0.938183806080485,0.5091145833333334,0.6030787867441685,0.9156908665105387,0.8989724625205079
0.56,0.89,False,0.5286458333333334,0.4817708333333333,0.4817708333333333,0.9337637186816742,0.4817708333333333,0.5666709338953841,0.9113300492610837,0.8831565832692503
0.56,0.9,False,0.5,0.45703125,0.45703125,0.9448568908622818,0.45703125,0.5339662350421549,0.9140625,0.878207536427526
0.56,0.91,False,0.4661458333333333,0.4231770833333333,0.4231770833333333,0.9301576870954619,0.4231770833333333,0.48083941474604536,0.9078212290502793,0.8135354489282789
0.56,0.92,False,0.4479166666666667,0.4049479166666667,0.4049479166666667,0.8866290427610158,0.4049479166666667,0.4508899180320585,0.9040697674418605,0.7156922229537542
0.56,0.93,False,0.4322916666666667,0.390625,0.390625,0.6188373359143428,0.390625,0.4289502511088897,0.9036144578313253,0.6009067062043796
0.56,0.94,False,0.3997395833333333,0.359375,0.359375,0.6205070384037173,0.359375,0.3847790110299533,0.8990228013029316,0.5789535984848485
0.56,0.95,False,0.3776041666666667,0.3372395833333333,0.3372395833333333,0.6122224380138538,0.3372395833333333,0.34850669886723024,0.8931034482758621,0.5360243055555555
0.57,0.5,True,0.9895833333333334,0.8072916666666666,0.8072916666666666,0.8166751906343314,0.8072916666666666,0.8092656518807001,0.8157894736842105,0.8136323607360633
0.57,0.51,True,0.9817708333333334,0.8033854166666666,0.8033854166666666,0.8197371601338391,0.8033854166666666,0.8082985881477226,0.8183023872679045,0.8157229871329467
0.57,0.52,True,0.9674479166666666,0.796875,0.796875,0.8242107421074211,0.796875,0.8069723376647642,0.8236877523553163,0.8204163114170525
0.57,0.53,True,0.9596354166666666,0.7955729166666666,0.7955729166666666,0.8290645301328361,0.7955729166666666,0.8086882186248578,0.8290366350067843,0.8255590006098306
0.57,0.54,True,0.9479166666666666,0.7864583333333334,0.7864583333333334,0.8289816024619391,0.7864583333333334,0.8037332332165715,0.8296703296703297,0.8255936857113082
0.57,0.55,True,0.9361979166666666,0.7786458333333334,0.7786458333333334,0.8306649159528993,0.7786458333333334,0.7999093738512938,0.8317107093184979,0.8269923542547897
0.57,0.56,True,0.9231770833333334,0.76953125,0.76953125,0.8320753324327445,0.76953125,0.7953206238051628,0.8335684062059239,0.8281912561570056
0.57,0.57,True,0.9153645833333334,0.7669270833333334,0.7669270833333334,0.8361376498313291,0.7669270833333334,0.7954409058014371,0.8378378378378378,0.8321433754094781
0.57,0.58,True,0.90625,0.7643229166666666,0.7643229166666666,0.8414029342996132,0.7643229166666666,0.796074343715981,0.8433908045977011,0.8374586637540801
0.57,0.59,True,0.8958333333333334,0.7565104166666666,0.7565104166666666,0.8419009714997782,0.7565104166666666,0.7916506456587511,0.8444767441860465,0.8380071716278614
0.57,0.6,True,0.8841145833333334,0.7473958333333334,0.7473958333333334,0.8421076286483754,0.7473958333333334,0.7859891234947814,0.845360824742268,0.8381002308623651
0.57,0.61,True,0.8776041666666666,0.7434895833333334,0.7434895833333334,0.8439900328118219,0.7434895833333334,0.7844731264278607,0.8471810089020771,0.8398315263172197
0.57,0.62,True,0.8697916666666666,0.73828125,0.73828125,0.8451847468838071,0.73828125,0.7817488450462119,0.8488023952095808,0.8411238825031928
0.57,0.63,True,0.8619791666666666,0.7330729166666666,0.7330729166666666,0.8468471089616917,0.7330729166666666,0.7791480856817601,0.850453172205438,0.8425493265967073
0.57,0.64,True,0.8567708333333334,0.7291666666666666,0.7291666666666666,0.8471540616280165,0.7291666666666666,0.7765605809494072,0.851063829787234,0.8427503673109283
0.57,0.65,True,0.84765625,0.7265625,0.7265625,0.8541496662323916,0.7265625,0.7772636023651961,0.8571428571428571,0.8489793058959995
0.57,0.66,True,0.8385416666666666,0.72265625,0.72265625,0.8588768097923567,0.72265625,0.776206087142158,0.8618012422360248,0.8535259568715036
0.57,0.67,True,0.8294270833333334,0.7174479166666666,0.7174479166666666,0.8621989493994259,0.7174479166666666,0.7738719455368246,0.8649921507064364,0.8564000458530899
0.57,0.68,True,0.8229166666666666,0.71484375,0.71484375,0.8656845799227222,0.71484375,0.7733257122429902,0.8686708860759493,0.860104443244388
0.57,0.69,True,0.8151041666666666,0.7109375,0.7109375,0.8705298444610062,0.7109375,0.7720090425656524,0.8722044728434505,0.8637801511548578
0.57,0.7,True,0.80078125,0.7005208333333334,0.7005208333333334,0.8727977860707132,0.7005208333333334,0.7660754155896218,0.8747967479674796,0.8660256410256411
0.57,0.71,False,0.7890625,0.69140625,0.69140625,0.8739610271518238,0.69140625,0.7600290565206028,0.8762376237623762,0.8665088008366587
0.57,0.72,False,0.77734375,0.6809895833333334,0.6809895833333334,0.8733306037272827,0.6809895833333334,0.7521686609538497,0.8760469011725294,0.8655117492110996
0.57,0.73,False,0.7721354166666666,0.6770833333333334,0.6770833333333334,0.8740542475847294,0.6770833333333334,0.7494325960763786,0.8768971332209107,0.8661093391528173
0.57,0.74,False,0.7578125,0.6653645833333334,0.6653645833333334,0.8749004229209097,0.6653645833333334,0.741046840613571,0.8780068728522337,0.8659642282875573
0.57,0.75,False,0.7447916666666666,0.6575520833333334,0.6575520833333334,0.8813824683067636,0.6575520833333334,0.7366821798086686,0.8828671328671329,0.8710281739657505
0.57,0.76,False,0.7265625,0.64453125,0.64453125,0.8865111656981672,0.64453125,0.7281234852881404,0.8870967741935484,0.8749708478734064
0.57,0.77,False,0.71875,0.6380208333333334,0.6380208333333334,0.8871539142872344,0.6380208333333334,0.7230888745400234,0.8876811594202898,0.8752533901452496
0.57,0.78,False,0.7122395833333334,0.6341145833333334,0.6341145833333334,0.8906427412636727,0.6341145833333334,0.7207125575247018,0.8903107861060329,0.8781182606446235
0.57,0.79,False,0.6979166666666666,0.6236979166666666,0.6236979166666666,0.8951822039890107,0.6236979166666666,0.7131745124997385,0.8936567164179104,0.8815902257739395
0.57,0.8,False,0.6888020833333334,0.62109375,0.62109375,0.9063577763597185,0.62109375,0.7134645051755618,0.9017013232514177,0.8914100645395692
0.57,0.81,False,0.67578125,0.6106770833333334,0.6106770833333334,0.9095650005110709,0.6106770833333334,0.7048675649751027,0.9036608863198459,0.8932259380522513
0.57,0.82,False,0.65234375,0.5963541666666666,0.5963541666666666,0.9254684768397321,0.5963541666666666,0.6947602833049578,0.9141716566866267,0.9060816325594455
0.57,0.83,False,0.6380208333333334,0.5846354166666666,0.5846354166666666,0.9299333820405873,0.5846354166666666,0.6841820569248597,0.9163265306122449,0.9077383890208862
0.57,0.84,False,0.62890625,0.5768229166666666,0.5768229166666666,0.9318802928462787,0.5768229166666666,0.6767451523693477,0.917184265010352,0.9084564761759787
0.57,0.85,False,0.60546875,0.5533854166666666,0.5533854166666666,0.9289152338331893,0.5533854166666666,0.6523288692062544,0.9139784946236559,0.9023572686772873
0.57,0.86,False,0.5872395833333334,0.53515625,0.53515625,0.9264367054444955,0.53515625,0.6318426538109922,0.9113082039911308,0.8964387585047818
0.57,0.87,False,0.5703125,0.5221354166666666,0.5221354166666666,0.9352491999200724,0.5221354166666666,0.6183142297635863,0.9155251141552512,0.9005621664258306
0.57,0.88,False,0.5559895833333334,0.5091145833333334,0.5091145833333334,0.938183806080485,0.5091145833333334,0.6030787867441685,0.9156908665105387,0.8989724625205079
0.57,0.89,False,0.5286458333333334,0.4817708333333333,0.4817708333333333,0.9337637186816742,0.4817708333333333,0.5666709338953841,0.9113300492610837,0.8831565832692503
0.57,0.9,False,0.5,0.45703125,0.45703125,0.9448568908622818,0.45703125,0.5339662350421549,0.9140625,0.878207536427526
0.57,0.91,False,0.4661458333333333,0.4231770833333333,0.4231770833333333,0.9301576870954619,0.4231770833333333,0.48083941474604536,0.9078212290502793,0.8135354489282789
0.57,0.92,False,0.4479166666666667,0.4049479166666667,0.4049479166666667,0.8866290427610158,0.4049479166666667,0.4508899180320585,0.9040697674418605,0.7156922229537542
0.57,0.93,False,0.4322916666666667,0.390625,0.390625,0.6188373359143428,0.390625,0.4289502511088897,0.9036144578313253,0.6009067062043796
0.57,0.94,False,0.3997395833333333,0.359375,0.359375,0.6205070384037173,0.359375,0.3847790110299533,0.8990228013029316,0.5789535984848485
0.57,0.95,False,0.3776041666666667,0.3372395833333333,0.3372395833333333,0.6122224380138538,0.3372395833333333,0.34850669886723024,0.8931034482758621,0.5360243055555555
0.58,0.5,True,0.98828125,0.8059895833333334,0.8059895833333334,0.8163589851007345,0.8059895833333334,0.8084915886623906,0.8155467720685112,0.8133404408645081
0.58,0.51,True,0.98046875,0.8020833333333334,0.8020833333333334,0.819418646530654,0.8020833333333334,0.8075216039361366,0.8180610889774237,0.8154327366467772
0.58,0.52,True,0.9661458333333334,0.7955729166666666,0.7955729166666666,0.8238986322447494,0.7955729166666666,0.8061865987052479,0.8234501347708895,0.8201297611802717
0.58,0.53,True,0.9583333333333334,0.7942708333333334,0.7942708333333334,0.8287597671223582,0.7942708333333334,0.8078971715910362,0.8288043478260869,0.8252774156221854
0.58,0.54,True,0.9466145833333334,0.78515625,0.78515625,0.8286725476629767,0.78515625,0.8029286320144923,0.8294360385144429,0.8253060547821125
0.58,0.55,True,0.9348958333333334,0.77734375,0.77734375,0.8303564482531272,0.77734375,0.7990972209499744,0.8314763231197771,0.8267047595421078
0.58,0.56,True,0.921875,0.7682291666666666,0.7682291666666666,0.8317626369980977,0.7682291666666666,0.7944942408017225,0.8333333333333334,0.8278990095182036
0.58,0.57,True,0.9140625,0.765625,0.765625,0.8358340675605338,0.765625,0.7946125824881438,0.8376068376068376,0.8318579658688551
0.58,0.58,True,0.9049479166666666,0.7630208333333334,0.7630208333333334,0.841112371770557,0.7630208333333334,0.795243454175414,0.8431654676258993,0.8371821882161549
0.58,0.59,True,0.8958333333333334,0.7565104166666666,0.7565104166666666,0.8419009714997782,0.7565104166666666,0.7916506456587511,0.8444767441860465,0.8380071716278614
0.58,0.6,True,0.8841145833333334,0.7473958333333334,0.7473958333333334,0.8421076286483754,0.7473958333333334,0.7859891234947814,0.845360824742268,0.8381002308623651
0.58,0.61,True,0.8776041666666666,0.7434895833333334,0.7434895833333334,0.8439900328118219,0.7434895833333334,0.7844731264278607,0.8471810089020771,0.8398315263172197
0.58,0.62,True,0.8697916666666666,0.73828125,0.73828125,0.8451847468838071,0.73828125,0.7817488450462119,0.8488023952095808,0.8411238825031928
0.58,0.63,True,0.8619791666666666,0.7330729166666666,0.7330729166666666,0.8468471089616917,0.7330729166666666,0.7791480856817601,0.850453172205438,0.8425493265967073
0.58,0.64,True,0.8567708333333334,0.7291666666666666,0.7291666666666666,0.8471540616280165,0.7291666666666666,0.7765605809494072,0.851063829787234,0.8427503673109283
0.58,0.65,True,0.84765625,0.7265625,0.7265625,0.8541496662323916,0.7265625,0.7772636023651961,0.8571428571428571,0.8489793058959995
0.58,0.66,True,0.8385416666666666,0.72265625,0.72265625,0.8588768097923567,0.72265625,0.776206087142158,0.8618012422360248,0.8535259568715036
0.58,0.67,True,0.8294270833333334,0.7174479166666666,0.7174479166666666,0.8621989493994259,0.7174479166666666,0.7738719455368246,0.8649921507064364,0.8564000458530899
0.58,0.68,True,0.8229166666666666,0.71484375,0.71484375,0.8656845799227222,0.71484375,0.7733257122429902,0.8686708860759493,0.860104443244388
0.58,0.69,True,0.8151041666666666,0.7109375,0.7109375,0.8705298444610062,0.7109375,0.7720090425656524,0.8722044728434505,0.8637801511548578
0.58,0.7,True,0.80078125,0.7005208333333334,0.7005208333333334,0.8727977860707132,0.7005208333333334,0.7660754155896218,0.8747967479674796,0.8660256410256411
0.58,0.71,False,0.7890625,0.69140625,0.69140625,0.8739610271518238,0.69140625,0.7600290565206028,0.8762376237623762,0.8665088008366587
0.58,0.72,False,0.77734375,0.6809895833333334,0.6809895833333334,0.8733306037272827,0.6809895833333334,0.7521686609538497,0.8760469011725294,0.8655117492110996
0.58,0.73,False,0.7721354166666666,0.6770833333333334,0.6770833333333334,0.8740542475847294,0.6770833333333334,0.7494325960763786,0.8768971332209107,0.8661093391528173
0.58,0.74,False,0.7578125,0.6653645833333334,0.6653645833333334,0.8749004229209097,0.6653645833333334,0.741046840613571,0.8780068728522337,0.8659642282875573
0.58,0.75,False,0.7447916666666666,0.6575520833333334,0.6575520833333334,0.8813824683067636,0.6575520833333334,0.7366821798086686,0.8828671328671329,0.8710281739657505
0.58,0.76,False,0.7265625,0.64453125,0.64453125,0.8865111656981672,0.64453125,0.7281234852881404,0.8870967741935484,0.8749708478734064
0.58,0.77,False,0.71875,0.6380208333333334,0.6380208333333334,0.8871539142872344,0.6380208333333334,0.7230888745400234,0.8876811594202898,0.8752533901452496
0.58,0.78,False,0.7122395833333334,0.6341145833333334,0.6341145833333334,0.8906427412636727,0.6341145833333334,0.7207125575247018,0.8903107861060329,0.8781182606446235
0.58,0.79,False,0.6979166666666666,0.6236979166666666,0.6236979166666666,0.8951822039890107,0.6236979166666666,0.7131745124997385,0.8936567164179104,0.8815902257739395
0.58,0.8,False,0.6888020833333334,0.62109375,0.62109375,0.9063577763597185,0.62109375,0.7134645051755618,0.9017013232514177,0.8914100645395692
0.58,0.81,False,0.67578125,0.6106770833333334,0.6106770833333334,0.9095650005110709,0.6106770833333334,0.7048675649751027,0.9036608863198459,0.8932259380522513
0.58,0.82,False,0.65234375,0.5963541666666666,0.5963541666666666,0.9254684768397321,0.5963541666666666,0.6947602833049578,0.9141716566866267,0.9060816325594455
0.58,0.83,False,0.6380208333333334,0.5846354166666666,0.5846354166666666,0.9299333820405873,0.5846354166666666,0.6841820569248597,0.9163265306122449,0.9077383890208862
0.58,0.84,False,0.62890625,0.5768229166666666,0.5768229166666666,0.9318802928462787,0.5768229166666666,0.6767451523693477,0.917184265010352,0.9084564761759787
0.58,0.85,False,0.60546875,0.5533854166666666,0.5533854166666666,0.9289152338331893,0.5533854166666666,0.6523288692062544,0.9139784946236559,0.9023572686772873
0.58,0.86,False,0.5872395833333334,0.53515625,0.53515625,0.9264367054444955,0.53515625,0.6318426538109922,0.9113082039911308,0.8964387585047818
0.58,0.87,False,0.5703125,0.5221354166666666,0.5221354166666666,0.9352491999200724,0.5221354166666666,0.6183142297635863,0.9155251141552512,0.9005621664258306
0.58,0.88,False,0.5559895833333334,0.5091145833333334,0.5091145833333334,0.938183806080485,0.5091145833333334,0.6030787867441685,0.9156908665105387,0.8989724625205079
0.58,0.89,False,0.5286458333333334,0.4817708333333333,0.4817708333333333,0.9337637186816742,0.4817708333333333,0.5666709338953841,0.9113300492610837,0.8831565832692503
0.58,0.9,False,0.5,0.45703125,0.45703125,0.9448568908622818,0.45703125,0.5339662350421549,0.9140625,0.878207536427526
0.58,0.91,False,0.4661458333333333,0.4231770833333333,0.4231770833333333,0.9301576870954619,0.4231770833333333,0.48083941474604536,0.9078212290502793,0.8135354489282789
0.58,0.92,False,0.4479166666666667,0.4049479166666667,0.4049479166666667,0.8866290427610158,0.4049479166666667,0.4508899180320585,0.9040697674418605,0.7156922229537542
0.58,0.93,False,0.4322916666666667,0.390625,0.390625,0.6188373359143428,0.390625,0.4289502511088897,0.9036144578313253,0.6009067062043796
0.58,0.94,False,0.3997395833333333,0.359375,0.359375,0.6205070384037173,0.359375,0.3847790110299533,0.8990228013029316,0.5789535984848485
0.58,0.95,False,0.3776041666666667,0.3372395833333333,0.3372395833333333,0.6122224380138538,0.3372395833333333,0.34850669886723024,0.8931034482758621,0.5360243055555555
0.59,0.5,True,0.98828125,0.8059895833333334,0.8059895833333334,0.8163589851007345,0.8059895833333334,0.8084915886623906,0.8155467720685112,0.8133404408645081
0.59,0.51,True,0.98046875,0.8020833333333334,0.8020833333333334,0.819418646530654,0.8020833333333334,0.8075216039361366,0.8180610889774237,0.8154327366467772
0.59,0.52,True,0.9661458333333334,0.7955729166666666,0.7955729166666666,0.8238986322447494,0.7955729166666666,0.8061865987052479,0.8234501347708895,0.8201297611802717
0.59,0.53,True,0.9583333333333334,0.7942708333333334,0.7942708333333334,0.8287597671223582,0.7942708333333334,0.8078971715910362,0.8288043478260869,0.8252774156221854
0.59,0.54,True,0.9466145833333334,0.78515625,0.78515625,0.8286725476629767,0.78515625,0.8029286320144923,0.8294360385144429,0.8253060547821125
0.59,0.55,True,0.9348958333333334,0.77734375,0.77734375,0.8303564482531272,0.77734375,0.7990972209499744,0.8314763231197771,0.8267047595421078
0.59,0.56,True,0.921875,0.7682291666666666,0.7682291666666666,0.8317626369980977,0.7682291666666666,0.7944942408017225,0.8333333333333334,0.8278990095182036
0.59,0.57,True,0.9140625,0.765625,0.765625,0.8358340675605338,0.765625,0.7946125824881438,0.8376068376068376,0.8318579658688551
0.59,0.58,True,0.9049479166666666,0.7630208333333334,0.7630208333333334,0.841112371770557,0.7630208333333334,0.795243454175414,0.8431654676258993,0.8371821882161549
0.59,0.59,True,0.8958333333333334,0.7565104166666666,0.7565104166666666,0.8419009714997782,0.7565104166666666,0.7916506456587511,0.8444767441860465,0.8380071716278614
0.59,0.6,True,0.8841145833333334,0.7473958333333334,0.7473958333333334,0.8421076286483754,0.7473958333333334,0.7859891234947814,0.845360824742268,0.8381002308623651
0.59,0.61,True,0.8776041666666666,0.7434895833333334,0.7434895833333334,0.8439900328118219,0.7434895833333334,0.7844731264278607,0.8471810089020771,0.8398315263172197
0.59,0.62,True,0.8697916666666666,0.73828125,0.73828125,0.8451847468838071,0.73828125,0.7817488450462119,0.8488023952095808,0.8411238825031928
0.59,0.63,True,0.8619791666666666,0.7330729166666666,0.7330729166666666,0.8468471089616917,0.7330729166666666,0.7791480856817601,0.850453172205438,0.8425493265967073
0.59,0.64,True,0.8567708333333334,0.7291666666666666,0.7291666666666666,0.8471540616280165,0.7291666666666666,0.7765605809494072,0.851063829787234,0.8427503673109283
0.59,0.65,True,0.84765625,0.7265625,0.7265625,0.8541496662323916,0.7265625,0.7772636023651961,0.8571428571428571,0.8489793058959995
0.59,0.66,True,0.8385416666666666,0.72265625,0.72265625,0.8588768097923567,0.72265625,0.776206087142158,0.8618012422360248,0.8535259568715036
0.59,0.67,True,0.8294270833333334,0.7174479166666666,0.7174479166666666,0.8621989493994259,0.7174479166666666,0.7738719455368246,0.8649921507064364,0.8564000458530899
0.59,0.68,True,0.8229166666666666,0.71484375,0.71484375,0.8656845799227222,0.71484375,0.7733257122429902,0.8686708860759493,0.860104443244388
0.59,0.69,True,0.8151041666666666,0.7109375,0.7109375,0.8705298444610062,0.7109375,0.7720090425656524,0.8722044728434505,0.8637801511548578
0.59,0.7,True,0.80078125,0.7005208333333334,0.7005208333333334,0.8727977860707132,0.7005208333333334,0.7660754155896218,0.8747967479674796,0.8660256410256411
0.59,0.71,False,0.7890625,0.69140625,0.69140625,0.8739610271518238,0.69140625,0.7600290565206028,0.8762376237623762,0.8665088008366587
0.59,0.72,False,0.77734375,0.6809895833333334,0.6809895833333334,0.8733306037272827,0.6809895833333334,0.7521686609538497,0.8760469011725294,0.8655117492110996
0.59,0.73,False,0.7721354166666666,0.6770833333333334,0.6770833333333334,0.8740542475847294,0.6770833333333334,0.7494325960763786,0.8768971332209107,0.8661093391528173
0.59,0.74,False,0.7578125,0.6653645833333334,0.6653645833333334,0.8749004229209097,0.6653645833333334,0.741046840613571,0.8780068728522337,0.8659642282875573
0.59,0.75,False,0.7447916666666666,0.6575520833333334,0.6575520833333334,0.8813824683067636,0.6575520833333334,0.7366821798086686,0.8828671328671329,0.8710281739657505
0.59,0.76,False,0.7265625,0.64453125,0.64453125,0.8865111656981672,0.64453125,0.7281234852881404,0.8870967741935484,0.8749708478734064
0.59,0.77,False,0.71875,0.6380208333333334,0.6380208333333334,0.8871539142872344,0.6380208333333334,0.7230888745400234,0.8876811594202898,0.8752533901452496
0.59,0.78,False,0.7122395833333334,0.6341145833333334,0.6341145833333334,0.8906427412636727,0.6341145833333334,0.7207125575247018,0.8903107861060329,0.8781182606446235
0.59,0.79,False,0.6979166666666666,0.6236979166666666,0.6236979166666666,0.8951822039890107,0.6236979166666666,0.7131745124997385,0.8936567164179104,0.8815902257739395
0.59,0.8,False,0.6888020833333334,0.62109375,0.62109375,0.9063577763597185,0.62109375,0.7134645051755618,0.9017013232514177,0.8914100645395692
0.59,0.81,False,0.67578125,0.6106770833333334,0.6106770833333334,0.9095650005110709,0.6106770833333334,0.7048675649751027,0.9036608863198459,0.8932259380522513
0.59,0.82,False,0.65234375,0.5963541666666666,0.5963541666666666,0.9254684768397321,0.5963541666666666,0.6947602833049578,0.9141716566866267,0.9060816325594455
0.59,0.83,False,0.6380208333333334,0.5846354166666666,0.5846354166666666,0.9299333820405873,0.5846354166666666,0.6841820569248597,0.9163265306122449,0.9077383890208862
0.59,0.84,False,0.62890625,0.5768229166666666,0.5768229166666666,0.9318802928462787,0.5768229166666666,0.6767451523693477,0.917184265010352,0.9084564761759787
0.59,0.85,False,0.60546875,0.5533854166666666,0.5533854166666666,0.9289152338331893,0.5533854166666666,0.6523288692062544,0.9139784946236559,0.9023572686772873
0.59,0.86,False,0.5872395833333334,0.53515625,0.53515625,0.9264367054444955,0.53515625,0.6318426538109922,0.9113082039911308,0.8964387585047818
0.59,0.87,False,0.5703125,0.5221354166666666,0.5221354166666666,0.9352491999200724,0.5221354166666666,0.6183142297635863,0.9155251141552512,0.9005621664258306
0.59,0.88,False,0.5559895833333334,0.5091145833333334,0.5091145833333334,0.938183806080485,0.5091145833333334,0.6030787867441685,0.9156908665105387,0.8989724625205079
0.59,0.89,False,0.5286458333333334,0.4817708333333333,0.4817708333333333,0.9337637186816742,0.4817708333333333,0.5666709338953841,0.9113300492610837,0.8831565832692503
0.59,0.9,False,0.5,0.45703125,0.45703125,0.9448568908622818,0.45703125,0.5339662350421549,0.9140625,0.878207536427526
0.59,0.91,False,0.4661458333333333,0.4231770833333333,0.4231770833333333,0.9301576870954619,0.4231770833333333,0.48083941474604536,0.9078212290502793,0.8135354489282789
0.59,0.92,False,0.4479166666666667,0.4049479166666667,0.4049479166666667,0.8866290427610158,0.4049479166666667,0.4508899180320585,0.9040697674418605,0.7156922229537542
0.59,0.93,False,0.4322916666666667,0.390625,0.390625,0.6188373359143428,0.390625,0.4289502511088897,0.9036144578313253,0.6009067062043796
0.59,0.94,False,0.3997395833333333,0.359375,0.359375,0.6205070384037173,0.359375,0.3847790110299533,0.8990228013029316,0.5789535984848485
0.59,0.95,False,0.3776041666666667,0.3372395833333333,0.3372395833333333,0.6122224380138538,0.3372395833333333,0.34850669886723024,0.8931034482758621,0.5360243055555555
0.6,0.5,True,0.9869791666666666,0.8059895833333334,0.8059895833333334,0.8172570165097147,0.8059895833333334,0.8089724660860247,0.816622691292876,0.8144112281764166
0.6,0.51,True,0.9791666666666666,0.8020833333333334,0.8020833333333334,0.8203188007154797,0.8020833333333334,0.8080019216115892,0.8191489361702128,0.8165103910092095
0.6,0.52,True,0.96484375,0.7955729166666666,0.7955729166666666,0.8248373085234612,0.7955729166666666,0.8066749884598076,0.8245614035087719,0.8212216842094789
0.6,0.53,True,0.95703125,0.7942708333333334,0.7942708333333334,0.8297298079713146,0.7942708333333334,0.8083925550651431,0.8299319727891157,0.8263808133527739
0.6,0.54,True,0.9453125,0.78515625,0.78515625,0.8296682584472904,0.78515625,0.8034255131299521,0.8305785123966942,0.8264196759108571
0.6,0.55,True,0.93359375,0.77734375,0.77734375,0.8313735438917368,0.77734375,0.7995967886815226,0.8326359832635983,0.8278280066859373
0.6,0.56,True,0.921875,0.7682291666666666,0.7682291666666666,0.8317626369980977,0.7682291666666666,0.7944942408017225,0.8333333333333334,0.8278990095182036
0.6,0.57,True,0.9140625,0.765625,0.765625,0.8358340675605338,0.765625,0.7946125824881438,0.8376068376068376,0.8318579658688551
0.6,0.58,True,0.9049479166666666,0.7630208333333334,0.7630208333333334,0.841112371770557,0.7630208333333334,0.795243454175414,0.8431654676258993,0.8371821882161549
0.6,0.59,True,0.8958333333333334,0.7565104166666666,0.7565104166666666,0.8419009714997782,0.7565104166666666,0.7916506456587511,0.8444767441860465,0.8380071716278614
0.6,0.6,True,0.8841145833333334,0.7473958333333334,0.7473958333333334,0.8421076286483754,0.7473958333333334,0.7859891234947814,0.845360824742268,0.8381002308623651
0.6,0.61,True,0.8776041666666666,0.7434895833333334,0.7434895833333334,0.8439900328118219,0.7434895833333334,0.7844731264278607,0.8471810089020771,0.8398315263172197
0.6,0.62,True,0.8697916666666666,0.73828125,0.73828125,0.8451847468838071,0.73828125,0.7817488450462119,0.8488023952095808,0.8411238825031928
0.6,0.63,True,0.8619791666666666,0.7330729166666666,0.7330729166666666,0.8468471089616917,0.7330729166666666,0.7791480856817601,0.850453172205438,0.8425493265967073
0.6,0.64,True,0.8567708333333334,0.7291666666666666,0.7291666666666666,0.8471540616280165,0.7291666666666666,0.7765605809494072,0.851063829787234,0.8427503673109283
0.6,0.65,True,0.84765625,0.7265625,0.7265625,0.8541496662323916,0.7265625,0.7772636023651961,0.8571428571428571,0.8489793058959995
0.6,0.66,True,0.8385416666666666,0.72265625,0.72265625,0.8588768097923567,0.72265625,0.776206087142158,0.8618012422360248,0.8535259568715036
0.6,0.67,True,0.8294270833333334,0.7174479166666666,0.7174479166666666,0.8621989493994259,0.7174479166666666,0.7738719455368246,0.8649921507064364,0.8564000458530899
0.6,0.68,True,0.8229166666666666,0.71484375,0.71484375,0.8656845799227222,0.71484375,0.7733257122429902,0.8686708860759493,0.860104443244388
0.6,0.69,True,0.8151041666666666,0.7109375,0.7109375,0.8705298444610062,0.7109375,0.7720090425656524,0.8722044728434505,0.8637801511548578
0.6,0.7,True,0.80078125,0.7005208333333334,0.7005208333333334,0.8727977860707132,0.7005208333333334,0.7660754155896218,0.8747967479674796,0.8660256410256411
0.6,0.71,False,0.7890625,0.69140625,0.69140625,0.8739610271518238,0.69140625,0.7600290565206028,0.8762376237623762,0.8665088008366587
0.6,0.72,False,0.77734375,0.6809895833333334,0.6809895833333334,0.8733306037272827,0.6809895833333334,0.7521686609538497,0.8760469011725294,0.8655117492110996
0.6,0.73,False,0.7721354166666666,0.6770833333333334,0.6770833333333334,0.8740542475847294,0.6770833333333334,0.7494325960763786,0.8768971332209107,0.8661093391528173
0.6,0.74,False,0.7578125,0.6653645833333334,0.6653645833333334,0.8749004229209097,0.6653645833333334,0.741046840613571,0.8780068728522337,0.8659642282875573
0.6,0.75,False,0.7447916666666666,0.6575520833333334,0.6575520833333334,0.8813824683067636,0.6575520833333334,0.7366821798086686,0.8828671328671329,0.8710281739657505
0.6,0.76,False,0.7265625,0.64453125,0.64453125,0.8865111656981672,0.64453125,0.7281234852881404,0.8870967741935484,0.8749708478734064
0.6,0.77,False,0.71875,0.6380208333333334,0.6380208333333334,0.8871539142872344,0.6380208333333334,0.7230888745400234,0.8876811594202898,0.8752533901452496
0.6,0.78,False,0.7122395833333334,0.6341145833333334,0.6341145833333334,0.8906427412636727,0.6341145833333334,0.7207125575247018,0.8903107861060329,0.8781182606446235
0.6,0.79,False,0.6979166666666666,0.6236979166666666,0.6236979166666666,0.8951822039890107,0.6236979166666666,0.7131745124997385,0.8936567164179104,0.8815902257739395
0.6,0.8,False,0.6888020833333334,0.62109375,0.62109375,0.9063577763597185,0.62109375,0.7134645051755618,0.9017013232514177,0.8914100645395692
0.6,0.81,False,0.67578125,0.6106770833333334,0.6106770833333334,0.9095650005110709,0.6106770833333334,0.7048675649751027,0.9036608863198459,0.8932259380522513
0.6,0.82,False,0.65234375,0.5963541666666666,0.5963541666666666,0.9254684768397321,0.5963541666666666,0.6947602833049578,0.9141716566866267,0.9060816325594455
0.6,0.83,False,0.6380208333333334,0.5846354166666666,0.5846354166666666,0.9299333820405873,0.5846354166666666,0.6841820569248597,0.9163265306122449,0.9077383890208862
0.6,0.84,False,0.62890625,0.5768229166666666,0.5768229166666666,0.9318802928462787,0.5768229166666666,0.6767451523693477,0.917184265010352,0.9084564761759787
0.6,0.85,False,0.60546875,0.5533854166666666,0.5533854166666666,0.9289152338331893,0.5533854166666666,0.6523288692062544,0.9139784946236559,0.9023572686772873
0.6,0.86,False,0.5872395833333334,0.53515625,0.53515625,0.9264367054444955,0.53515625,0.6318426538109922,0.9113082039911308,0.8964387585047818
0.6,0.87,False,0.5703125,0.5221354166666666,0.5221354166666666,0.9352491999200724,0.5221354166666666,0.6183142297635863,0.9155251141552512,0.9005621664258306
0.6,0.88,False,0.5559895833333334,0.5091145833333334,0.5091145833333334,0.938183806080485,0.5091145833333334,0.6030787867441685,0.9156908665105387,0.8989724625205079
0.6,0.89,False,0.5286458333333334,0.4817708333333333,0.4817708333333333,0.9337637186816742,0.4817708333333333,0.5666709338953841,0.9113300492610837,0.8831565832692503
0.6,0.9,False,0.5,0.45703125,0.45703125,0.9448568908622818,0.45703125,0.5339662350421549,0.9140625,0.878207536427526
0.6,0.91,False,0.4661458333333333,0.4231770833333333,0.4231770833333333,0.9301576870954619,0.4231770833333333,0.48083941474604536,0.9078212290502793,0.8135354489282789
0.6,0.92,False,0.4479166666666667,0.4049479166666667,0.4049479166666667,0.8866290427610158,0.4049479166666667,0.4508899180320585,0.9040697674418605,0.7156922229537542
0.6,0.93,False,0.4322916666666667,0.390625,0.390625,0.6188373359143428,0.390625,0.4289502511088897,0.9036144578313253,0.6009067062043796
0.6,0.94,False,0.3997395833333333,0.359375,0.359375,0.6205070384037173,0.359375,0.3847790110299533,0.8990228013029316,0.5789535984848485
0.6,0.95,False,0.3776041666666667,0.3372395833333333,0.3372395833333333,0.6122224380138538,0.3372395833333333,0.34850669886723024,0.8931034482758621,0.5360243055555555
0.61,0.5,True,0.9856770833333334,0.8059895833333334,0.8059895833333334,0.8183549163776024,0.8059895833333334,0.809552067483802,0.8177014531043593,0.8154861005086748
0.61,0.51,True,0.9778645833333334,0.8020833333333334,0.8020833333333334,0.8214167005833674,0.8020833333333334,0.8085815230093666,0.8202396804260985,0.8175921743155593
0.61,0.52,True,0.9635416666666666,0.7955729166666666,0.7955729166666666,0.8259352083913488,0.7955729166666666,0.8072545898575849,0.8256756756756757,0.8223178286915337
0.61,0.53,True,0.9557291666666666,0.7942708333333334,0.7942708333333334,0.8308277078392021,0.7942708333333334,0.8089721564629203,0.8310626702997275,0.8274885053600364
0.61,0.54,True,0.9440104166666666,0.78515625,0.78515625,0.8307661583151779,0.78515625,0.8040051145277295,0.8317241379310345,0.8275376739978159
0.61,0.55,True,0.9322916666666666,0.77734375,0.77734375,0.8324714437596245,0.77734375,0.8001763900793,0.8337988826815642,0.8289557008027293
0.61,0.56,True,0.9205729166666666,0.7682291666666666,0.7682291666666666,0.8328605368659853,0.7682291666666666,0.7950738421994998,0.8345120226308345,0.8290378288308194
0.61,0.57,True,0.9127604166666666,0.765625,0.765625,0.8369319674284214,0.765625,0.7951921838859212,0.8388017118402282,0.8330083615926324
0.61,0.58,True,0.9036458333333334,0.7630208333333334,0.7630208333333334,0.8422102716384446,0.7630208333333334,0.7958230555731913,0.8443804034582133,0.8383445670594739
0.61,0.59,True,0.89453125,0.7565104166666666,0.7565104166666666,0.8429988713676657,0.7565104166666666,0.7922302470565284,0.8457059679767104,0.8391782388399628
0.61,0.6,True,0.8828125,0.7473958333333334,0.7473958333333334,0.843205528516263,0.7473958333333334,0.7865687248925588,0.8466076696165191,0.8392802485854197
0.61,0.61,True,0.8763020833333334,0.7434895833333334,0.7434895833333334,0.8450879326797095,0.7434895833333334,0.785052727825638,0.8484398216939079,0.841022806550172
0.61,0.62,True,0.8684895833333334,0.73828125,0.73828125,0.8462826467516947,0.73828125,0.7823284464439891,0.8500749625187406,0.8423247422151249
0.61,0.63,True,0.8606770833333334,0.7330729166666666,0.7330729166666666,0.8479450088295793,0.7330729166666666,0.7797276870795374,0.8517397881996974,0.8437622613863244
0.61,0.64,True,0.85546875,0.7291666666666666,0.7291666666666666,0.8482519614959041,0.7291666666666666,0.7771401823471845,0.852359208523592,0.8439661692248827
0.61,0.65,True,0.8463541666666666,0.7265625,0.7265625,0.8552475661002793,0.7265625,0.7778432037629734,0.8584615384615385,0.8502120964893534
0.61,0.66,True,0.8372395833333334,0.72265625,0.72265625,0.8599747096602443,0.72265625,0.7767856885399352,0.8631415241057543,0.8547709326769323
0.61,0.67,True,0.828125,0.7174479166666666,0.7174479166666666,0.8632968492673134,0.7174479166666666,0.7744515469346019,0.8663522012578616,0.8576617826617827
0.61,0.68,True,0.8216145833333334,0.71484375,0.71484375,0.86678247979061,0.71484375,0.7739053136407675,0.8700475435816165,0.8613759182277033
0.61,0.69,True,0.8138020833333334,0.7109375,0.7109375,0.8716277443288938,0.7109375,0.7725886439634296,0.8736,0.8650671238793844
0.61,0.7,False,0.7994791666666666,0.7005208333333334,0.7005208333333334,0.8738956859386008,0.7005208333333334,0.7666550169873991,0.8762214983713354,0.8673460349066247
0.61,0.71,False,0.7877604166666666,0.69140625,0.69140625,0.8750589270197113,0.69140625,0.7606086579183802,0.8776859504132232,0.8678540044678923
0.61,0.72,False,0.7760416666666666,0.6809895833333334,0.6809895833333334,0.8744285035951703,0.6809895833333334,0.7527482623516271,0.87751677852349,0.8668741735361896
0.61,0.73,False,0.7708333333333334,0.6770833333333334,0.6770833333333334,0.8751521474526168,0.6770833333333334,0.7500121974741559,0.8783783783783784,0.8674793268647986
0.61,0.74,False,0.7565104166666666,0.6653645833333334,0.6653645833333334,0.8759983227887974,0.6653645833333334,0.7416264420113482,0.8795180722891566,0.8673690725499474
0.61,0.75,False,0.7434895833333334,0.6575520833333334,0.6575520833333334,0.8824803681746513,0.6575520833333334,0.7372617812064459,0.8844133099824869,0.8724673802030519
0.61,0.76,False,0.7252604166666666,0.64453125,0.64453125,0.8876090655660548,0.64453125,0.7287030866859178,0.8886894075403949,0.8764725244878692
0.61,0.77,False,0.7174479166666666,0.6380208333333334,0.6380208333333334,0.888251814155122,0.6380208333333334,0.7236684759378007,0.8892921960072595,0.8767800269637434
0.61,0.78,False,0.7109375,0.6341145833333334,0.6341145833333334,0.8917406411315603,0.6341145833333334,0.7212921589224791,0.891941391941392,0.8796671181062656
0.61,0.79,False,0.6966145833333334,0.6236979166666666,0.6236979166666666,0.8962801038568983,0.6236979166666666,0.7137541138975158,0.8953271028037383,0.8832031908277305
0.61,0.8,False,0.6875,0.62109375,0.62109375,0.907455676227606,0.62109375,0.714044106573339,0.9034090909090909,0.8930721463332385
0.61,0.81,False,0.6744791666666666,0.6106770833333334,0.6106770833333334,0.9106629003789587,0.6106770833333334,0.70544716637288,0.9054054054054054,0.894945518437365
0.61,0.82,False,0.6510416666666666,0.5963541666666666,0.5963541666666666,0.9265663767076197,0.5963541666666666,0.6953398847027351,0.916,0.9079414078847363
0.61,0.83,False,0.63671875,0.5846354166666666,0.5846354166666666,0.9310312819084748,0.5846354166666666,0.6847616583226369,0.918200408997955,0.9096718648473034
0.61,0.84,False,0.6276041666666666,0.5768229166666666,0.5768229166666666,0.9329781927141663,0.5768229166666666,0.6773247537671251,0.9190871369294605,0.9104454398407366
0.61,0.85,False,0.6041666666666666,0.5533854166666666,0.5533854166666666,0.930013133701077,0.5533854166666666,0.6529084706040318,0.915948275862069,0.9044297889965259
0.61,0.86,False,0.5859375,0.53515625,0.53515625,0.9275346053123831,0.53515625,0.6324222552087696,0.9133333333333333,0.8986959125917303
0.61,0.87,False,0.5690104166666666,0.5221354166666666,0.5221354166666666,0.93634709978796,0.5221354166666666,0.6188938311613635,0.9176201372997712,0.9029886556477447
0.61,0.88,False,0.5546875,0.5091145833333334,0.5091145833333334,0.9392817059483726,0.5091145833333334,0.6036583881419458,0.9178403755868545,0.9015721723038178
0.61,0.89,False,0.52734375,0.4817708333333333,0.4817708333333333,0.9348616185495618,0.4817708333333333,0.5672505352931615,0.9135802469135802,0.8863167032163743
0.61,0.9,False,0.4986979166666667,0.45703125,0.45703125,0.9459547907301692,0.45703125,0.5345458364399323,0.9164490861618799,0.8821314917398131
0.61,0.91,False,0.46484375,0.4231770833333333,0.4231770833333333,0.9312555869633495,0.4231770833333333,0.4814190161438227,0.9103641456582633,0.819180056367722
0.61,0.92,False,0.4466145833333333,0.4049479166666667,0.4049479166666667,0.8877269426289035,0.4049479166666667,0.4514695194298359,0.9067055393586005,0.7211348407956617
0.61,0.93,False,0.4309895833333333,0.390625,0.390625,0.6199352357822303,0.390625,0.42952985250666703,0.9063444108761329,0.6015208003009224
0.61,0.94,False,0.3984375,0.359375,0.359375,0.6216049382716049,0.359375,0.3853586124277306,0.9019607843137255,0.5795676925813913
0.61,0.95,False,0.3763020833333333,0.3372395833333333,0.3372395833333333,0.6133203378817415,0.3372395833333333,0.34908630026500753,0.8961937716262975,0.5366383996520984
0.62,0.5,True,0.9856770833333334,0.8059895833333334,0.8059895833333334,0.8183549163776024,0.8059895833333334,0.809552067483802,0.8177014531043593,0.8154861005086748
0.62,0.51,True,0.9778645833333334,0.8020833333333334,0.8020833333333334,0.8214167005833674,0.8020833333333334,0.8085815230093666,0.8202396804260985,0.8175921743155593
0.62,0.52,True,0.9635416666666666,0.7955729166666666,0.7955729166666666,0.8259352083913488,0.7955729166666666,0.8072545898575849,0.8256756756756757,0.8223178286915337
0.62,0.53,True,0.9557291666666666,0.7942708333333334,0.7942708333333334,0.8308277078392021,0.7942708333333334,0.8089721564629203,0.8310626702997275,0.8274885053600364
0.62,0.54,True,0.9440104166666666,0.78515625,0.78515625,0.8307661583151779,0.78515625,0.8040051145277295,0.8317241379310345,0.8275376739978159
0.62,0.55,True,0.9322916666666666,0.77734375,0.77734375,0.8324714437596245,0.77734375,0.8001763900793,0.8337988826815642,0.8289557008027293
0.62,0.56,True,0.9205729166666666,0.7682291666666666,0.7682291666666666,0.8328605368659853,0.7682291666666666,0.7950738421994998,0.8345120226308345,0.8290378288308194
0.62,0.57,True,0.9127604166666666,0.765625,0.765625,0.8369319674284214,0.765625,0.7951921838859212,0.8388017118402282,0.8330083615926324
0.62,0.58,True,0.9036458333333334,0.7630208333333334,0.7630208333333334,0.8422102716384446,0.7630208333333334,0.7958230555731913,0.8443804034582133,0.8383445670594739
0.62,0.59,True,0.89453125,0.7565104166666666,0.7565104166666666,0.8429988713676657,0.7565104166666666,0.7922302470565284,0.8457059679767104,0.8391782388399628
0.62,0.6,True,0.8828125,0.7473958333333334,0.7473958333333334,0.843205528516263,0.7473958333333334,0.7865687248925588,0.8466076696165191,0.8392802485854197
0.62,0.61,True,0.8763020833333334,0.7434895833333334,0.7434895833333334,0.8450879326797095,0.7434895833333334,0.785052727825638,0.8484398216939079,0.841022806550172
0.62,0.62,True,0.8684895833333334,0.73828125,0.73828125,0.8462826467516947,0.73828125,0.7823284464439891,0.8500749625187406,0.8423247422151249
0.62,0.63,True,0.8606770833333334,0.7330729166666666,0.7330729166666666,0.8479450088295793,0.7330729166666666,0.7797276870795374,0.8517397881996974,0.8437622613863244
0.62,0.64,True,0.85546875,0.7291666666666666,0.7291666666666666,0.8482519614959041,0.7291666666666666,0.7771401823471845,0.852359208523592,0.8439661692248827
0.62,0.65,True,0.8463541666666666,0.7265625,0.7265625,0.8552475661002793,0.7265625,0.7778432037629734,0.8584615384615385,0.8502120964893534
0.62,0.66,True,0.8372395833333334,0.72265625,0.72265625,0.8599747096602443,0.72265625,0.7767856885399352,0.8631415241057543,0.8547709326769323
0.62,0.67,True,0.828125,0.7174479166666666,0.7174479166666666,0.8632968492673134,0.7174479166666666,0.7744515469346019,0.8663522012578616,0.8576617826617827
0.62,0.68,True,0.8216145833333334,0.71484375,0.71484375,0.86678247979061,0.71484375,0.7739053136407675,0.8700475435816165,0.8613759182277033
0.62,0.69,True,0.8138020833333334,0.7109375,0.7109375,0.8716277443288938,0.7109375,0.7725886439634296,0.8736,0.8650671238793844
0.62,0.7,False,0.7994791666666666,0.7005208333333334,0.7005208333333334,0.8738956859386008,0.7005208333333334,0.7666550169873991,0.8762214983713354,0.8673460349066247
0.62,0.71,False,0.7877604166666666,0.69140625,0.69140625,0.8750589270197113,0.69140625,0.7606086579183802,0.8776859504132232,0.8678540044678923
0.62,0.72,False,0.7760416666666666,0.6809895833333334,0.6809895833333334,0.8744285035951703,0.6809895833333334,0.7527482623516271,0.87751677852349,0.8668741735361896
0.62,0.73,False,0.7708333333333334,0.6770833333333334,0.6770833333333334,0.8751521474526168,0.6770833333333334,0.7500121974741559,0.8783783783783784,0.8674793268647986
0.62,0.74,False,0.7565104166666666,0.6653645833333334,0.6653645833333334,0.8759983227887974,0.6653645833333334,0.7416264420113482,0.8795180722891566,0.8673690725499474
0.62,0.75,False,0.7434895833333334,0.6575520833333334,0.6575520833333334,0.8824803681746513,0.6575520833333334,0.7372617812064459,0.8844133099824869,0.8724673802030519
0.62,0.76,False,0.7252604166666666,0.64453125,0.64453125,0.8876090655660548,0.64453125,0.7287030866859178,0.8886894075403949,0.8764725244878692
0.62,0.77,False,0.7174479166666666,0.6380208333333334,0.6380208333333334,0.888251814155122,0.6380208333333334,0.7236684759378007,0.8892921960072595,0.8767800269637434
0.62,0.78,False,0.7109375,0.6341145833333334,0.6341145833333334,0.8917406411315603,0.6341145833333334,0.7212921589224791,0.891941391941392,0.8796671181062656
0.62,0.79,False,0.6966145833333334,0.6236979166666666,0.6236979166666666,0.8962801038568983,0.6236979166666666,0.7137541138975158,0.8953271028037383,0.8832031908277305
0.62,0.8,False,0.6875,0.62109375,0.62109375,0.907455676227606,0.62109375,0.714044106573339,0.9034090909090909,0.8930721463332385
0.62,0.81,False,0.6744791666666666,0.6106770833333334,0.6106770833333334,0.9106629003789587,0.6106770833333334,0.70544716637288,0.9054054054054054,0.894945518437365
0.62,0.82,False,0.6510416666666666,0.5963541666666666,0.5963541666666666,0.9265663767076197,0.5963541666666666,0.6953398847027351,0.916,0.9079414078847363
0.62,0.83,False,0.63671875,0.5846354166666666,0.5846354166666666,0.9310312819084748,0.5846354166666666,0.6847616583226369,0.918200408997955,0.9096718648473034
0.62,0.84,False,0.6276041666666666,0.5768229166666666,0.5768229166666666,0.9329781927141663,0.5768229166666666,0.6773247537671251,0.9190871369294605,0.9104454398407366
0.62,0.85,False,0.6041666666666666,0.5533854166666666,0.5533854166666666,0.930013133701077,0.5533854166666666,0.6529084706040318,0.915948275862069,0.9044297889965259
0.62,0.86,False,0.5859375,0.53515625,0.53515625,0.9275346053123831,0.53515625,0.6324222552087696,0.9133333333333333,0.8986959125917303
0.62,0.87,False,0.5690104166666666,0.5221354166666666,0.5221354166666666,0.93634709978796,0.5221354166666666,0.6188938311613635,0.9176201372997712,0.9029886556477447
0.62,0.88,False,0.5546875,0.5091145833333334,0.5091145833333334,0.9392817059483726,0.5091145833333334,0.6036583881419458,0.9178403755868545,0.9015721723038178
0.62,0.89,False,0.52734375,0.4817708333333333,0.4817708333333333,0.9348616185495618,0.4817708333333333,0.5672505352931615,0.9135802469135802,0.8863167032163743
0.62,0.9,False,0.4986979166666667,0.45703125,0.45703125,0.9459547907301692,0.45703125,0.5345458364399323,0.9164490861618799,0.8821314917398131
0.62,0.91,False,0.46484375,0.4231770833333333,0.4231770833333333,0.9312555869633495,0.4231770833333333,0.4814190161438227,0.9103641456582633,0.819180056367722
0.62,0.92,False,0.4466145833333333,0.4049479166666667,0.4049479166666667,0.8877269426289035,0.4049479166666667,0.4514695194298359,0.9067055393586005,0.7211348407956617
0.62,0.93,False,0.4309895833333333,0.390625,0.390625,0.6199352357822303,0.390625,0.42952985250666703,0.9063444108761329,0.6015208003009224
0.62,0.94,False,0.3984375,0.359375,0.359375,0.6216049382716049,0.359375,0.3853586124277306,0.9019607843137255,0.5795676925813913
0.62,0.95,False,0.3763020833333333,0.3372395833333333,0.3372395833333333,0.6133203378817415,0.3372395833333333,0.34908630026500753,0.8961937716262975,0.5366383996520984
0.63,0.5,True,0.9856770833333334,0.8059895833333334,0.8059895833333334,0.8183549163776024,0.8059895833333334,0.809552067483802,0.8177014531043593,0.8154861005086748
0.63,0.51,True,0.9778645833333334,0.8020833333333334,0.8020833333333334,0.8214167005833674,0.8020833333333334,0.8085815230093666,0.8202396804260985,0.8175921743155593
0.63,0.52,True,0.9635416666666666,0.7955729166666666,0.7955729166666666,0.8259352083913488,0.7955729166666666,0.8072545898575849,0.8256756756756757,0.8223178286915337
0.63,0.53,True,0.9557291666666666,0.7942708333333334,0.7942708333333334,0.8308277078392021,0.7942708333333334,0.8089721564629203,0.8310626702997275,0.8274885053600364
0.63,0.54,True,0.9440104166666666,0.78515625,0.78515625,0.8307661583151779,0.78515625,0.8040051145277295,0.8317241379310345,0.8275376739978159
0.63,0.55,True,0.9322916666666666,0.77734375,0.77734375,0.8324714437596245,0.77734375,0.8001763900793,0.8337988826815642,0.8289557008027293
0.63,0.56,True,0.9205729166666666,0.7682291666666666,0.7682291666666666,0.8328605368659853,0.7682291666666666,0.7950738421994998,0.8345120226308345,0.8290378288308194
0.63,0.57,True,0.9127604166666666,0.765625,0.765625,0.8369319674284214,0.765625,0.7951921838859212,0.8388017118402282,0.8330083615926324
0.63,0.58,True,0.9036458333333334,0.7630208333333334,0.7630208333333334,0.8422102716384446,0.7630208333333334,0.7958230555731913,0.8443804034582133,0.8383445670594739
0.63,0.59,True,0.89453125,0.7565104166666666,0.7565104166666666,0.8429988713676657,0.7565104166666666,0.7922302470565284,0.8457059679767104,0.8391782388399628
0.63,0.6,True,0.8828125,0.7473958333333334,0.7473958333333334,0.843205528516263,0.7473958333333334,0.7865687248925588,0.8466076696165191,0.8392802485854197
0.63,0.61,True,0.8763020833333334,0.7434895833333334,0.7434895833333334,0.8450879326797095,0.7434895833333334,0.785052727825638,0.8484398216939079,0.841022806550172
0.63,0.62,True,0.8684895833333334,0.73828125,0.73828125,0.8462826467516947,0.73828125,0.7823284464439891,0.8500749625187406,0.8423247422151249
0.63,0.63,True,0.8606770833333334,0.7330729166666666,0.7330729166666666,0.8479450088295793,0.7330729166666666,0.7797276870795374,0.8517397881996974,0.8437622613863244
0.63,0.64,True,0.85546875,0.7291666666666666,0.7291666666666666,0.8482519614959041,0.7291666666666666,0.7771401823471845,0.852359208523592,0.8439661692248827
0.63,0.65,True,0.8463541666666666,0.7265625,0.7265625,0.8552475661002793,0.7265625,0.7778432037629734,0.8584615384615385,0.8502120964893534
0.63,0.66,True,0.8372395833333334,0.72265625,0.72265625,0.8599747096602443,0.72265625,0.7767856885399352,0.8631415241057543,0.8547709326769323
0.63,0.67,True,0.828125,0.7174479166666666,0.7174479166666666,0.8632968492673134,0.7174479166666666,0.7744515469346019,0.8663522012578616,0.8576617826617827
0.63,0.68,True,0.8216145833333334,0.71484375,0.71484375,0.86678247979061,0.71484375,0.7739053136407675,0.8700475435816165,0.8613759182277033
0.63,0.69,True,0.8138020833333334,0.7109375,0.7109375,0.8716277443288938,0.7109375,0.7725886439634296,0.8736,0.8650671238793844
0.63,0.7,False,0.7994791666666666,0.7005208333333334,0.7005208333333334,0.8738956859386008,0.7005208333333334,0.7666550169873991,0.8762214983713354,0.8673460349066247
0.63,0.71,False,0.7877604166666666,0.69140625,0.69140625,0.8750589270197113,0.69140625,0.7606086579183802,0.8776859504132232,0.8678540044678923
0.63,0.72,False,0.7760416666666666,0.6809895833333334,0.6809895833333334,0.8744285035951703,0.6809895833333334,0.7527482623516271,0.87751677852349,0.8668741735361896
0.63,0.73,False,0.7708333333333334,0.6770833333333334,0.6770833333333334,0.8751521474526168,0.6770833333333334,0.7500121974741559,0.8783783783783784,0.8674793268647986
0.63,0.74,False,0.7565104166666666,0.6653645833333334,0.6653645833333334,0.8759983227887974,0.6653645833333334,0.7416264420113482,0.8795180722891566,0.8673690725499474
0.63,0.75,False,0.7434895833333334,0.6575520833333334,0.6575520833333334,0.8824803681746513,0.6575520833333334,0.7372617812064459,0.8844133099824869,0.8724673802030519
0.63,0.76,False,0.7252604166666666,0.64453125,0.64453125,0.8876090655660548,0.64453125,0.7287030866859178,0.8886894075403949,0.8764725244878692
0.63,0.77,False,0.7174479166666666,0.6380208333333334,0.6380208333333334,0.888251814155122,0.6380208333333334,0.7236684759378007,0.8892921960072595,0.8767800269637434
0.63,0.78,False,0.7109375,0.6341145833333334,0.6341145833333334,0.8917406411315603,0.6341145833333334,0.7212921589224791,0.891941391941392,0.8796671181062656
0.63,0.79,False,0.6966145833333334,0.6236979166666666,0.6236979166666666,0.8962801038568983,0.6236979166666666,0.7137541138975158,0.8953271028037383,0.8832031908277305
0.63,0.8,False,0.6875,0.62109375,0.62109375,0.907455676227606,0.62109375,0.714044106573339,0.9034090909090909,0.8930721463332385
0.63,0.81,False,0.6744791666666666,0.6106770833333334,0.6106770833333334,0.9106629003789587,0.6106770833333334,0.70544716637288,0.9054054054054054,0.894945518437365
0.63,0.82,False,0.6510416666666666,0.5963541666666666,0.5963541666666666,0.9265663767076197,0.5963541666666666,0.6953398847027351,0.916,0.9079414078847363
0.63,0.83,False,0.63671875,0.5846354166666666,0.5846354166666666,0.9310312819084748,0.5846354166666666,0.6847616583226369,0.918200408997955,0.9096718648473034
0.63,0.84,False,0.6276041666666666,0.5768229166666666,0.5768229166666666,0.9329781927141663,0.5768229166666666,0.6773247537671251,0.9190871369294605,0.9104454398407366
0.63,0.85,False,0.6041666666666666,0.5533854166666666,0.5533854166666666,0.930013133701077,0.5533854166666666,0.6529084706040318,0.915948275862069,0.9044297889965259
0.63,0.86,False,0.5859375,0.53515625,0.53515625,0.9275346053123831,0.53515625,0.6324222552087696,0.9133333333333333,0.8986959125917303
0.63,0.87,False,0.5690104166666666,0.5221354166666666,0.5221354166666666,0.93634709978796,0.5221354166666666,0.6188938311613635,0.9176201372997712,0.9029886556477447
0.63,0.88,False,0.5546875,0.5091145833333334,0.5091145833333334,0.9392817059483726,0.5091145833333334,0.6036583881419458,0.9178403755868545,0.9015721723038178
0.63,0.89,False,0.52734375,0.4817708333333333,0.4817708333333333,0.9348616185495618,0.4817708333333333,0.5672505352931615,0.9135802469135802,0.8863167032163743
0.63,0.9,False,0.4986979166666667,0.45703125,0.45703125,0.9459547907301692,0.45703125,0.5345458364399323,0.9164490861618799,0.8821314917398131
0.63,0.91,False,0.46484375,0.4231770833333333,0.4231770833333333,0.9312555869633495,0.4231770833333333,0.4814190161438227,0.9103641456582633,0.819180056367722
0.63,0.92,False,0.4466145833333333,0.4049479166666667,0.4049479166666667,0.8877269426289035,0.4049479166666667,0.4514695194298359,0.9067055393586005,0.7211348407956617
0.63,0.93,False,0.4309895833333333,0.390625,0.390625,0.6199352357822303,0.390625,0.42952985250666703,0.9063444108761329,0.6015208003009224
0.63,0.94,False,0.3984375,0.359375,0.359375,0.6216049382716049,0.359375,0.3853586124277306,0.9019607843137255,0.5795676925813913
0.63,0.95,False,0.3763020833333333,0.3372395833333333,0.3372395833333333,0.6133203378817415,0.3372395833333333,0.34908630026500753,0.8961937716262975,0.5366383996520984
0.64,0.5,True,0.9817708333333334,0.8046875,0.8046875,0.8204495203448655,0.8046875,0.8100294731113724,0.8196286472148541,0.8176596444841246
0.64,0.51,True,0.9739583333333334,0.80078125,0.80078125,0.8235113045506304,0.80078125,0.8090589286369368,0.8221925133689839,0.8197864055395816
0.64,0.52,True,0.9596354166666666,0.7942708333333334,0.7942708333333334,0.8280298123586118,0.7942708333333334,0.8077319954851552,0.8276797829036635,0.8245522308022307
0.64,0.53,True,0.9518229166666666,0.79296875,0.79296875,0.8329223118064651,0.79296875,0.8094495620904908,0.8331053351573188,0.8297490700161035
0.64,0.54,True,0.9401041666666666,0.7838541666666666,0.7838541666666666,0.832860762282441,0.7838541666666666,0.8044825201552998,0.8337950138504155,0.829820569959781
0.64,0.55,True,0.9283854166666666,0.7760416666666666,0.7760416666666666,0.8345660477268875,0.7760416666666666,0.8006537957068702,0.8359046283309958,0.8312716697962599
0.64,0.56,True,0.9166666666666666,0.7669270833333334,0.7669270833333334,0.8349551408332484,0.7669270833333334,0.7955512478270702,0.8366477272727273,0.8313783116155461
0.64,0.57,True,0.9088541666666666,0.7643229166666666,0.7643229166666666,0.8390265713956845,0.7643229166666666,0.7956695895134915,0.8409742120343839,0.8353828456231426
0.64,0.58,True,0.8997395833333334,0.76171875,0.76171875,0.8443048756057078,0.76171875,0.7963004612007616,0.8465991316931982,0.84076073533044
0.64,0.59,True,0.890625,0.7552083333333334,0.7552083333333334,0.8450934753349287,0.7552083333333334,0.7927076526840987,0.847953216374269,0.8416228135476654
0.64,0.6,True,0.87890625,0.74609375,0.74609375,0.845300132483526,0.74609375,0.7870461305201291,0.8488888888888889,0.8417651067215758
0.64,0.61,True,0.8723958333333334,0.7421875,0.7421875,0.8471825366469726,0.7421875,0.7855301334532082,0.8507462686567164,0.8435225140962546
0.64,0.62,True,0.8645833333333334,0.7369791666666666,0.7369791666666666,0.8483772507189579,0.7369791666666666,0.7828058520715594,0.8524096385542169,0.8448508710832702
0.64,0.63,True,0.8567708333333334,0.7317708333333334,0.7317708333333334,0.8500396127968424,0.7317708333333334,0.7802050927071077,0.8541033434650456,0.8463098896701244
0.64,0.64,True,0.8515625,0.7278645833333334,0.7278645833333334,0.8503465654631673,0.7278645833333334,0.7776175879747548,0.8547400611620795,0.846539892968897
0.64,0.65,True,0.8424479166666666,0.7252604166666666,0.7252604166666666,0.8573421700675423,0.7252604166666666,0.7783206093905436,0.8608964451313755,0.8528345088233472
0.64,0.66,True,0.8333333333333334,0.7213541666666666,0.7213541666666666,0.8620693136275074,0.7213541666666666,0.7772630941675055,0.865625,0.8574497583258535
0.64,0.67,True,0.82421875,0.7161458333333334,0.7161458333333334,0.8653914532345764,0.7161458333333334,0.7749289525621723,0.8688783570300158,0.8603807590543422
0.64,0.68,True,0.8177083333333334,0.7135416666666666,0.7135416666666666,0.868877083757873,0.7135416666666666,0.7743827192683378,0.8726114649681529,0.8641398118964991
0.64,0.69,True,0.8098958333333334,0.7096354166666666,0.7096354166666666,0.8737223482961568,0.7096354166666666,0.7730660495909999,0.8762057877813505,0.867870051685121
0.64,0.7,False,0.7955729166666666,0.69921875,0.69921875,0.8759902899058639,0.69921875,0.7671324226149694,0.8788870703764321,0.870185521013309
0.64,0.71,False,0.7838541666666666,0.6901041666666666,0.6901041666666666,0.8771535309869746,0.6901041666666666,0.7610860635459504,0.8803986710963455,0.8707332710596146
0.64,0.72,False,0.7721354166666666,0.6796875,0.6796875,0.8765231075624333,0.6796875,0.7532256679791973,0.8802698145025295,0.8698012238397856
0.64,0.73,False,0.7669270833333334,0.67578125,0.67578125,0.8772467514198801,0.67578125,0.7504896031017262,0.8811544991511036,0.8704373700355325
0.64,0.74,False,0.7526041666666666,0.6640625,0.6640625,0.8780929267560605,0.6640625,0.7421038476389185,0.8823529411764706,0.8703702677081543
0.64,0.75,False,0.7395833333333334,0.65625,0.65625,0.8845749721419144,0.65625,0.7377391868340162,0.8873239436619719,0.875541846264992
0.64,0.76,False,0.7213541666666666,0.6432291666666666,0.6432291666666666,0.8897036695333179,0.6432291666666666,0.729180492313488,0.8916967509025271,0.8796067724288624
0.64,0.77,False,0.7135416666666666,0.63671875,0.63671875,0.8903464181223852,0.63671875,0.724145881565371,0.8923357664233577,0.8799402322873985
0.64,0.78,False,0.70703125,0.6328125,0.6328125,0.8938352450988235,0.6328125,0.7217695645500494,0.8950276243093923,0.8828689370485036
0.64,0.79,False,0.6927083333333334,0.6223958333333334,0.6223958333333334,0.8983747078241614,0.6223958333333334,0.714231519525086,0.8984962406015038,0.8864509842285573
0.64,0.8,False,0.68359375,0.6197916666666666,0.6197916666666666,0.9095502801948693,0.6197916666666666,0.7145215122009093,0.9066666666666666,0.896400062001085
0.64,0.81,False,0.6705729166666666,0.609375,0.609375,0.9127575043462217,0.609375,0.7059245720004502,0.9087378640776699,0.8983360194187148
0.64,0.82,False,0.6471354166666666,0.5950520833333334,0.5950520833333334,0.9286609806748828,0.5950520833333334,0.6958172903303055,0.9195171026156942,0.911492221207313
0.64,0.83,False,0.6328125,0.5833333333333334,0.5833333333333334,0.9331258858757381,0.5833333333333334,0.6852390639502074,0.9218106995884774,0.913320993972791
0.64,0.84,False,0.6236979166666666,0.5755208333333334,0.5755208333333334,0.9350727966814295,0.5755208333333334,0.6778021593946953,0.9227557411273486,0.9141537473570885
0.64,0.85,False,0.6002604166666666,0.5520833333333334,0.5520833333333334,0.9321077376683401,0.5520833333333334,0.653385876231602,0.9197396963123644,0.9083699699498157
0.64,0.86,False,0.58203125,0.5338541666666666,0.5338541666666666,0.9296292092796463,0.5338541666666666,0.6328996608363399,0.9172259507829977,0.9026592311283655
0.64,0.87,False,0.5651041666666666,0.5208333333333334,0.5208333333333334,0.9384417037552231,0.5208333333333334,0.6193712367889338,0.9216589861751152,0.9071139430708589
0.64,0.88,False,0.55078125,0.5078125,0.5078125,0.9413763099156358,0.5078125,0.6041357937695161,0.9219858156028369,0.9058091839547453
0.64,0.89,False,0.5234375,0.48046875,0.48046875,0.936956222516825,0.48046875,0.5677279409207318,0.917910447761194,0.8906107481245695
0.64,0.9,False,0.4947916666666667,0.4557291666666667,0.4557291666666667,0.9480493946974323,0.4557291666666667,0.5350232420675025,0.9210526315789473,0.8867604999667439
0.64,0.91,False,0.4609375,0.421875,0.421875,0.9333501909306127,0.421875,0.48189642177139297,0.9152542372881356,0.8240366640778278
0.64,0.92,False,0.4427083333333333,0.4036458333333333,0.4036458333333333,0.8898215465961665,0.4036458333333333,0.45194692505740613,0.9117647058823529,0.7262046723295859
0.64,0.93,False,0.4270833333333333,0.3893229166666667,0.3893229166666667,0.6220298397494934,0.3893229166666667,0.4300072581342373,0.9115853658536586,0.6069398787347505
0.64,0.94,False,0.39453125,0.3580729166666667,0.3580729166666667,0.6236995422388681,0.3580729166666667,0.3858360180553009,0.9075907590759076,0.5868996835007568
0.64,0.95,False,0.3723958333333333,0.3359375,0.3359375,0.6154149418490045,0.3359375,0.3495637058925778,0.9020979020979021,0.5463510848126233
0.65,0.5,True,0.9817708333333334,0.8046875,0.8046875,0.8204495203448655,0.8046875,0.8100294731113724,0.8196286472148541,0.8176596444841246
0.65,0.51,True,0.9739583333333334,0.80078125,0.80078125,0.8235113045506304,0.80078125,0.8090589286369368,0.8221925133689839,0.8197864055395816
0.65,0.52,True,0.9596354166666666,0.7942708333333334,0.7942708333333334,0.8280298123586118,0.7942708333333334,0.8077319954851552,0.8276797829036635,0.8245522308022307
0.65,0.53,True,0.9518229166666666,0.79296875,0.79296875,0.8329223118064651,0.79296875,0.8094495620904908,0.8331053351573188,0.8297490700161035
0.65,0.54,True,0.9401041666666666,0.7838541666666666,0.7838541666666666,0.832860762282441,0.7838541666666666,0.8044825201552998,0.8337950138504155,0.829820569959781
0.65,0.55,True,0.9283854166666666,0.7760416666666666,0.7760416666666666,0.8345660477268875,0.7760416666666666,0.8006537957068702,0.8359046283309958,0.8312716697962599
0.65,0.56,True,0.9166666666666666,0.7669270833333334,0.7669270833333334,0.8349551408332484,0.7669270833333334,0.7955512478270702,0.8366477272727273,0.8313783116155461
0.65,0.57,True,0.9088541666666666,0.7643229166666666,0.7643229166666666,0.8390265713956845,0.7643229166666666,0.7956695895134915,0.8409742120343839,0.8353828456231426
0.65,0.58,True,0.8997395833333334,0.76171875,0.76171875,0.8443048756057078,0.76171875,0.7963004612007616,0.8465991316931982,0.84076073533044
0.65,0.59,True,0.890625,0.7552083333333334,0.7552083333333334,0.8450934753349287,0.7552083333333334,0.7927076526840987,0.847953216374269,0.8416228135476654
0.65,0.6,True,0.87890625,0.74609375,0.74609375,0.845300132483526,0.74609375,0.7870461305201291,0.8488888888888889,0.8417651067215758
0.65,0.61,True,0.8723958333333334,0.7421875,0.7421875,0.8471825366469726,0.7421875,0.7855301334532082,0.8507462686567164,0.8435225140962546
0.65,0.62,True,0.8645833333333334,0.7369791666666666,0.7369791666666666,0.8483772507189579,0.7369791666666666,0.7828058520715594,0.8524096385542169,0.8448508710832702
0.65,0.63,True,0.8567708333333334,0.7317708333333334,0.7317708333333334,0.8500396127968424,0.7317708333333334,0.7802050927071077,0.8541033434650456,0.8463098896701244
0.65,0.64,True,0.8515625,0.7278645833333334,0.7278645833333334,0.8503465654631673,0.7278645833333334,0.7776175879747548,0.8547400611620795,0.846539892968897
0.65,0.65,True,0.8424479166666666,0.7252604166666666,0.7252604166666666,0.8573421700675423,0.7252604166666666,0.7783206093905436,0.8608964451313755,0.8528345088233472
0.65,0.66,True,0.8333333333333334,0.7213541666666666,0.7213541666666666,0.8620693136275074,0.7213541666666666,0.7772630941675055,0.865625,0.8574497583258535
0.65,0.67,True,0.82421875,0.7161458333333334,0.7161458333333334,0.8653914532345764,0.7161458333333334,0.7749289525621723,0.8688783570300158,0.8603807590543422
0.65,0.68,True,0.8177083333333334,0.7135416666666666,0.7135416666666666,0.868877083757873,0.7135416666666666,0.7743827192683378,0.8726114649681529,0.8641398118964991
0.65,0.69,True,0.8098958333333334,0.7096354166666666,0.7096354166666666,0.8737223482961568,0.7096354166666666,0.7730660495909999,0.8762057877813505,0.867870051685121
0.65,0.7,False,0.7955729166666666,0.69921875,0.69921875,0.8759902899058639,0.69921875,0.7671324226149694,0.8788870703764321,0.870185521013309
0.65,0.71,False,0.7838541666666666,0.6901041666666666,0.6901041666666666,0.8771535309869746,0.6901041666666666,0.7610860635459504,0.8803986710963455,0.8707332710596146
0.65,0.72,False,0.7721354166666666,0.6796875,0.6796875,0.8765231075624333,0.6796875,0.7532256679791973,0.8802698145025295,0.8698012238397856
0.65,0.73,False,0.7669270833333334,0.67578125,0.67578125,0.8772467514198801,0.67578125,0.7504896031017262,0.8811544991511036,0.8704373700355325
0.65,0.74,False,0.7526041666666666,0.6640625,0.6640625,0.8780929267560605,0.6640625,0.7421038476389185,0.8823529411764706,0.8703702677081543
0.65,0.75,False,0.7395833333333334,0.65625,0.65625,0.8845749721419144,0.65625,0.7377391868340162,0.8873239436619719,0.875541846264992
0.65,0.76,False,0.7213541666666666,0.6432291666666666,0.6432291666666666,0.8897036695333179,0.6432291666666666,0.729180492313488,0.8916967509025271,0.8796067724288624
0.65,0.77,False,0.7135416666666666,0.63671875,0.63671875,0.8903464181223852,0.63671875,0.724145881565371,0.8923357664233577,0.8799402322873985
0.65,0.78,False,0.70703125,0.6328125,0.6328125,0.8938352450988235,0.6328125,0.7217695645500494,0.8950276243093923,0.8828689370485036
0.65,0.79,False,0.6927083333333334,0.6223958333333334,0.6223958333333334,0.8983747078241614,0.6223958333333334,0.714231519525086,0.8984962406015038,0.8864509842285573
0.65,0.8,False,0.68359375,0.6197916666666666,0.6197916666666666,0.9095502801948693,0.6197916666666666,0.7145215122009093,0.9066666666666666,0.896400062001085
0.65,0.81,False,0.6705729166666666,0.609375,0.609375,0.9127575043462217,0.609375,0.7059245720004502,0.9087378640776699,0.8983360194187148
0.65,0.82,False,0.6471354166666666,0.5950520833333334,0.5950520833333334,0.9286609806748828,0.5950520833333334,0.6958172903303055,0.9195171026156942,0.911492221207313
0.65,0.83,False,0.6328125,0.5833333333333334,0.5833333333333334,0.9331258858757381,0.5833333333333334,0.6852390639502074,0.9218106995884774,0.913320993972791
0.65,0.84,False,0.6236979166666666,0.5755208333333334,0.5755208333333334,0.9350727966814295,0.5755208333333334,0.6778021593946953,0.9227557411273486,0.9141537473570885
0.65,0.85,False,0.6002604166666666,0.5520833333333334,0.5520833333333334,0.9321077376683401,0.5520833333333334,0.653385876231602,0.9197396963123644,0.9083699699498157
0.65,0.86,False,0.58203125,0.5338541666666666,0.5338541666666666,0.9296292092796463,0.5338541666666666,0.6328996608363399,0.9172259507829977,0.9026592311283655
0.65,0.87,False,0.5651041666666666,0.5208333333333334,0.5208333333333334,0.9384417037552231,0.5208333333333334,0.6193712367889338,0.9216589861751152,0.9071139430708589
0.65,0.88,False,0.55078125,0.5078125,0.5078125,0.9413763099156358,0.5078125,0.6041357937695161,0.9219858156028369,0.9058091839547453
0.65,0.89,False,0.5234375,0.48046875,0.48046875,0.936956222516825,0.48046875,0.5677279409207318,0.917910447761194,0.8906107481245695
0.65,0.9,False,0.4947916666666667,0.4557291666666667,0.4557291666666667,0.9480493946974323,0.4557291666666667,0.5350232420675025,0.9210526315789473,0.8867604999667439
0.65,0.91,False,0.4609375,0.421875,0.421875,0.9333501909306127,0.421875,0.48189642177139297,0.9152542372881356,0.8240366640778278
0.65,0.92,False,0.4427083333333333,0.4036458333333333,0.4036458333333333,0.8898215465961665,0.4036458333333333,0.45194692505740613,0.9117647058823529,0.7262046723295859
0.65,0.93,False,0.4270833333333333,0.3893229166666667,0.3893229166666667,0.6220298397494934,0.3893229166666667,0.4300072581342373,0.9115853658536586,0.6069398787347505
0.65,0.94,False,0.39453125,0.3580729166666667,0.3580729166666667,0.6236995422388681,0.3580729166666667,0.3858360180553009,0.9075907590759076,0.5868996835007568
0.65,0.95,False,0.3723958333333333,0.3359375,0.3359375,0.6154149418490045,0.3359375,0.3495637058925778,0.9020979020979021,0.5463510848126233
0.66,0.5,True,0.9791666666666666,0.8033854166666666,0.8033854166666666,0.821227409440901,0.8033854166666666,0.8098210970943974,0.8204787234042553,0.8186526608381869
0.66,0.51,True,0.9713541666666666,0.7994791666666666,0.7994791666666666,0.8242913562186008,0.7994791666666666,0.8088499941948218,0.8230563002680965,0.8207863771448697
0.66,0.52,True,0.95703125,0.79296875,0.79296875,0.8288488516889708,0.79296875,0.8075311885537291,0.8285714285714286,0.8255666568474123
0.66,0.53,True,0.94921875,0.7916666666666666,0.7916666666666666,0.8337730932104798,0.7916666666666666,0.8092557941528805,0.8340192043895748,0.8307751170048535
0.66,0.54,True,0.9375,0.7825520833333334,0.7825520833333334,0.8337375920115249,0.7825520833333334,0.8042902783214515,0.8347222222222223,0.8308570064586599
0.66,0.55,True,0.92578125,0.7747395833333334,0.7747395833333334,0.8354645588329799,0.7747395833333334,0.8004642665117306,0.8368495077355836,0.8323178729570149
0.66,0.56,True,0.9140625,0.765625,0.765625,0.8358737157028697,0.765625,0.7953611663761372,0.8376068376068376,0.8324357330402394
0.66,0.57,True,0.9075520833333334,0.7630208333333334,0.7630208333333334,0.8388998500980583,0.7630208333333334,0.7949785180107894,0.8407460545193687,0.835290202605484
0.66,0.58,True,0.8984375,0.7604166666666666,0.7604166666666666,0.8441781543080816,0.7604166666666666,0.7956093896980597,0.8463768115942029,0.8406680923127815
0.66,0.59,True,0.8893229166666666,0.75390625,0.75390625,0.8449667540373028,0.75390625,0.7920165811813966,0.8477306002928258,0.841530170530007
0.66,0.6,True,0.8776041666666666,0.7447916666666666,0.7447916666666666,0.8451734111859001,0.7447916666666666,0.786355059017427,0.8486646884272997,0.8416724637039174
0.66,0.61,True,0.87109375,0.7408854166666666,0.7408854166666666,0.8470558153493465,0.7408854166666666,0.7848390619505062,0.8505231689088192,0.843429871078596
0.66,0.62,True,0.86328125,0.7356770833333334,0.7356770833333334,0.8482505294213318,0.7356770833333334,0.7821147805688574,0.8521870286576169,0.8447582280656117
0.66,0.63,True,0.85546875,0.73046875,0.73046875,0.8499128914992164,0.73046875,0.7795140212044056,0.8538812785388128,0.8462172466524659
0.66,0.64,True,0.8502604166666666,0.7265625,0.7265625,0.8502198441655411,0.7265625,0.7769265164720528,0.8545176110260337,0.8464472499512384
0.66,0.65,True,0.8411458333333334,0.7239583333333334,0.7239583333333334,0.8572154487699164,0.7239583333333334,0.7776295378878416,0.8606811145510835,0.8527418658056888
0.66,0.66,True,0.83203125,0.7200520833333334,0.7200520833333334,0.8619425923298812,0.7200520833333334,0.7765720226648035,0.865414710485133,0.8573571153081949
0.66,0.67,True,0.8229166666666666,0.71484375,0.71484375,0.8652647319369505,0.71484375,0.7742378810594702,0.8686708860759493,0.860290269505885
0.66,0.68,True,0.81640625,0.7122395833333334,0.7122395833333334,0.868750362460247,0.7122395833333334,0.7736916477656357,0.8724082934609251,0.8640493223480421
0.66,0.69,True,0.80859375,0.7083333333333334,0.7083333333333334,0.8735956269985308,0.7083333333333334,0.7723749780882979,0.8760064412238325,0.8677795621366639
0.66,0.7,False,0.7942708333333334,0.6979166666666666,0.6979166666666666,0.8758635686082378,0.6979166666666666,0.7664413511122673,0.8786885245901639,0.870097202410257
0.66,0.71,False,0.7825520833333334,0.6888020833333334,0.6888020833333334,0.8770268096893483,0.6888020833333334,0.7603949920432483,0.8801996672212978,0.8706493473996275
0.66,0.72,False,0.7708333333333334,0.6783854166666666,0.6783854166666666,0.8763963862648074,0.6783854166666666,0.7525345964764952,0.8800675675675675,0.8697173001797984
0.66,0.73,False,0.765625,0.6744791666666666,0.6744791666666666,0.877120030122254,0.6744791666666666,0.7497985315990241,0.8809523809523809,0.8703534463755455
0.66,0.74,False,0.7513020833333334,0.6627604166666666,0.6627604166666666,0.8779662054584344,0.6627604166666666,0.7414127761362165,0.8821490467937608,0.8702908107834193
0.66,0.75,False,0.73828125,0.6549479166666666,0.6549479166666666,0.8844482508442884,0.6549479166666666,0.7370481153313141,0.8871252204585538,0.875462389340257
0.66,0.76,False,0.7200520833333334,0.6419270833333334,0.6419270833333334,0.889576948235692,0.6419270833333334,0.7284894208107859,0.891500904159132,0.8795295761960386
0.66,0.77,False,0.7122395833333334,0.6354166666666666,0.6354166666666666,0.8902196968247592,0.6354166666666666,0.7234548100626689,0.8921389396709324,0.8798630360545746
0.66,0.78,False,0.7057291666666666,0.6315104166666666,0.6315104166666666,0.8937085238011974,0.6315104166666666,0.7210784930473473,0.8948339483394834,0.8827917408156799
0.66,0.79,False,0.69140625,0.62109375,0.62109375,0.8982479865265353,0.62109375,0.713540448022384,0.8983050847457628,0.8863737879957335
0.66,0.8,False,0.6822916666666666,0.6184895833333334,0.6184895833333334,0.9094235588972431,0.6184895833333334,0.7138304406982074,0.9064885496183206,0.8963228657682611
0.66,0.81,False,0.6692708333333334,0.6080729166666666,0.6080729166666666,0.9126307830485957,0.6080729166666666,0.7052335004977482,0.9085603112840467,0.8982588231858911
0.66,0.82,False,0.6458333333333334,0.59375,0.59375,0.9285342593772566,0.59375,0.6951262188276034,0.9193548387096774,0.9114150249744893
0.66,0.83,False,0.6315104166666666,0.58203125,0.58203125,0.932999164578112,0.58203125,0.6845479924475053,0.9216494845360824,0.9132460768659865
0.66,0.84,False,0.6223958333333334,0.57421875,0.57421875,0.9349460753838034,0.57421875,0.6771110878919933,0.9225941422594143,0.914078830250284
0.66,0.85,False,0.5989583333333334,0.55078125,0.55078125,0.9319810163707141,0.55078125,0.6526948047289,0.9195652173913044,0.9082950528430112
0.66,0.86,False,0.5807291666666666,0.5325520833333334,0.5325520833333334,0.9295024879820201,0.5325520833333334,0.6322085893336378,0.9170403587443946,0.9025843140215609
0.66,0.87,False,0.5638020833333334,0.51953125,0.51953125,0.9383149824575971,0.51953125,0.6186801652862318,0.9214780600461894,0.9070413236897834
0.66,0.88,False,0.5494791666666666,0.5065104166666666,0.5065104166666666,0.9412495886180098,0.5065104166666666,0.6034447222668141,0.9218009478672986,0.90573656457367
0.66,0.89,False,0.5221354166666666,0.4791666666666667,0.4791666666666667,0.936829501219199,0.4791666666666667,0.5670368694180298,0.9177057356608479,0.8905381287434943
0.66,0.9,False,0.4934895833333333,0.4544270833333333,0.4544270833333333,0.9479226733998063,0.4544270833333333,0.5343321705648005,0.920844327176781,0.8866878805856686
0.66,0.91,False,0.4596354166666667,0.4205729166666667,0.4205729166666667,0.9332234696329866,0.4205729166666667,0.4812053502686909,0.9150141643059491,0.8239640446967526
0.66,0.92,False,0.44140625,0.40234375,0.40234375,0.8896948252985405,0.40234375,0.45125585355470416,0.911504424778761,0.7261320529485106
0.66,0.93,False,0.42578125,0.3880208333333333,0.3880208333333333,0.6219031184518674,0.3880208333333333,0.4293161866315353,0.9113149847094801,0.6068695758464736
0.66,0.94,False,0.3932291666666667,0.3567708333333333,0.3567708333333333,0.623572820941242,0.3567708333333333,0.3851449465525989,0.9072847682119205,0.5868293806124799
0.66,0.95,False,0.37109375,0.3346354166666667,0.3346354166666667,0.6152882205513784,0.3346354166666667,0.34887263438987576,0.9017543859649123,0.5462807819243464
0.67,0.5,True,0.9752604166666666,0.8020833333333334,0.8020833333333334,0.823182111086005,0.8020833333333334,0.8102169803662341,0.822429906542056,0.8206617781638691
0.67,0.51,True,0.9674479166666666,0.7981770833333334,0.7981770833333334,0.8262437388359897,0.7981770833333334,0.8092429245164311,0.8250336473755047,0.8228182968585577
0.67,0.52,True,0.953125,0.7916666666666666,0.7916666666666666,0.8308080808080808,0.7916666666666666,0.8079152731326644,0.8306010928961749,0.8276433307281548
0.67,0.53,True,0.9453125,0.7903645833333334,0.7903645833333334,0.8357400728090383,0.7903645833333334,0.8096345162688205,0.8360881542699724,0.8328835124231722
0.67,0.54,True,0.93359375,0.78125,0.78125,0.8357004830917875,0.78125,0.8046552959902149,0.8368200836820083,0.8329821812919801
0.67,0.55,True,0.921875,0.7734375,0.7734375,0.8374282678499546,0.7734375,0.8008216487690044,0.8389830508474576,0.8344769208939944
0.67,0.56,True,0.91015625,0.7643229166666666,0.7643229166666666,0.8378303895534177,0.7643229166666666,0.7957048127115242,0.8397711015736766,0.8346135437962566
0.67,0.57,True,0.9036458333333334,0.76171875,0.76171875,0.8408626887833851,0.76171875,0.7953208537545886,0.8429394812680115,0.8375010517778593
0.67,0.58,True,0.89453125,0.7591145833333334,0.7591145833333334,0.8461540799776094,0.7591145833333334,0.7959491218889715,0.8486171761280932,0.8429304126755452
0.67,0.59,True,0.8854166666666666,0.7526041666666666,0.7526041666666666,0.8469447219447219,0.7526041666666666,0.7923481932288196,0.85,0.8438204749340731
0.67,0.6,True,0.875,0.7447916666666666,0.7447916666666666,0.8474423410864089,0.7447916666666666,0.7875290446741713,0.8511904761904762,0.8442819127208051
0.67,0.61,True,0.8684895833333334,0.7408854166666666,0.7408854166666666,0.8493247452498554,0.7408854166666666,0.7860130476072505,0.8530734632683659,0.8460544090120221
0.67,0.62,True,0.8606770833333334,0.7356770833333334,0.7356770833333334,0.8505194593218407,0.7356770833333334,0.7832887662256017,0.8547655068078669,0.8474097234380059
0.67,0.63,True,0.8528645833333334,0.73046875,0.73046875,0.8521818213997253,0.73046875,0.7806880068611499,0.8564885496183207,0.8488906516554223
0.67,0.64,True,0.84765625,0.7265625,0.7265625,0.85248877406605,0.7265625,0.7781005021287971,0.8571428571428571,0.8491473606357589
0.67,0.65,True,0.8385416666666666,0.7239583333333334,0.7239583333333334,0.8594843786704253,0.7239583333333334,0.7788035235445859,0.8633540372670807,0.855491559541821
0.67,0.66,True,0.8294270833333334,0.7200520833333334,0.7200520833333334,0.8642115222303901,0.7200520833333334,0.7777460083215478,0.8681318681318682,0.8601644089053283
0.67,0.67,True,0.8203125,0.71484375,0.71484375,0.8675336618374594,0.71484375,0.7754118667162145,0.8714285714285714,0.8631364399907321
0.67,0.68,True,0.8138020833333334,0.7122395833333334,0.7122395833333334,0.8710192923607557,0.7122395833333334,0.77486563342238,0.8752,0.8669413822406407
0.67,0.69,True,0.8059895833333334,0.7083333333333334,0.7083333333333334,0.8758645568990396,0.7083333333333334,0.7735489637450422,0.8788368336025848,0.8707114634646961
0.67,0.7,False,0.7916666666666666,0.6979166666666666,0.6979166666666666,0.8781324985087466,0.6979166666666666,0.7676153367690116,0.881578947368421,0.8730642768192644
0.67,0.71,False,0.7799479166666666,0.6888020833333334,0.6888020833333334,0.8792957395898572,0.6888020833333334,0.7615689776999927,0.8831385642737897,0.8736528511141942
0.67,0.72,False,0.7682291666666666,0.6783854166666666,0.6783854166666666,0.8786653161653163,0.6783854166666666,0.7537085821332395,0.8830508474576271,0.8727698999641248
0.67,0.73,False,0.7630208333333334,0.6744791666666666,0.6744791666666666,0.8793889600227628,0.6744791666666666,0.7509725172557684,0.8839590443686007,0.8734378626845557
0.67,0.74,False,0.7486979166666666,0.6627604166666666,0.6627604166666666,0.8802351353589432,0.6627604166666666,0.7425867617929608,0.8852173913043478,0.8734151175972321
0.67,0.75,False,0.7356770833333334,0.6549479166666666,0.6549479166666666,0.8867171807447972,0.6549479166666666,0.7382221009880584,0.8902654867256637,0.8786617356386639
0.67,0.76,False,0.7174479166666666,0.6419270833333334,0.6419270833333334,0.8918458781362008,0.6419270833333334,0.7296634064675303,0.8947368421052632,0.8827878479532797
0.67,0.77,False,0.7096354166666666,0.6354166666666666,0.6354166666666666,0.892488626725268,0.6354166666666666,0.7246287957194132,0.8954128440366973,0.8831479587389129
0.67,0.78,False,0.703125,0.6315104166666666,0.6315104166666666,0.8959774537017062,0.6315104166666666,0.7222524787040916,0.8981481481481481,0.8861193295785211
0.67,0.79,False,0.6888020833333334,0.62109375,0.62109375,0.9005169164270441,0.62109375,0.7147144336791283,0.9017013232514177,0.8897483824437261
0.67,0.8,False,0.6796875,0.6184895833333334,0.6184895833333334,0.911692488797752,0.6184895833333334,0.7150044263549518,0.9099616858237548,0.8997794070810997
0.67,0.81,False,0.6666666666666666,0.6080729166666666,0.6080729166666666,0.9148997129491044,0.6080729166666666,0.7064074861544926,0.912109375,0.9017797090134669
0.67,0.82,False,0.6432291666666666,0.59375,0.59375,0.9308031892777655,0.59375,0.6963002044843477,0.9230769230769231,0.9151004161775448
0.67,0.83,False,0.62890625,0.58203125,0.58203125,0.9352680944786208,0.58203125,0.6857219781042496,0.9254658385093167,0.9170306974200244
0.67,0.84,False,0.6197916666666666,0.57421875,0.57421875,0.9372150052843122,0.57421875,0.6782850735487376,0.9264705882352942,0.9179245702348012
0.67,0.85,False,0.5963541666666666,0.55078125,0.55078125,0.9342499462712229,0.55078125,0.6538687903856443,0.9235807860262009,0.9123817644922387
0.67,0.86,False,0.578125,0.5325520833333334,0.5325520833333334,0.9317714178825289,0.5325520833333334,0.6333825749903821,0.9211711711711712,0.9066951260343425
0.67,0.87,False,0.5611979166666666,0.51953125,0.51953125,0.940583912358106,0.51953125,0.6198541509429761,0.925754060324826,0.9113178585149452
0.67,0.88,False,0.546875,0.5065104166666666,0.5065104166666666,0.9435185185185185,0.5065104166666666,0.6046187079235584,0.9261904761904762,0.9101293950248529
0.67,0.89,False,0.51953125,0.4791666666666667,0.4791666666666667,0.9390984311197078,0.4791666666666667,0.5682108550747741,0.9223057644110275,0.8949906127325482
0.67,0.9,False,0.4908854166666667,0.4544270833333333,0.4544270833333333,0.9501916033003152,0.4544270833333333,0.5355061562215448,0.9257294429708223,0.8914900389259364
0.67,0.91,False,0.45703125,0.4205729166666667,0.4205729166666667,0.9354923995334955,0.4205729166666667,0.4823793359254352,0.9202279202279202,0.8290058795340759
0.67,0.92,False,0.4388020833333333,0.40234375,0.40234375,0.8919637551990492,0.40234375,0.45242983921144847,0.9169139465875371,0.7313993230142298
0.67,0.93,False,0.4231770833333333,0.3880208333333333,0.3880208333333333,0.6241720483523762,0.3880208333333333,0.4304901722882796,0.916923076923077,0.6125054186161228
0.67,0.94,False,0.390625,0.3567708333333333,0.3567708333333333,0.6258417508417509,0.3567708333333333,0.3863189322093432,0.9133333333333333,0.5945438480229733
0.67,0.95,False,0.3684895833333333,0.3346354166666667,0.3346354166666667,0.6175571504518872,0.3346354166666667,0.35004662004662007,0.9081272084805654,0.5567660702451955
0.68,0.5,True,0.9713541666666666,0.7994791666666666,0.7994791666666666,0.8238968692235035,0.7994791666666666,0.809331974927149,0.8230563002680965,0.8213818374938531
0.68,0.51,True,0.9635416666666666,0.7955729166666666,0.7955729166666666,0.8269561521787985,0.7955729166666666,0.8083549492851971,0.8256756756756757,0.82354722307596
0.68,0.52,True,0.94921875,0.7890625,0.7890625,0.8315273303082783,0.7890625,0.8070183780161161,0.831275720164609,0.8283909327387587
0.68,0.53,True,0.94140625,0.7877604166666666,0.7877604166666666,0.8364670872276913,0.7877604166666666,0.8087322082134015,0.8367911479944675,0.8336481760877463
0.68,0.54,True,0.9296875,0.7786458333333334,0.7786458333333334,0.8364233208126338,0.7786458333333334,0.8037391929849452,0.8375350140056023,0.8337513883526153
0.68,0.55,True,0.91796875,0.7708333333333334,0.7708333333333334,0.8381518909283007,0.7708333333333334,0.7998978547759036,0.8397163120567376,0.8352562532951263
0.68,0.56,True,0.90625,0.76171875,0.76171875,0.8385468689154334,0.76171875,0.7947671952729047,0.8405172413793104,0.8353980065224381
0.68,0.57,True,0.8997395833333334,0.7591145833333334,0.7591145833333334,0.8415853628127618,0.7591145833333334,0.7943819070579634,0.8437047756874095,0.838297934879543
0.68,0.58,True,0.890625,0.7565104166666666,0.7565104166666666,0.8468899085577025,0.7565104166666666,0.7950075339237901,0.8494152046783626,0.8437486628935954
0.68,0.59,True,0.8815104166666666,0.75,0.75,0.847682567844413,0.75,0.7913984242247122,0.8508124076809453,0.8446465697772346
0.68,0.6,True,0.87109375,0.7421875,0.7421875,0.8481850462184269,0.7421875,0.7865744454573469,0.852017937219731,0.8451166236084608
0.68,0.61,True,0.8645833333333334,0.73828125,0.73828125,0.8500636644087297,0.73828125,0.7850471495008149,0.8539156626506024,0.8468971502965427
0.68,0.62,True,0.8567708333333334,0.7330729166666666,0.7330729166666666,0.8512612375471021,0.7330729166666666,0.7823142204187256,0.8556231003039514,0.8482613015399899
0.68,0.63,True,0.8489583333333334,0.7278645833333334,0.7278645833333334,0.8529198839733745,0.7278645833333334,0.7797016820440458,0.8573619631901841,0.8497510401746129
0.68,0.64,True,0.84375,0.7239583333333334,0.7239583333333334,0.853231180263173,0.7239583333333334,0.777113419849398,0.8580246913580247,0.8500128899200824
0.68,0.65,True,0.8346354166666666,0.7213541666666666,0.7213541666666666,0.8602331368187115,0.7213541666666666,0.7778111663996335,0.8642745709828393,0.8563832863442493
0.68,0.66,True,0.8255208333333334,0.7174479166666666,0.7174479166666666,0.8649745633212222,0.7174479166666666,0.7767513635367532,0.8690851735015773,0.861078238001315
0.68,0.67,True,0.8177083333333334,0.7135416666666666,0.7135416666666666,0.8685649672580777,0.7135416666666666,0.7753079166122644,0.8726114649681529,0.8643327731357652
0.68,0.68,True,0.8111979166666666,0.7109375,0.7109375,0.8720505977813741,0.7109375,0.77476168331843,0.8764044943820225,0.8681475242987441
0.68,0.69,True,0.8033854166666666,0.70703125,0.70703125,0.876895862319658,0.70703125,0.7734450136410921,0.880064829821718,0.871933236718491
0.68,0.7,False,0.7890625,0.6966145833333334,0.6966145833333334,0.879163803929365,0.6966145833333334,0.7675113866650616,0.8828382838283828,0.8743221253026524
0.68,0.71,False,0.77734375,0.6875,0.6875,0.8803270450104757,0.6875,0.7614650275960426,0.8844221105527639,0.8749404596061913
0.68,0.72,False,0.765625,0.6770833333333334,0.6770833333333334,0.8796966215859346,0.6770833333333334,0.7536046320292895,0.8843537414965986,0.8740749186629481
0.68,0.73,False,0.7604166666666666,0.6731770833333334,0.6731770833333334,0.8804202654433811,0.6731770833333334,0.7508685671518184,0.8852739726027398,0.8747505199750388
0.68,0.74,False,0.74609375,0.6614583333333334,0.6614583333333334,0.8812664407795617,0.6614583333333334,0.7424828116890106,0.8865619546247818,0.8747677928712413
0.68,0.75,False,0.7330729166666666,0.6536458333333334,0.6536458333333334,0.8877484861654156,0.6536458333333334,0.7381181508841084,0.8916518650088809,0.8800491354934409
0.68,0.76,False,0.71484375,0.640625,0.640625,0.8928771835568191,0.640625,0.7295594563635802,0.8961748633879781,0.8842408768935028
0.68,0.77,False,0.70703125,0.6341145833333334,0.6341145833333334,0.8935199321458863,0.6341145833333334,0.7245248456154632,0.8968692449355433,0.8846262733366023
0.68,0.78,False,0.7005208333333334,0.6302083333333334,0.6302083333333334,0.8970087591223246,0.6302083333333334,0.7221485286001416,0.8996282527881041,0.8876201293643833
0.68,0.79,False,0.6861979166666666,0.6197916666666666,0.6197916666666666,0.9015482218476626,0.6197916666666666,0.7146104835751782,0.9032258064516129,0.8913141572222693
0.68,0.8,False,0.6770833333333334,0.6171875,0.6171875,0.9127237942183704,0.6171875,0.7149004762510015,0.9115384615384615,0.901394887671427
0.68,0.81,False,0.6640625,0.6067708333333334,0.6067708333333334,0.9159310183697228,0.6067708333333334,0.7063035360505424,0.9137254901960784,0.9034535404114267
0.68,0.82,False,0.640625,0.5924479166666666,0.5924479166666666,0.9318344946983839,0.5924479166666666,0.6961962543803976,0.9247967479674797,0.9169165337732627
0.68,0.83,False,0.6263020833333334,0.5807291666666666,0.5807291666666666,0.9362993998992392,0.5807291666666666,0.6856180280002994,0.9272349272349273,0.9189241822058015
0.68,0.84,False,0.6171875,0.5729166666666666,0.5729166666666666,0.9382463107049306,0.5729166666666666,0.6781811234447875,0.9282700421940928,0.9198745539336662
0.68,0.85,False,0.59375,0.5494791666666666,0.5494791666666666,0.9352812516918413,0.5494791666666666,0.6537648402816942,0.9254385964912281,0.9144170301583069
0.68,0.86,False,0.5755208333333334,0.53125,0.53125,0.9328027233031474,0.53125,0.633278624886432,0.9230769230769231,0.9089192986508073
0.68,0.87,False,0.55859375,0.5182291666666666,0.5182291666666666,0.9416152177787244,0.5182291666666666,0.619750200839026,0.9277389277389277,0.9137176999638625
0.68,0.88,False,0.5442708333333334,0.5052083333333334,0.5052083333333334,0.9445498239391369,0.5052083333333334,0.6045147578196083,0.9282296650717703,0.9127071929945313
0.68,0.89,False,0.5169270833333334,0.4778645833333333,0.4778645833333333,0.9401297365403262,0.4778645833333333,0.568106904970824,0.924433249370277,0.8981490340593057
0.68,0.9,False,0.48828125,0.453125,0.453125,0.9512229087209335,0.453125,0.5354022061175947,0.928,0.8954474679831659
0.68,0.91,False,0.4544270833333333,0.4192708333333333,0.4192708333333333,0.9365237049541139,0.4192708333333333,0.48227538582148516,0.9226361031518625,0.8348527997084387
0.68,0.92,False,0.4361979166666667,0.4010416666666667,0.4010416666666667,0.8929950606196678,0.4010416666666667,0.4523258891074983,0.9194029850746268,0.7372317825696783
0.68,0.93,False,0.4205729166666667,0.38671875,0.38671875,0.6252033537729945,0.38671875,0.4303862221843295,0.9195046439628483,0.6130726817042607
0.68,0.94,False,0.3880208333333333,0.35546875,0.35546875,0.6268730562623692,0.35546875,0.38621498210539307,0.9161073825503355,0.5951111111111111
0.68,0.95,False,0.3658854166666667,0.3333333333333333,0.3333333333333333,0.6185884558725057,0.3333333333333333,0.34994266994267,0.9110320284697508,0.5573333333333333
0.69,0.5,True,0.9661458333333334,0.7981770833333334,0.7981770833333334,0.826825094435964,0.7981770833333334,0.8102180129254063,0.8261455525606469,0.8244098326156278
0.69,0.51,True,0.9583333333333334,0.7942708333333334,0.7942708333333334,0.8298842326827401,0.7942708333333334,0.8092374200200925,0.8288043478260869,0.8266127832264883
0.69,0.52,True,0.9440104166666666,0.7877604166666666,0.7877604166666666,0.8345024069162,0.7877604166666666,0.8079000099308601,0.8344827586206897,0.8315319015039817
0.69,0.53,True,0.9361979166666666,0.7864583333333334,0.7864583333333334,0.8394826796766451,0.7864583333333334,0.8096154536319266,0.8400556328233658,0.8368454204457462
0.69,0.54,True,0.9244791666666666,0.77734375,0.77734375,0.8394615384615385,0.77734375,0.8046100137127757,0.8408450704225352,0.8369872854958533
0.69,0.55,True,0.9127604166666666,0.76953125,0.76953125,0.841213258286429,0.76953125,0.8007636230603691,0.8430813124108416,0.8385469332225006
0.69,0.56,True,0.9010416666666666,0.7604166666666666,0.7604166666666666,0.8416217276094317,0.7604166666666666,0.7956184115776287,0.8439306358381503,0.8387311314592463
0.69,0.57,True,0.8958333333333334,0.7578125,0.7578125,0.8436033824331698,0.7578125,0.7947307772889168,0.8459302325581395,0.8404535958532056
0.69,0.58,True,0.88671875,0.7552083333333334,0.7552083333333334,0.8489211506160658,0.7552083333333334,0.7953537247759758,0.8516886930983847,0.8459474784856741
0.69,0.59,True,0.87890625,0.75,0.75,0.8500117907843229,0.75,0.7925856579700854,0.8533333333333334,0.8471470258578927
0.69,0.6,True,0.8684895833333334,0.7421875,0.7421875,0.8505142691583369,0.7421875,0.7877616792027201,0.8545727136431784,0.8476451961889793
0.69,0.61,True,0.8619791666666666,0.73828125,0.73828125,0.8523928873486396,0.73828125,0.7862343832461881,0.8564954682779456,0.8494448952837859
0.69,0.62,True,0.8541666666666666,0.7330729166666666,0.7330729166666666,0.8535904604870121,0.7330729166666666,0.7835014541640989,0.8582317073170732,0.8508325411487573
0.69,0.63,True,0.8463541666666666,0.7278645833333334,0.7278645833333334,0.8552491069132845,0.7278645833333334,0.780888915789419,0.86,0.852345770055218
0.69,0.64,True,0.8411458333333334,0.7239583333333334,0.7239583333333334,0.855560403203083,0.7239583333333334,0.7783006535947713,0.8606811145510835,0.8526241373947294
0.69,0.65,True,0.83203125,0.7213541666666666,0.7213541666666666,0.8625623597586215,0.7213541666666666,0.7789984001450069,0.86697965571205,0.8590370523794076
0.69,0.66,True,0.8229166666666666,0.7174479166666666,0.7174479166666666,0.8673037862611322,0.7174479166666666,0.7779385972821266,0.8718354430379747,0.8637737225475512
0.69,0.67,True,0.8151041666666666,0.7135416666666666,0.7135416666666666,0.8708941901979877,0.7135416666666666,0.7764951503576377,0.8753993610223643,0.8670626639283491
0.69,0.68,True,0.80859375,0.7109375,0.7109375,0.8743798207212841,0.7109375,0.7759489170638032,0.8792270531400966,0.8709106126911355
0.69,0.69,True,0.80078125,0.70703125,0.70703125,0.8792250852595679,0.70703125,0.7746322473864654,0.8829268292682927,0.8747323212223282
0.69,0.7,False,0.7864583333333334,0.6966145833333334,0.6966145833333334,0.881493026869275,0.6966145833333334,0.7686986204104348,0.8857615894039735,0.8771732929468015
0.69,0.71,False,0.7747395833333334,0.6875,0.6875,0.8826562679503857,0.6875,0.7626522613414158,0.8873949579831932,0.877835768863556
0.69,0.72,False,0.7630208333333334,0.6770833333333334,0.6770833333333334,0.8820258445258445,0.6770833333333334,0.754791865774663,0.8873720136518771,0.8770128824476652
0.69,0.73,False,0.7578125,0.6731770833333334,0.6731770833333334,0.8827494883832911,0.6731770833333334,0.7520558008971916,0.8883161512027491,0.8777124233590451
0.69,0.74,False,0.7434895833333334,0.6614583333333334,0.6614583333333334,0.8835956637194716,0.6614583333333334,0.743670045434384,0.8896672504378283,0.8777859510017384
0.69,0.75,False,0.73046875,0.6536458333333334,0.6536458333333334,0.8900777091053255,0.6536458333333334,0.7393053846294816,0.8948306595365418,0.8831405849045616
0.69,0.76,False,0.7122395833333334,0.640625,0.640625,0.8952064064967291,0.640625,0.7307466901089534,0.8994515539305301,0.8874263998861874
0.69,0.77,False,0.7044270833333334,0.6341145833333334,0.6341145833333334,0.8958491550857963,0.6341145833333334,0.7257120793608364,0.9001848428835489,0.8878510046174717
0.69,0.78,False,0.6979166666666666,0.6302083333333334,0.6302083333333334,0.8993379820622346,0.6302083333333334,0.7233357623455149,0.9029850746268657,0.8908893522113229
0.69,0.79,False,0.68359375,0.6197916666666666,0.6197916666666666,0.9038774447875726,0.6197916666666666,0.7157977173205516,0.9066666666666666,0.8946731350215251
0.69,0.8,False,0.6744791666666666,0.6171875,0.6171875,0.9150530171582804,0.6171875,0.7160877099963748,0.915057915057915,0.9048458442903883
0.69,0.81,False,0.6614583333333334,0.6067708333333334,0.6067708333333334,0.9182602413096328,0.6067708333333334,0.7074907697959157,0.9173228346456693,0.9069965649395025
0.69,0.82,False,0.6380208333333334,0.5924479166666666,0.5924479166666666,0.9341637176382939,0.5924479166666666,0.6973834881257709,0.9285714285714286,0.9206878418491468
0.69,0.83,False,0.6236979166666666,0.5807291666666666,0.5807291666666666,0.9386286228391492,0.5807291666666666,0.6868052617456728,0.9311064718162839,0.9228226314282989
0.69,0.84,False,0.6145833333333334,0.5729166666666666,0.5729166666666666,0.9405755336448406,0.5729166666666666,0.6793683571901608,0.9322033898305084,0.9238618447785454
0.69,0.85,False,0.5911458333333334,0.5494791666666666,0.5494791666666666,0.9376104746317512,0.5494791666666666,0.6549520740270675,0.9295154185022027,0.9186153846153847
0.69,0.86,False,0.5729166666666666,0.53125,0.53125,0.9351319462430574,0.53125,0.6344658586318053,0.9272727272727272,0.9133233642078636
0.69,0.87,False,0.5559895833333334,0.5182291666666666,0.5182291666666666,0.9439444407186343,0.5182291666666666,0.6209374345843993,0.9320843091334895,0.9183842806478916
0.69,0.88,False,0.5416666666666666,0.5052083333333334,0.5052083333333334,0.9468790468790469,0.5052083333333334,0.6057019915649816,0.9326923076923077,0.9176165381910205
0.69,0.89,False,0.5143229166666666,0.4778645833333333,0.4778645833333333,0.9424589594802361,0.4778645833333333,0.5692941387161973,0.9291139240506329,0.9036908425043185
0.69,0.9,False,0.4856770833333333,0.453125,0.453125,0.9535521316608434,0.453125,0.536589439862968,0.9329758713136729,0.9020058400908709
0.69,0.91,False,0.4518229166666667,0.4192708333333333,0.4192708333333333,0.9388529278940237,0.4192708333333333,0.4834626195668584,0.9279538904899135,0.8436102975181132
0.69,0.92,False,0.43359375,0.4010416666666667,0.4010416666666667,0.8953242835595777,0.4010416666666667,0.45351312285287165,0.924924924924925,0.7463232618749132
0.69,0.93,False,0.41796875,0.38671875,0.38671875,0.6275325767129045,0.38671875,0.4315734559297028,0.9252336448598131,0.6165875623706949
0.69,0.94,False,0.3854166666666667,0.35546875,0.35546875,0.6292022792022792,0.35546875,0.3874022158507664,0.9222972972972973,0.5997322623828648
0.69,0.95,False,0.36328125,0.3333333333333333,0.3333333333333333,0.6209176788124157,0.3333333333333333,0.35112990368804325,0.9175627240143369,0.5635057235745704
0.7,0.5,True,0.9622395833333334,0.7981770833333334,0.7981770833333334,0.8298596111541198,0.7981770833333334,0.8117862856723824,0.8294993234100135,0.8277582747269151
0.7,0.51,True,0.9544270833333334,0.7942708333333334,0.7942708333333334,0.832923329633856,0.7942708333333334,0.8108045357041006,0.8321964529331515,0.8299975027340757
0.7,0.52,True,0.9401041666666666,0.7877604166666666,0.7877604166666666,0.8376233376233376,0.7877604166666666,0.8094836077107077,0.8379501385041551,0.8349890567377166
0.7,0.53,True,0.9322916666666666,0.7864583333333334,0.7864583333333334,0.8426702952904419,0.7864583333333334,0.8112133454604423,0.8435754189944135,0.8403542359434947
0.7,0.54,True,0.921875,0.77734375,0.77734375,0.8416677520894389,0.77734375,0.8057080082050107,0.8432203389830508,0.8393791502960349
0.7,0.55,True,0.91015625,0.76953125,0.76953125,0.8434421862993292,0.76953125,0.8018643386882046,0.8454935622317596,0.8409664444771238
0.7,0.56,True,0.8984375,0.7604166666666666,0.7604166666666666,0.8438717513324843,0.7604166666666666,0.7967185045213325,0.8463768115942029,0.841175374831459
0.7,0.57,True,0.8932291666666666,0.7578125,0.7578125,0.8458623762193601,0.7578125,0.7958329026290191,0.8483965014577259,0.8429137958792084
0.7,0.58,True,0.8841145833333334,0.7552083333333334,0.7552083333333334,0.85121717462143,0.7552083333333334,0.7964641041330749,0.8541973490427098,0.8484418273238149
0.7,0.59,True,0.8763020833333334,0.75,0.75,0.852330684227236,0.75,0.7936995676526569,0.8558692421991084,0.8496633237408409
0.7,0.6,True,0.8658854166666666,0.7421875,0.7421875,0.8528568535969913,0.7421875,0.7888791675402397,0.8571428571428571,0.8501898930723913
0.7,0.61,True,0.859375,0.73828125,0.73828125,0.8547574847574847,0.73828125,0.7873519274813773,0.8590909090909091,0.8520089259219694
0.7,0.62,True,0.8515625,0.7330729166666666,0.7330729166666666,0.8559847099400852,0.7330729166666666,0.7846219070389099,0.8608562691131498,0.8534202876073037
0.7,0.63,True,0.84375,0.7278645833333334,0.7278645833333334,0.857667360855658,0.7278645833333334,0.782009328209922,0.8626543209876543,0.854957223056313
0.7,0.64,True,0.8385416666666666,0.7239583333333334,0.7239583333333334,0.857990140041422,0.7239583333333334,0.7794232835474161,0.8633540372670807,0.8552522869556988
0.7,0.65,True,0.8294270833333334,0.7213541666666666,0.7213541666666666,0.8650202058652763,0.7213541666666666,0.7801247435309214,0.869701726844584,0.861708083480207
0.7,0.66,True,0.8203125,0.7174479166666666,0.7174479166666666,0.8697983697983699,0.7174479166666666,0.7790717698769023,0.8746031746031746,0.8664868693472813
0.7,0.67,True,0.8125,0.7135416666666666,0.7135416666666666,0.8734193742449108,0.7135416666666666,0.7776321819961453,0.8782051282051282,0.8698105645915682
0.7,0.68,True,0.8059895833333334,0.7109375,0.7109375,0.8769448181212888,0.7109375,0.7770930068946109,0.8820678513731826,0.8736920358199076
0.7,0.69,False,0.7981770833333334,0.70703125,0.70703125,0.8818013558112568,0.70703125,0.7757747773435627,0.8858075040783034,0.8775500865784879
0.7,0.7,False,0.7838541666666666,0.6966145833333334,0.6966145833333334,0.8841553681164608,0.6966145833333334,0.7698425453886619,0.8887043189368771,0.8800436851491272
0.7,0.71,False,0.7721354166666666,0.6875,0.6875,0.8853773127966676,0.6875,0.7637974977922166,0.8903878583473862,0.8807508292334942
0.7,0.72,False,0.7604166666666666,0.6770833333333334,0.6770833333333334,0.8847925964638672,0.6770833333333334,0.7559357712559153,0.8904109589041096,0.8799711345717346
0.7,0.73,False,0.7552083333333334,0.6731770833333334,0.6731770833333334,0.8855414939685929,0.6731770833333334,0.7532012254106152,0.8913793103448275,0.8806949074450497
0.7,0.74,False,0.7408854166666666,0.6614583333333334,0.6614583333333334,0.8864737512976816,0.6614583333333334,0.7448142979270775,0.8927943760984183,0.8808253968253968
0.7,0.75,False,0.7278645833333334,0.6536458333333334,0.6536458333333334,0.8930113353778162,0.6536458333333334,0.7404477259168282,0.8980322003577818,0.88625415610031
0.7,0.76,False,0.7096354166666666,0.640625,0.640625,0.8982976482976484,0.640625,0.7318857703640594,0.9027522935779817,0.8906351713784302
0.7,0.77,False,0.7018229166666666,0.6341145833333334,0.6341145833333334,0.8990108505964852,0.6341145833333334,0.7268483907504505,0.9035250463821892,0.8910995011675008
0.7,0.78,False,0.6953125,0.6302083333333334,0.6302083333333334,0.902550687036192,0.6302083333333334,0.7244719118650433,0.9063670411985019,0.8941828881809504
0.7,0.79,False,0.6809895833333334,0.6197916666666666,0.6197916666666666,0.9072560612082672,0.6197916666666666,0.716927066133897,0.9101338432122371,0.898057589821688
0.7,0.8,False,0.671875,0.6171875,0.6171875,0.9185285285285286,0.6171875,0.7172192418495982,0.9186046511627907,0.9083233622311778
0.7,0.81,False,0.6588541666666666,0.6067708333333334,0.6067708333333334,0.9218338763793309,0.6067708333333334,0.7086118605063702,0.9209486166007905,0.9105674943965699
0.7,0.82,False,0.6354166666666666,0.5924479166666666,0.5924479166666666,0.938183946658523,0.5924479166666666,0.6985038027033492,0.9323770491803278,0.924490322842583
0.7,0.83,False,0.62109375,0.5807291666666666,0.5807291666666666,0.9428897521002785,0.5807291666666666,0.6879204447165611,0.9350104821802935,0.9267543725375051
0.7,0.84,False,0.6119791666666666,0.5729166666666666,0.5729166666666666,0.9449549549549549,0.5729166666666666,0.6804742497845261,0.9361702127659575,0.9278839943080027
0.7,0.85,False,0.5885416666666666,0.5494791666666666,0.5494791666666666,0.9422202848009299,0.5494791666666666,0.6560403482071869,0.9336283185840708,0.9228528222081637
0.7,0.86,False,0.5703125,0.53125,0.53125,0.9402709527709527,0.53125,0.6355162799884528,0.9315068493150684,0.9177712589160157
0.7,0.87,False,0.5533854166666666,0.5182291666666666,0.5182291666666666,0.9495036353189249,0.5182291666666666,0.6219704800681877,0.9364705882352942,0.9231003896363141
0.7,0.88,False,0.5390625,0.5052083333333334,0.5052083333333334,0.9530299530299531,0.5052083333333334,0.606711855110262,0.9371980676328503,0.9225816636664704
0.7,0.89,False,0.51171875,0.4778645833333333,0.4778645833333333,0.9505750810098638,0.4778645833333333,0.5702190609055209,0.9338422391857506,0.909310938092322
0.7,0.9,False,0.4830729166666667,0.453125,0.453125,0.9645341544075722,0.453125,0.537449013206551,0.9380053908355795,0.9086853378832801
0.7,0.91,False,0.44921875,0.4192708333333333,0.4192708333333333,0.9638405528816488,0.4192708333333333,0.48417902066745705,0.9333333333333333,0.8526953458156977
0.7,0.92,False,0.4309895833333333,0.4010416666666667,0.4010416666666667,0.9631690514043455,0.4010416666666667,0.45414949427894413,0.9305135951661632,0.7560304354864821
0.7,0.93,False,0.4166666666666667,0.38671875,0.38671875,0.6287106778910058,0.38671875,0.43217053076475453,0.928125,0.6195032792172884
0.7,0.94,False,0.3841145833333333,0.35546875,0.35546875,0.6303803803803804,0.35546875,0.3879992906858181,0.9254237288135593,0.6038016718195351
0.7,0.95,False,0.3619791666666667,0.3333333333333333,0.3333333333333333,0.6220957799905168,0.3333333333333333,0.35172697852309504,0.920863309352518,0.5692488262910799
0.71,0.5,True,0.9609375,0.7981770833333334,0.7981770833333334,0.8310468448994931,0.7981770833333334,0.8123856837558198,0.8306233062330624,0.8289390487336931
0.71,0.51,True,0.953125,0.7942708333333334,0.7942708333333334,0.8341105633792293,0.7942708333333334,0.8114039337875378,0.8333333333333334,0.8311892501971277
0.71,0.52,True,0.9388020833333334,0.7877604166666666,0.7877604166666666,0.838810571368711,0.7877604166666666,0.8100830057941449,0.8391123439667129,0.8362020980130049
0.71,0.53,True,0.9309895833333334,0.7864583333333334,0.7864583333333334,0.8438575290358151,0.7864583333333334,0.8118127435438796,0.8447552447552448,0.8415810467681882
0.71,0.54,True,0.9205729166666666,0.77734375,0.77734375,0.8428549858348121,0.77734375,0.8063074062884478,0.8444130127298444,0.8406150133729949
0.71,0.55,True,0.9088541666666666,0.76953125,0.76953125,0.8446294200447024,0.76953125,0.8024637367716418,0.8467048710601719,0.8422198577527974
0.71,0.56,True,0.8971354166666666,0.7604166666666666,0.7604166666666666,0.8450589850778577,0.7604166666666666,0.7973179026047698,0.8476052249637155,0.8424418243767394
0.71,0.57,True,0.8919270833333334,0.7578125,0.7578125,0.8470496099647334,0.7578125,0.7964323007124564,0.8496350364963504,0.8441914191419143
0.71,0.58,True,0.8828125,0.7552083333333334,0.7552083333333334,0.8524044083668033,0.7552083333333334,0.7970635022165121,0.855457227138643,0.8497412912646763
0.71,0.59,True,0.875,0.75,0.75,0.8535179179726092,0.75,0.7942989657360942,0.8571428571428571,0.850977793258232
0.71,0.6,True,0.8645833333333334,0.7421875,0.7421875,0.8540440873423645,0.7421875,0.7894785656236768,0.858433734939759,0.8515257384097783
0.71,0.61,True,0.8580729166666666,0.73828125,0.73828125,0.855944718502858,0.73828125,0.7879513255648144,0.8603945371775418,0.8533525314737583
0.71,0.62,True,0.8502604166666666,0.7330729166666666,0.7330729166666666,0.8571719436854585,0.7330729166666666,0.7852213051223472,0.8621745788667687,0.8547778563659604
0.71,0.63,True,0.8424479166666666,0.7278645833333334,0.7278645833333334,0.8588545946010312,0.7278645833333334,0.7826087262933591,0.8639876352395672,0.856326117161823
0.71,0.64,True,0.8372395833333334,0.7239583333333334,0.7239583333333334,0.8591773737867953,0.7239583333333334,0.7800226816308532,0.864696734059098,0.8566350865855816
0.71,0.65,True,0.828125,0.7213541666666666,0.7213541666666666,0.8662074396106495,0.7213541666666666,0.7807241416143587,0.8710691823899371,0.8631164826764977
0.71,0.66,True,0.8190104166666666,0.7174479166666666,0.7174479166666666,0.8709856035437431,0.7174479166666666,0.7796711679603395,0.875993640699523,0.8679251428677824
0.71,0.67,True,0.8111979166666666,0.7135416666666666,0.7135416666666666,0.8746066079902842,0.7135416666666666,0.7782315800795825,0.8796147672552167,0.8712690589719078
0.71,0.68,True,0.8046875,0.7109375,0.7109375,0.878132051866662,0.7109375,0.7776924049780481,0.883495145631068,0.8751743562984284
0.71,0.69,False,0.796875,0.70703125,0.70703125,0.88298858955663,0.70703125,0.776374175427,0.8872549019607843,0.879053059525228
0.71,0.7,False,0.7825520833333334,0.6966145833333334,0.6966145833333334,0.8853426018618341,0.6966145833333334,0.7704419434720992,0.8901830282861897,0.881564942206802
0.71,0.71,False,0.7708333333333334,0.6875,0.6875,0.8865645465420409,0.6875,0.7643968958756537,0.8918918918918919,0.8822912195338111
0.71,0.72,False,0.7591145833333334,0.6770833333333334,0.6770833333333334,0.8859798302092404,0.6770833333333334,0.7565351693393524,0.8919382504288165,0.8815372686528388
0.71,0.73,False,0.75390625,0.6731770833333334,0.6731770833333334,0.8867287277139662,0.6731770833333334,0.7538006234940524,0.8929188255613126,0.8822777004093552
0.71,0.74,False,0.7395833333333334,0.6614583333333334,0.6614583333333334,0.8876609850430549,0.6614583333333334,0.7454136960105148,0.8943661971830986,0.8824292021906763
0.71,0.75,False,0.7265625,0.6536458333333334,0.6536458333333334,0.8941985691231894,0.6536458333333334,0.7410471240002655,0.899641577060932,0.8878970924252555
0.71,0.76,False,0.7083333333333334,0.640625,0.640625,0.8994848820430216,0.640625,0.7324851684474966,0.9044117647058824,0.8923088331025912
0.71,0.77,False,0.7005208333333334,0.6341145833333334,0.6341145833333334,0.9001980843418584,0.6341145833333334,0.7274477888338876,0.9052044609665427,0.8927871218196503
0.71,0.78,False,0.6940104166666666,0.6302083333333334,0.6302083333333334,0.9037379207815652,0.6302083333333334,0.7250713099484806,0.9080675422138836,0.8958928026113938
0.71,0.79,False,0.6796875,0.6197916666666666,0.6197916666666666,0.9084432949536403,0.6197916666666666,0.7175264642173342,0.9118773946360154,0.8997919466389089
0.71,0.8,False,0.6705729166666666,0.6171875,0.6171875,0.9197157622739018,0.6171875,0.7178186399330354,0.920388349514563,0.9101003558834885
0.71,0.81,False,0.6575520833333334,0.6067708333333334,0.6067708333333334,0.9230211101247042,0.6067708333333334,0.7092112585898075,0.9227722772277228,0.912378271204882
0.71,0.82,False,0.6341145833333334,0.5924479166666666,0.5924479166666666,0.9393711804038962,0.5924479166666666,0.6991032007867864,0.9342915811088296,0.9263871903521411
0.71,0.83,False,0.6197916666666666,0.5807291666666666,0.5807291666666666,0.9440769858456517,0.5807291666666666,0.6885198427999984,0.9369747899159664,0.9287037748018223
0.71,0.84,False,0.6106770833333334,0.5729166666666666,0.5729166666666666,0.9461421887003283,0.5729166666666666,0.6810736478679633,0.9381663113006397,0.9298657441726382
0.71,0.85,False,0.5872395833333334,0.5494791666666666,0.5494791666666666,0.9434075185463032,0.5494791666666666,0.656639746290624,0.9356984478935698,0.9249634837206223
0.71,0.86,False,0.5690104166666666,0.53125,0.53125,0.9414581865163262,0.53125,0.6361156780718901,0.9336384439359268,0.9198948650534056
0.71,0.87,False,0.5520833333333334,0.5182291666666666,0.5182291666666666,0.950690869064298,0.5182291666666666,0.622569878151625,0.9386792452830188,0.9253124565886349
0.71,0.88,False,0.5377604166666666,0.5052083333333334,0.5052083333333334,0.9542171867753263,0.5052083333333334,0.6073112531936994,0.9394673123486683,0.9248561369054727
0.71,0.89,False,0.5104166666666666,0.4778645833333333,0.4778645833333333,0.9517623147552369,0.4778645833333333,0.5708184589889581,0.9362244897959183,0.911617687794314
0.71,0.9,False,0.4817708333333333,0.453125,0.453125,0.9657213881529453,0.453125,0.5380484112899883,0.9405405405405406,0.9111807029607263
0.71,0.91,False,0.4479166666666667,0.4192708333333333,0.4192708333333333,0.9650277866270219,0.4192708333333333,0.4847784187508943,0.936046511627907,0.8553219559161834
0.71,0.92,False,0.4296875,0.4010416666666667,0.4010416666666667,0.9643562851497188,0.4010416666666667,0.4547488923623813,0.9333333333333333,0.7587813620071685
0.71,0.93,False,0.4153645833333333,0.38671875,0.38671875,0.629897911636379,0.38671875,0.4327699288481918,0.9310344827586207,0.6224565756823822
0.71,0.94,False,0.3828125,0.35546875,0.35546875,0.6315676141257537,0.35546875,0.3885986887692554,0.9285714285714286,0.6079583167396788
0.71,0.95,False,0.3606770833333333,0.3333333333333333,0.3333333333333333,0.6232830137358901,0.3333333333333333,0.35232637660653227,0.924187725631769,0.5752116220544498
0.72,0.5,True,0.9596354166666666,0.796875,0.796875,0.8309463009567629,0.796875,0.8116878735146958,0.830393487109905,0.8288629377428723
0.72,0.51,True,0.9518229166666666,0.79296875,0.79296875,0.8340100194364991,0.79296875,0.810706123546414,0.8331053351573188,0.831113139206307
0.72,0.52,True,0.9375,0.7864583333333334,0.7864583333333334,0.8387100274259808,0.7864583333333334,0.8093851955530212,0.8388888888888889,0.8361259870221843
0.72,0.53,True,0.9296875,0.78515625,0.78515625,0.8437569850930849,0.78515625,0.8111149333027559,0.8445378151260504,0.8415049357773675
0.72,0.54,True,0.9192708333333334,0.7760416666666666,0.7760416666666666,0.8427544418920819,0.7760416666666666,0.8056095960473241,0.8441926345609065,0.8405389023821742
0.72,0.55,True,0.9075520833333334,0.7682291666666666,0.7682291666666666,0.8445288761019722,0.7682291666666666,0.801765926530518,0.8464849354375896,0.8421437467619767
0.72,0.56,True,0.8958333333333334,0.7591145833333334,0.7591145833333334,0.8449584411351275,0.7591145833333334,0.796620092363646,0.8473837209302325,0.8423657133859187
0.72,0.57,True,0.890625,0.7565104166666666,0.7565104166666666,0.8469490660220033,0.7565104166666666,0.7957344904713325,0.8494152046783626,0.8441153081510935
0.72,0.58,True,0.8815104166666666,0.75390625,0.75390625,0.8523038644240731,0.75390625,0.7963656919753883,0.8552437223042836,0.8496651802738556
0.72,0.59,True,0.8736979166666666,0.7486979166666666,0.7486979166666666,0.853417374029879,0.7486979166666666,0.7936011554949705,0.856929955290611,0.8509016822674113
0.72,0.6,True,0.86328125,0.7408854166666666,0.7408854166666666,0.8539435433996344,0.7408854166666666,0.7887807553825531,0.8582202111613876,0.8514496274189577
0.72,0.61,True,0.8567708333333334,0.7369791666666666,0.7369791666666666,0.8558441745601278,0.7369791666666666,0.7872535153236907,0.8601823708206687,0.8532764204829375
0.72,0.62,True,0.8489583333333334,0.7317708333333334,0.7317708333333334,0.8570713997427283,0.7317708333333334,0.7845234948812233,0.8619631901840491,0.8547017453751397
0.72,0.63,True,0.8411458333333334,0.7265625,0.7265625,0.858754050658301,0.7265625,0.7819109160522354,0.8637770897832817,0.8562500061710022
0.72,0.64,True,0.8359375,0.72265625,0.72265625,0.8590768298440651,0.72265625,0.7793248713897295,0.8644859813084113,0.8565589755947608
0.72,0.65,True,0.8268229166666666,0.7200520833333334,0.7200520833333334,0.8661068956679193,0.7200520833333334,0.7800263313732348,0.8708661417322835,0.8630403716856768
0.72,0.66,True,0.8177083333333334,0.7161458333333334,0.7161458333333334,0.8708850596010129,0.7161458333333334,0.7789733577192157,0.8757961783439491,0.8678490318769617
0.72,0.67,True,0.8098958333333334,0.7122395833333334,0.7122395833333334,0.874506064047554,0.7122395833333334,0.7775337698384587,0.8794212218649518,0.8711952800136668
0.72,0.68,True,0.8033854166666666,0.7096354166666666,0.7096354166666666,0.8780315079239318,0.7096354166666666,0.7769945947369243,0.8833063209076175,0.8751005773401873
0.72,0.69,False,0.7955729166666666,0.7057291666666666,0.7057291666666666,0.8828880456139,0.7057291666666666,0.7756763651858763,0.8870703764320785,0.878979280566987
0.72,0.7,False,0.78125,0.6953125,0.6953125,0.885242057919104,0.6953125,0.7697441332309753,0.89,0.8814935144857033
0.72,0.71,False,0.76953125,0.6861979166666666,0.6861979166666666,0.8864640025993108,0.6861979166666666,0.76369908563453,0.8917089678510999,0.8822245526004767
0.72,0.72,False,0.7578125,0.67578125,0.67578125,0.8858792862665102,0.67578125,0.7558373590982287,0.8917525773195877,0.8814706017195043
0.72,0.73,False,0.7526041666666666,0.671875,0.671875,0.886628183771236,0.671875,0.7531028132529286,0.8927335640138409,0.8822110334760208
0.72,0.74,False,0.73828125,0.66015625,0.66015625,0.8875604411003247,0.66015625,0.7447158857693911,0.8941798941798942,0.8823673749815969
0.72,0.75,False,0.7252604166666666,0.65234375,0.65234375,0.8940980251804594,0.65234375,0.7403493137591416,0.8994614003590664,0.887835265216176
0.72,0.76,False,0.70703125,0.6393229166666666,0.6393229166666666,0.8993843381002914,0.6393229166666666,0.7317873582063729,0.9042357274401474,0.8922494558084685
0.72,0.77,False,0.69921875,0.6328125,0.6328125,0.9000975403991283,0.6328125,0.7267499785927639,0.9050279329608939,0.8927277445255276
0.72,0.78,False,0.6927083333333334,0.62890625,0.62890625,0.9036373768388352,0.62890625,0.7243734997073568,0.9078947368421053,0.8958334253172712
0.72,0.79,False,0.6783854166666666,0.6184895833333334,0.6184895833333334,0.9083427510109102,0.6184895833333334,0.7168286539762104,0.9117082533589251,0.8997325693447862
0.72,0.8,False,0.6692708333333334,0.6158854166666666,0.6158854166666666,0.9196152183311717,0.6158854166666666,0.7171208296919116,0.9202334630350194,0.9100409785893658
0.72,0.81,False,0.65625,0.60546875,0.60546875,0.922920566181974,0.60546875,0.7085134483486838,0.9226190476190477,0.9123188939107593
0.72,0.82,False,0.6328125,0.5911458333333334,0.5911458333333334,0.939270636461166,0.5911458333333334,0.6984053905456626,0.934156378600823,0.9263278130580184
0.72,0.83,False,0.6184895833333334,0.5794270833333334,0.5794270833333334,0.9439764419029215,0.5794270833333334,0.6878220325588748,0.9368421052631579,0.9286468677026617
0.72,0.84,False,0.609375,0.5716145833333334,0.5716145833333334,0.9460416447575981,0.5716145833333334,0.6803758376268395,0.938034188034188,0.9298088370734776
0.72,0.85,False,0.5859375,0.5481770833333334,0.5481770833333334,0.943306974603573,0.5481770833333334,0.6559419360495004,0.9355555555555556,0.9249065766214617
0.72,0.86,False,0.5677083333333334,0.5299479166666666,0.5299479166666666,0.941357642573596,0.5299479166666666,0.6354178678307664,0.9334862385321101,0.9198379579542451
0.72,0.87,False,0.55078125,0.5169270833333334,0.5169270833333334,0.9505903251215679,0.5169270833333334,0.6218720679105012,0.9385342789598109,0.9252580401505174
0.72,0.88,False,0.5364583333333334,0.50390625,0.50390625,0.9541166428325961,0.50390625,0.6066134429525756,0.9393203883495146,0.9248017204673551
0.72,0.89,False,0.5091145833333334,0.4765625,0.4765625,0.9516617708125068,0.4765625,0.5701206487478343,0.9360613810741688,0.9115632713561963
0.72,0.9,False,0.48046875,0.4518229166666667,0.4518229166666667,0.9656208442102153,0.4518229166666667,0.5373506010488645,0.940379403794038,0.9111262865226086
0.72,0.91,False,0.4466145833333333,0.41796875,0.41796875,0.964927242684292,0.41796875,0.48408060850977047,0.9358600583090378,0.8552675394780658
0.72,0.92,False,0.4283854166666667,0.3997395833333333,0.3997395833333333,0.9642557412069886,0.3997395833333333,0.45405108212125755,0.9331306990881459,0.7587269455690508
0.72,0.93,False,0.4140625,0.3854166666666667,0.3854166666666667,0.6297973676936489,0.3854166666666667,0.43207211860706796,0.9308176100628931,0.6224021592442646
0.72,0.94,False,0.3815104166666667,0.3541666666666667,0.3541666666666667,0.6314670701830235,0.3541666666666667,0.38790087852813165,0.9283276450511946,0.6079039003015612
0.72,0.95,False,0.359375,0.33203125,0.33203125,0.6231824697931599,0.33203125,0.35162856636540846,0.9239130434782609,0.5751572056163322
0.73,0.5,True,0.9557291666666666,0.796875,0.796875,0.8342959026951527,0.796875,0.8133817122036159,0.8337874659400545,0.8323149442433281
0.73,0.51,True,0.9479166666666666,0.79296875,0.79296875,0.8373619767210223,0.79296875,0.8123993857291939,0.8365384615384616,0.8346059605352538
0.73,0.52,True,0.93359375,0.7864583333333334,0.7864583333333334,0.8421036631706946,0.7864583333333334,0.8110867849177895,0.8423988842398884,0.839699026998873
0.73,0.53,True,0.92578125,0.78515625,0.78515625,0.8471845818878184,0.78515625,0.8128237400963042,0.8481012658227848,0.8451321814838684
0.73,0.54,True,0.9153645833333334,0.7760416666666666,0.7760416666666666,0.846201771030993,0.7760416666666666,0.8073179524152847,0.8477951635846372,0.8442026782148516
0.73,0.55,True,0.9036458333333334,0.7682291666666666,0.7682291666666666,0.8479992417311607,0.7682291666666666,0.803477030820833,0.8501440922190202,0.8458714866980346
0.73,0.56,True,0.8919270833333334,0.7591145833333334,0.7591145833333334,0.8484502592028947,0.7591145833333334,0.7983305918030567,0.8510948905109489,0.8461452370820398
0.73,0.57,True,0.88671875,0.7565104166666666,0.7565104166666666,0.850449967220931,0.7565104166666666,0.7974470346496302,0.8531571218795888,0.8479338985539734
0.73,0.58,True,0.8776041666666666,0.75390625,0.75390625,0.8558422676069735,0.75390625,0.798086540552294,0.8590504451038575,0.8535630040370711
0.73,0.59,True,0.8697916666666666,0.7486979166666666,0.7486979166666666,0.8569789687436747,0.7486979166666666,0.7953255618018916,0.8607784431137725,0.8548525851708959
0.73,0.6,True,0.859375,0.7408854166666666,0.7408854166666666,0.857529166885309,0.7408854166666666,0.7905087682883996,0.8621212121212121,0.8554733779332303
0.73,0.61,True,0.8528645833333334,0.7369791666666666,0.7369791666666666,0.859452189966896,0.7369791666666666,0.788981602280689,0.8641221374045801,0.8573355700125732
0.73,0.62,True,0.8450520833333334,0.7317708333333334,0.7317708333333334,0.860709529370787,0.7317708333333334,0.7862545209227368,0.8659476117103235,0.8588136211685452
0.73,0.63,True,0.8372395833333334,0.7265625,0.7265625,0.8624166117782169,0.7265625,0.7836419201041886,0.8678071539657853,0.860409115505664
0.73,0.64,True,0.83203125,0.72265625,0.72265625,0.8627510340864019,0.72265625,0.7810581070982329,0.8685446009389671,0.8607637575450283
0.73,0.65,True,0.82421875,0.7200520833333334,0.7200520833333334,0.8685178211275973,0.7200520833333334,0.7812317803075951,0.8736176935229067,0.865883035029798
0.73,0.66,True,0.8151041666666666,0.7161458333333334,0.7161458333333334,0.873295985060691,0.7161458333333334,0.7801788066535761,0.8785942492012779,0.8707523958075486
0.73,0.67,True,0.8072916666666666,0.7122395833333334,0.7122395833333334,0.8769169895072321,0.7122395833333334,0.7787392187728189,0.882258064516129,0.8741397644840344
0.73,0.68,True,0.80078125,0.7096354166666666,0.7096354166666666,0.8804424333836098,0.7096354166666666,0.7782000436712847,0.8861788617886179,0.8780934959349592
0.73,0.69,False,0.79296875,0.7057291666666666,0.7057291666666666,0.885298971073578,0.7057291666666666,0.7768818141202365,0.8899835796387521,0.8820141531109273
0.73,0.7,False,0.7786458333333334,0.6953125,0.6953125,0.8876529833787821,0.6953125,0.7709495821653357,0.8929765886287625,0.8845655591542281
0.73,0.71,False,0.7669270833333334,0.6861979166666666,0.6861979166666666,0.8888749280589888,0.6861979166666666,0.7649045345688902,0.8947368421052632,0.8853356506905635
0.73,0.72,False,0.7552083333333334,0.67578125,0.67578125,0.8882902117261883,0.67578125,0.7570428080325889,0.8948275862068965,0.8846342532204297
0.73,0.73,False,0.75,0.671875,0.671875,0.889039109230914,0.671875,0.7543082621872889,0.8958333333333334,0.8854086719630497
0.73,0.74,False,0.7356770833333334,0.66015625,0.66015625,0.8899713665600028,0.66015625,0.7459213347037513,0.8973451327433628,0.8856079592921698
0.73,0.75,False,0.72265625,0.65234375,0.65234375,0.8965089506401375,0.65234375,0.741554762693502,0.9027027027027027,0.8911555475287772
0.73,0.76,False,0.7044270833333334,0.6393229166666666,0.6393229166666666,0.9017952635599694,0.6393229166666666,0.7329928071407331,0.9075785582255084,0.8956322984274938
0.73,0.77,False,0.6966145833333334,0.6328125,0.6328125,0.9025084658588063,0.6328125,0.727955427527124,0.908411214953271,0.8961390710132168
0.73,0.78,False,0.6901041666666666,0.62890625,0.62890625,0.9060483022985132,0.62890625,0.7255789486417171,0.9113207547169812,0.8992901973433601
0.73,0.79,False,0.67578125,0.6184895833333334,0.6184895833333334,0.9107536764705882,0.6184895833333334,0.7180341029105707,0.9152215799614644,0.9032390636640827
0.73,0.8,False,0.6666666666666666,0.6158854166666666,0.6158854166666666,0.9220261437908497,0.6158854166666666,0.718326278626272,0.923828125,0.9136342302428725
0.73,0.81,False,0.6536458333333334,0.60546875,0.60546875,0.9253314916416521,0.60546875,0.7097188972830439,0.9262948207171314,0.915981154815292
0.73,0.82,False,0.6302083333333334,0.5911458333333334,0.5911458333333334,0.9416815619208441,0.5911458333333334,0.699610839480023,0.9380165289256198,0.9301656920077973
0.73,0.83,False,0.6158854166666666,0.5794270833333334,0.5794270833333334,0.9463873673625995,0.5794270833333334,0.6890274814932349,0.9408033826638478,0.9325924275214336
0.73,0.84,False,0.6067708333333334,0.5716145833333334,0.5716145833333334,0.9484525702172761,0.5716145833333334,0.6815812865611998,0.9420600858369099,0.9338207027120671
0.73,0.85,False,0.5833333333333334,0.5481770833333334,0.5481770833333334,0.9457179000632511,0.5481770833333334,0.6571473849838606,0.9397321428571429,0.9291838955879239
0.73,0.86,False,0.5651041666666666,0.5299479166666666,0.5299479166666666,0.943768568033274,0.5299479166666666,0.6366233167651266,0.9377880184331797,0.9241419786200034
0.73,0.87,False,0.5481770833333334,0.5169270833333334,0.5169270833333334,0.953001250581246,0.5169270833333334,0.6230775168448615,0.9429928741092637,0.9297440482316216
0.73,0.88,False,0.5338541666666666,0.50390625,0.50390625,0.9565275682922741,0.50390625,0.6078188918869358,0.9439024390243902,0.9294164196603222
0.73,0.89,False,0.5065104166666666,0.4765625,0.4765625,0.9540726962721848,0.4765625,0.5713260976821947,0.9408740359897172,0.9162447622897697
0.73,0.9,False,0.4778645833333333,0.4518229166666667,0.4518229166666667,0.9680317696698933,0.4518229166666667,0.5385560499832247,0.9455040871934605,0.9161976235146967
0.73,0.91,False,0.4440104166666667,0.41796875,0.41796875,0.96733816814397,0.41796875,0.4852860574441307,0.9413489736070382,0.8606118955926402
0.73,0.92,False,0.42578125,0.3997395833333333,0.3997395833333333,0.9666666666666667,0.3997395833333333,0.4552565310556178,0.9388379204892966,0.7643306996450246
0.73,0.93,False,0.4114583333333333,0.3854166666666667,0.3854166666666667,0.6322082931533269,0.3854166666666667,0.43327756754142827,0.9367088607594937,0.6284298780487805
0.73,0.94,False,0.37890625,0.3541666666666667,0.3541666666666667,0.6338779956427015,0.3541666666666667,0.3891063274624919,0.9347079037800687,0.6164968611711433
0.73,0.95,False,0.3567708333333333,0.33203125,0.33203125,0.625593395252838,0.33203125,0.3528340152997687,0.9306569343065694,0.5878048780487805
0.74,0.5,True,0.953125,0.7942708333333334,0.7942708333333334,0.8336693362791125,0.7942708333333334,0.8118000244150316,0.8333333333333334,0.8317351014112536
0.74,0.51,True,0.9453125,0.7903645833333334,0.7903645833333334,0.8367306545314821,0.7903645833333334,0.8108116086540814,0.8360881542699724,0.8340301858654487
0.74,0.52,True,0.9309895833333334,0.7838541666666666,0.7838541666666666,0.8414879493464053,0.7838541666666666,0.809480713257608,0.8419580419580419,0.8391322368529245
0.74,0.53,True,0.9231770833333334,0.7825520833333334,0.7825520833333334,0.846586184961689,0.7825520833333334,0.8112065639287276,0.847672778561354,0.8445768480616817
0.74,0.54,True,0.9127604166666666,0.7734375,0.7734375,0.845589829427706,0.7734375,0.8056737356316258,0.8473609129814551,0.8436321313975951
0.74,0.55,True,0.9010416666666666,0.765625,0.765625,0.8473895682451832,0.765625,0.8018170575945947,0.8497109826589595,0.8453017672848455
0.74,0.56,True,0.8893229166666666,0.7565104166666666,0.7565104166666666,0.847826469267098,0.7565104166666666,0.7966423093845512,0.8506588579795022,0.8455630819934471
0.74,0.57,True,0.8841145833333334,0.75390625,0.75390625,0.8498327711899761,0.75390625,0.7957573821255745,0.8527245949926362,0.8473591859102952
0.74,0.58,True,0.875,0.7513020833333334,0.7513020833333334,0.8552528187416626,0.7513020833333334,0.7963914362810773,0.8586309523809523,0.8530075681875177
0.74,0.59,True,0.8684895833333334,0.7473958333333334,0.7473958333333334,0.8566903684550744,0.7473958333333334,0.7944749126890173,0.8605697151424287,0.8545776577436507
0.74,0.6,True,0.8580729166666666,0.7395833333333334,0.7395833333333334,0.857245785892445,0.7395833333333334,0.789653233836027,0.8619119878603946,0.8552001255550291
0.74,0.61,True,0.8515625,0.7356770833333334,0.7356770833333334,0.8591652478357833,0.7356770833333334,0.7881146340598586,0.863914373088685,0.8570591614807631
0.74,0.62,True,0.84375,0.73046875,0.73046875,0.8604258708679504,0.73046875,0.7853788022142006,0.8657407407407407,0.8585365667133167
0.74,0.63,True,0.8359375,0.7252604166666666,0.7252604166666666,0.8621295029639763,0.7252604166666666,0.7827542787113114,0.867601246105919,0.8601288857172374
0.74,0.64,True,0.8307291666666666,0.7213541666666666,0.7213541666666666,0.8624684868140697,0.7213541666666666,0.7801697000572307,0.8683385579937304,0.860485870074828
0.74,0.65,True,0.8229166666666666,0.71875,0.71875,0.8682373120774897,0.71875,0.7803388092653704,0.8734177215189873,0.865612215801633
0.74,0.66,True,0.8138020833333334,0.71484375,0.71484375,0.8730301690054012,0.71484375,0.7792835184538437,0.8784,0.8704916915994761
0.74,0.67,True,0.8059895833333334,0.7109375,0.7109375,0.8766590278731622,0.7109375,0.7778385116086128,0.8820678513731826,0.8738844765880192
0.74,0.68,False,0.7994791666666666,0.7083333333333334,0.7083333333333334,0.8802009574829047,0.7083333333333334,0.7772970093496655,0.8859934853420195,0.8778464052287581
0.74,0.69,False,0.7916666666666666,0.7044270833333334,0.7044270833333334,0.885052677787533,0.7044270833333334,0.7759708671494536,0.8898026315789473,0.8817707582894615
0.74,0.7,False,0.7786458333333334,0.6953125,0.6953125,0.8876529833787821,0.6953125,0.7709495821653357,0.8929765886287625,0.8845655591542281
0.74,0.71,False,0.7669270833333334,0.6861979166666666,0.6861979166666666,0.8888749280589888,0.6861979166666666,0.7649045345688902,0.8947368421052632,0.8853356506905635
0.74,0.72,False,0.7552083333333334,0.67578125,0.67578125,0.8882902117261883,0.67578125,0.7570428080325889,0.8948275862068965,0.8846342532204297
0.74,0.73,False,0.75,0.671875,0.671875,0.889039109230914,0.671875,0.7543082621872889,0.8958333333333334,0.8854086719630497
0.74,0.74,False,0.7356770833333334,0.66015625,0.66015625,0.8899713665600028,0.66015625,0.7459213347037513,0.8973451327433628,0.8856079592921698
0.74,0.75,False,0.72265625,0.65234375,0.65234375,0.8965089506401375,0.65234375,0.741554762693502,0.9027027027027027,0.8911555475287772
0.74,0.76,False,0.7044270833333334,0.6393229166666666,0.6393229166666666,0.9017952635599694,0.6393229166666666,0.7329928071407331,0.9075785582255084,0.8956322984274938
0.74,0.77,False,0.6966145833333334,0.6328125,0.6328125,0.9025084658588063,0.6328125,0.727955427527124,0.908411214953271,0.8961390710132168
0.74,0.78,False,0.6901041666666666,0.62890625,0.62890625,0.9060483022985132,0.62890625,0.7255789486417171,0.9113207547169812,0.8992901973433601
0.74,0.79,False,0.67578125,0.6184895833333334,0.6184895833333334,0.9107536764705882,0.6184895833333334,0.7180341029105707,0.9152215799614644,0.9032390636640827
0.74,0.8,False,0.6666666666666666,0.6158854166666666,0.6158854166666666,0.9220261437908497,0.6158854166666666,0.718326278626272,0.923828125,0.9136342302428725
0.74,0.81,False,0.6536458333333334,0.60546875,0.60546875,0.9253314916416521,0.60546875,0.7097188972830439,0.9262948207171314,0.915981154815292
0.74,0.82,False,0.6302083333333334,0.5911458333333334,0.5911458333333334,0.9416815619208441,0.5911458333333334,0.699610839480023,0.9380165289256198,0.9301656920077973
0.74,0.83,False,0.6158854166666666,0.5794270833333334,0.5794270833333334,0.9463873673625995,0.5794270833333334,0.6890274814932349,0.9408033826638478,0.9325924275214336
0.74,0.84,False,0.6067708333333334,0.5716145833333334,0.5716145833333334,0.9484525702172761,0.5716145833333334,0.6815812865611998,0.9420600858369099,0.9338207027120671
0.74,0.85,False,0.5833333333333334,0.5481770833333334,0.5481770833333334,0.9457179000632511,0.5481770833333334,0.6571473849838606,0.9397321428571429,0.9291838955879239
0.74,0.86,False,0.5651041666666666,0.5299479166666666,0.5299479166666666,0.943768568033274,0.5299479166666666,0.6366233167651266,0.9377880184331797,0.9241419786200034
0.74,0.87,False,0.5481770833333334,0.5169270833333334,0.5169270833333334,0.953001250581246,0.5169270833333334,0.6230775168448615,0.9429928741092637,0.9297440482316216
0.74,0.88,False,0.5338541666666666,0.50390625,0.50390625,0.9565275682922741,0.50390625,0.6078188918869358,0.9439024390243902,0.9294164196603222
0.74,0.89,False,0.5065104166666666,0.4765625,0.4765625,0.9540726962721848,0.4765625,0.5713260976821947,0.9408740359897172,0.9162447622897697
0.74,0.9,False,0.4778645833333333,0.4518229166666667,0.4518229166666667,0.9680317696698933,0.4518229166666667,0.5385560499832247,0.9455040871934605,0.9161976235146967
0.74,0.91,False,0.4440104166666667,0.41796875,0.41796875,0.96733816814397,0.41796875,0.4852860574441307,0.9413489736070382,0.8606118955926402
0.74,0.92,False,0.42578125,0.3997395833333333,0.3997395833333333,0.9666666666666667,0.3997395833333333,0.4552565310556178,0.9388379204892966,0.7643306996450246
0.74,0.93,False,0.4114583333333333,0.3854166666666667,0.3854166666666667,0.6322082931533269,0.3854166666666667,0.43327756754142827,0.9367088607594937,0.6284298780487805
0.74,0.94,False,0.37890625,0.3541666666666667,0.3541666666666667,0.6338779956427015,0.3541666666666667,0.3891063274624919,0.9347079037800687,0.6164968611711433
0.74,0.95,False,0.3567708333333333,0.33203125,0.33203125,0.625593395252838,0.33203125,0.3528340152997687,0.9306569343065694,0.5878048780487805
0.75,0.5,True,0.94921875,0.7916666666666666,0.7916666666666666,0.833988621081156,0.7916666666666666,0.8106940382026625,0.8340192043895748,0.832227230459785
0.75,0.51,True,0.94140625,0.7877604166666666,0.7877604166666666,0.8370475113122172,0.7877604166666666,0.8096988545503337,0.8367911479944675,0.8345452914395928
0.75,0.52,True,0.9270833333333334,0.78125,0.78125,0.841863649280529,0.78125,0.8083576983591142,0.8426966292134831,0.8396940953366868
0.75,0.53,True,0.9192708333333334,0.7799479166666666,0.7799479166666666,0.8470145789127664,0.7799479166666666,0.8100794858785726,0.8484419263456091,0.8451771212320814
0.75,0.54,True,0.9088541666666666,0.7708333333333334,0.7708333333333334,0.8460247720487372,0.7708333333333334,0.8045187031230495,0.8481375358166189,0.8442352994082993
0.75,0.55,True,0.8984375,0.7630208333333334,0.7630208333333334,0.8467697335344395,0.7630208333333334,0.8001436974874997,0.8492753623188406,0.8447223090782687
0.75,0.56,True,0.88671875,0.75390625,0.75390625,0.8471920616302665,0.75390625,0.7949402731377889,0.8502202643171806,0.8449707582570185
0.75,0.57,True,0.8815104166666666,0.7513020833333334,0.7513020833333334,0.849205024799518,0.7513020833333334,0.79405393651969,0.8522895125553914,0.8467743905886579
0.75,0.58,True,0.8723958333333334,0.7486979166666666,0.7486979166666666,0.8546531185917375,0.7486979166666666,0.7946823805343773,0.8582089552238806,0.8524422798173511
0.75,0.59,True,0.8658854166666666,0.7447916666666666,0.7447916666666666,0.8561055731334369,0.7447916666666666,0.792763069226332,0.8601503759398497,0.8540204551628193
0.75,0.6,True,0.85546875,0.7369791666666666,0.7369791666666666,0.8566714670802407,0.7369791666666666,0.7879314929838515,0.8614916286149162,0.85464625219517
0.75,0.61,True,0.8489583333333334,0.7330729166666666,0.7330729166666666,0.8585835732894557,0.7330729166666666,0.7863697923575584,0.8634969325153374,0.85649875425151
0.75,0.62,True,0.8411458333333334,0.7278645833333334,0.7278645833333334,0.8598507107700328,0.7278645833333334,0.7836162563145678,0.8653250773993808,0.857974743989721
0.75,0.63,True,0.8333333333333334,0.72265625,0.72265625,0.8615471977632629,0.72265625,0.7809676401721298,0.8671875,0.8595604763591526
0.75,0.64,True,0.828125,0.71875,0.71875,0.8618953956484905,0.71875,0.7783814961413672,0.8679245283018868,0.859922193121057
0.75,0.65,True,0.8203125,0.7161458333333334,0.7161458333333334,0.8676682794329853,0.7161458333333334,0.7785413696996905,0.873015873015873,0.8650627652521824
0.75,0.66,True,0.8111979166666666,0.7122395833333334,0.7122395833333334,0.8724908320816249,0.7122395833333334,0.7774813400474709,0.8780096308186196,0.869962689856882
0.75,0.67,True,0.8033854166666666,0.7083333333333334,0.7083333333333334,0.8761355174981386,0.7083333333333334,0.7760253489258849,0.8816855753646677,0.8733663738801355
0.75,0.68,False,0.796875,0.7057291666666666,0.7057291666666666,0.8797107974456525,0.7057291666666666,0.7754790846759464,0.8856209150326797,0.8773448844884489
0.75,0.69,False,0.7890625,0.7018229166666666,0.7018229166666666,0.8845526652872205,0.7018229166666666,0.7741369607203611,0.8894389438943895,0.8812766116242187
0.75,0.7,False,0.77734375,0.6940104166666666,0.6940104166666666,0.8874075645306144,0.6940104166666666,0.7700074547550875,0.8927973199329984,0.8843136881122016
0.75,0.71,False,0.765625,0.6848958333333334,0.6848958333333334,0.8886327503974564,0.6848958333333334,0.7639434663809314,0.8945578231292517,0.8850796488701062
0.75,0.72,False,0.75390625,0.6744791666666666,0.6744791666666666,0.8880446623093682,0.6744791666666666,0.7560630950884816,0.8946459412780656,0.8843704830488547
0.75,0.73,False,0.7486979166666666,0.6705729166666666,0.6705729166666666,0.8887984882194688,0.6705729166666666,0.7533230405124121,0.8956521739130435,0.8851455833021711
0.75,0.74,False,0.734375,0.6588541666666666,0.6588541666666666,0.8897305684863873,0.6588541666666666,0.744906136043667,0.8971631205673759,0.8853342866047041
0.75,0.75,False,0.7213541666666666,0.6510416666666666,0.6510416666666666,0.8962655528063781,0.6510416666666666,0.7405190882104948,0.9025270758122743,0.8908855184125942
0.75,0.76,False,0.703125,0.6380208333333334,0.6380208333333334,0.9015547633194693,0.6380208333333334,0.7319074711039987,0.9074074074074074,0.8953501086347018
0.75,0.77,False,0.6953125,0.6315104166666666,0.6315104166666666,0.9022666132679604,0.6315104166666666,0.7268471685530785,0.9082397003745318,0.8958471573769341
0.75,0.78,False,0.6888020833333334,0.6276041666666666,0.6276041666666666,0.9058121190202892,0.6276041666666666,0.7244582015872968,0.9111531190926276,0.899001305244559
0.75,0.79,False,0.6744791666666666,0.6171875,0.6171875,0.9105176561365287,0.6171875,0.716864069679887,0.915057915057915,0.9029351122963015
0.75,0.8,False,0.6666666666666666,0.6158854166666666,0.6158854166666666,0.9220261437908497,0.6158854166666666,0.718326278626272,0.923828125,0.9136342302428725
0.75,0.81,False,0.6536458333333334,0.60546875,0.60546875,0.9253314916416521,0.60546875,0.7097188972830439,0.9262948207171314,0.915981154815292
0.75,0.82,False,0.6302083333333334,0.5911458333333334,0.5911458333333334,0.9416815619208441,0.5911458333333334,0.699610839480023,0.9380165289256198,0.9301656920077973
0.75,0.83,False,0.6158854166666666,0.5794270833333334,0.5794270833333334,0.9463873673625995,0.5794270833333334,0.6890274814932349,0.9408033826638478,0.9325924275214336
0.75,0.84,False,0.6067708333333334,0.5716145833333334,0.5716145833333334,0.9484525702172761,0.5716145833333334,0.6815812865611998,0.9420600858369099,0.9338207027120671
0.75,0.85,False,0.5833333333333334,0.5481770833333334,0.5481770833333334,0.9457179000632511,0.5481770833333334,0.6571473849838606,0.9397321428571429,0.9291838955879239
0.75,0.86,False,0.5651041666666666,0.5299479166666666,0.5299479166666666,0.943768568033274,0.5299479166666666,0.6366233167651266,0.9377880184331797,0.9241419786200034
0.75,0.87,False,0.5481770833333334,0.5169270833333334,0.5169270833333334,0.953001250581246,0.5169270833333334,0.6230775168448615,0.9429928741092637,0.9297440482316216
0.75,0.88,False,0.5338541666666666,0.50390625,0.50390625,0.9565275682922741,0.50390625,0.6078188918869358,0.9439024390243902,0.9294164196603222
0.75,0.89,False,0.5065104166666666,0.4765625,0.4765625,0.9540726962721848,0.4765625,0.5713260976821947,0.9408740359897172,0.9162447622897697
0.75,0.9,False,0.4778645833333333,0.4518229166666667,0.4518229166666667,0.9680317696698933,0.4518229166666667,0.5385560499832247,0.9455040871934605,0.9161976235146967
0.75,0.91,False,0.4440104166666667,0.41796875,0.41796875,0.96733816814397,0.41796875,0.4852860574441307,0.9413489736070382,0.8606118955926402
0.75,0.92,False,0.42578125,0.3997395833333333,0.3997395833333333,0.9666666666666667,0.3997395833333333,0.4552565310556178,0.9388379204892966,0.7643306996450246
0.75,0.93,False,0.4114583333333333,0.3854166666666667,0.3854166666666667,0.6322082931533269,0.3854166666666667,0.43327756754142827,0.9367088607594937,0.6284298780487805
0.75,0.94,False,0.37890625,0.3541666666666667,0.3541666666666667,0.6338779956427015,0.3541666666666667,0.3891063274624919,0.9347079037800687,0.6164968611711433
0.75,0.95,False,0.3567708333333333,0.33203125,0.33203125,0.625593395252838,0.33203125,0.3528340152997687,0.9306569343065694,0.5878048780487805
0.76,0.5,True,0.9479166666666666,0.7903645833333334,0.7903645833333334,0.8337081120310482,0.7903645833333334,0.8098010671604375,0.8337912087912088,0.8318929138422825
0.76,0.51,True,0.9401041666666666,0.7864583333333334,0.7864583333333334,0.8367765463673392,0.7864583333333334,0.8087958233445542,0.8365650969529086,0.8342104954875801
0.76,0.52,True,0.92578125,0.7799479166666666,0.7799479166666666,0.8415899765930632,0.7799479166666666,0.8074420341868431,0.8424753867791842,0.83936187476366
0.76,0.53,True,0.91796875,0.7786458333333334,0.7786458333333334,0.8467463254864386,0.7786458333333334,0.8091629944235077,0.8482269503546099,0.8448553567929024
0.76,0.54,True,0.9075520833333334,0.76953125,0.76953125,0.8457483901391895,0.76953125,0.8035900995628671,0.8479196556671449,0.8439064993584123
0.76,0.55,True,0.8971354166666666,0.76171875,0.76171875,0.8464877703658784,0.76171875,0.7991976516634051,0.8490566037735849,0.8443852061409123
0.76,0.56,True,0.8854166666666666,0.7526041666666666,0.7526041666666666,0.8469073183584744,0.7526041666666666,0.7939805449381655,0.85,0.8446283553725836
0.76,0.57,True,0.8802083333333334,0.75,0.75,0.848920578332343,0.75,0.7930845698618357,0.8520710059171598,0.8464300357756617
0.76,0.58,True,0.87109375,0.7473958333333334,0.7473958333333334,0.8543691389599317,0.7473958333333334,0.7937032009837693,0.8579970104633782,0.8521039788006676
0.76,0.59,True,0.8658854166666666,0.7447916666666666,0.7447916666666666,0.8561055731334369,0.7447916666666666,0.792763069226332,0.8601503759398497,0.8540204551628193
0.76,0.6,True,0.85546875,0.7369791666666666,0.7369791666666666,0.8566714670802407,0.7369791666666666,0.7879314929838515,0.8614916286149162,0.85464625219517
0.76,0.61,True,0.8489583333333334,0.7330729166666666,0.7330729166666666,0.8585835732894557,0.7330729166666666,0.7863697923575584,0.8634969325153374,0.85649875425151
0.76,0.62,True,0.8411458333333334,0.7278645833333334,0.7278645833333334,0.8598507107700328,0.7278645833333334,0.7836162563145678,0.8653250773993808,0.857974743989721
0.76,0.63,True,0.8333333333333334,0.72265625,0.72265625,0.8615471977632629,0.72265625,0.7809676401721298,0.8671875,0.8595604763591526
0.76,0.64,True,0.828125,0.71875,0.71875,0.8618953956484905,0.71875,0.7783814961413672,0.8679245283018868,0.859922193121057
0.76,0.65,True,0.8203125,0.7161458333333334,0.7161458333333334,0.8676682794329853,0.7161458333333334,0.7785413696996905,0.873015873015873,0.8650627652521824
0.76,0.66,True,0.8111979166666666,0.7122395833333334,0.7122395833333334,0.8724908320816249,0.7122395833333334,0.7774813400474709,0.8780096308186196,0.869962689856882
0.76,0.67,True,0.8033854166666666,0.7083333333333334,0.7083333333333334,0.8761355174981386,0.7083333333333334,0.7760253489258849,0.8816855753646677,0.8733663738801355
0.76,0.68,False,0.796875,0.7057291666666666,0.7057291666666666,0.8797107974456525,0.7057291666666666,0.7754790846759464,0.8856209150326797,0.8773448844884489
0.76,0.69,False,0.7890625,0.7018229166666666,0.7018229166666666,0.8845526652872205,0.7018229166666666,0.7741369607203611,0.8894389438943895,0.8812766116242187
0.76,0.7,False,0.77734375,0.6940104166666666,0.6940104166666666,0.8874075645306144,0.6940104166666666,0.7700074547550875,0.8927973199329984,0.8843136881122016
0.76,0.71,False,0.765625,0.6848958333333334,0.6848958333333334,0.8886327503974564,0.6848958333333334,0.7639434663809314,0.8945578231292517,0.8850796488701062
0.76,0.72,False,0.75390625,0.6744791666666666,0.6744791666666666,0.8880446623093682,0.6744791666666666,0.7560630950884816,0.8946459412780656,0.8843704830488547
0.76,0.73,False,0.7486979166666666,0.6705729166666666,0.6705729166666666,0.8887984882194688,0.6705729166666666,0.7533230405124121,0.8956521739130435,0.8851455833021711
0.76,0.74,False,0.734375,0.6588541666666666,0.6588541666666666,0.8897305684863873,0.6588541666666666,0.744906136043667,0.8971631205673759,0.8853342866047041
0.76,0.75,False,0.7213541666666666,0.6510416666666666,0.6510416666666666,0.8962655528063781,0.6510416666666666,0.7405190882104948,0.9025270758122743,0.8908855184125942
0.76,0.76,False,0.703125,0.6380208333333334,0.6380208333333334,0.9015547633194693,0.6380208333333334,0.7319074711039987,0.9074074074074074,0.8953501086347018
0.76,0.77,False,0.6953125,0.6315104166666666,0.6315104166666666,0.9022666132679604,0.6315104166666666,0.7268471685530785,0.9082397003745318,0.8958471573769341
0.76,0.78,False,0.6888020833333334,0.6276041666666666,0.6276041666666666,0.9058121190202892,0.6276041666666666,0.7244582015872968,0.9111531190926276,0.899001305244559
0.76,0.79,False,0.6744791666666666,0.6171875,0.6171875,0.9105176561365287,0.6171875,0.716864069679887,0.915057915057915,0.9029351122963015
0.76,0.8,False,0.6666666666666666,0.6158854166666666,0.6158854166666666,0.9220261437908497,0.6158854166666666,0.718326278626272,0.923828125,0.9136342302428725
0.76,0.81,False,0.6536458333333334,0.60546875,0.60546875,0.9253314916416521,0.60546875,0.7097188972830439,0.9262948207171314,0.915981154815292
0.76,0.82,False,0.6302083333333334,0.5911458333333334,0.5911458333333334,0.9416815619208441,0.5911458333333334,0.699610839480023,0.9380165289256198,0.9301656920077973
0.76,0.83,False,0.6158854166666666,0.5794270833333334,0.5794270833333334,0.9463873673625995,0.5794270833333334,0.6890274814932349,0.9408033826638478,0.9325924275214336
0.76,0.84,False,0.6067708333333334,0.5716145833333334,0.5716145833333334,0.9484525702172761,0.5716145833333334,0.6815812865611998,0.9420600858369099,0.9338207027120671
0.76,0.85,False,0.5833333333333334,0.5481770833333334,0.5481770833333334,0.9457179000632511,0.5481770833333334,0.6571473849838606,0.9397321428571429,0.9291838955879239
0.76,0.86,False,0.5651041666666666,0.5299479166666666,0.5299479166666666,0.943768568033274,0.5299479166666666,0.6366233167651266,0.9377880184331797,0.9241419786200034
0.76,0.87,False,0.5481770833333334,0.5169270833333334,0.5169270833333334,0.953001250581246,0.5169270833333334,0.6230775168448615,0.9429928741092637,0.9297440482316216
0.76,0.88,False,0.5338541666666666,0.50390625,0.50390625,0.9565275682922741,0.50390625,0.6078188918869358,0.9439024390243902,0.9294164196603222
0.76,0.89,False,0.5065104166666666,0.4765625,0.4765625,0.9540726962721848,0.4765625,0.5713260976821947,0.9408740359897172,0.9162447622897697
0.76,0.9,False,0.4778645833333333,0.4518229166666667,0.4518229166666667,0.9680317696698933,0.4518229166666667,0.5385560499832247,0.9455040871934605,0.9161976235146967
0.76,0.91,False,0.4440104166666667,0.41796875,0.41796875,0.96733816814397,0.41796875,0.4852860574441307,0.9413489736070382,0.8606118955926402
0.76,0.92,False,0.42578125,0.3997395833333333,0.3997395833333333,0.9666666666666667,0.3997395833333333,0.4552565310556178,0.9388379204892966,0.7643306996450246
0.76,0.93,False,0.4114583333333333,0.3854166666666667,0.3854166666666667,0.6322082931533269,0.3854166666666667,0.43327756754142827,0.9367088607594937,0.6284298780487805
0.76,0.94,False,0.37890625,0.3541666666666667,0.3541666666666667,0.6338779956427015,0.3541666666666667,0.3891063274624919,0.9347079037800687,0.6164968611711433
0.76,0.95,False,0.3567708333333333,0.33203125,0.33203125,0.625593395252838,0.33203125,0.3528340152997687,0.9306569343065694,0.5878048780487805
0.77,0.5,True,0.9453125,0.7890625,0.7890625,0.8343540781942558,0.7890625,0.8094880839926724,0.8347107438016529,0.8326852979991092
0.77,0.51,True,0.9375,0.78515625,0.78515625,0.8374225411993805,0.78515625,0.8084791099249543,0.8375,0.8350241440151098
0.77,0.52,True,0.9231770833333334,0.7786458333333334,0.7786458333333334,0.8422881063402143,0.7786458333333334,0.8071242823200508,0.843441466854725,0.8402184409176966
0.77,0.53,True,0.9153645833333334,0.77734375,0.77734375,0.8474893974332871,0.77734375,0.8088467988881886,0.8492176386913229,0.84574507847051
0.77,0.54,True,0.9049479166666666,0.7682291666666666,0.7682291666666666,0.8465054096452485,0.7682291666666666,0.8032594584012682,0.8489208633093526,0.8448071197784645
0.77,0.55,True,0.89453125,0.7604166666666666,0.7604166666666666,0.8472580784891276,0.7604166666666666,0.7988602697470758,0.8500727802037845,0.8453081187403814
0.77,0.56,True,0.8828125,0.7513020833333334,0.7513020833333334,0.8476926347679349,0.7513020833333334,0.7936279126212185,0.8510324483775811,0.8455707266785111
0.77,0.57,True,0.8776041666666666,0.7486979166666666,0.7486979166666666,0.8497187903374517,0.7486979166666666,0.7927332818056296,0.8531157270029673,0.8473930323148148
0.77,0.58,True,0.8697916666666666,0.74609375,0.74609375,0.8540653607180483,0.74609375,0.7928433873709965,0.8577844311377245,0.8518175576331557
0.77,0.59,True,0.8645833333333334,0.7434895833333334,0.7434895833333334,0.855809311186352,0.7434895833333334,0.7919018312109438,0.8599397590361446,0.8537381142577672
0.77,0.6,True,0.8541666666666666,0.7356770833333334,0.7356770833333334,0.8563804617892354,0.7356770833333334,0.7870652421176006,0.8612804878048781,0.8543655646798464
0.77,0.61,True,0.84765625,0.7317708333333334,0.7317708333333334,0.858288770053476,0.7317708333333334,0.7854918730556658,0.8632872503840245,0.8562146857594403
0.77,0.62,True,0.83984375,0.7265625,0.7265625,0.8595591365537275,0.7265625,0.7827293820536299,0.8651162790697674,0.8576899037976883
0.77,0.63,True,0.83203125,0.7213541666666666,0.7213541666666666,0.861251925078939,0.7213541666666666,0.7800685944969649,0.86697965571205,0.8592722212571308
0.77,0.64,True,0.8268229166666666,0.7174479166666666,0.7174479166666666,0.8616047759578888,0.7174479166666666,0.7774816504877743,0.8677165354330708,0.859636328380216
0.77,0.65,True,0.8190104166666666,0.71484375,0.71484375,0.867379679144385,0.71484375,0.7776368517247031,0.8728139904610492,0.8647840584517364
0.77,0.66,True,0.8098958333333334,0.7109375,0.7109375,0.8722172364091266,0.7109375,0.7765743996156926,0.8778135048231511,0.8696943182411271
0.77,0.67,True,0.8020833333333334,0.70703125,0.70703125,0.8758698940073629,0.70703125,0.7751128422162767,0.8814935064935064,0.8731034847283574
0.77,0.68,False,0.7955729166666666,0.7044270833333334,0.7044270833333334,0.8794620412267471,0.7044270833333334,0.7745641423237127,0.8854337152209493,0.8770903814262022
0.77,0.69,False,0.7877604166666666,0.7005208333333334,0.7005208333333334,0.884298871063577,0.7005208333333334,0.7732139483436044,0.8892561983471075,0.8810257852789499
0.77,0.7,False,0.7760416666666666,0.6927083333333334,0.6927083333333334,0.8871595623261505,0.6927083333333334,0.7690611025582461,0.8926174496644296,0.8840591796770649
0.77,0.71,False,0.7643229166666666,0.68359375,0.68359375,0.8883879403700375,0.68359375,0.762978029701209,0.8943781942078365,0.8848208943419019
0.77,0.72,False,0.7526041666666666,0.6731770833333334,0.6731770833333334,0.8877963693236451,0.6731770833333334,0.755078877717045,0.8944636678200693,0.8841038063189152
0.77,0.73,False,0.7473958333333334,0.6692708333333334,0.6692708333333334,0.8885551483265384,0.6692708333333334,0.7523332681600531,0.8954703832752613,0.8848795714339492
0.77,0.74,False,0.734375,0.6588541666666666,0.6588541666666666,0.8897305684863873,0.6588541666666666,0.744906136043667,0.8971631205673759,0.8853342866047041
0.77,0.75,False,0.7213541666666666,0.6510416666666666,0.6510416666666666,0.8962655528063781,0.6510416666666666,0.7405190882104948,0.9025270758122743,0.8908855184125942
0.77,0.76,False,0.703125,0.6380208333333334,0.6380208333333334,0.9015547633194693,0.6380208333333334,0.7319074711039987,0.9074074074074074,0.8953501086347018
0.77,0.77,False,0.6953125,0.6315104166666666,0.6315104166666666,0.9022666132679604,0.6315104166666666,0.7268471685530785,0.9082397003745318,0.8958471573769341
0.77,0.78,False,0.6888020833333334,0.6276041666666666,0.6276041666666666,0.9058121190202892,0.6276041666666666,0.7244582015872968,0.9111531190926276,0.899001305244559
0.77,0.79,False,0.6744791666666666,0.6171875,0.6171875,0.9105176561365287,0.6171875,0.716864069679887,0.915057915057915,0.9029351122963015
0.77,0.8,False,0.6666666666666666,0.6158854166666666,0.6158854166666666,0.9220261437908497,0.6158854166666666,0.718326278626272,0.923828125,0.9136342302428725
0.77,0.81,False,0.6536458333333334,0.60546875,0.60546875,0.9253314916416521,0.60546875,0.7097188972830439,0.9262948207171314,0.915981154815292
0.77,0.82,False,0.6302083333333334,0.5911458333333334,0.5911458333333334,0.9416815619208441,0.5911458333333334,0.699610839480023,0.9380165289256198,0.9301656920077973
0.77,0.83,False,0.6158854166666666,0.5794270833333334,0.5794270833333334,0.9463873673625995,0.5794270833333334,0.6890274814932349,0.9408033826638478,0.9325924275214336
0.77,0.84,False,0.6067708333333334,0.5716145833333334,0.5716145833333334,0.9484525702172761,0.5716145833333334,0.6815812865611998,0.9420600858369099,0.9338207027120671
0.77,0.85,False,0.5833333333333334,0.5481770833333334,0.5481770833333334,0.9457179000632511,0.5481770833333334,0.6571473849838606,0.9397321428571429,0.9291838955879239
0.77,0.86,False,0.5651041666666666,0.5299479166666666,0.5299479166666666,0.943768568033274,0.5299479166666666,0.6366233167651266,0.9377880184331797,0.9241419786200034
0.77,0.87,False,0.5481770833333334,0.5169270833333334,0.5169270833333334,0.953001250581246,0.5169270833333334,0.6230775168448615,0.9429928741092637,0.9297440482316216
0.77,0.88,False,0.5338541666666666,0.50390625,0.50390625,0.9565275682922741,0.50390625,0.6078188918869358,0.9439024390243902,0.9294164196603222
0.77,0.89,False,0.5065104166666666,0.4765625,0.4765625,0.9540726962721848,0.4765625,0.5713260976821947,0.9408740359897172,0.9162447622897697
0.77,0.9,False,0.4778645833333333,0.4518229166666667,0.4518229166666667,0.9680317696698933,0.4518229166666667,0.5385560499832247,0.9455040871934605,0.9161976235146967
0.77,0.91,False,0.4440104166666667,0.41796875,0.41796875,0.96733816814397,0.41796875,0.4852860574441307,0.9413489736070382,0.8606118955926402
0.77,0.92,False,0.42578125,0.3997395833333333,0.3997395833333333,0.9666666666666667,0.3997395833333333,0.4552565310556178,0.9388379204892966,0.7643306996450246
0.77,0.93,False,0.4114583333333333,0.3854166666666667,0.3854166666666667,0.6322082931533269,0.3854166666666667,0.43327756754142827,0.9367088607594937,0.6284298780487805
0.77,0.94,False,0.37890625,0.3541666666666667,0.3541666666666667,0.6338779956427015,0.3541666666666667,0.3891063274624919,0.9347079037800687,0.6164968611711433
0.77,0.95,False,0.3567708333333333,0.33203125,0.33203125,0.625593395252838,0.33203125,0.3528340152997687,0.9306569343065694,0.5878048780487805
0.78,0.5,True,0.9427083333333334,0.7864583333333334,0.7864583333333334,0.8339421865816575,0.7864583333333334,0.8079812509659156,0.8342541436464088,0.8323158209514797
0.78,0.51,True,0.9348958333333334,0.7825520833333334,0.7825520833333334,0.8370081651032555,0.7825520833333334,0.8069691349356654,0.8370473537604457,0.8346567687838465
0.78,0.52,True,0.9205729166666666,0.7760416666666666,0.7760416666666666,0.8418820578462175,0.7760416666666666,0.8056047832688925,0.842998585572843,0.8398557203914742
0.78,0.53,True,0.9127604166666666,0.7747395833333334,0.7747395833333334,0.847092575238562,0.7747395833333334,0.8073214987953709,0.8487874465049928,0.8453883269040338
0.78,0.54,True,0.90234375,0.765625,0.765625,0.8461015708463577,0.765625,0.8017201752495872,0.8484848484848485,0.8444423763514419
0.78,0.55,True,0.8919270833333334,0.7578125,0.7578125,0.8468522375587823,0.7578125,0.7973135001126886,0.8496350364963504,0.8449419484375943
0.78,0.56,True,0.8802083333333334,0.7486979166666666,0.7486979166666666,0.8472793441654639,0.7486979166666666,0.7920665328053836,0.8505917159763313,0.8451979234407004
0.78,0.57,True,0.875,0.74609375,0.74609375,0.849308943333955,0.74609375,0.7911711734474158,0.8526785714285714,0.8470240874559231
0.78,0.58,True,0.8671875,0.7434895833333334,0.7434895833333334,0.8536662822753563,0.7434895833333334,0.7912791011721492,0.8573573573573574,0.8514565731246894
0.78,0.59,True,0.8619791666666666,0.7408854166666666,0.7408854166666666,0.8554177919727359,0.7408854166666666,0.7903360999565706,0.8595166163141994,0.8533812351689383
0.78,0.6,True,0.8515625,0.7330729166666666,0.7330729166666666,0.8559942111059177,0.7330729166666666,0.7854944547002418,0.8608562691131498,0.854010330958015
0.78,0.61,True,0.8450520833333334,0.7291666666666666,0.7291666666666666,0.8578986390711124,0.7291666666666666,0.783909337614188,0.8628659476117103,0.8558559927900661
0.78,0.62,True,0.8372395833333334,0.7239583333333334,0.7239583333333334,0.8591722145397424,0.7239583333333334,0.7811378222350017,0.864696734059098,0.8573303950254573
0.78,0.63,True,0.8294270833333334,0.71875,0.71875,0.8608612181220101,0.71875,0.7784647788818609,0.8665620094191523,0.8589092140284252
0.78,0.64,True,0.82421875,0.71484375,0.71484375,0.8612187529813212,0.71484375,0.7758770231984067,0.8672985781990521,0.8592757278036145
0.78,0.65,True,0.81640625,0.7122395833333334,0.7122395833333334,0.8669956683736211,0.7122395833333334,0.7760275153280795,0.8724082934609251,0.8644306454720229
0.78,0.66,True,0.8072916666666666,0.7083333333333334,0.7083333333333334,0.8718483360311668,0.7083333333333334,0.7749626048810052,0.8774193548387097,0.8693513152430987
0.78,0.67,False,0.7994791666666666,0.7044270833333334,0.7044270833333334,0.8755090051016464,0.7044270833333334,0.7734954311239505,0.8811074918566775,0.8727683744745184
0.78,0.68,False,0.79296875,0.7018229166666666,0.7018229166666666,0.8791181494659513,0.7018229166666666,0.7729442586095926,0.8850574712643678,0.8767637215528782
0.78,0.69,False,0.78515625,0.6979166666666666,0.6979166666666666,0.8839498647694418,0.6979166666666666,0.771585941219755,0.8888888888888888,0.8807027942133248
0.78,0.7,False,0.7734375,0.6901041666666666,0.6901041666666666,0.8868163002803456,0.6901041666666666,0.7674095774558433,0.8922558922558923,0.8837347887176389
0.78,0.71,False,0.7630208333333334,0.6822916666666666,0.6822916666666666,0.888295304890649,0.6822916666666666,0.7622771100639477,0.89419795221843,0.8847585675190116
0.78,0.72,False,0.7513020833333334,0.671875,0.671875,0.8877037338442565,0.671875,0.7543779580797837,0.8942807625649913,0.884041479496025
0.78,0.73,False,0.74609375,0.66796875,0.66796875,0.8884625128471497,0.66796875,0.7516323485227918,0.8952879581151832,0.884817244611059
0.78,0.74,False,0.7330729166666666,0.6575520833333334,0.6575520833333334,0.8896379330069988,0.6575520833333334,0.7442052164064057,0.8969804618117229,0.8852769177846578
0.78,0.75,False,0.7200520833333334,0.6497395833333334,0.6497395833333334,0.8961729173269894,0.6497395833333334,0.7398181685732336,0.9023508137432188,0.890828149592548
0.78,0.76,False,0.7018229166666666,0.63671875,0.63671875,0.9014621278400806,0.63671875,0.7312065514667373,0.9072356215213359,0.8952952497865181
0.78,0.77,False,0.6940104166666666,0.6302083333333334,0.6302083333333334,0.9021739777885718,0.6302083333333334,0.7261462489158172,0.9080675422138836,0.8957922985287504
0.78,0.78,False,0.6875,0.6263020833333334,0.6263020833333334,0.9057194835409006,0.6263020833333334,0.7237572819500354,0.9109848484848485,0.8989464463963754
0.78,0.79,False,0.6731770833333334,0.6158854166666666,0.6158854166666666,0.91042502065714,0.6158854166666666,0.7161631500426258,0.9148936170212766,0.9028802534481178
0.78,0.8,False,0.6653645833333334,0.6145833333333334,0.6145833333333334,0.921933508311461,0.6145833333333334,0.7176253589890106,0.923679060665362,0.9135793713946888
0.78,0.81,False,0.65234375,0.6041666666666666,0.6041666666666666,0.9252388561622634,0.6041666666666666,0.7090179776457827,0.9261477045908184,0.9159262959671084
0.78,0.82,False,0.62890625,0.58984375,0.58984375,0.9415889264414554,0.58984375,0.6989099198427615,0.937888198757764,0.9301108331596136
0.78,0.83,False,0.6145833333333334,0.578125,0.578125,0.9462947318832109,0.578125,0.6883265618559736,0.940677966101695,0.9325400995462095
0.78,0.84,False,0.60546875,0.5703125,0.5703125,0.9483599347378875,0.5703125,0.6808803669239384,0.9419354838709677,0.933768374736843
0.78,0.85,False,0.58203125,0.546875,0.546875,0.9456252645838625,0.546875,0.6564464653465992,0.9395973154362416,0.9291315676126999
0.78,0.86,False,0.5638020833333334,0.5286458333333334,0.5286458333333334,0.9436759325538854,0.5286458333333334,0.6359223971278652,0.9376443418013857,0.9240896506447792
0.78,0.87,False,0.546875,0.515625,0.515625,0.9529086151018573,0.515625,0.6223765972076002,0.9428571428571428,0.9296942722236574
0.78,0.88,False,0.5325520833333334,0.5026041666666666,0.5026041666666666,0.9564349328128857,0.5026041666666666,0.6071179722496746,0.9437652811735942,0.929366643652358
0.78,0.89,False,0.5052083333333334,0.4752604166666667,0.4752604166666667,0.9539800607927962,0.4752604166666667,0.5706251780449333,0.9407216494845361,0.9161949862818055
0.78,0.9,False,0.4765625,0.4505208333333333,0.4505208333333333,0.9679391341905047,0.4505208333333333,0.5378551303459633,0.9453551912568307,0.9161478475067325
0.78,0.91,False,0.4427083333333333,0.4166666666666667,0.4166666666666667,0.9672455326645814,0.4166666666666667,0.48458513780686946,0.9411764705882353,0.8605621195846759
0.78,0.92,False,0.4244791666666667,0.3984375,0.3984375,0.9665740311872781,0.3984375,0.4545556114183565,0.9386503067484663,0.7642809236370605
0.78,0.93,False,0.41015625,0.3841145833333333,0.3841145833333333,0.6321156576739383,0.3841145833333333,0.4325766479041669,0.9365079365079365,0.6283801020408163
0.78,0.94,False,0.3776041666666667,0.3528645833333333,0.3528645833333333,0.6337853601633129,0.3528645833333333,0.38840540782523053,0.9344827586206896,0.6164470851631793
0.78,0.95,False,0.35546875,0.3307291666666667,0.3307291666666667,0.6255007597734493,0.3307291666666667,0.35213309566250744,0.9304029304029304,0.5877551020408163
0.79,0.5,True,0.9322916666666666,0.7786458333333334,0.7786458333333334,0.8351409336940808,0.7786458333333334,0.8046231117165608,0.835195530726257,0.8337399470668885
0.79,0.51,True,0.9244791666666666,0.7747395833333334,0.7747395833333334,0.8382044286545551,0.7747395833333334,0.8036040168621105,0.8380281690140845,0.8361162646876933
0.79,0.52,True,0.91015625,0.7682291666666666,0.7682291666666666,0.843140469712092,0.7682291666666666,0.8022287923772821,0.844062947067239,0.8413861338928094
0.79,0.53,True,0.90234375,0.7669270833333334,0.7669270833333334,0.8484066917096967,0.7669270833333334,0.8039410759616499,0.84992784992785,0.8469730510869975
0.79,0.54,True,0.8919270833333334,0.7578125,0.7578125,0.8474230233062521,0.7578125,0.7983108383726946,0.8496350364963504,0.8460397156209964
0.79,0.55,True,0.8815104166666666,0.75,0.75,0.8481854106000175,0.75,0.793889674681754,0.8508124076809453,0.846576052495987
0.79,0.56,True,0.8697916666666666,0.7408854166666666,0.7408854166666666,0.8486205297709647,0.7408854166666666,0.7886123280165842,0.8517964071856288,0.846858869175811
0.79,0.57,True,0.8645833333333334,0.73828125,0.73828125,0.8506669515099521,0.73828125,0.7877175610029709,0.8539156626506024,0.8487218205667917
0.79,0.58,True,0.8567708333333334,0.7356770833333334,0.7356770833333334,0.8550764410298197,0.7356770833333334,0.7878273586194378,0.8586626139817629,0.8532201021434215
0.79,0.59,True,0.8515625,0.7330729166666666,0.7330729166666666,0.8568641754389228,0.7330729166666666,0.78688568316322,0.8608562691131498,0.8551844980416409
0.79,0.6,True,0.8411458333333334,0.7252604166666666,0.7252604166666666,0.857476851422124,0.7252604166666666,0.7820373771807674,0.8622291021671826,0.8558695168045661
0.79,0.61,True,0.8359375,0.72265625,0.72265625,0.8596958704809463,0.72265625,0.781318261025069,0.8644859813084113,0.8580263590230368
0.79,0.62,True,0.828125,0.7174479166666666,0.7174479166666666,0.86100464672353,0.7174479166666666,0.7785405068994032,0.8663522012578616,0.8595396564866064
0.79,0.63,True,0.8203125,0.7122395833333334,0.7122395833333334,0.8627157642103596,0.7122395833333334,0.7758549234483292,0.8682539682539683,0.8611518357886396
0.79,0.64,True,0.81640625,0.7083333333333334,0.7083333333333334,0.8617869077358858,0.7083333333333334,0.7727433236682302,0.8676236044657097,0.8601128072802949
0.79,0.65,True,0.80859375,0.7057291666666666,0.7057291666666666,0.8675658276496412,0.7057291666666666,0.772889069558803,0.8727858293075684,0.8652968076404717
0.79,0.66,False,0.7994791666666666,0.7018229166666666,0.7018229166666666,0.8724337124407997,0.7018229166666666,0.771821664493631,0.8778501628664495,0.8702587973286531
0.79,0.67,False,0.7916666666666666,0.6979166666666666,0.6979166666666666,0.8761024322745987,0.6979166666666666,0.7703488238019247,0.881578947368421,0.8737121069174371
0.79,0.68,False,0.78515625,0.6953125,0.6953125,0.8797287050299097,0.6953125,0.7697951412693983,0.8855721393034826,0.87774058433363
0.79,0.69,False,0.77734375,0.69140625,0.69140625,0.8845552277135754,0.69140625,0.7684286466127092,0.8894472361809045,0.8817046243068479
0.79,0.7,False,0.7669270833333334,0.6848958333333334,0.6848958333333334,0.8876806500679476,0.6848958333333334,0.7651834724924056,0.8930390492359932,0.8850213847681075
0.79,0.71,False,0.7565104166666666,0.6770833333333334,0.6770833333333334,0.8891596546782509,0.6770833333333334,0.76005100510051,0.8950086058519794,0.886085143497267
0.79,0.72,False,0.7447916666666666,0.6666666666666666,0.6666666666666666,0.8885680836318582,0.6666666666666666,0.752151853116346,0.8951048951048951,0.8853948759216123
0.79,0.73,False,0.7395833333333334,0.6627604166666666,0.6627604166666666,0.8893268626347517,0.6627604166666666,0.7494062435593541,0.8961267605633803,0.8861879759708623
0.79,0.74,False,0.7265625,0.65234375,0.65234375,0.8905022827946006,0.65234375,0.7419791114429682,0.8978494623655914,0.8866899825220281
0.79,0.75,False,0.7135416666666666,0.64453125,0.64453125,0.8970372671145913,0.64453125,0.737592063609796,0.9032846715328468,0.8922817959379225
0.79,0.76,False,0.6953125,0.6315104166666666,0.6315104166666666,0.9023264776276824,0.6315104166666666,0.7289804465032997,0.9082397003745318,0.8967910662609415
0.79,0.77,False,0.6875,0.625,0.625,0.9030383275761736,0.625,0.7239201439523798,0.9090909090909091,0.8973026460542551
0.79,0.78,False,0.6809895833333334,0.62109375,0.62109375,0.9065838333285026,0.62109375,0.7215311769865979,0.9120458891013384,0.900479954827781
0.79,0.79,False,0.6666666666666666,0.6106770833333334,0.6106770833333334,0.9112893704447419,0.6106770833333334,0.7139370450791883,0.916015625,0.9044390503161118
0.79,0.8,False,0.6588541666666666,0.609375,0.609375,0.922797858099063,0.609375,0.715399254025573,0.924901185770751,0.9151823041089345
0.79,0.81,False,0.6458333333333334,0.5989583333333334,0.5989583333333334,0.9261032059498654,0.5989583333333334,0.7067918726823451,0.9274193548387096,0.9175644713036016
0.79,0.82,False,0.6223958333333334,0.5846354166666666,0.5846354166666666,0.9424532762290574,0.5846354166666666,0.6966838148793242,0.9393305439330544,0.9318385749166175
0.79,0.83,False,0.6080729166666666,0.5729166666666666,0.5729166666666666,0.9471590816708129,0.5729166666666666,0.6861004568925361,0.9421841541755889,0.9343334313927856
0.79,0.84,False,0.5989583333333334,0.5651041666666666,0.5651041666666666,0.9492242845254893,0.5651041666666666,0.6786542619605008,0.9434782608695652,0.9355956856862706
0.79,0.85,False,0.5755208333333334,0.5416666666666666,0.5416666666666666,0.9464896143714644,0.5416666666666666,0.6542203603831617,0.9411764705882353,0.9310955297031048
0.79,0.86,False,0.5572916666666666,0.5234375,0.5234375,0.9445402823414871,0.5234375,0.6336962921644278,0.9392523364485982,0.9260673821309112
0.79,0.87,False,0.5403645833333334,0.5104166666666666,0.5104166666666666,0.9537729648894592,0.5104166666666666,0.6201504922441626,0.944578313253012,0.9317761048823412
0.79,0.88,False,0.5260416666666666,0.4973958333333333,0.4973958333333333,0.9572992826004875,0.4973958333333333,0.604891867286237,0.9455445544554455,0.9315148228191706
0.79,0.89,False,0.4986979166666667,0.4700520833333333,0.4700520833333333,0.954844410580398,0.4700520833333333,0.5683990730814957,0.9425587467362925,0.9183777183777183
0.79,0.9,False,0.4700520833333333,0.4453125,0.4453125,0.9688034839781065,0.4453125,0.5356290253825259,0.9473684210526315,0.9185320289614768
0.79,0.91,False,0.4361979166666667,0.4114583333333333,0.4114583333333333,0.9681098824521831,0.4114583333333333,0.48235903284343196,0.9432835820895522,0.8630882806553771
0.79,0.92,False,0.41796875,0.3932291666666667,0.3932291666666667,0.96743838097488,0.3932291666666667,0.45232950645491904,0.940809968847352,0.7669423924743074
0.79,0.93,False,0.4036458333333333,0.37890625,0.37890625,0.6329800074615402,0.37890625,0.43035054294072944,0.9387096774193548,0.6312636076415604
0.79,0.94,False,0.37109375,0.34765625,0.34765625,0.6346497099509149,0.34765625,0.38617930286179303,0.9368421052631579,0.6206976206976207
0.79,0.95,False,0.3489583333333333,0.3255208333333333,0.3255208333333333,0.6263651095610512,0.3255208333333333,0.34990699069906994,0.9328358208955224,0.5942795942795943
0.8,0.5,True,0.9296875,0.77734375,0.77734375,0.8363061885054992,0.77734375,0.8045155065226418,0.8361344537815126,0.834838907632277
0.8,0.51,True,0.921875,0.7734375,0.7734375,0.8393696834659735,0.7734375,0.8034964116681915,0.8389830508474576,0.8372231912096616
0.8,0.52,True,0.9075520833333334,0.7669270833333334,0.7669270833333334,0.8443057245235104,0.7669270833333334,0.8021211871833631,0.8450502152080345,0.8425096580046271
0.8,0.53,True,0.8997395833333334,0.765625,0.765625,0.8495719465211152,0.765625,0.8038334707677309,0.8509406657018813,0.8481099469184191
0.8,0.54,True,0.8893229166666666,0.7565104166666666,0.7565104166666666,0.8485882781176706,0.7565104166666666,0.7982032331787755,0.8506588579795022,0.8471862118350071
0.8,0.55,True,0.87890625,0.7486979166666666,0.7486979166666666,0.8493506654114359,0.7486979166666666,0.7937820694878349,0.8518518518518519,0.8477312534332052
0.8,0.56,True,0.8671875,0.7395833333333334,0.7395833333333334,0.8497857845823832,0.7395833333333334,0.7885047228226653,0.8528528528528528,0.8480269514237087
0.8,0.57,True,0.8619791666666666,0.7369791666666666,0.7369791666666666,0.8518322063213705,0.7369791666666666,0.7876099558090518,0.8549848942598187,0.8498952353015129
0.8,0.58,True,0.8541666666666666,0.734375,0.734375,0.8562416958412382,0.734375,0.7877197534255188,0.8597560975609756,0.8544044000785348
0.8,0.59,True,0.8489583333333334,0.7317708333333334,0.7317708333333334,0.8580294302503413,0.7317708333333334,0.7867780779693011,0.8619631901840491,0.8563743493465233
0.8,0.6,True,0.8385416666666666,0.7239583333333334,0.7239583333333334,0.8586421062335425,0.7239583333333334,0.7819297719868484,0.8633540372670807,0.857067190196152
0.8,0.61,True,0.8333333333333334,0.7213541666666666,0.7213541666666666,0.8608611252923647,0.7213541666666666,0.78121065583115,0.865625,0.8592343089263007
0.8,0.62,True,0.8255208333333334,0.7161458333333334,0.7161458333333334,0.8621699015349483,0.7161458333333334,0.7784329017054842,0.8675078864353313,0.8607582196383725
0.8,0.63,True,0.8177083333333334,0.7109375,0.7109375,0.8638810190217779,0.7109375,0.7757473182544102,0.8694267515923567,0.8623838152410102
0.8,0.64,True,0.8138020833333334,0.70703125,0.70703125,0.8629521625473043,0.70703125,0.7726357184743113,0.8688,0.8613447867326655
0.8,0.65,True,0.8059895833333334,0.7044270833333334,0.7044270833333334,0.8687310824610596,0.7044270833333334,0.772781464364884,0.8739903069466882,0.866544189740235
0.8,0.66,False,0.796875,0.7005208333333334,0.7005208333333334,0.8735989672522181,0.7005208333333334,0.771714059299712,0.8790849673202614,0.87151950006022
0.8,0.67,False,0.7890625,0.6966145833333334,0.6966145833333334,0.8772676870860172,0.6966145833333334,0.7702412186080059,0.8828382838283828,0.8749910373904921
0.8,0.68,False,0.7825520833333334,0.6940104166666666,0.6940104166666666,0.8808939598413282,0.6940104166666666,0.7696875360754794,0.8868552412645591,0.879030094284348
0.8,0.69,False,0.7747395833333334,0.6901041666666666,0.6901041666666666,0.8857204825249938,0.6901041666666666,0.7683210414187901,0.8907563025210085,0.8830110310648175
0.8,0.7,False,0.7643229166666666,0.68359375,0.68359375,0.888845904879366,0.68359375,0.7650758672984868,0.8943781942078365,0.8863571631014002
0.8,0.71,False,0.75390625,0.67578125,0.67578125,0.8903249094896691,0.67578125,0.7599433999065912,0.8963730569948186,0.8874496022665358
0.8,0.72,False,0.7421875,0.6653645833333334,0.6653645833333334,0.8897333384432767,0.6653645833333334,0.7520442479224272,0.8964912280701754,0.8867776524697666
0.8,0.73,False,0.7369791666666666,0.6614583333333334,0.6614583333333334,0.8904921174461701,0.6614583333333334,0.7492986383654353,0.8975265017667845,0.8875787732874509
0.8,0.74,False,0.7239583333333334,0.6510416666666666,0.6510416666666666,0.8916675376060189,0.6510416666666666,0.7418715062490492,0.8992805755395683,0.8881196694648007
0.8,0.75,False,0.7109375,0.6432291666666666,0.6432291666666666,0.8982025219260098,0.6432291666666666,0.7374844584158771,0.9047619047619048,0.8937476886860405
0.8,0.76,False,0.6927083333333334,0.6302083333333334,0.6302083333333334,0.9034917324391009,0.6302083333333334,0.7288728413093808,0.9097744360902256,0.8983260731169612
0.8,0.77,False,0.6848958333333334,0.6236979166666666,0.6236979166666666,0.9042035823875921,0.6236979166666666,0.7238125387584607,0.9106463878326996,0.8988642314742079
0.8,0.78,False,0.6783854166666666,0.6197916666666666,0.6197916666666666,0.907749088139921,0.6197916666666666,0.721423571792679,0.9136276391554703,0.9020651142295438
0.8,0.79,False,0.6640625,0.609375,0.609375,0.9124546252561604,0.609375,0.7138294398852693,0.9176470588235294,0.9060926749886705
0.8,0.8,False,0.65625,0.6080729166666666,0.6080729166666666,0.9239631129104814,0.6080729166666666,0.7152916488316542,0.9265873015873016,0.9168811274509805
0.8,0.81,False,0.6432291666666666,0.59765625,0.59765625,0.9272684607612837,0.59765625,0.7066842674884262,0.9291497975708503,0.9193242894056848
0.8,0.82,False,0.6197916666666666,0.5833333333333334,0.5833333333333334,0.9436185310404758,0.5833333333333334,0.696576209685405,0.9411764705882353,0.9337471791740741
0.8,0.83,False,0.60546875,0.5716145833333334,0.5716145833333334,0.9483243364822312,0.5716145833333334,0.6859928516986171,0.9440860215053763,0.9363237755006626
0.8,0.84,False,0.5963541666666666,0.5638020833333334,0.5638020833333334,0.9503895393369078,0.5638020833333334,0.6785466567665819,0.9454148471615721,0.937645689176
0.8,0.85,False,0.5729166666666666,0.5403645833333334,0.5403645833333334,0.9476548691828827,0.5403645833333334,0.6541127551892427,0.9431818181818182,0.9332362260157234
0.8,0.86,False,0.5546875,0.5221354166666666,0.5221354166666666,0.9457055371529056,0.5221354166666666,0.6335886869705089,0.9413145539906104,0.9284104553698952
0.8,0.87,False,0.5377604166666666,0.5091145833333334,0.5091145833333334,0.9549382197008777,0.5091145833333334,0.6200428870502437,0.9467312348668281,0.9343076560512346
0.8,0.88,False,0.5234375,0.49609375,0.49609375,0.9584645374119058,0.49609375,0.6047842620923181,0.9477611940298507,0.9342394186841991
0.8,0.89,False,0.49609375,0.46875,0.46875,0.9560096653918165,0.46875,0.5682914678875768,0.9448818897637795,0.9217483817902229
0.8,0.9,False,0.4674479166666667,0.4440104166666667,0.4440104166666667,0.9699687387895249,0.4440104166666667,0.5355214201886068,0.9498607242339833,0.9228184432897321
0.8,0.91,False,0.43359375,0.41015625,0.41015625,0.9692751372636016,0.41015625,0.48225142764951295,0.9459459459459459,0.8698757501162667
0.8,0.92,False,0.4153645833333333,0.3919270833333333,0.3919270833333333,0.9686036357862983,0.3919270833333333,0.45222190126100004,0.9435736677115988,0.7745833469992082
0.8,0.93,False,0.4010416666666667,0.3776041666666667,0.3776041666666667,0.6341452622729585,0.3776041666666667,0.43024293774681044,0.9415584415584416,0.631887018306812
0.8,0.94,False,0.3684895833333333,0.3463541666666667,0.3463541666666667,0.6358149647623331,0.3463541666666667,0.386071697667874,0.9399293286219081,0.6213210313628724
0.8,0.95,False,0.3463541666666667,0.32421875,0.32421875,0.6275303643724697,0.32421875,0.34979938550515094,0.9360902255639098,0.5949030049448459
0.81,0.5,True,0.9231770833333334,0.7760416666666666,0.7760416666666666,0.8405161225915943,0.7760416666666666,0.8059046453831686,0.840620592383639,0.8392004660291068
0.81,0.51,True,0.9153645833333334,0.7721354166666666,0.7721354166666666,0.843582376269021,0.7721354166666666,0.8048810511769623,0.8435277382645804,0.8416313419284599
0.81,0.52,True,0.9010416666666666,0.765625,0.765625,0.8486204204689224,0.765625,0.8035130436295166,0.8497109826589595,0.8470135151416128
0.81,0.53,True,0.8932291666666666,0.7643229166666666,0.7643229166666666,0.8539725281553858,0.7643229166666666,0.8052341701846185,0.8556851311953353,0.8526894763800567
0.81,0.54,True,0.8828125,0.7552083333333334,0.7552083333333334,0.8530264263932605,0.7552083333333334,0.7995882646010961,0.855457227138643,0.8518069093561434
0.81,0.55,True,0.8723958333333334,0.7473958333333334,0.7473958333333334,0.853819490932893,0.7473958333333334,0.7951607257763733,0.8567164179104477,0.8524020694752402
0.81,0.56,True,0.8606770833333334,0.73828125,0.73828125,0.8542950296094217,0.73828125,0.7898666689841946,0.8577912254160364,0.8527580332186305
0.81,0.57,True,0.85546875,0.7356770833333334,0.7356770833333334,0.8563653340123928,0.7356770833333334,0.7889753454425464,0.8599695585996956,0.8546642134574484
0.81,0.58,True,0.84765625,0.7330729166666666,0.7330729166666666,0.8608485815007554,0.7330729166666666,0.7890956390755953,0.8648233486943164,0.8592460119335064
0.81,0.59,True,0.8424479166666666,0.73046875,0.73046875,0.8626873126873127,0.73046875,0.7881611015335507,0.8670788253477589,0.8612561683757033
0.81,0.6,True,0.83203125,0.72265625,0.72265625,0.8633584142605466,0.72265625,0.7833148354989897,0.8685446009389671,0.8620057263892881
0.81,0.61,True,0.8268229166666666,0.7200520833333334,0.7200520833333334,0.8656167819719222,0.7200520833333334,0.782588801907611,0.8708661417322835,0.8642224957505421
0.81,0.62,True,0.8203125,0.71484375,0.71484375,0.8657011598015029,0.71484375,0.7792807194733583,0.8714285714285714,0.8643848066076822
0.81,0.63,True,0.8125,0.7096354166666666,0.7096354166666666,0.8674351731480144,0.7096354166666666,0.7765824601176122,0.8733974358974359,0.8660482459986386
0.81,0.64,True,0.80859375,0.7057291666666666,0.7057291666666666,0.8665063166735406,0.7057291666666666,0.7734708603375132,0.8727858293075684,0.8650092174902939
0.81,0.65,True,0.80078125,0.703125,0.703125,0.8723049308415162,0.703125,0.7736132477395053,0.8780487804878049,0.870263342123686
0.81,0.66,False,0.7916666666666666,0.69921875,0.69921875,0.8772277227722771,0.69921875,0.772550215456116,0.8832236842105263,0.8752902519167579
0.81,0.67,False,0.7838541666666666,0.6953125,0.6953125,0.8809375388091755,0.6953125,0.7710754845355209,0.8870431893687708,0.8788157292014861
0.81,0.68,False,0.77734375,0.6927083333333334,0.6927083333333334,0.8846241060526774,0.6927083333333334,0.7705263928711011,0.8911222780569514,0.8828959824354984
0.81,0.69,False,0.76953125,0.6888020833333334,0.6888020833333334,0.8894575355915562,0.6888020833333334,0.769149935423271,0.8950930626057529,0.8869327847450251
0.81,0.7,False,0.7591145833333334,0.6822916666666666,0.6822916666666666,0.8926639650441754,0.6822916666666666,0.7658888799181577,0.8987993138936535,0.8903605647123721
0.81,0.71,False,0.7513020833333334,0.67578125,0.67578125,0.8928697330871244,0.67578125,0.761165607578722,0.8994800693240901,0.8903239296371517
0.81,0.72,False,0.7395833333333334,0.6653645833333334,0.6653645833333334,0.892278162040732,0.6653645833333334,0.753266455594558,0.8996478873239436,0.8896892329095719
0.81,0.73,False,0.734375,0.6614583333333334,0.6614583333333334,0.8930369410436252,0.6614583333333334,0.7505208460375661,0.900709219858156,0.8905066402023806
0.81,0.74,False,0.7213541666666666,0.6510416666666666,0.6510416666666666,0.8942123612034741,0.6510416666666666,0.74309371392118,0.9025270758122743,0.8911159776830884
0.81,0.75,False,0.7083333333333334,0.6432291666666666,0.6432291666666666,0.9007473455234649,0.6432291666666666,0.7387066660880078,0.9080882352941176,0.8968175764036707
0.81,0.76,False,0.6901041666666666,0.6302083333333334,0.6302083333333334,0.9060365560365561,0.6302083333333334,0.7300950489815117,0.9132075471698113,0.9015313006928721
0.81,0.77,False,0.6822916666666666,0.6236979166666666,0.6236979166666666,0.9067484059850472,0.6236979166666666,0.7250347464305916,0.9141221374045801,0.9021236746247427
0.81,0.78,False,0.67578125,0.6197916666666666,0.6197916666666666,0.9102939117373761,0.6197916666666666,0.7226457794648097,0.9171483622350675,0.9053725654144064
0.81,0.79,False,0.6614583333333334,0.609375,0.609375,0.9149994488536155,0.609375,0.7150516475574001,0.9212598425196851,0.9095398920951153
0.81,0.8,False,0.6536458333333334,0.6080729166666666,0.6080729166666666,0.9265079365079365,0.6080729166666666,0.7165138565037849,0.9302788844621513,0.9204203309830054
0.81,0.81,False,0.640625,0.59765625,0.59765625,0.9298132843587389,0.59765625,0.7079064751605569,0.9329268292682927,0.9229882322175733
0.81,0.82,False,0.6171875,0.5833333333333334,0.5833333333333334,0.9461633546379309,0.5833333333333334,0.6977984173575359,0.9451476793248945,0.9377154690962223
0.81,0.83,False,0.6028645833333334,0.5716145833333334,0.5716145833333334,0.9508691600796864,0.5716145833333334,0.687215059370748,0.9481641468682506,0.9404542236506456
0.81,0.84,False,0.59375,0.5638020833333334,0.5638020833333334,0.952934362934363,0.5638020833333334,0.6797688644387128,0.9495614035087719,0.9418987720874513
0.81,0.85,False,0.5703125,0.5403645833333334,0.5403645833333334,0.9501996927803379,0.5403645833333334,0.6553349628613736,0.9474885844748858,0.9376763934808362
0.81,0.86,False,0.5520833333333334,0.5221354166666666,0.5221354166666666,0.9482503607503608,0.5221354166666666,0.6348108946426396,0.9457547169811321,0.9332696487963439
0.81,0.87,False,0.53515625,0.5091145833333334,0.5091145833333334,0.9574830432983328,0.5091145833333334,0.6212650947223745,0.9513381995133819,0.9395514801090171
0.81,0.88,False,0.5208333333333334,0.49609375,0.49609375,0.961009361009361,0.49609375,0.6060064697644488,0.9525,0.9398855194251614
0.81,0.89,False,0.4934895833333333,0.46875,0.46875,0.9585544889892716,0.46875,0.5695136755597076,0.9498680738786279,0.9287581699346404
0.81,0.9,False,0.46484375,0.4440104166666667,0.4440104166666667,0.9725135623869802,0.4440104166666667,0.5367436278607377,0.9551820728291317,0.9317911704559124
0.81,0.91,False,0.4309895833333333,0.41015625,0.41015625,0.9718199608610568,0.41015625,0.4834736353216438,0.9516616314199395,0.8846142430482127
0.81,0.92,False,0.4127604166666667,0.3919270833333333,0.3919270833333333,0.9711484593837535,0.3919270833333333,0.45344410893313086,0.9495268138801262,0.7924488944513977
0.81,0.93,False,0.3984375,0.3776041666666667,0.3776041666666667,0.6366900858704138,0.3776041666666667,0.43146514541894126,0.9477124183006536,0.6332406978539448
0.81,0.94,False,0.3658854166666667,0.3463541666666667,0.3463541666666667,0.6383597883597883,0.3463541666666667,0.3872939053400049,0.9466192170818505,0.622674710910005
0.81,0.95,False,0.34375,0.32421875,0.32421875,0.6300751879699248,0.32421875,0.35102159317728177,0.9431818181818182,0.5962566844919786
0.82,0.5,True,0.9192708333333334,0.7760416666666666,0.7760416666666666,0.8435600443102148,0.7760416666666666,0.807393691925618,0.8441926345609065,0.8426447962978667
0.82,0.51,True,0.9114583333333334,0.7721354166666666,0.7721354166666666,0.8466346831704475,0.7721354166666666,0.8063681680486946,0.8471428571428572,0.8451245868293923
0.82,0.52,True,0.8971354166666666,0.765625,0.765625,0.8518174818933154,0.765625,0.8050261221003415,0.8534107402031931,0.8506052855924979
0.82,0.53,True,0.8893229166666666,0.7643229166666666,0.7643229166666666,0.8572878958598039,0.7643229166666666,0.8067698522081055,0.8594436310395315,0.8563530072873674
0.82,0.54,True,0.87890625,0.7552083333333334,0.7552083333333334,0.8564119297787639,0.7552083333333334,0.8011220197869487,0.8592592592592593,0.8555210773403924
0.82,0.55,True,0.8684895833333334,0.7473958333333334,0.7473958333333334,0.8572561127905676,0.7473958333333334,0.7966965243067584,0.8605697151424287,0.8561758922470704
0.82,0.56,True,0.8567708333333334,0.73828125,0.73828125,0.8578070737381571,0.73828125,0.7913999462994865,0.8617021276595744,0.8566014027839558
0.82,0.57,True,0.8515625,0.7356770833333334,0.7356770833333334,0.8599088775559364,0.7356770833333334,0.7905150248064935,0.863914373088685,0.8585487626932506
0.82,0.58,True,0.84375,0.7330729166666666,0.7330729166666666,0.8644892084290535,0.7330729166666666,0.7906547670209818,0.8688271604938271,0.8632048258460445
0.82,0.59,True,0.8385416666666666,0.73046875,0.73046875,0.8663948954271534,0.73046875,0.7897334006434696,0.8711180124223602,0.8652591843613077
0.82,0.6,True,0.8294270833333334,0.72265625,0.72265625,0.8658733287034429,0.72265625,0.7843681773907258,0.8712715855572999,0.8646881747380678
0.82,0.61,True,0.82421875,0.7200520833333334,0.7200520833333334,0.8681736502491221,0.7200520833333334,0.783643539132561,0.8736176935229067,0.8669348741857205
0.82,0.62,True,0.8177083333333334,0.71484375,0.71484375,0.8683013699347638,0.71484375,0.780336800767058,0.8742038216560509,0.8671239956406197
0.82,0.63,True,0.8098958333333334,0.7096354166666666,0.7096354166666666,0.8700902141911785,0.7096354166666666,0.7776381674180781,0.8762057877813505,0.8688276189073157
0.82,0.64,True,0.8059895833333334,0.7057291666666666,0.7057291666666666,0.8691613577167048,0.7057291666666666,0.7745265676379791,0.875605815831987,0.8677989719046789
0.82,0.65,False,0.7981770833333334,0.703125,0.703125,0.8749962680997164,0.703125,0.7746718538765854,0.8809135399673735,0.8731073689311951
0.82,0.66,False,0.7890625,0.69921875,0.69921875,0.8799999999999999,0.69921875,0.7736227658276782,0.8861386138613861,0.8781932342213717
0.82,0.67,False,0.78125,0.6953125,0.6953125,0.8837774575228794,0.6953125,0.772155787602579,0.89,0.8817673581754542
0.82,0.68,False,0.7760416666666666,0.6927083333333334,0.6927083333333334,0.886080586080586,0.6927083333333334,0.7710725407300053,0.8926174496644296,0.8842838549216748
0.82,0.69,False,0.7682291666666666,0.6888020833333334,0.6888020833333334,0.8909264742166297,0.6888020833333334,0.7696943551213656,0.8966101694915254,0.8883383273427246
0.82,0.7,False,0.7578125,0.6822916666666666,0.6822916666666666,0.8942069087123562,0.6822916666666666,0.7664370415339067,0.9003436426116839,0.8917942137348867
0.82,0.71,False,0.7513020833333334,0.67578125,0.67578125,0.8928697330871244,0.67578125,0.761165607578722,0.8994800693240901,0.8903239296371517
0.82,0.72,False,0.7395833333333334,0.6653645833333334,0.6653645833333334,0.892278162040732,0.6653645833333334,0.753266455594558,0.8996478873239436,0.8896892329095719
0.82,0.73,False,0.734375,0.6614583333333334,0.6614583333333334,0.8930369410436252,0.6614583333333334,0.7505208460375661,0.900709219858156,0.8905066402023806
0.82,0.74,False,0.7213541666666666,0.6510416666666666,0.6510416666666666,0.8942123612034741,0.6510416666666666,0.74309371392118,0.9025270758122743,0.8911159776830884
0.82,0.75,False,0.7083333333333334,0.6432291666666666,0.6432291666666666,0.9007473455234649,0.6432291666666666,0.7387066660880078,0.9080882352941176,0.8968175764036707
0.82,0.76,False,0.6901041666666666,0.6302083333333334,0.6302083333333334,0.9060365560365561,0.6302083333333334,0.7300950489815117,0.9132075471698113,0.9015313006928721
0.82,0.77,False,0.6822916666666666,0.6236979166666666,0.6236979166666666,0.9067484059850472,0.6236979166666666,0.7250347464305916,0.9141221374045801,0.9021236746247427
0.82,0.78,False,0.67578125,0.6197916666666666,0.6197916666666666,0.9102939117373761,0.6197916666666666,0.7226457794648097,0.9171483622350675,0.9053725654144064
0.82,0.79,False,0.6614583333333334,0.609375,0.609375,0.9149994488536155,0.609375,0.7150516475574001,0.9212598425196851,0.9095398920951153
0.82,0.8,False,0.6536458333333334,0.6080729166666666,0.6080729166666666,0.9265079365079365,0.6080729166666666,0.7165138565037849,0.9302788844621513,0.9204203309830054
0.82,0.81,False,0.640625,0.59765625,0.59765625,0.9298132843587389,0.59765625,0.7079064751605569,0.9329268292682927,0.9229882322175733
0.82,0.82,False,0.6171875,0.5833333333333334,0.5833333333333334,0.9461633546379309,0.5833333333333334,0.6977984173575359,0.9451476793248945,0.9377154690962223
0.82,0.83,False,0.6028645833333334,0.5716145833333334,0.5716145833333334,0.9508691600796864,0.5716145833333334,0.687215059370748,0.9481641468682506,0.9404542236506456
0.82,0.84,False,0.59375,0.5638020833333334,0.5638020833333334,0.952934362934363,0.5638020833333334,0.6797688644387128,0.9495614035087719,0.9418987720874513
0.82,0.85,False,0.5703125,0.5403645833333334,0.5403645833333334,0.9501996927803379,0.5403645833333334,0.6553349628613736,0.9474885844748858,0.9376763934808362
0.82,0.86,False,0.5520833333333334,0.5221354166666666,0.5221354166666666,0.9482503607503608,0.5221354166666666,0.6348108946426396,0.9457547169811321,0.9332696487963439
0.82,0.87,False,0.53515625,0.5091145833333334,0.5091145833333334,0.9574830432983328,0.5091145833333334,0.6212650947223745,0.9513381995133819,0.9395514801090171
0.82,0.88,False,0.5208333333333334,0.49609375,0.49609375,0.961009361009361,0.49609375,0.6060064697644488,0.9525,0.9398855194251614
0.82,0.89,False,0.4934895833333333,0.46875,0.46875,0.9585544889892716,0.46875,0.5695136755597076,0.9498680738786279,0.9287581699346404
0.82,0.9,False,0.46484375,0.4440104166666667,0.4440104166666667,0.9725135623869802,0.4440104166666667,0.5367436278607377,0.9551820728291317,0.9317911704559124
0.82,0.91,False,0.4309895833333333,0.41015625,0.41015625,0.9718199608610568,0.41015625,0.4834736353216438,0.9516616314199395,0.8846142430482127
0.82,0.92,False,0.4127604166666667,0.3919270833333333,0.3919270833333333,0.9711484593837535,0.3919270833333333,0.45344410893313086,0.9495268138801262,0.7924488944513977
0.82,0.93,False,0.3984375,0.3776041666666667,0.3776041666666667,0.6366900858704138,0.3776041666666667,0.43146514541894126,0.9477124183006536,0.6332406978539448
0.82,0.94,False,0.3658854166666667,0.3463541666666667,0.3463541666666667,0.6383597883597883,0.3463541666666667,0.3872939053400049,0.9466192170818505,0.622674710910005
0.82,0.95,False,0.34375,0.32421875,0.32421875,0.6300751879699248,0.32421875,0.35102159317728177,0.9431818181818182,0.5962566844919786
0.83,0.5,True,0.9114583333333334,0.7721354166666666,0.7721354166666666,0.8467309850305232,0.7721354166666666,0.806862038486377,0.8471428571428572,0.8459656444767502
0.83,0.51,True,0.9036458333333334,0.7682291666666666,0.7682291666666666,0.8498060087342109,0.7682291666666666,0.8058325948047141,0.8501440922190202,0.8484807672798028
0.83,0.52,True,0.8893229166666666,0.76171875,0.76171875,0.8550488541310939,0.76171875,0.8044893909572175,0.8565153733528551,0.8540319261737631
0.83,0.53,True,0.8815104166666666,0.7604166666666666,0.7604166666666666,0.8605709757059331,0.7604166666666666,0.8062347049650785,0.8626292466765141,0.8598309887716268
0.83,0.54,True,0.87109375,0.7513020833333334,0.7513020833333334,0.8597127161595118,0.7513020833333334,0.8005716562127191,0.8624813153961136,0.8590220352360495
0.83,0.55,True,0.8606770833333334,0.7434895833333334,0.7434895833333334,0.8605730640875237,0.7434895833333334,0.7961390472850937,0.8638426626323752,0.8597178959566119
0.83,0.56,True,0.8489583333333334,0.734375,0.734375,0.8611432215468545,0.734375,0.7908263840059028,0.8650306748466258,0.8601801938639806
0.83,0.57,True,0.84375,0.7317708333333334,0.7317708333333334,0.8632598871310124,0.7317708333333334,0.7899428617025929,0.8672839506172839,0.8621624694658881
0.83,0.58,True,0.8359375,0.7291666666666666,0.7291666666666666,0.8678862270205318,0.7291666666666666,0.7900868920357947,0.8722741433021807,0.866879882322999
0.83,0.59,True,0.8307291666666666,0.7265625,0.7265625,0.8698238202339331,0.7265625,0.7891684614078133,0.8746081504702194,0.868972060322393
0.83,0.6,True,0.8216145833333334,0.71875,0.71875,0.8693206350338395,0.71875,0.7838002010431021,0.8748019017432647,0.868445376691279
0.83,0.61,True,0.81640625,0.7161458333333334,0.7161458333333334,0.8716420278660942,0.7161458333333334,0.7830678768739178,0.8771929824561403,0.8707194307813504
0.83,0.62,True,0.8098958333333334,0.7109375,0.7109375,0.8717916283905073,0.7109375,0.7797532832065307,0.8778135048231511,0.8709357507624679
0.83,0.63,True,0.8020833333333334,0.7057291666666666,0.7057291666666666,0.8736056438633911,0.7057291666666666,0.7770418040996985,0.8798701298701299,0.8726751099300118
0.83,0.64,False,0.7981770833333334,0.7018229166666666,0.7018229166666666,0.8726767873889174,0.7018229166666666,0.7739302043195996,0.8792822185970636,0.8716676364587702
0.83,0.65,False,0.7903645833333334,0.69921875,0.69921875,0.8785328981898003,0.69921875,0.7740720986504518,0.8846787479406919,0.8770453376196
0.83,0.66,False,0.78125,0.6953125,0.6953125,0.8835948898189562,0.6953125,0.7730274993435614,0.89,0.8822200897595774
0.83,0.67,False,0.7734375,0.69140625,0.69140625,0.8874163379442018,0.69140625,0.7715586376139302,0.8939393939393939,0.8858659469185785
0.83,0.68,False,0.7682291666666666,0.6888020833333334,0.6888020833333334,0.8897618182656774,0.6888020833333334,0.7704785157851775,0.8966101694915254,0.8884354989721531
0.83,0.69,False,0.7604166666666666,0.6848958333333334,0.6848958333333334,0.8946154041117218,0.6848958333333334,0.7690902399968085,0.9006849315068494,0.8925556724437786
0.83,0.7,False,0.75,0.6783854166666666,0.6783854166666666,0.8979816239004786,0.6783854166666666,0.7658168503238926,0.9045138888888888,0.8960841492487063
0.83,0.71,False,0.7434895833333334,0.671875,0.671875,0.8966536528777193,0.671875,0.7605347412170175,0.9036777583187391,0.8946457798806876
0.83,0.72,False,0.7317708333333334,0.6614583333333334,0.6614583333333334,0.8961065072034549,0.6614583333333334,0.7526151907596464,0.9039145907473309,0.8940773815322417
0.83,0.73,False,0.7265625,0.6575520833333334,0.6575520833333334,0.896896788754658,0.6575520833333334,0.7498654751518199,0.9050179211469535,0.8949393906886934
0.83,0.74,False,0.71484375,0.6471354166666666,0.6471354166666666,0.8964188221226893,0.6471354166666666,0.7418648999981522,0.9052823315118397,0.8941083723824134
0.83,0.75,False,0.7018229166666666,0.6393229166666666,0.6393229166666666,0.9029510880976153,0.6393229166666666,0.7374572219642642,0.9109461966604824,0.8998973431604292
0.83,0.76,False,0.68359375,0.6263020833333334,0.6263020833333334,0.9082429999933822,0.6263020833333334,0.7287955548126032,0.9161904761904762,0.9046712888847562
0.83,0.77,False,0.67578125,0.6197916666666666,0.6197916666666666,0.9089533715569363,0.6197916666666666,0.7237121495545257,0.9171483622350675,0.9052842558373335
0.83,0.78,False,0.6692708333333334,0.6158854166666666,0.6158854166666666,0.9125045568100186,0.6158854166666666,0.721310590817633,0.9202334630350194,0.908584199626286
0.83,0.79,False,0.6549479166666666,0.60546875,0.60546875,0.917210014502178,0.60546875,0.7136667762988186,0.9244532803180915,0.9127899570272452
0.83,0.8,False,0.6471354166666666,0.6041666666666666,0.6041666666666666,0.9287460010769376,0.6041666666666666,0.7151195848308022,0.9336016096579477,0.9237910607113903
0.83,0.81,False,0.6341145833333334,0.59375,0.59375,0.9320305888001097,0.59375,0.7064746226406386,0.9363449691991786,0.9264223669690277
0.83,0.82,False,0.6106770833333334,0.5794270833333334,0.5794270833333334,0.9484769631756058,0.5794270833333334,0.6962941848513718,0.9488272921108742,0.9413594704986435
0.83,0.83,False,0.5963541666666666,0.5677083333333334,0.5677083333333334,0.9532259155051683,0.5677083333333334,0.6856702058318441,0.9519650655021834,0.944218209382095
0.83,0.84,False,0.5872395833333334,0.5598958333333334,0.5598958333333334,0.9552834615075279,0.5598958333333334,0.6781937766471673,0.9534368070953437,0.9457267032314874
0.83,0.85,False,0.5638020833333334,0.5364583333333334,0.5364583333333334,0.9525329244091646,0.5364583333333334,0.6537044385214382,0.9515011547344111,0.9417494356745179
0.83,0.86,False,0.5455729166666666,0.5182291666666666,0.5182291666666666,0.9505422415764345,0.5182291666666666,0.633068060101905,0.9498806682577565,0.9372781407797252
0.83,0.87,False,0.5286458333333334,0.5052083333333334,0.5052083333333334,0.9598063128045727,0.5052083333333334,0.619462365546038,0.9556650246305419,0.9437665688812956
0.83,0.88,False,0.5143229166666666,0.4921875,0.4921875,0.9633793414784079,0.4921875,0.6041296672132991,0.9569620253164557,0.9441888361407326
0.83,0.89,False,0.4869791666666667,0.46484375,0.46484375,0.9608435670676334,0.46484375,0.5674200240200896,0.9545454545454546,0.932762769941828
0.83,0.9,False,0.4596354166666667,0.44140625,0.44140625,0.9749636710611552,0.44140625,0.5365347900032535,0.9603399433427762,0.9369966080789393
0.83,0.91,False,0.42578125,0.4075520833333333,0.4075520833333333,0.9742700695352319,0.4075520833333333,0.48326479746415957,0.9571865443425076,0.8901151207305712
0.83,0.92,False,0.4075520833333333,0.3893229166666667,0.3893229166666667,0.9735985680579285,0.3893229166666667,0.45323527107564665,0.9552715654952076,0.7982322027234282
0.83,0.93,False,0.3932291666666667,0.375,0.375,0.6391401945445888,0.375,0.43125630756145705,0.9536423841059603,0.6394893617021277
0.83,0.94,False,0.3606770833333333,0.34375,0.34375,0.6408098970339634,0.34375,0.38708506748252075,0.9530685920577617,0.6318402388951101
0.83,0.95,False,0.3385416666666667,0.3216145833333333,0.3216145833333333,0.6325252966440998,0.3216145833333333,0.35081275531979755,0.95,0.6105369807497466
0.84,0.5,True,0.9088541666666666,0.76953125,0.76953125,0.8461030415454367,0.76953125,0.8052059735453513,0.8467048710601719,0.8453753564509164
0.84,0.51,True,0.9010416666666666,0.765625,0.765625,0.849172928632918,0.765625,0.8041699122017926,0.8497109826589595,0.8478957153564446
0.84,0.52,True,0.88671875,0.7591145833333334,0.7591145833333334,0.8544368338167274,0.7591145833333334,0.8028065722358594,0.856093979441997,0.8534584388621699
0.84,0.53,True,0.87890625,0.7578125,0.7578125,0.8599815268406222,0.7578125,0.8045396006938619,0.8622222222222222,0.8592716193335389
0.84,0.54,True,0.8684895833333334,0.7486979166666666,0.7486979166666666,0.859109955000415,0.7486979166666666,0.7988470398758213,0.8620689655172413,0.8584466298480723
0.84,0.55,True,0.8580729166666666,0.7408854166666666,0.7408854166666666,0.8599672908047592,0.7408854166666666,0.7943986139056561,0.8634294385432474,0.8591403865508521
0.84,0.56,True,0.8463541666666666,0.7317708333333334,0.7317708333333334,0.8605233740293438,0.7317708333333334,0.789055079434201,0.8646153846153846,0.8595899244202029
0.84,0.57,True,0.8411458333333334,0.7291666666666666,0.7291666666666666,0.8626482663359053,0.7291666666666666,0.7881700006594414,0.8668730650154799,0.8615810647274396
0.84,0.58,True,0.8333333333333334,0.7265625,0.7265625,0.8673003662696298,0.7265625,0.7883093775934898,0.871875,0.8663167852893136
0.84,0.59,True,0.828125,0.7239583333333334,0.7239583333333334,0.8692560726632377,0.7239583333333334,0.7873878588096423,0.8742138364779874,0.8684184148437387
0.84,0.6,True,0.8190104166666666,0.7161458333333334,0.7161458333333334,0.8687569580800686,0.7161458333333334,0.7820104346715339,0.8744038155802861,0.8678913185900511
0.84,0.61,True,0.8138020833333334,0.7135416666666666,0.7135416666666666,0.8710773148013812,0.7135416666666666,0.7812611085842428,0.8768,0.8701646842311804
0.84,0.62,True,0.8072916666666666,0.7083333333333334,0.7083333333333334,0.8712260575174073,0.7083333333333334,0.7779292208885661,0.8774193548387097,0.8703753177292818
0.84,0.63,False,0.7994791666666666,0.703125,0.703125,0.8730337904865969,0.703125,0.7751920975260892,0.8794788273615635,0.872108624907999
0.84,0.64,False,0.7955729166666666,0.69921875,0.69921875,0.8721049340121233,0.69921875,0.7720804977459904,0.8788870703764321,0.8711011514367574
0.84,0.65,False,0.7877604166666666,0.6966145833333334,0.6966145833333334,0.8779662173561129,0.6966145833333334,0.7722125431803931,0.8842975206611571,0.8764954396679698
0.84,0.66,False,0.7786458333333334,0.6927083333333334,0.6927083333333334,0.8830623535721341,0.6927083333333334,0.7711627247408818,0.8896321070234113,0.8816934729488465
0.84,0.67,False,0.7708333333333334,0.6888020833333334,0.6888020833333334,0.8869026317310137,0.6888020833333334,0.7696820851371279,0.893581081081081,0.8853522407053904
0.84,0.68,False,0.765625,0.6861979166666666,0.6861979166666666,0.8892735237698415,0.6861979166666666,0.7685984575233014,0.8962585034013606,0.8879343534967808
0.84,0.69,False,0.7578125,0.6822916666666666,0.6822916666666666,0.8941167753408417,0.6822916666666666,0.7671932823348255,0.9003436426116839,0.8920636915010781
0.84,0.7,False,0.7473958333333334,0.67578125,0.67578125,0.8975038408139998,0.67578125,0.7638796703045209,0.9041811846689896,0.8955918536744435
0.84,0.71,False,0.7408854166666666,0.6692708333333334,0.6692708333333334,0.8961652523893188,0.6692708333333334,0.75857978890389,0.9033391915641477,0.8941426048462201
0.84,0.72,False,0.7291666666666666,0.6588541666666666,0.6588541666666666,0.8956114843355506,0.6588541666666666,0.750621867321485,0.9035714285714286,0.8935589494190753
0.84,0.73,False,0.7239583333333334,0.6549479166666666,0.6549479166666666,0.896412340640152,0.6549479166666666,0.7478607770914375,0.9046762589928058,0.894422845087402
0.84,0.74,False,0.7122395833333334,0.64453125,0.64453125,0.8959227728012138,0.64453125,0.7398104801214546,0.9049360146252285,0.8935694294558959
0.84,0.75,False,0.69921875,0.63671875,0.63671875,0.9024492312271949,0.63671875,0.7353610724996938,0.9106145251396648,0.8993676413640626
0.84,0.76,False,0.6822916666666666,0.625,0.625,0.9079961079287836,0.625,0.7276995390107049,0.916030534351145,0.9043972094227953
0.84,0.77,False,0.6744791666666666,0.6184895833333334,0.6184895833333334,0.9087048703299615,0.6184895833333334,0.7225928494462992,0.916988416988417,0.9050008852183925
0.84,0.78,False,0.6692708333333334,0.6158854166666666,0.6158854166666666,0.9125045568100186,0.6158854166666666,0.721310590817633,0.9202334630350194,0.908584199626286
0.84,0.79,False,0.6549479166666666,0.60546875,0.60546875,0.917210014502178,0.60546875,0.7136667762988186,0.9244532803180915,0.9127899570272452
0.84,0.8,False,0.6471354166666666,0.6041666666666666,0.6041666666666666,0.9287460010769376,0.6041666666666666,0.7151195848308022,0.9336016096579477,0.9237910607113903
0.84,0.81,False,0.6341145833333334,0.59375,0.59375,0.9320305888001097,0.59375,0.7064746226406386,0.9363449691991786,0.9264223669690277
0.84,0.82,False,0.6106770833333334,0.5794270833333334,0.5794270833333334,0.9484769631756058,0.5794270833333334,0.6962941848513718,0.9488272921108742,0.9413594704986435
0.84,0.83,False,0.5963541666666666,0.5677083333333334,0.5677083333333334,0.9532259155051683,0.5677083333333334,0.6856702058318441,0.9519650655021834,0.944218209382095
0.84,0.84,False,0.5872395833333334,0.5598958333333334,0.5598958333333334,0.9552834615075279,0.5598958333333334,0.6781937766471673,0.9534368070953437,0.9457267032314874
0.84,0.85,False,0.5638020833333334,0.5364583333333334,0.5364583333333334,0.9525329244091646,0.5364583333333334,0.6537044385214382,0.9515011547344111,0.9417494356745179
0.84,0.86,False,0.5455729166666666,0.5182291666666666,0.5182291666666666,0.9505422415764345,0.5182291666666666,0.633068060101905,0.9498806682577565,0.9372781407797252
0.84,0.87,False,0.5286458333333334,0.5052083333333334,0.5052083333333334,0.9598063128045727,0.5052083333333334,0.619462365546038,0.9556650246305419,0.9437665688812956
0.84,0.88,False,0.5143229166666666,0.4921875,0.4921875,0.9633793414784079,0.4921875,0.6041296672132991,0.9569620253164557,0.9441888361407326
0.84,0.89,False,0.4869791666666667,0.46484375,0.46484375,0.9608435670676334,0.46484375,0.5674200240200896,0.9545454545454546,0.932762769941828
0.84,0.9,False,0.4596354166666667,0.44140625,0.44140625,0.9749636710611552,0.44140625,0.5365347900032535,0.9603399433427762,0.9369966080789393
0.84,0.91,False,0.42578125,0.4075520833333333,0.4075520833333333,0.9742700695352319,0.4075520833333333,0.48326479746415957,0.9571865443425076,0.8901151207305712
0.84,0.92,False,0.4075520833333333,0.3893229166666667,0.3893229166666667,0.9735985680579285,0.3893229166666667,0.45323527107564665,0.9552715654952076,0.7982322027234282
0.84,0.93,False,0.3932291666666667,0.375,0.375,0.6391401945445888,0.375,0.43125630756145705,0.9536423841059603,0.6394893617021277
0.84,0.94,False,0.3606770833333333,0.34375,0.34375,0.6408098970339634,0.34375,0.38708506748252075,0.9530685920577617,0.6318402388951101
0.84,0.95,False,0.3385416666666667,0.3216145833333333,0.3216145833333333,0.6325252966440998,0.3216145833333333,0.35081275531979755,0.95,0.6105369807497466
0.85,0.5,True,0.8997395833333334,0.7643229166666666,0.7643229166666666,0.8483017377567141,0.7643229166666666,0.8034180654371301,0.849493487698987,0.8477707343966859
0.85,0.51,True,0.8919270833333334,0.7604166666666666,0.7604166666666666,0.8513794103442517,0.7604166666666666,0.8023603934894258,0.8525547445255475,0.8503382802269751
0.85,0.52,True,0.87890625,0.7552083333333334,0.7552083333333334,0.8570539135194307,0.7552083333333334,0.8018907261280838,0.8592592592592593,0.8563182358581399
0.85,0.53,True,0.87109375,0.75390625,0.75390625,0.8627190527422787,0.75390625,0.8036202549353515,0.8654708520179372,0.8622132283129406
0.85,0.54,True,0.8606770833333334,0.7447916666666666,0.7447916666666666,0.8618782727451069,0.7447916666666666,0.7978810668343669,0.8653555219364599,0.8614066671271879
0.85,0.55,True,0.8502604166666666,0.7369791666666666,0.7369791666666666,0.8627683236830958,0.7369791666666666,0.7934097340124505,0.8667687595712098,0.862143303641194
0.85,0.56,True,0.8385416666666666,0.7278645833333334,0.7278645833333334,0.8633580641635241,0.7278645833333334,0.7880170518490704,0.8680124223602484,0.8626319186062251
0.85,0.57,True,0.8346354166666666,0.7252604166666666,0.7252604166666666,0.8642680932469279,0.7252604166666666,0.7866167609934759,0.8689547581903276,0.8633219262417723
0.85,0.58,True,0.8268229166666666,0.72265625,0.72265625,0.8689948370996176,0.72265625,0.7867555328096186,0.8740157480314961,0.8681101877123597
0.85,0.59,True,0.8216145833333334,0.7200520833333334,0.7200520833333334,0.8710026085026086,0.7200520833333334,0.7858337015760789,0.8763866877971473,0.8702388154670695
0.85,0.6,True,0.8125,0.7122395833333334,0.7122395833333334,0.8705269658014684,0.7122395833333334,0.7804437069455213,0.8766025641025641,0.8697223340653494
0.85,0.61,True,0.8072916666666666,0.7096354166666666,0.7096354166666666,0.8728683897801545,0.7096354166666666,0.7796690215226915,0.8790322580645161,0.8720177182857235
0.85,0.62,True,0.80078125,0.7044270833333334,0.7044270833333334,0.8730392577343169,0.7044270833333334,0.7763112960953586,0.8796747967479674,0.872236703856531
0.85,0.63,False,0.7942708333333334,0.7005208333333334,0.7005208333333334,0.8751575835878161,0.7005208333333334,0.7744747168615201,0.8819672131147541,0.8742784329282219
0.85,0.64,False,0.7903645833333334,0.6966145833333334,0.6966145833333334,0.8742287271133424,0.6966145833333334,0.7713631170814214,0.8813838550247117,0.8732709594569803
0.85,0.65,False,0.7825520833333334,0.6940104166666666,0.6940104166666666,0.8801149247577819,0.6940104166666666,0.771486588014481,0.8868552412645591,0.8787164684372053
0.85,0.66,False,0.7734375,0.6901041666666666,0.6901041666666666,0.8852897031005839,0.6901041666666666,0.7704385022767045,0.8922558922558923,0.8839679158558771
0.85,0.67,False,0.765625,0.6861979166666666,0.6861979166666666,0.8891859130949737,0.6861979166666666,0.7689497755984024,0.8962585034013606,0.8876747895107749
0.85,0.68,False,0.7604166666666666,0.68359375,0.68359375,0.8916143844335332,0.68359375,0.7678674211323758,0.898972602739726,0.890285417025935
0.85,0.69,False,0.7526041666666666,0.6796875,0.6796875,0.8964605734767025,0.6796875,0.7664432605134692,0.903114186851211,0.8944617739045121
0.85,0.7,False,0.7434895833333334,0.6731770833333334,0.6731770833333334,0.8983351729212656,0.6731770833333334,0.7625440252326906,0.9054290718038529,0.896565437182586
0.85,0.71,False,0.7369791666666666,0.6666666666666666,0.6666666666666666,0.8969856092047103,0.6666666666666666,0.7572261258383904,0.9045936395759717,0.8951124200759555
0.85,0.72,False,0.7252604166666666,0.65625,0.65625,0.8964247484478699,0.65625,0.7492292653582977,0.9048473967684022,0.8945329375878052
0.85,0.73,False,0.7200520833333334,0.65234375,0.65234375,0.8972362930016748,0.65234375,0.7464566068994213,0.9059674502712477,0.8954074363452523
0.85,0.74,False,0.7096354166666666,0.6432291666666666,0.6432291666666666,0.8969899983627556,0.6432291666666666,0.739395274984083,0.9064220183486239,0.8948326836444398
0.85,0.75,False,0.6966145833333334,0.6354166666666666,0.6354166666666666,0.9035133597025226,0.6354166666666666,0.7349247649027181,0.9121495327102803,0.9006744073447855
0.85,0.76,False,0.6796875,0.6236979166666666,0.6236979166666666,0.9090656565656566,0.6236979166666666,0.727217431357484,0.9176245210727969,0.9057625421931771
0.85,0.77,False,0.6731770833333334,0.6184895833333334,0.6184895833333334,0.9100246029256277,0.6184895833333334,0.7232121566875964,0.9187620889748549,0.9066668257639315
0.85,0.78,False,0.66796875,0.6158854166666666,0.6158854166666666,0.9138242894056848,0.6158854166666666,0.7219298980589303,0.9220272904483431,0.9102692737494237
0.85,0.79,False,0.6536458333333334,0.60546875,0.60546875,0.9185297470978441,0.60546875,0.7142860835401158,0.9262948207171314,0.9145472392020348
0.85,0.8,False,0.6458333333333334,0.6041666666666666,0.6041666666666666,0.9300657336726039,0.6041666666666666,0.7157388920720994,0.9354838709677419,0.9255957887537013
0.85,0.81,False,0.6328125,0.59375,0.59375,0.933350321395776,0.59375,0.7070939298819359,0.9382716049382716,0.9282917480249111
0.85,0.82,False,0.609375,0.5794270833333334,0.5794270833333334,0.9497966957712721,0.5794270833333334,0.6969134920926691,0.9508547008547008,0.9433868810271804
0.85,0.83,False,0.5950520833333334,0.5677083333333334,0.5677083333333334,0.9545456481008346,0.5677083333333334,0.6862895130731416,0.9540481400437637,0.9463301674201263
0.85,0.84,False,0.5859375,0.5598958333333334,0.5598958333333334,0.9566031941031942,0.5598958333333334,0.6788130838884646,0.9555555555555556,0.9479027842882934
0.85,0.85,False,0.5625,0.5364583333333334,0.5364583333333334,0.9538526570048309,0.5364583333333334,0.6543237457627354,0.9537037037037037,0.9440237536456914
0.85,0.86,False,0.5442708333333334,0.5182291666666666,0.5182291666666666,0.9518619741721008,0.5182291666666666,0.6336873673432023,0.9521531100478469,0.939773697553039
0.85,0.87,False,0.52734375,0.5052083333333334,0.5052083333333334,0.9611260454002389,0.5052083333333334,0.6200816727873352,0.9580246913580247,0.9464658051984577
0.85,0.88,False,0.5130208333333334,0.4921875,0.4921875,0.9646990740740741,0.4921875,0.6047489744545963,0.9593908629441624,0.9471029388231699
0.85,0.89,False,0.4856770833333333,0.46484375,0.46484375,0.9621632996632997,0.46484375,0.5680393312613868,0.9571045576407506,0.9364183186084913
0.85,0.9,False,0.4583333333333333,0.44140625,0.44140625,0.9762834036568213,0.44140625,0.5371540972445509,0.9630681818181818,0.9416531577466035
0.85,0.91,False,0.4244791666666667,0.4075520833333333,0.4075520833333333,0.975589802130898,0.4075520833333333,0.4838841047054569,0.9601226993865031,0.8980906195995377
0.85,0.92,False,0.40625,0.3893229166666667,0.3893229166666667,0.9749183006535947,0.3893229166666667,0.4538545783169439,0.9583333333333334,0.8087287099957562
0.85,0.93,False,0.3919270833333333,0.375,0.375,0.640459927140255,0.375,0.43187561480275444,0.9568106312292359,0.640181947405828
0.85,0.94,False,0.359375,0.34375,0.34375,0.6421296296296296,0.34375,0.387704374723818,0.9565217391304348,0.6325328245988104
0.85,0.95,False,0.3372395833333333,0.3216145833333333,0.3216145833333333,0.633845029239766,0.3216145833333333,0.3514320625610949,0.9536679536679536,0.6112295664534471
0.86,0.5,True,0.890625,0.7604166666666666,0.7604166666666666,0.8522039369342574,0.7604166666666666,0.8031312653178616,0.8538011695906432,0.8518856983939727
0.86,0.51,True,0.8828125,0.7565104166666666,0.7565104166666666,0.8552860194779098,0.7565104166666666,0.8020646020646022,0.8569321533923304,0.8545337591599744
0.86,0.52,True,0.87109375,0.7513020833333334,0.7513020833333334,0.8599897309195911,0.7513020833333334,0.80108733941176,0.8624813153961136,0.8594279661735739
0.86,0.53,True,0.86328125,0.75,0.75,0.8657691465344296,0.75,0.8028195287040588,0.8687782805429864,0.865415687067901
0.86,0.54,True,0.8528645833333334,0.7408854166666666,0.7408854166666666,0.8649687803755498,0.7408854166666666,0.7970479590732755,0.8687022900763359,0.8646477738784442
0.86,0.55,True,0.8424479166666666,0.7330729166666666,0.7330729166666666,0.8658953008199205,0.7330729166666666,0.7925613805868584,0.8701700154559505,0.8654469550198852
0.86,0.56,True,0.8307291666666666,0.7239583333333334,0.7239583333333334,0.8665290677674579,0.7239583333333334,0.7871344319312911,0.8714733542319749,0.8659984376506517
0.86,0.57,True,0.8268229166666666,0.7213541666666666,0.7213541666666666,0.8674390968508616,0.7213541666666666,0.7857341410756965,0.8724409448818897,0.866720800866467
0.86,0.58,True,0.8190104166666666,0.71875,0.71875,0.872266539466028,0.71875,0.7858813252981719,0.8775834658187599,0.8716080924177435
0.86,0.59,True,0.8138020833333334,0.7161458333333334,0.7161458333333334,0.874344259279697,0.7161458333333334,0.7849652600789202,0.88,0.8737940274856087
0.86,0.6,True,0.8046875,0.7083333333333334,0.7083333333333334,0.8739091974214194,0.7083333333333334,0.7795686127434531,0.8802588996763754,0.8733349060312966
0.86,0.61,False,0.7994791666666666,0.7057291666666666,0.7057291666666666,0.876297428062134,0.7057291666666666,0.778777427900235,0.8827361563517915,0.8756829030671307
0.86,0.62,False,0.7942708333333334,0.7005208333333334,0.7005208333333334,0.8751154937767515,0.7005208333333334,0.7748712169570688,0.8819672131147541,0.8744637900465427
0.86,0.63,False,0.7877604166666666,0.6966145833333334,0.6966145833333334,0.8772585599534984,0.6966145833333334,0.7730168547355691,0.8842975206611571,0.8765430597107443
0.86,0.64,False,0.7838541666666666,0.6927083333333334,0.6927083333333334,0.8763297034790248,0.6927083333333334,0.7699052549554702,0.8837209302325582,0.8755463819698805
0.86,0.65,False,0.7760416666666666,0.6901041666666666,0.6901041666666666,0.8822418463381584,0.6901041666666666,0.7700199575943509,0.889261744966443,0.8810678211217802
0.86,0.66,False,0.7669270833333334,0.6861979166666666,0.6861979166666666,0.8874981571575998,0.6861979166666666,0.7689735069481496,0.8947368421052632,0.8864068341706896
0.86,0.67,False,0.7591145833333334,0.6822916666666666,0.6822916666666666,0.8914525534034098,0.6822916666666666,0.767476461263879,0.8987993138936535,0.8901827453712962
0.86,0.68,False,0.75390625,0.6796875,0.6796875,0.8939408057055115,0.6796875,0.7663953142455222,0.9015544041450777,0.8928430285145575
0.86,0.69,False,0.7473958333333334,0.6770833333333334,0.6770833333333334,0.8990378760199732,0.6770833333333334,0.7659216600393072,0.9059233449477352,0.8973344152731224
0.86,0.7,False,0.73828125,0.6705729166666666,0.6705729166666666,0.9009806318539023,0.6705729166666666,0.762003762003762,0.908289241622575,0.8994983194377388
0.86,0.71,False,0.7317708333333334,0.6640625,0.6640625,0.8996409989057047,0.6640625,0.7566747059321317,0.9074733096085409,0.898070382393208
0.86,0.72,False,0.72265625,0.6549479166666666,0.6549479166666666,0.8976969239847513,0.6549479166666666,0.7491258741258742,0.9063063063063063,0.896002800299199
0.86,0.73,False,0.7174479166666666,0.6510416666666666,0.6510416666666666,0.8985084685385561,0.6510416666666666,0.7463532156669977,0.9074410163339383,0.8968861674638516
0.86,0.74,False,0.70703125,0.6419270833333334,0.6419270833333334,0.8982621738996369,0.6419270833333334,0.7392918837516594,0.9079189686924494,0.8963389738238897
0.86,0.75,False,0.6940104166666666,0.6341145833333334,0.6341145833333334,0.904785535239404,0.6341145833333334,0.7348213736702945,0.9136960600375235,0.9022201113288016
0.86,0.76,False,0.6770833333333334,0.6223958333333334,0.6223958333333334,0.910337832102538,0.6223958333333334,0.7271140401250604,0.9192307692307692,0.9073784129914279
0.86,0.77,False,0.6705729166666666,0.6171875,0.6171875,0.9112967784625091,0.6171875,0.7231087654551729,0.920388349514563,0.908305934621724
0.86,0.78,False,0.6653645833333334,0.6145833333333334,0.6145833333333334,0.9150964649425662,0.6145833333333334,0.7218265068265067,0.923679060665362,0.9119277378714794
0.86,0.79,False,0.6510416666666666,0.6041666666666666,0.6041666666666666,0.9198019226347256,0.6041666666666666,0.7141826923076923,0.928,0.9162789162789163
0.86,0.8,False,0.6432291666666666,0.6028645833333334,0.6028645833333334,0.9313379092094852,0.6028645833333334,0.7156355008396759,0.937246963562753,0.9273754748267802
0.86,0.81,False,0.6302083333333334,0.5924479166666666,0.5924479166666666,0.9346224969326574,0.5924479166666666,0.7069905386495123,0.9400826446280992,0.9301370672338414
0.86,0.82,False,0.6067708333333334,0.578125,0.578125,0.9510688713081535,0.578125,0.6968101008602455,0.9527896995708155,0.9453926557590195
0.86,0.83,False,0.5924479166666666,0.56640625,0.56640625,0.9558178236377161,0.56640625,0.686186121840718,0.9560439560439561,0.9484248151710718
0.86,0.84,False,0.5833333333333334,0.55859375,0.55859375,0.9578753696400755,0.55859375,0.6787096926560411,0.9575892857142857,0.9500627556571687
0.86,0.85,False,0.5598958333333334,0.53515625,0.53515625,0.9551248325417122,0.53515625,0.6542203545303119,0.9558139534883721,0.9462840375211736
0.86,0.86,False,0.5416666666666666,0.5169270833333334,0.5169270833333334,0.9531341497089821,0.5169270833333334,0.6335839761107788,0.9543269230769231,0.9422604711940638
0.86,0.87,False,0.5247395833333334,0.50390625,0.50390625,0.9623982209371205,0.50390625,0.6199782815549116,0.9602977667493796,0.9491640107373085
0.86,0.88,False,0.5104166666666666,0.4908854166666667,0.4908854166666667,0.9659712496109556,0.4908854166666667,0.6046455832221728,0.9617346938775511,0.9500221019408093
0.86,0.89,False,0.4830729166666667,0.4635416666666667,0.4635416666666667,0.963435475200181,0.4635416666666667,0.5679359400289633,0.9595687331536388,0.9401067269749198
0.86,0.9,False,0.4557291666666667,0.4401041666666667,0.4401041666666667,0.9775555791937028,0.4401041666666667,0.5370507060121273,0.9657142857142857,0.9463907002345732
0.86,0.91,False,0.421875,0.40625,0.40625,0.9768619776677795,0.40625,0.48378071347303336,0.9629629629629629,0.906479898213055
0.86,0.92,False,0.4036458333333333,0.3880208333333333,0.3880208333333333,0.9761904761904763,0.3880208333333333,0.4537511870845204,0.9612903225806452,0.8205047978784354
0.86,0.93,False,0.3893229166666667,0.3736979166666667,0.3736979166666667,0.6417321026771364,0.3736979166666667,0.4317722235703309,0.959866220735786,0.6408469241773963
0.86,0.94,False,0.3567708333333333,0.3424479166666667,0.3424479166666667,0.643401805166511,0.3424479166666667,0.3876009834913945,0.9598540145985401,0.6331978013703787
0.86,0.95,False,0.3346354166666667,0.3203125,0.3203125,0.6351172047766475,0.3203125,0.35132867132867135,0.9571984435797666,0.6118945432250152
0.87,0.5,True,0.8880208333333334,0.7591145833333334,0.7591145833333334,0.8532541341648067,0.7591145833333334,0.8029102093469743,0.8548387096774194,0.8531052085499633
0.87,0.51,True,0.8802083333333334,0.7552083333333334,0.7552083333333334,0.8563396247933209,0.7552083333333334,0.8018428377691186,0.8579881656804734,0.8557627557627558
0.87,0.52,True,0.8684895833333334,0.75,0.75,0.861089921431384,0.75,0.8008725173672112,0.863568215892054,0.860674087579917
0.87,0.53,True,0.8606770833333334,0.7486979166666666,0.7486979166666666,0.8669152922818796,0.7486979166666666,0.8026125787333164,0.869894099848714,0.866677683613765
0.87,0.54,True,0.8502604166666666,0.7395833333333334,0.7395833333333334,0.8661427914491927,0.7395833333333334,0.7968401804337462,0.8698315467075038,0.8659214828845472
0.87,0.55,True,0.83984375,0.7317708333333334,0.7317708333333334,0.8670895561726731,0.7317708333333334,0.7923542358983212,0.8713178294573644,0.8667311858977736
0.87,0.56,True,0.828125,0.72265625,0.72265625,0.8677534842091804,0.72265625,0.7869262332213488,0.8726415094339622,0.8672984020810107
0.87,0.57,True,0.82421875,0.7200520833333334,0.7200520833333334,0.8686635132925842,0.7200520833333334,0.7855259423657541,0.8736176935229067,0.8680239409052969
0.87,0.58,True,0.81640625,0.7174479166666666,0.7174479166666666,0.8735285203451283,0.7174479166666666,0.785679893692064,0.8787878787878788,0.8729241683882946
0.87,0.59,True,0.8111979166666666,0.71484375,0.71484375,0.8756322067937853,0.71484375,0.7847684135369865,0.8812199036918138,0.8751167147393563
0.87,0.6,True,0.8020833333333334,0.70703125,0.70703125,0.8752157558600743,0.70703125,0.7793732401466881,0.8814935064935064,0.8746636202081747
0.87,0.61,False,0.796875,0.7044270833333334,0.7044270833333334,0.8776286174511477,0.7044270833333334,0.7785826699281736,0.8839869281045751,0.877023988938309
0.87,0.62,False,0.7916666666666666,0.69921875,0.69921875,0.8764578921959268,0.69921875,0.7746746908417973,0.8832236842105263,0.8758105122640957
0.87,0.63,False,0.78515625,0.6953125,0.6953125,0.8786269031262339,0.6953125,0.77282086279565,0.8855721393034826,0.877902815016217
0.87,0.64,False,0.78125,0.69140625,0.69140625,0.8776980466517603,0.69140625,0.769709263015551,0.885,0.8769061372753533
0.87,0.65,False,0.7734375,0.6888020833333334,0.6888020833333334,0.8836310094617056,0.6888020833333334,0.7698254080483861,0.8905723905723906,0.882445644628488
0.87,0.66,False,0.7643229166666666,0.6848958333333334,0.6848958333333334,0.8889335387225682,0.6848958333333334,0.7687861680480353,0.8960817717206133,0.8878002455238226
0.87,0.67,False,0.7565104166666666,0.6809895833333334,0.6809895833333334,0.8929268182024409,0.6809895833333334,0.767293075433123,0.9001721170395869,0.8915973616595846
0.87,0.68,False,0.7513020833333334,0.6783854166666666,0.6783854166666666,0.8954484945128863,0.6783854166666666,0.7662168863649791,0.902946273830156,0.8942658998148381
0.87,0.69,False,0.7447916666666666,0.67578125,0.67578125,0.9005527887297964,0.67578125,0.7657422851841756,0.9073426573426573,0.8987735553845644
0.87,0.7,False,0.7356770833333334,0.6692708333333334,0.6692708333333334,0.9025614357642416,0.6692708333333334,0.761825492816878,0.9097345132743363,0.9009613703911619
0.87,0.71,False,0.7291666666666666,0.6627604166666666,0.6627604166666666,0.9012377476934438,0.6627604166666666,0.7564943848196655,0.9089285714285714,0.8995412599534655
0.87,0.72,False,0.7200520833333334,0.6536458333333334,0.6536458333333334,0.8993181619947884,0.6536458333333334,0.7489423581227528,0.9077757685352622,0.8974856949466191
0.87,0.73,False,0.71484375,0.6497395833333334,0.6497395833333334,0.9001578928356272,0.6497395833333334,0.7461711545407459,0.9089253187613844,0.898378024096352
0.87,0.74,False,0.7044270833333334,0.640625,0.640625,0.8999677128262867,0.640625,0.7391078453836437,0.9094269870609981,0.8978587432932509
0.87,0.75,False,0.69140625,0.6328125,0.6328125,0.9065509740327896,0.6328125,0.7346351051472754,0.9152542372881356,0.9037797310557645
0.87,0.76,False,0.67578125,0.62109375,0.62109375,0.9102787367344329,0.62109375,0.7263858974090881,0.9190751445086706,0.907341730551312
0.87,0.77,False,0.6692708333333334,0.6158854166666666,0.6158854166666666,0.911237683094404,0.6158854166666666,0.7223806227392006,0.9202334630350194,0.9082692521816081
0.87,0.78,False,0.6640625,0.61328125,0.61328125,0.9150373695744611,0.61328125,0.7210983641105345,0.9235294117647059,0.9118910554313634
0.87,0.79,False,0.6497395833333334,0.6028645833333334,0.6028645833333334,0.9197428272666205,0.6028645833333334,0.71345454959172,0.9278557114228457,0.9162422338388003
0.87,0.8,False,0.6419270833333334,0.6015625,0.6015625,0.9312788138413802,0.6015625,0.7149073581237037,0.9371196754563894,0.9273387923866644
0.87,0.81,False,0.62890625,0.5911458333333334,0.5911458333333334,0.9345634015645524,0.5911458333333334,0.7062623959335399,0.9399585921325052,0.9301003847937256
0.87,0.82,False,0.60546875,0.5768229166666666,0.5768229166666666,0.9510097759400485,0.5768229166666666,0.6960819581442731,0.9526881720430107,0.9453559733189035
0.87,0.83,False,0.5911458333333334,0.5651041666666666,0.5651041666666666,0.9557587282696111,0.5651041666666666,0.6854579791247456,0.9559471365638766,0.9483910451297035
0.87,0.84,False,0.58203125,0.5572916666666666,0.5572916666666666,0.9578162742719704,0.5572916666666666,0.6779815499400687,0.9574944071588367,0.9500289856158003
0.87,0.85,False,0.55859375,0.5338541666666666,0.5338541666666666,0.9550657371736072,0.5338541666666666,0.6534922118143396,0.9557109557109557,0.9462502674798053
0.87,0.86,False,0.5403645833333334,0.515625,0.515625,0.9530750543408771,0.515625,0.6328558333948063,0.9542168674698795,0.9422267011526952
0.87,0.87,False,0.5234375,0.5026041666666666,0.5026041666666666,0.9623391255690154,0.5026041666666666,0.6192501388389393,0.9601990049751243,0.9491331785139351
0.87,0.88,False,0.5091145833333334,0.4895833333333333,0.4895833333333333,0.9659121542428505,0.4895833333333333,0.6039174405062004,0.9616368286445013,0.9499912697174361
0.87,0.89,False,0.4817708333333333,0.4622395833333333,0.4622395833333333,0.9633763798320759,0.4622395833333333,0.567207797312991,0.9594594594594594,0.9400758947515465
0.87,0.9,False,0.4544270833333333,0.4388020833333333,0.4388020833333333,0.9774964838255977,0.4388020833333333,0.5363225632961549,0.9656160458452722,0.9463598680111999
0.87,0.91,False,0.4205729166666667,0.4049479166666667,0.4049479166666667,0.9768028822996744,0.4049479166666667,0.483052570757061,0.9628482972136223,0.9064490659896816
0.87,0.92,False,0.40234375,0.38671875,0.38671875,0.9761313808223712,0.38671875,0.45302304436854807,0.9611650485436893,0.820473965655062
0.87,0.93,False,0.3880208333333333,0.3723958333333333,0.3723958333333333,0.6416730073090314,0.3723958333333333,0.43104408085435847,0.959731543624161,0.640816091954023
0.87,0.94,False,0.35546875,0.3411458333333333,0.3411458333333333,0.643342709798406,0.3411458333333333,0.3868728407754221,0.9597069597069597,0.6331669691470054
0.87,0.95,False,0.3333333333333333,0.3190104166666667,0.3190104166666667,0.6350581094085425,0.3190104166666667,0.35060052861269897,0.95703125,0.6118637110016419
0.88,0.5,True,0.8841145833333334,0.7565104166666666,0.7565104166666666,0.8540050301782999,0.7565104166666666,0.8018333946459485,0.8556701030927835,0.8539527621012452
0.88,0.51,True,0.8763020833333334,0.7526041666666666,0.7526041666666666,0.8570913298574974,0.7526041666666666,0.8007618053193252,0.8588410104011887,0.8566358192860081
0.88,0.52,True,0.8645833333333334,0.7473958333333334,0.7473958333333334,0.8618983298235198,0.7473958333333334,0.7997884578468031,0.8644578313253012,0.8615886899819705
0.88,0.53,True,0.8567708333333334,0.74609375,0.74609375,0.8677838970337711,0.74609375,0.8015298710104272,0.8708206686930091,0.8676319879286337
0.88,0.54,True,0.8463541666666666,0.7369791666666666,0.7369791666666666,0.8670334328322733,0.7369791666666666,0.7957410066156377,0.8707692307692307,0.8668900625560022
0.88,0.55,True,0.8359375,0.7291666666666666,0.7291666666666666,0.8679998065842671,0.7291666666666666,0.7912473073448684,0.8722741433021807,0.8677267087044309
0.88,0.56,True,0.82421875,0.7200520833333334,0.7200520833333334,0.8686878089352588,0.7200520833333334,0.785801871713765,0.8736176935229067,0.8683186831715304
0.88,0.57,True,0.8203125,0.7174479166666666,0.7174479166666666,0.8695978380186625,0.7174479166666666,0.7844015808581705,0.8746031746031746,0.8690592033334497
0.88,0.58,True,0.8125,0.71484375,0.71484375,0.8745159449188665,0.71484375,0.7845598080486734,0.8798076923076923,0.8740037911826662
0.88,0.59,True,0.8072916666666666,0.7122395833333334,0.7122395833333334,0.8766565425400801,0.7122395833333334,0.7836512593755476,0.882258064516129,0.876222425629641
0.88,0.6,False,0.7981770833333334,0.7044270833333334,0.7044270833333334,0.8762617702448211,0.7044270833333334,0.7782526995684446,0.8825448613376835,0.8757957740332222
0.88,0.61,False,0.79296875,0.7018229166666666,0.7018229166666666,0.8786998871099362,0.7018229166666666,0.777453731123036,0.8850574712643678,0.8781772573936042
0.88,0.62,False,0.7877604166666666,0.6966145833333334,0.6966145833333334,0.8775350047705395,0.6966145833333334,0.7735356973020048,0.8842975206611571,0.8769707132533332
0.88,0.63,False,0.78125,0.6927083333333334,0.6927083333333334,0.879730680374896,0.6927083333333334,0.7716730934832713,0.8866666666666667,0.8790887588826518
0.88,0.64,False,0.77734375,0.6888020833333334,0.6888020833333334,0.8788018239004223,0.6888020833333334,0.7685614937031723,0.8860971524288107,0.8781030187003734
0.88,0.65,False,0.76953125,0.6861979166666666,0.6861979166666666,0.8847592787824724,0.6861979166666666,0.7686739018152301,0.8917089678510999,0.8836931701838621
0.88,0.66,False,0.7604166666666666,0.6822916666666666,0.6822916666666666,0.8901283163496524,0.6822916666666666,0.7676391067952774,0.8972602739726028,0.8891090373753681
0.88,0.67,False,0.7526041666666666,0.6783854166666666,0.6783854166666666,0.8941723490325209,0.6783854166666666,0.7661437635456724,0.9013840830449827,0.8929514983780887
0.88,0.68,False,0.7473958333333334,0.67578125,0.67578125,0.8967426170816001,0.67578125,0.765070673715116,0.9041811846689896,0.8956556987763159
0.88,0.69,False,0.7408854166666666,0.6731770833333334,0.6731770833333334,0.9018517651465493,0.6731770833333334,0.7645906998173495,0.9086115992970123,0.9002103142865606
0.88,0.7,False,0.7330729166666666,0.6666666666666666,0.6666666666666666,0.9022664346915105,0.6666666666666666,0.7601035995344939,0.9094138543516874,0.9006781204493416
0.88,0.71,False,0.7265625,0.66015625,0.66015625,0.9009373195521647,0.66015625,0.7547632641880183,0.9086021505376344,0.899252432155658
0.88,0.72,False,0.7174479166666666,0.6510416666666666,0.6510416666666666,0.8990092344797965,0.6510416666666666,0.7471971528848779,0.9074410163339383,0.8971881337797476
0.88,0.73,False,0.7122395833333334,0.6471354166666666,0.6471354166666666,0.8998546489043578,0.6471354166666666,0.7444200758294902,0.9085923217550275,0.8980816226783969
0.88,0.74,False,0.7018229166666666,0.6380208333333334,0.6380208333333334,0.8996617505499528,0.6380208333333334,0.7373361364716722,0.9090909090909091,0.8975572134465963
0.88,0.75,False,0.6888020833333334,0.6302083333333334,0.6302083333333334,0.9062424260745097,0.6302083333333334,0.7328420624335993,0.9149338374291115,0.9034839332158738
0.88,0.76,False,0.6731770833333334,0.6184895833333334,0.6184895833333334,0.9099655984253868,0.6184895833333334,0.7245479407829588,0.9187620889748549,0.9070342729436822
0.88,0.77,False,0.6666666666666666,0.61328125,0.61328125,0.9109261580879893,0.61328125,0.7205246374410814,0.919921875,0.9079564675234885
0.88,0.78,False,0.6614583333333334,0.6106770833333334,0.6106770833333334,0.9147349606553391,0.6106770833333334,0.71923526480651,0.9232283464566929,0.9115863823813285
0.88,0.79,False,0.6484375,0.6015625,0.6015625,0.9196832310903112,0.6015625,0.7127234469460079,0.927710843373494,0.9162052351707525
0.88,0.8,False,0.640625,0.6002604166666666,0.6002604166666666,0.931219217665071,0.6002604166666666,0.7141762554779915,0.9369918699186992,0.9273017937186164
0.88,0.81,False,0.6276041666666666,0.58984375,0.58984375,0.934503805388243,0.58984375,0.7055312932878279,0.9398340248962656,0.9300633861256774
0.88,0.82,False,0.6041666666666666,0.5755208333333334,0.5755208333333334,0.9509501797637391,0.5755208333333334,0.6953508554985611,0.9525862068965517,0.9453189746508556
0.88,0.83,False,0.58984375,0.5638020833333334,0.5638020833333334,0.9556991320933017,0.5638020833333334,0.6847268764790336,0.9558498896247241,0.9483569833385178
0.88,0.84,False,0.5807291666666666,0.5559895833333334,0.5559895833333334,0.9577566780956612,0.5559895833333334,0.6772504472943567,0.9573991031390134,0.9499949238246147
0.88,0.85,False,0.5572916666666666,0.5325520833333334,0.5325520833333334,0.955006140997298,0.5325520833333334,0.6527611091686275,0.955607476635514,0.9462162056886196
0.88,0.86,False,0.5390625,0.5143229166666666,0.5143229166666666,0.9530154581645678,0.5143229166666666,0.6321247307490944,0.9541062801932367,0.9421926393615095
0.88,0.87,False,0.5221354166666666,0.5013020833333334,0.5013020833333334,0.9622795293927059,0.5013020833333334,0.6185190361932272,0.9600997506234414,0.9491020793449049
0.88,0.88,False,0.5078125,0.48828125,0.48828125,0.965852558066541,0.48828125,0.6031863378604884,0.9615384615384616,0.9499601705484059
0.88,0.89,False,0.48046875,0.4609375,0.4609375,0.9633167836557668,0.4609375,0.5664766946672789,0.959349593495935,0.9400447955825163
0.88,0.9,False,0.453125,0.4375,0.4375,0.9774368876492884,0.4375,0.5355914606504429,0.9655172413793104,0.9463287688421697
0.88,0.91,False,0.4192708333333333,0.4036458333333333,0.4036458333333333,0.976743286123365,0.4036458333333333,0.48232146811134896,0.9627329192546584,0.9064179668206513
0.88,0.92,False,0.4010416666666667,0.3854166666666667,0.3854166666666667,0.9760717846460617,0.3854166666666667,0.452291941722836,0.961038961038961,0.8204428664860318
0.88,0.93,False,0.38671875,0.37109375,0.37109375,0.6416134111327221,0.37109375,0.4303129782086465,0.9595959595959596,0.6407849927849928
0.88,0.94,False,0.3541666666666667,0.33984375,0.33984375,0.6432831136220967,0.33984375,0.3861417381297101,0.9595588235294118,0.6331358699779752
0.88,0.95,False,0.33203125,0.3177083333333333,0.3177083333333333,0.6349985132322331,0.3177083333333333,0.34986942596698695,0.9568627450980393,0.6118326118326118
0.89,0.5,True,0.8802083333333334,0.7552083333333334,0.7552083333333334,0.856187954222949,0.7552083333333334,0.8021085298152287,0.8579881656804734,0.8562432607565967
0.89,0.51,True,0.8723958333333334,0.7513020833333334,0.7513020833333334,0.8592751386371925,0.7513020833333334,0.8010326820875461,0.8611940298507462,0.8589521454593765
0.89,0.52,True,0.8606770833333334,0.74609375,0.74609375,0.8641402403191387,0.74609375,0.8000562461156063,0.8668683812405447,0.8639470934389264
0.89,0.53,True,0.8528645833333334,0.7447916666666666,0.7447916666666666,0.8700874655101661,0.7447916666666666,0.8017989913931016,0.8732824427480916,0.8700306103763289
0.89,0.54,True,0.8424479166666666,0.7356770833333334,0.7356770833333334,0.8693598515669615,0.7356770833333334,0.7959934888347814,0.8732612055641422,0.8693032190104409
0.89,0.55,True,0.83203125,0.7278645833333334,0.7278645833333334,0.8703464627790138,0.7278645833333334,0.7914919480549752,0.8748043818466353,0.8701671891327064
0.89,0.56,True,0.8203125,0.71875,0.71875,0.8710594597547319,0.71875,0.7860288932188001,0.8761904761904762,0.8707843369602847
0.89,0.57,True,0.81640625,0.7161458333333334,0.7161458333333334,0.8719694888381356,0.7161458333333334,0.7846286023632055,0.8771929824561403,0.871540031236619
0.89,0.58,True,0.80859375,0.7135416666666666,0.7135416666666666,0.8769420350915756,0.7135416666666666,0.7847911204108787,0.8824476650563607,0.8765295722692831
0.89,0.59,True,0.8033854166666666,0.7109375,0.7109375,0.8791204894396384,0.7109375,0.7838855140343209,0.8849270664505673,0.8787746431510235
0.89,0.6,False,0.7942708333333334,0.703125,0.703125,0.8787480527112694,0.703125,0.7784835230560061,0.8852459016393442,0.8783748092546467
0.89,0.61,False,0.7890625,0.7005208333333334,0.7005208333333334,0.8812122865314355,0.7005208333333334,0.7776760590745656,0.8877887788778878,0.8807777663564457
0.89,0.62,False,0.7838541666666666,0.6953125,0.6953125,0.8800536085905527,0.6953125,0.7737478652273441,0.8870431893687708,0.87957831065723
0.89,0.63,False,0.77734375,0.69140625,0.69140625,0.8822768822104742,0.69140625,0.7718763824871321,0.8894472361809045,0.8817225331487833
0.89,0.64,False,0.7734375,0.6875,0.6875,0.8813480257360006,0.6875,0.7687647827070331,0.8888888888888888,0.8807478742793876
0.89,0.65,False,0.765625,0.6848958333333334,0.6848958333333334,0.8873307543520309,0.6848958333333334,0.7688734033993841,0.8945578231292517,0.8863894420570869
0.89,0.66,False,0.7565104166666666,0.6809895833333334,0.6809895833333334,0.892768148087297,0.6809895833333334,0.7678430679123519,0.9001721170395869,0.8918674691943558
0.89,0.67,False,0.75,0.6770833333333334,0.6770833333333334,0.895283199824179,0.6770833333333334,0.7657976211124723,0.9027777777777778,0.8942778610694653
0.89,0.68,False,0.7447916666666666,0.6744791666666666,0.6744791666666666,0.8978682211431712,0.6744791666666666,0.7647226099351471,0.9055944055944056,0.8970096979633118
0.89,0.69,False,0.73828125,0.671875,0.671875,0.9029747832939322,0.671875,0.7642381784393472,0.91005291005291,0.9015951497218427
0.89,0.7,False,0.73046875,0.6653645833333334,0.6653645833333334,0.9033866757919174,0.6653645833333334,0.7597319038527615,0.910873440285205,0.9020670702972934
0.89,0.71,False,0.7239583333333334,0.6588541666666666,0.6588541666666666,0.9020520397411308,0.6588541666666666,0.7543822767048756,0.9100719424460432,0.9006513409961686
0.89,0.72,False,0.71484375,0.6497395833333334,0.6497395833333334,0.9001153061697492,0.6497395833333334,0.746801981838986,0.9089253187613844,0.8985997968731728
0.89,0.73,False,0.7096354166666666,0.6458333333333334,0.6458333333333334,0.9009664369193886,0.6458333333333334,0.744018981147395,0.9100917431192661,0.8995124751151605
0.89,0.74,False,0.69921875,0.63671875,0.63671875,0.9007706978914976,0.63671875,0.7369142557023678,0.9106145251396648,0.8990003646683354
0.89,0.75,False,0.6861979166666666,0.62890625,0.62890625,0.9073486593426617,0.62890625,0.732398684811684,0.9165085388994307,0.9049748671982666
0.89,0.76,False,0.6705729166666666,0.6171875,0.6171875,0.9110669663861154,0.6171875,0.7240592999186958,0.920388349514563,0.9085434698693878
0.89,0.77,False,0.6640625,0.6119791666666666,0.6119791666666666,0.9120290665848567,0.6119791666666666,0.720017822966717,0.9215686274509803,0.9094753091760929
0.89,0.78,False,0.6588541666666666,0.609375,0.609375,0.9158470643532425,0.609375,0.7187212723140837,0.924901185770751,0.9131374662440797
0.89,0.79,False,0.6471354166666666,0.6015625,0.6015625,0.9210415674288134,0.6015625,0.7133471395373127,0.9295774647887324,0.918053885103963
0.89,0.8,False,0.6393229166666666,0.6002604166666666,0.6002604166666666,0.9325775540035731,0.6002604166666666,0.7147999480692963,0.9389002036659878,0.9291961496122005
0.89,0.81,False,0.6263020833333334,0.58984375,0.58984375,0.9358621417267452,0.58984375,0.7061549858791327,0.9417879417879418,0.9319945208316242
0.89,0.82,False,0.6028645833333334,0.5755208333333334,0.5755208333333334,0.9523085161022413,0.5755208333333334,0.6959745480898659,0.9546436285097192,0.9473433329694112
0.89,0.83,False,0.5885416666666666,0.5638020833333334,0.5638020833333334,0.9570574684318038,0.5638020833333334,0.6853505690703384,0.9579646017699115,0.950439604675851
0.89,0.84,False,0.5794270833333334,0.5559895833333334,0.5559895833333334,0.9591150144341634,0.5559895833333334,0.6778741398856614,0.9595505617977528,0.9521132530841268
0.89,0.85,False,0.5559895833333334,0.5325520833333334,0.5325520833333334,0.9563644773358001,0.5325520833333334,0.6533848017599323,0.9578454332552693,0.9484794372294371
0.89,0.86,False,0.5377604166666666,0.5143229166666666,0.5143229166666666,0.95437379450307,0.5143229166666666,0.6327484233403992,0.9564164648910412,0.9444705227837757
0.89,0.87,False,0.5208333333333334,0.5013020833333334,0.5013020833333334,0.9636378657312082,0.5013020833333334,0.619142728784532,0.9625,0.9514793506488082
0.89,0.88,False,0.5065104166666666,0.48828125,0.48828125,0.9672108944050434,0.48828125,0.6038100304517932,0.9640102827763496,0.9524080182521829
0.89,0.89,False,0.4791666666666667,0.4609375,0.4609375,0.9646751199942689,0.4609375,0.5671003872585837,0.9619565217391305,0.9425296498245609
0.89,0.9,False,0.4518229166666667,0.4375,0.4375,0.9787952239877905,0.4375,0.5362151532417476,0.968299711815562,0.9490289374894759
0.89,0.91,False,0.41796875,0.4036458333333333,0.4036458333333333,0.9781016224618672,0.4036458333333333,0.48294516070265375,0.9657320872274143,0.9092718235885263
0.89,0.92,False,0.3997395833333333,0.3854166666666667,0.3854166666666667,0.977430120984564,0.3854166666666667,0.4529156343141408,0.9641693811074918,0.8234440986303667
0.89,0.93,False,0.3854166666666667,0.37109375,0.37109375,0.6429717474712242,0.37109375,0.4309366707999512,0.9628378378378378,0.6440300422177128
0.89,0.94,False,0.3528645833333333,0.33984375,0.33984375,0.6446414499605989,0.33984375,0.3867654307210148,0.9630996309963099,0.6379368522535551
0.89,0.95,False,0.3307291666666667,0.3177083333333333,0.3177083333333333,0.6363568495707354,0.3177083333333333,0.35049311855829174,0.9606299212598425,0.6195086679717122
0.9,0.5,True,0.8723958333333334,0.75,0.75,0.8574900681095371,0.75,0.7997452053675992,0.8597014925373134,0.8576398038395266
0.9,0.51,True,0.8645833333333334,0.74609375,0.74609375,0.8605823083871864,0.74609375,0.7986476101753448,0.8629518072289156,0.8603822493944581
0.9,0.52,True,0.8528645833333334,0.7408854166666666,0.7408854166666666,0.8655272973732216,0.7408854166666666,0.7976385130011554,0.8687022900763359,0.8654358734438871
0.9,0.53,True,0.8450520833333334,0.7395833333333334,0.7395833333333334,0.8715723244946288,0.7395833333333334,0.7993680902688372,0.8751926040061633,0.8715895273092112
0.9,0.54,True,0.8346354166666666,0.73046875,0.73046875,0.870847476110634,0.73046875,0.7935013406622655,0.875195007800312,0.8708537536571884
0.9,0.55,True,0.82421875,0.72265625,0.72265625,0.8718476125287333,0.72265625,0.7889569757848472,0.8767772511848341,0.8717372163073395
0.9,0.56,True,0.8138020833333334,0.71484375,0.71484375,0.8728581563616914,0.71484375,0.7843925842456773,0.8784,0.8726718389770064
0.9,0.57,True,0.8098958333333334,0.7122395833333334,0.7122395833333334,0.8737681854450949,0.7122395833333334,0.7829922933900827,0.8794212218649518,0.8734481690502633
0.9,0.58,True,0.8020833333333334,0.7096354166666666,0.7096354166666666,0.8788286994808733,0.7096354166666666,0.783153798163238,0.8847402597402597,0.8785049373284668
0.9,0.59,False,0.796875,0.70703125,0.70703125,0.8810686667829525,0.70703125,0.7822476111307658,0.8872549019607843,0.8807880090433611
0.9,0.6,False,0.7877604166666666,0.69921875,0.69921875,0.8807254478231239,0.69921875,0.776832065132956,0.8876033057851239,0.8804154072696272
0.9,0.61,False,0.7825520833333334,0.6966145833333334,0.6966145833333334,0.8832176646312773,0.6966145833333334,0.7759973688704913,0.8901830282861897,0.8828404772066745
0.9,0.62,False,0.77734375,0.69140625,0.69140625,0.8820540889506407,0.69140625,0.7720418295355769,0.8894472361809045,0.8816364931850496
0.9,0.63,False,0.7708333333333334,0.6875,0.6875,0.8843070810437652,0.6875,0.7701421042895951,0.8918918918918919,0.8838077273351049
0.9,0.64,False,0.7669270833333334,0.68359375,0.68359375,0.8833782245692916,0.68359375,0.7670305045094962,0.8913412563667232,0.8828442954894569
0.9,0.65,False,0.7591145833333334,0.6809895833333334,0.6809895833333334,0.8893945024379807,0.6809895833333334,0.7671245392996325,0.8970840480274442,0.8885581594718835
0.9,0.66,False,0.75,0.6770833333333334,0.6770833333333334,0.8949444253311656,0.6770833333333334,0.7660927644192029,0.9027777777777778,0.8941267560445643
0.9,0.67,False,0.7434895833333334,0.6731770833333334,0.6731770833333334,0.8974977490641164,0.6731770833333334,0.7640324962235434,0.9054290718038529,0.896581772310113
0.9,0.68,False,0.73828125,0.6705729166666666,0.6705729166666666,0.9001641798251967,0.6705729166666666,0.7629565837860065,0.908289241622575,0.8993649198691603
0.9,0.69,False,0.7317708333333334,0.66796875,0.66796875,0.9052706552706553,0.66796875,0.7624575756228417,0.9128113879003559,0.9040159463888277
0.9,0.7,False,0.7239583333333334,0.6614583333333334,0.6614583333333334,0.9057257112328566,0.6614583333333334,0.757891246884221,0.9136690647482014,0.9044979887460287
0.9,0.71,False,0.7174479166666666,0.6549479166666666,0.6549479166666666,0.9043910774680005,0.6549479166666666,0.7525111430710899,0.9128856624319419,0.9030888077171387
0.9,0.72,False,0.7083333333333334,0.6458333333333334,0.6458333333333334,0.902453832423712,0.6458333333333334,0.7448842570203437,0.9117647058823529,0.9010443831185485
0.9,0.73,False,0.703125,0.6419270833333334,0.6419270833333334,0.9033526431327874,0.6419270833333334,0.7420845725224763,0.912962962962963,0.9019882393376369
0.9,0.74,False,0.6927083333333334,0.6328125,0.6328125,0.9032081543280132,0.6328125,0.7349142371604734,0.9135338345864662,0.901497715195223
0.9,0.75,False,0.6796875,0.625,0.625,0.909841954618074,0.625,0.7303306062887943,0.9195402298850575,0.9075741176634704
0.9,0.76,False,0.6640625,0.61328125,0.61328125,0.9136881636881636,0.61328125,0.7218472543656639,0.9235294117647059,0.9111980155254926
0.9,0.77,False,0.6588541666666666,0.609375,0.609375,0.9149750567648894,0.609375,0.7188976296719587,0.924901185770751,0.9124379609010052
0.9,0.78,False,0.6536458333333334,0.6067708333333334,0.6067708333333334,0.9188551365228629,0.6067708333333334,0.7175876564664992,0.9282868525896414,0.9161616113970421
0.9,0.79,False,0.6419270833333334,0.5989583333333334,0.5989583333333334,0.9242154707922837,0.5989583333333334,0.7121314643428431,0.9330628803245437,0.9211595197203715
0.9,0.8,False,0.6341145833333334,0.59765625,0.59765625,0.9358956552706553,0.59765625,0.7135689512025283,0.9425051334702259,0.9324633985042393
0.9,0.81,False,0.62109375,0.5872395833333334,0.5872395833333334,0.939243016739291,0.5872395833333334,0.7048370227352164,0.9454926624737946,0.9353530005041065
0.9,0.82,False,0.6002604166666666,0.5755208333333334,0.5755208333333334,0.9565975614024129,0.5755208333333334,0.6971247776819319,0.9587852494577006,0.9514538714380568
0.9,0.83,False,0.5872395833333334,0.5638020833333334,0.5638020833333334,0.958427414482601,0.5638020833333334,0.6859768073456891,0.9600886917960089,0.9525374788113745
0.9,0.84,False,0.578125,0.5559895833333334,0.5559895833333334,0.9604849604849605,0.5559895833333334,0.6785003781610123,0.9617117117117117,0.9542474342408932
0.9,0.85,False,0.5546875,0.5325520833333334,0.5325520833333334,0.9577344233865972,0.5325520833333334,0.6540110400352831,0.960093896713615,0.9507613916170392
0.9,0.86,False,0.5364583333333334,0.5143229166666666,0.5143229166666666,0.9557437405538671,0.5143229166666666,0.63337466161575,0.9587378640776699,0.9467674368593216
0.9,0.87,False,0.51953125,0.5013020833333334,0.5013020833333334,0.9650078117820055,0.5013020833333334,0.6197689670598828,0.9649122807017544,0.9538775570956597
0.9,0.88,False,0.5052083333333334,0.48828125,0.48828125,0.9685808404558406,0.48828125,0.604436268727144,0.9664948453608248,0.9548782798143413
0.9,0.89,False,0.4778645833333333,0.4609375,0.4609375,0.966045066045066,0.4609375,0.5677266255339345,0.9645776566757494,0.9450377779570327
0.9,0.9,False,0.4505208333333333,0.4375,0.4375,0.9801651700385877,0.4375,0.5368413915170985,0.9710982658959537,0.9517572479375889
0.9,0.91,False,0.4166666666666667,0.4036458333333333,0.4036458333333333,0.9794715685126644,0.4036458333333333,0.48357139897800455,0.96875,0.9121579593629283
0.9,0.92,False,0.3984375,0.3854166666666667,0.3854166666666667,0.9788000670353613,0.3854166666666667,0.4535418725894916,0.9673202614379085,0.8264818928735146
0.9,0.93,False,0.3841145833333333,0.37109375,0.37109375,0.6443416935220214,0.37109375,0.431562909075302,0.9661016949152542,0.6473194297160363
0.9,0.94,False,0.3515625,0.33984375,0.33984375,0.646011396011396,0.33984375,0.3873916689963657,0.9666666666666667,0.6428515471993732
0.9,0.95,False,0.3294270833333333,0.3177083333333333,0.3177083333333333,0.6377267956215324,0.3177083333333333,0.35111935683364254,0.9644268774703557,0.6275362318840579
0.91,0.5,True,0.8671875,0.74609375,0.74609375,0.8582253570184605,0.74609375,0.7978605848251538,0.8603603603603603,0.8582974171209465
0.91,0.51,True,0.859375,0.7421875,0.7421875,0.8613244148234006,0.7421875,0.7967490298566563,0.8636363636363636,0.8610541158745794
0.91,0.52,True,0.84765625,0.7369791666666666,0.7369791666666666,0.8662794983219513,0.7369791666666666,0.7957205848052529,0.869431643625192,0.8661370631553108
0.91,0.53,True,0.83984375,0.7356770833333334,0.7356770833333334,0.8723447196589499,0.7356770833333334,0.7974423866533636,0.875968992248062,0.872328836972141
0.91,0.54,True,0.8307291666666666,0.7278645833333334,0.7278645833333334,0.8718869731800766,0.7278645833333334,0.7924838900330292,0.8761755485893417,0.8718919461432456
0.91,0.55,True,0.8203125,0.7200520833333334,0.7200520833333334,0.8728862079133566,0.7200520833333334,0.7879307662055481,0.8777777777777778,0.8727860100783316
0.91,0.56,True,0.8098958333333334,0.7122395833333334,0.7122395833333334,0.8738898971566847,0.7122395833333334,0.7833493041825569,0.8794212218649518,0.8737310202020897
0.91,0.57,True,0.8059895833333334,0.7096354166666666,0.7096354166666666,0.8747999262400885,0.7096354166666666,0.7819490133269623,0.8804523424878837,0.8745134586116263
0.91,0.58,False,0.7981770833333334,0.70703125,0.70703125,0.879876686022471,0.70703125,0.7821078004011452,0.8858075040783034,0.8795952338835141
0.91,0.59,False,0.79296875,0.7044270833333334,0.7044270833333334,0.8821281209212244,0.7044270833333334,0.7811998073331896,0.8883415435139573,0.8818911622620064
0.91,0.6,False,0.7838541666666666,0.6966145833333334,0.6966145833333334,0.8817880055464203,0.6966145833333334,0.7757791607926525,0.8887043189368771,0.8815251186385207
0.91,0.61,False,0.7786458333333334,0.6940104166666666,0.6940104166666666,0.8842806467579608,0.6940104166666666,0.7749350406546123,0.8913043478260869,0.8839637696142292
0.91,0.62,False,0.7734375,0.6888020833333334,0.6888020833333334,0.8831111926306351,0.6888020833333334,0.7709708755648519,0.8905723905723906,0.8827599415834709
0.91,0.63,False,0.7669270833333334,0.6848958333333334,0.6848958333333334,0.8853646950880312,0.6848958333333334,0.7690614113987354,0.8930390492359932,0.884945568199701
0.91,0.64,False,0.7630208333333334,0.6809895833333334,0.6809895833333334,0.8844358386135575,0.6809895833333334,0.7659498116186366,0.8924914675767918,0.883982136354053
0.91,0.65,False,0.7552083333333334,0.6783854166666666,0.6783854166666666,0.8904558587571589,0.6783854166666666,0.766038406147595,0.8982758620689655,0.8897259123859967
0.91,0.66,False,0.74609375,0.6744791666666666,0.6744791666666666,0.8960271848202882,0.6744791666666666,0.7650036084833441,0.9040139616055847,0.8953255057512451
0.91,0.67,False,0.7395833333333334,0.6705729166666666,0.6705729166666666,0.8985852064012084,0.6705729166666666,0.7629377992712322,0.9066901408450704,0.8977973097319931
0.91,0.68,False,0.734375,0.66796875,0.66796875,0.9012673150604185,0.66796875,0.7618598491323834,0.9095744680851063,0.9005969093791566
0.91,0.69,False,0.7278645833333334,0.6653645833333334,0.6653645833333334,0.9063711001642036,0.6653645833333334,0.7613562433328536,0.9141323792486583,0.9052744640979936
0.91,0.7,False,0.7200520833333334,0.6588541666666666,0.6588541666666666,0.9068234532908847,0.6588541666666666,0.7567701042071858,0.9150090415913201,0.9057703188647714
0.91,0.71,False,0.7135416666666666,0.65234375,0.65234375,0.9054830692761727,0.65234375,0.7513804117807389,0.9142335766423357,0.9043636320834826
0.91,0.72,False,0.7044270833333334,0.6432291666666666,0.6432291666666666,0.9035368048299083,0.6432291666666666,0.7437388860766067,0.9131238447319778,0.9023228551968131
0.91,0.73,False,0.69921875,0.6393229166666666,0.6393229166666666,0.9044417942674735,0.6393229166666666,0.7409330551449161,0.9143389199255121,0.9032776429522363
0.91,0.74,False,0.6888020833333334,0.6302083333333334,0.6302083333333334,0.9042945913893067,0.6302083333333334,0.7337412229303024,0.9149338374291115,0.9028085360781867
0.91,0.75,False,0.67578125,0.6223958333333334,0.6223958333333334,0.9109258474362467,0.6223958333333334,0.7291353506452308,0.9210019267822736,0.9089343955128696
0.91,0.76,False,0.66015625,0.6106770833333334,0.6106770833333334,0.9147677035608069,0.6106770833333334,0.7206051365809601,0.9250493096646942,0.9126099930125798
0.91,0.77,False,0.6549479166666666,0.6067708333333334,0.6067708333333334,0.9160603040900487,0.6067708333333334,0.7176424943294939,0.9264413518886679,0.913867440006809
0.91,0.78,False,0.6497395833333334,0.6041666666666666,0.6041666666666666,0.919950393020544,0.6041666666666666,0.7163251231030211,0.9298597194388778,0.9176208071404578
0.91,0.79,False,0.6393229166666666,0.59765625,0.59765625,0.9255540109239274,0.59765625,0.712025520325892,0.9348268839103869,0.9229533843744034
0.91,0.8,False,0.6315104166666666,0.5963541666666666,0.5963541666666666,0.9372341954022989,0.5963541666666666,0.7134630071855773,0.9443298969072165,0.9343078238274746
0.91,0.81,False,0.6184895833333334,0.5859375,0.5859375,0.9405815568709346,0.5859375,0.7047310787182655,0.9473684210526315,0.9372670145915433
0.91,0.82,False,0.59765625,0.57421875,0.57421875,0.9579361015340565,0.57421875,0.697018833664981,0.9607843137254902,0.9535156451629554
0.91,0.83,False,0.5846354166666666,0.5625,0.5625,0.9597659546142445,0.5625,0.6858708633287381,0.9621380846325167,0.9546716150704321
0.91,0.84,False,0.5755208333333334,0.5546875,0.5546875,0.961823500616604,0.5546875,0.6783944341440612,0.9638009049773756,0.956448120429751
0.91,0.85,False,0.5520833333333334,0.53125,0.53125,0.9590729635182408,0.53125,0.653905096018332,0.9622641509433962,0.9530645139856748
0.91,0.86,False,0.5338541666666666,0.5130208333333334,0.5130208333333334,0.9570822806855107,0.5130208333333334,0.6332687175987989,0.9609756097560975,0.9493024362840159
0.91,0.87,False,0.5169270833333334,0.5,0.5,0.9663463519136489,0.5,0.6196630230429317,0.9672544080604534,0.956629234811755
0.91,0.88,False,0.5026041666666666,0.4869791666666667,0.4869791666666667,0.9699193805874841,0.4869791666666667,0.604330324710193,0.9689119170984456,0.9578572007456034
0.91,0.89,False,0.4752604166666667,0.4596354166666667,0.4596354166666667,0.9673836061767096,0.4596354166666667,0.5676206815169834,0.9671232876712329,0.9488148875795789
0.91,0.9,False,0.4479166666666667,0.4361979166666667,0.4361979166666667,0.9815037101702314,0.4361979166666667,0.5367354475001475,0.9738372093023255,0.9566342797113615
0.91,0.91,False,0.4140625,0.40234375,0.40234375,0.9808101086443081,0.40234375,0.48346545496105353,0.9716981132075472,0.9210563693019148
0.91,0.92,False,0.3958333333333333,0.3841145833333333,0.3841145833333333,0.9801386071670047,0.3841145833333333,0.4534359285725406,0.9703947368421053,0.8398716448038431
0.91,0.93,False,0.3815104166666667,0.3697916666666667,0.3697916666666667,0.645680233653665,0.3697916666666667,0.431456965058351,0.9692832764505119,0.6480107689479521
0.91,0.94,False,0.3489583333333333,0.3385416666666667,0.3385416666666667,0.6473499361430396,0.3385416666666667,0.3872857249794146,0.9701492537313433,0.643542886431289
0.91,0.95,False,0.3268229166666667,0.31640625,0.31640625,0.639065335753176,0.31640625,0.3510134128166915,0.9681274900398407,0.6282275711159738
0.92,0.5,True,0.84765625,0.7330729166666666,0.7330729166666666,0.862572277138924,0.7330729166666666,0.7923072735409172,0.8648233486943164,0.8626395053538113
0.92,0.51,True,0.83984375,0.7291666666666666,0.7291666666666666,0.8656839971342675,0.7291666666666666,0.7911546217035136,0.8682170542635659,0.8654848800921773
0.92,0.52,True,0.828125,0.7239583333333334,0.7239583333333334,0.8707981602991822,0.7239583333333334,0.7900684292058563,0.8742138364779874,0.8707249844499287
0.92,0.53,True,0.8203125,0.72265625,0.72265625,0.8770560662905366,0.72265625,0.7917689332316344,0.8809523809523809,0.877091852449191
0.92,0.54,True,0.8125,0.7161458333333334,0.7161458333333334,0.8769028642034575,0.7161458333333334,0.7876493082403098,0.8814102564102564,0.8769730934611957
0.92,0.55,True,0.8033854166666666,0.7096354166666666,0.7096354166666666,0.8782265314430934,0.7096354166666666,0.7839891446271056,0.8833063209076175,0.8782428598947973
0.92,0.56,False,0.79296875,0.7018229166666666,0.7018229166666666,0.8792652799866142,0.7018229166666666,0.7793175005226073,0.8850574712643678,0.8792516117265561
0.92,0.57,False,0.7890625,0.69921875,0.69921875,0.880175309070018,0.69921875,0.7779172096670127,0.8861386138613861,0.8800817353880319
0.92,0.58,False,0.78125,0.6966145833333334,0.6966145833333334,0.8854237122239997,0.6966145833333334,0.7780758198812644,0.8916666666666667,0.885323520981183
0.92,0.59,False,0.7760416666666666,0.6940104166666666,0.6940104166666666,0.8877952525099956,0.6940104166666666,0.777167891474718,0.8942953020134228,0.887708667593872
0.92,0.6,False,0.7682291666666666,0.6861979166666666,0.6861979166666666,0.8860104231865056,0.6861979166666666,0.7711894029422922,0.8932203389830509,0.8858860500098708
0.92,0.61,False,0.7630208333333334,0.68359375,0.68359375,0.8885337600708897,0.68359375,0.7702974884855935,0.8959044368600683,0.8883769119044606
0.92,0.62,False,0.7578125,0.6783854166666666,0.6783854166666666,0.8873468951284026,0.6783854166666666,0.7662872433847676,0.8951890034364262,0.8871686737360838
0.92,0.63,False,0.7513020833333334,0.6744791666666666,0.6744791666666666,0.8896331865880397,0.6744791666666666,0.7643282642491012,0.8977469670710572,0.8894133527657546
0.92,0.64,False,0.7473958333333334,0.6705729166666666,0.6705729166666666,0.8887043301135661,0.6705729166666666,0.7612166644690023,0.8972125435540069,0.8884612956423271
0.92,0.65,False,0.7395833333333334,0.66796875,0.66796875,0.8947679888732836,0.66796875,0.761278733864521,0.903169014084507,0.8943446255749982
0.92,0.66,False,0.73046875,0.6640625,0.6640625,0.9005042358719502,0.6640625,0.760235582642638,0.9090909090909091,0.9001049494196739
0.92,0.67,False,0.7239583333333334,0.66015625,0.66015625,0.9031131494646933,0.66015625,0.758142779629002,0.9118705035971223,0.9026593901435632
0.92,0.68,False,0.71875,0.6575520833333334,0.6575520833333334,0.9059152773884684,0.6575520833333334,0.7570592596837565,0.9148550724637681,0.9055477220787888
0.92,0.69,False,0.7122395833333334,0.6549479166666666,0.6549479166666666,0.9110135099753888,0.6549479166666666,0.7565310660917203,0.9195612431444241,0.9103510996366803
0.92,0.7,False,0.7044270833333334,0.6484375,0.6484375,0.9115072836246735,0.6484375,0.7518415866963585,0.9205175600739371,0.9108883781267604
0.92,0.71,False,0.6979166666666666,0.6419270833333334,0.6419270833333334,0.9101552388179724,0.6419270833333334,0.7464005081442847,0.9197761194029851,0.9094940361552221
0.92,0.72,False,0.6888020833333334,0.6328125,0.6328125,0.9081900923297651,0.6328125,0.7386804479328101,0.9187145557655955,0.9074688207627307
0.92,0.73,False,0.68359375,0.62890625,0.62890625,0.9091596532580297,0.62890625,0.7358443832193832,0.92,0.9084799195982683
0.92,0.74,False,0.6744791666666666,0.6197916666666666,0.6197916666666666,0.9071424103125967,0.6197916666666666,0.7280044953837944,0.918918918918919,0.9064030221440955
0.92,0.75,False,0.6614583333333334,0.6119791666666666,0.6119791666666666,0.9137587594198345,0.6119791666666666,0.7232847957633298,0.9251968503937008,0.9126970764681462
0.92,0.76,False,0.6471354166666666,0.6015625,0.6015625,0.917852202550108,0.6015625,0.7156798064526261,0.9295774647887324,0.9167612735889343
0.92,0.77,False,0.6419270833333334,0.59765625,0.59765625,0.9191676501716001,0.59765625,0.7126639895453394,0.9310344827586207,0.9180683663125441
0.92,0.78,False,0.63671875,0.5950520833333334,0.5950520833333334,0.9230987137441694,0.5950520833333334,0.7113163461711179,0.934560327198364,0.9219279731529175
0.92,0.79,False,0.6263020833333334,0.5885416666666666,0.5885416666666666,0.928750065326458,0.5885416666666666,0.706880784090321,0.9397089397089398,0.9274144255934068
0.92,0.8,False,0.6184895833333334,0.5872395833333334,0.5872395833333334,0.9405519078884765,0.5872395833333334,0.7082787888028519,0.9494736842105264,0.9390662679645191
0.92,0.81,False,0.6067708333333334,0.578125,0.578125,0.9440505230103451,0.578125,0.7006548850268981,0.9527896995708155,0.9424265028951447
0.92,0.82,False,0.5872395833333334,0.5677083333333334,0.5677083333333334,0.9618652244957846,0.5677083333333334,0.6940792754581113,0.9667405764966741,0.9594071202211056
0.92,0.83,False,0.5755208333333334,0.5572916666666666,0.5572916666666666,0.9638285371593134,0.5572916666666666,0.6842042766009477,0.9683257918552036,0.9609441321690765
0.92,0.84,False,0.56640625,0.5494791666666666,0.5494791666666666,0.9658781953345796,0.5494791666666666,0.6766973580122047,0.9701149425287356,0.9628944096417421
0.92,0.85,False,0.54296875,0.5260416666666666,0.5260416666666666,0.9631112839962398,0.5260416666666666,0.6521521081058664,0.9688249400479616,0.95984518754072
0.92,0.86,False,0.5260416666666666,0.5091145833333334,0.5091145833333334,0.9612400469351293,0.5091145833333334,0.6329456103271848,0.9678217821782178,0.956786357266341
0.92,0.87,False,0.5091145833333334,0.49609375,0.49609375,0.9705041181632675,0.49609375,0.6193399157713176,0.9744245524296675,0.9646688739430674
0.92,0.88,False,0.4947916666666667,0.4830729166666667,0.4830729166666667,0.9740771468371027,0.4830729166666667,0.6040072174385788,0.9763157894736842,0.9664445681242212
0.92,0.89,False,0.4674479166666667,0.4557291666666667,0.4557291666666667,0.9715413724263282,0.4557291666666667,0.5672975742453693,0.9749303621169917,0.9591290726817042
0.92,0.9,False,0.4401041666666667,0.4322916666666667,0.4322916666666667,0.9856614764198498,0.4322916666666667,0.5364123402285332,0.9822485207100592,0.9695373719107896
0.92,0.91,False,0.40625,0.3984375,0.3984375,0.9849678748939265,0.3984375,0.48314234768943937,0.9807692307692307,0.9434469449880408
0.92,0.92,False,0.3880208333333333,0.3802083333333333,0.3802083333333333,0.9842963734166233,0.3802083333333333,0.4531128213009264,0.9798657718120806,0.8761087768440708
0.92,0.93,False,0.3736979166666667,0.3658854166666667,0.3658854166666667,0.6498379999032835,0.3658854166666667,0.4311338577867368,0.9790940766550522,0.6527615144418423
0.92,0.94,False,0.3411458333333333,0.3346354166666667,0.3346354166666667,0.6515077023926582,0.3346354166666667,0.38696261770780044,0.9809160305343512,0.6499918460534899
0.92,0.95,False,0.3190104166666667,0.3125,0.3125,0.6432231020027945,0.3125,0.35069030554507735,0.9795918367346939,0.6380494505494506
0.93,0.5,True,0.828125,0.7200520833333334,0.7200520833333334,0.8678197798840096,0.7200520833333334,0.7869666949019597,0.8694968553459119,0.8678750654477149
0.93,0.51,True,0.8203125,0.7161458333333334,0.7161458333333334,0.8709321521929388,0.7161458333333334,0.7857960814698605,0.873015873015873,0.8708396004755125
0.93,0.52,True,0.80859375,0.7109375,0.7109375,0.8762649820427918,0.7109375,0.7846861448952809,0.8792270531400966,0.8762712618262456
0.93,0.53,True,0.80078125,0.7096354166666666,0.7096354166666666,0.8827598748072677,0.7096354166666666,0.7863812575461492,0.8861788617886179,0.8828194360726299
0.93,0.54,False,0.79296875,0.703125,0.703125,0.882685088586434,0.703125,0.7821884421096424,0.8866995073891626,0.882737621963228
0.93,0.55,False,0.7838541666666666,0.6966145833333334,0.6966145833333334,0.884082570051719,0.6966145833333334,0.7784922495319249,0.8887043189368771,0.8841218712063359
0.93,0.56,False,0.7734375,0.6888020833333334,0.6888020833333334,0.8852082608612881,0.6888020833333334,0.7737431561845813,0.8905723905723906,0.8852276063181899
0.93,0.57,False,0.76953125,0.6861979166666666,0.6861979166666666,0.8861182899446919,0.6861979166666666,0.7723428653289869,0.8917089678510999,0.8861312569521692
0.93,0.58,False,0.76171875,0.68359375,0.68359375,0.8915823490220097,0.68359375,0.7725107975461194,0.8974358974358975,0.8915822061721185
0.93,0.59,False,0.7565104166666666,0.6809895833333334,0.6809895833333334,0.8941045860048344,0.6809895833333334,0.7716093446801464,0.9001721170395869,0.8940929774278507
0.93,0.6,False,0.7486979166666666,0.6731770833333334,0.6731770833333334,0.8923279600545966,0.6731770833333334,0.7656100129370662,0.8991304347826087,0.8923558774133488
0.93,0.61,False,0.7434895833333334,0.6705729166666666,0.6705729166666666,0.8949473745384179,0.6705729166666666,0.7646790581813628,0.9019264448336253,0.8949388010289648
0.93,0.62,False,0.73828125,0.6653645833333334,0.6653645833333334,0.8937782397573603,0.6653645833333334,0.7606258285767366,0.9012345679012346,0.8937627231581949
0.93,0.63,False,0.7317708333333334,0.6614583333333334,0.6614583333333334,0.8961667022260152,0.6614583333333334,0.7586261287905675,0.9039145907473309,0.8961236390602353
0.93,0.64,False,0.7278645833333334,0.6575520833333334,0.6575520833333334,0.8952378457515415,0.6575520833333334,0.7555145290104686,0.9033989266547406,0.8952307428375365
0.93,0.65,False,0.7200520833333334,0.6549479166666666,0.6549479166666666,0.9013982240102045,0.6549479166666666,0.7555573812230382,0.9095840867992767,0.9013491583364542
0.93,0.66,False,0.7109375,0.6510416666666666,0.6510416666666666,0.9074066807407465,0.6510416666666666,0.7545234124218715,0.9157509157509157,0.9074041784917117
0.93,0.67,False,0.7044270833333334,0.6471354166666666,0.6471354166666666,0.9101243535107199,0.6471354166666666,0.7524111134980765,0.9186691312384473,0.910125501998097
0.93,0.68,False,0.69921875,0.64453125,0.64453125,0.9131235330649976,0.64453125,0.7513339823228095,0.9217877094972067,0.913187197853528
0.93,0.69,False,0.6927083333333334,0.6419270833333334,0.6419270833333334,0.9182381923207611,0.6419270833333334,0.7507828015626737,0.9266917293233082,0.9182106984055819
0.93,0.7,False,0.6848958333333334,0.6354166666666666,0.6354166666666666,0.9189058729089293,0.6354166666666666,0.7460023851356183,0.9277566539923955,0.9188499122475532
0.93,0.71,False,0.6783854166666666,0.62890625,0.62890625,0.9175899634467258,0.62890625,0.7405130377215862,0.927063339731286,0.9175434716936438
0.93,0.72,False,0.6692708333333334,0.6197916666666666,0.6197916666666666,0.9156797127885974,0.6197916666666666,0.7327190369818815,0.9260700389105059,0.9156399357851264
0.93,0.73,False,0.6653645833333334,0.6158854166666666,0.6158854166666666,0.9148133632383441,0.6158854166666666,0.7293198386004187,0.9256360078277887,0.9147884271991886
0.93,0.74,False,0.65625,0.6067708333333334,0.6067708333333334,0.9128295940293262,0.6067708333333334,0.7213828773649108,0.9246031746031746,0.9127713141598816
0.93,0.75,False,0.6432291666666666,0.5989583333333334,0.5989583333333334,0.9195822155535799,0.5989583333333334,0.7165621464457416,0.9311740890688259,0.9193724868269619
0.93,0.76,False,0.6302083333333334,0.58984375,0.58984375,0.9242372374989108,0.58984375,0.7099566013176871,0.9359504132231405,0.9239473584522632
0.93,0.77,False,0.625,0.5859375,0.5859375,0.9256950766860425,0.5859375,0.7068982435482288,0.9375,0.9253581297138466
0.93,0.78,False,0.6197916666666666,0.5833333333333334,0.5833333333333334,0.929758433492165,0.5833333333333334,0.705529070086032,0.9411764705882353,0.9293980011939847
0.93,0.79,False,0.609375,0.5768229166666666,0.5768229166666666,0.9357653249862135,0.5768229166666666,0.7009811103297391,0.9465811965811965,0.9351334181828573
0.93,0.8,False,0.6028645833333334,0.5755208333333334,0.5755208333333334,0.9452752293577982,0.5755208333333334,0.7018308258868666,0.9546436285097192,0.9447010166760507
0.93,0.81,False,0.5911458333333334,0.56640625,0.56640625,0.9488163720096128,0.56640625,0.6940968241710276,0.9581497797356828,0.948245554515147
0.93,0.82,False,0.5729166666666666,0.5559895833333334,0.5559895833333334,0.964347371904517,0.5559895833333334,0.6868436161064605,0.9704545454545455,0.9629890453834117
0.93,0.83,False,0.5611979166666666,0.5455729166666666,0.5455729166666666,0.9663730496661449,0.5455729166666666,0.6768719512880682,0.9721577726218097,0.9646403914898262
0.93,0.84,False,0.5533854166666666,0.5390625,0.5390625,0.9685072113397801,0.5390625,0.6706695268136823,0.9741176470588235,0.9668562123725545
0.93,0.85,False,0.53125,0.5169270833333334,0.5169270833333334,0.9658307849133537,0.5169270833333334,0.6474574887047151,0.9730392156862745,0.9642758874285967
0.93,0.86,False,0.515625,0.5013020833333334,0.5013020833333334,0.9640816479743434,0.5013020833333334,0.6296891367729015,0.9722222222222222,0.9614605574323711
0.93,0.87,False,0.4986979166666667,0.48828125,0.48828125,0.9733457192024816,0.48828125,0.6160834422170344,0.97911227154047,0.9695763184542988
0.93,0.88,False,0.484375,0.4752604166666667,0.4752604166666667,0.9769187478763167,0.4752604166666667,0.6007507438842955,0.9811827956989247,0.9715038461837114
0.93,0.89,False,0.45703125,0.4479166666666667,0.4479166666666667,0.9743829734655423,0.4479166666666667,0.564041100691086,0.98005698005698,0.9642685868129207
0.93,0.9,False,0.4296875,0.4244791666666667,0.4244791666666667,0.9885030774590641,0.4244791666666667,0.53315586667425,0.9878787878787879,0.9751427783685848
0.93,0.91,False,0.3958333333333333,0.390625,0.390625,0.9878094759331407,0.390625,0.4798858741351561,0.9868421052631579,0.9493898276156342
0.93,0.92,False,0.3776041666666667,0.3723958333333333,0.3723958333333333,0.9871379744558374,0.3723958333333333,0.4498563477466431,0.9862068965517241,0.8823776662004876
0.93,0.93,False,0.36328125,0.3580729166666667,0.3580729166666667,0.6526796009424977,0.3580729166666667,0.42787738423245353,0.985663082437276,0.6595750128008192
0.93,0.94,False,0.3307291666666667,0.3268229166666667,0.3268229166666667,0.6543493034318723,0.3268229166666667,0.38370614415351717,0.9881889763779528,0.6604357326756236
0.93,0.95,False,0.30859375,0.3046875,0.3046875,0.6460647030420087,0.3046875,0.3474338319907941,0.9873417721518988,0.6561215593473658
0.94,0.5,True,0.81640625,0.7096354166666666,0.7096354166666666,0.8677319437449308,0.7096354166666666,0.7807019892677721,0.8692185007974481,0.8678419325429587
0.94,0.51,True,0.80859375,0.7057291666666666,0.7057291666666666,0.8708362766981051,0.7057291666666666,0.7795145509686147,0.8727858293075684,0.8708488856074266
0.94,0.52,False,0.796875,0.7005208333333334,0.7005208333333334,0.8762817201271154,0.7005208333333334,0.7783648975138338,0.8790849673202614,0.8763493984662375
0.94,0.53,False,0.7890625,0.69921875,0.69921875,0.8829099356606823,0.69921875,0.7800370057938714,0.8861386138613861,0.8829765600594545
0.94,0.54,False,0.78125,0.6927083333333334,0.6927083333333334,0.8828461135496574,0.6927083333333334,0.7757710217448706,0.8866666666666667,0.8828774894730674
0.94,0.55,False,0.7721354166666666,0.6861979166666666,0.6861979166666666,0.8842693620154994,0.6861979166666666,0.7720364864166553,0.8887015177065767,0.8842890956680735
0.94,0.56,False,0.76171875,0.6783854166666666,0.6783854166666666,0.8854085308795301,0.6783854166666666,0.7672103332382137,0.8905982905982905,0.8854000649926079
0.94,0.57,False,0.7578125,0.67578125,0.67578125,0.8863185599629338,0.67578125,0.7658100423826192,0.8917525773195877,0.8863309041269942
0.94,0.58,False,0.75,0.6731770833333334,0.6731770833333334,0.8919140463895953,0.6731770833333334,0.7659724512504197,0.8975694444444444,0.8918744568317608
0.94,0.59,False,0.7447916666666666,0.6705729166666666,0.6705729166666666,0.894528757846515,0.6705729166666666,0.7650674136684046,0.9003496503496503,0.8944367911098866
0.94,0.6,False,0.7369791666666666,0.6627604166666666,0.6627604166666666,0.8927469897088146,0.6627604166666666,0.759048581387371,0.8992932862190812,0.8927083814361579
0.94,0.61,False,0.7317708333333334,0.66015625,0.66015625,0.8954048197690884,0.66015625,0.7580762442033736,0.902135231316726,0.8953186094367958
0.94,0.62,False,0.7265625,0.6549479166666666,0.6549479166666666,0.8942252806160599,0.6549479166666666,0.7539828669084162,0.9014336917562724,0.8941303861077105
0.94,0.63,False,0.7200520833333334,0.6510416666666666,0.6510416666666666,0.896654962190377,0.6510416666666666,0.7519402281581641,0.9041591320072333,0.896524410818537
0.94,0.64,False,0.7161458333333334,0.6471354166666666,0.6471354166666666,0.8957261057159033,0.6471354166666666,0.7488286283780652,0.9036363636363637,0.8956438190608759
0.94,0.65,False,0.7083333333333334,0.64453125,0.64453125,0.9019352402529973,0.64453125,0.7488485706103334,0.9099264705882353,0.901861063096569
0.94,0.66,False,0.69921875,0.640625,0.640625,0.9081134242089589,0.640625,0.7478080001640549,0.9162011173184358,0.9080402172254152
0.94,0.67,False,0.6927083333333334,0.63671875,0.63671875,0.9108878997594543,0.63671875,0.7456723686256526,0.9191729323308271,0.910820472787686
0.94,0.68,False,0.6875,0.6341145833333334,0.6341145833333334,0.9140112092909916,0.6341145833333334,0.7445908389191757,0.9223484848484849,0.9139520826066022
0.94,0.69,False,0.6809895833333334,0.6315104166666666,0.6315104166666666,0.9191246502768022,0.6315104166666666,0.7440181818610364,0.9273422562141491,0.919066104587508
0.94,0.7,False,0.6731770833333334,0.625,0.625,0.9198544110477345,0.625,0.7391476582965945,0.9284332688588007,0.9197130596069033
0.94,0.71,False,0.6666666666666666,0.6184895833333334,0.6184895833333334,0.9185363868541438,0.6184895833333334,0.7336133477093648,0.927734375,0.9184081357672196
0.94,0.72,False,0.6575520833333334,0.609375,0.609375,0.9166220745826887,0.609375,0.7257505763511255,0.9267326732673268,0.91650336987291
0.94,0.73,False,0.6536458333333334,0.60546875,0.60546875,0.9157541158700592,0.60546875,0.7223280936633345,0.9262948207171314,0.915655514289394
0.94,0.74,False,0.64453125,0.5963541666666666,0.5963541666666666,0.9137625005958113,0.5963541666666666,0.7142961418096858,0.9252525252525252,0.9136196553247009
0.94,0.75,False,0.6315104166666666,0.5885416666666666,0.5885416666666666,0.9205873898126531,0.5885416666666666,0.7093736682172609,0.931958762886598,0.9203529033271467
0.94,0.76,False,0.6184895833333334,0.5794270833333334,0.5794270833333334,0.9254142160575545,0.5794270833333334,0.7026059485590085,0.9368421052631579,0.9250073820733054
0.94,0.77,False,0.61328125,0.5755208333333334,0.5755208333333334,0.9269707645251627,0.5755208333333334,0.6994898341507635,0.9384288747346072,0.9264528593837862
0.94,0.78,False,0.6080729166666666,0.5729166666666666,0.5729166666666666,0.9311391321350587,0.5729166666666666,0.698089033027443,0.9421841541755889,0.9305888941035224
0.94,0.79,False,0.59765625,0.56640625,0.56640625,0.9373895428947999,0.56640625,0.6933914882525558,0.9477124183006536,0.9364363000768199
0.94,0.8,False,0.5911458333333334,0.5651041666666666,0.5651041666666666,0.947029662738724,0.5651041666666666,0.6942072024216563,0.9559471365638766,0.9462260808248729
0.94,0.81,False,0.5807291666666666,0.5572916666666666,0.5572916666666666,0.9508221436853552,0.5572916666666666,0.6876350191676818,0.9596412556053812,0.9501254773727735
0.94,0.82,False,0.5638020833333334,0.546875,0.546875,0.963909403771044,0.546875,0.6797093047405939,0.9699769053117783,0.9623562860776221
0.94,0.83,False,0.5533854166666666,0.5377604166666666,0.5377604166666666,0.9661076205946668,0.5377604166666666,0.6710279805451886,0.971764705882353,0.9642051648270864
0.94,0.84,False,0.5455729166666666,0.53125,0.53125,0.9682284193121338,0.53125,0.6647782480143777,0.9737470167064439,0.9664273908388689
0.94,0.85,False,0.5234375,0.5091145833333334,0.5091145833333334,0.9655210988388557,0.5091145833333334,0.6414678645755152,0.972636815920398,0.9637948105607608
0.94,0.86,False,0.5078125,0.4934895833333333,0.4934895833333333,0.963695702013459,0.4934895833333333,0.6235052553302479,0.9717948717948718,0.9608515785122366
0.94,0.87,False,0.4921875,0.4817708333333333,0.4817708333333333,0.9731581462782658,0.4817708333333333,0.6113915538311501,0.9788359788359788,0.9693006493730433
0.94,0.88,False,0.4791666666666667,0.4700520833333333,0.4700520833333333,0.9768615870543441,0.4700520833333333,0.5976624953880211,0.9809782608695652,0.9714749992670862
0.94,0.89,False,0.4518229166666667,0.4427083333333333,0.4427083333333333,0.9743258126435697,0.4427083333333333,0.5609528521948116,0.9798270893371758,0.9642397398962955
0.94,0.9,False,0.4244791666666667,0.4192708333333333,0.4192708333333333,0.9884459166370915,0.4192708333333333,0.5300676181779757,0.9877300613496932,0.9751139314519596
0.94,0.91,False,0.390625,0.3854166666666667,0.3854166666666667,0.9877523151111681,0.3854166666666667,0.47679762563888173,0.9866666666666667,0.949360980699009
0.94,0.92,False,0.3723958333333333,0.3671875,0.3671875,0.9870808136338648,0.3671875,0.4467680992503688,0.986013986013986,0.8823488192838624
0.94,0.93,False,0.3580729166666667,0.3528645833333333,0.3528645833333333,0.652622440120525,0.3528645833333333,0.4247891357361792,0.9854545454545455,0.659546165884194
0.94,0.94,False,0.3255208333333333,0.3216145833333333,0.3216145833333333,0.6542921426098997,0.3216145833333333,0.3806178956572428,0.988,0.6604068857589984
0.94,0.95,False,0.3033854166666667,0.2994791666666667,0.2994791666666667,0.6460075422200361,0.2994791666666667,0.3443455834945197,0.9871244635193133,0.6560927124307406
0.95,0.5,False,0.7916666666666666,0.6848958333333334,0.6848958333333334,0.8661513591458192,0.6848958333333334,0.764881873512694,0.8651315789473685,0.866338261395846
0.95,0.51,False,0.7838541666666666,0.6809895833333334,0.6809895833333334,0.869242399376816,0.6809895833333334,0.7636780528737758,0.8687707641196013,0.8693616759845181
0.95,0.52,False,0.7721354166666666,0.67578125,0.67578125,0.8747412275050466,0.67578125,0.762479796626138,0.8752107925801011,0.8748881062813375
0.95,0.53,False,0.7643229166666666,0.6744791666666666,0.6744791666666666,0.881445237885333,0.6744791666666666,0.7641192940456092,0.8824531516183987,0.8815580986885455
0.95,0.54,False,0.7565104166666666,0.66796875,0.66796875,0.8813528933366701,0.66796875,0.7597794265722365,0.882960413080895,0.8814177413255577
0.95,0.55,False,0.7473958333333334,0.6614583333333334,0.6614583333333334,0.8827741547037508,0.6614583333333334,0.7560049310911195,0.8850174216027874,0.8828263641494015
0.95,0.56,False,0.7369791666666666,0.6536458333333334,0.6536458333333334,0.8838835370230078,0.6536458333333334,0.7511011487709672,0.8869257950530035,0.8839060586547575
0.95,0.57,False,0.7330729166666666,0.6510416666666666,0.6510416666666666,0.8847935661064114,0.6510416666666666,0.7497008579153727,0.8880994671403197,0.8848502429060008
0.95,0.58,False,0.7252604166666666,0.6484375,0.6484375,0.8904738376205531,0.6484375,0.7498497626404603,0.8940754039497307,0.890448897454995
0.95,0.59,False,0.7200520833333334,0.6458333333333334,0.6458333333333334,0.8931487662351283,0.6458333333333334,0.7489357311915242,0.8969258589511754,0.8930398475673568
0.95,0.6,False,0.7122395833333334,0.6380208333333334,0.6380208333333334,0.891353719069461,0.6380208333333334,0.742897915320586,0.8957952468007313,0.8912974936561054
0.95,0.61,False,0.70703125,0.6354166666666666,0.6354166666666666,0.8940164386144286,0.6354166666666666,0.7418825176686812,0.8987108655616943,0.8939092383333535
0.95,0.62,False,0.7018229166666666,0.6302083333333334,0.6302083333333334,0.8928092662917598,0.6302083333333334,0.7377500929578522,0.8979591836734694,0.8926919288216241
0.95,0.63,False,0.6953125,0.6263020833333334,0.6263020833333334,0.8952445802513304,0.6263020833333334,0.7356628820885059,0.900749063670412,0.8950878851620553
0.95,0.64,False,0.69140625,0.6223958333333334,0.6223958333333334,0.8943157237768568,0.6223958333333334,0.7325512823084072,0.9001883239171374,0.894207293404394
0.95,0.65,False,0.68359375,0.6197916666666666,0.6197916666666666,0.90054602014401,0.6197916666666666,0.7325460995824468,0.9066666666666666,0.9004767305762575
0.95,0.66,False,0.6744791666666666,0.6158854166666666,0.6158854166666666,0.9068367758018544,0.6158854166666666,0.7314904120659516,0.9131274131274131,0.9067269791170213
0.95,0.67,False,0.66796875,0.6119791666666666,0.6119791666666666,0.9096381235399109,0.6119791666666666,0.7293291468470868,0.9161793372319688,0.9095305030115796
0.95,0.68,False,0.6627604166666666,0.609375,0.609375,0.9128448324428223,0.609375,0.7282373952513663,0.9194499017681729,0.9127005294141166
0.95,0.69,False,0.65625,0.6067708333333334,0.6067708333333334,0.9179462125442024,0.6067708333333334,0.7276438416881391,0.9246031746031746,0.9178612033360984
0.95,0.7,False,0.6484375,0.6002604166666666,0.6002604166666666,0.918671275355358,0.6002604166666666,0.7226826870391226,0.9257028112449799,0.9184752590552057
0.95,0.71,False,0.6419270833333334,0.59375,0.59375,0.9173274430898166,0.59375,0.7171046988248112,0.9249492900608519,0.9171419480645066
0.95,0.72,False,0.6328125,0.5846354166666666,0.5846354166666666,0.9153723974703875,0.5846354166666666,0.7091751815436025,0.9238683127572016,0.9151924162516162
0.95,0.73,False,0.62890625,0.5807291666666666,0.5807291666666666,0.9144902918347606,0.5807291666666666,0.705730115780367,0.9233954451345756,0.9143290239491856
0.95,0.74,False,0.6197916666666666,0.5716145833333334,0.5716145833333334,0.9124390240920657,0.5716145833333334,0.6976061142481499,0.9222689075630253,0.9122277119437943
0.95,0.75,False,0.6067708333333334,0.5638020833333334,0.5638020833333334,0.9192549362606245,0.5638020833333334,0.6925820252298401,0.9291845493562232,0.9189949300413863
0.95,0.76,False,0.59375,0.5546875,0.5546875,0.9241044617024516,0.5546875,0.6856511195418574,0.9342105263157895,0.9236282709514954
0.95,0.77,False,0.5885416666666666,0.55078125,0.55078125,0.9256950920707068,0.55078125,0.6824759506930049,0.9358407079646017,0.9250674225615875
0.95,0.78,False,0.5833333333333334,0.5481770833333334,0.5481770833333334,0.9299186500980353,0.5481770833333334,0.6810412991264055,0.9397321428571429,0.9292503514426654
0.95,0.79,False,0.5729166666666666,0.5416666666666666,0.5416666666666666,0.9362470770148678,0.5416666666666666,0.6761926787079225,0.9454545454545454,0.9351099034765133
0.95,0.8,False,0.56640625,0.5403645833333334,0.5403645833333334,0.9459592255572155,0.5403645833333334,0.6769721695079459,0.9540229885057471,0.9450406129282048
0.95,0.81,False,0.5559895833333334,0.5325520833333334,0.5325520833333334,0.949689230374731,0.5325520833333334,0.6702860358032772,0.9578454332552693,0.9489564425677598
0.95,0.82,False,0.5403645833333334,0.5234375,0.5234375,0.9632704627716003,0.5234375,0.6635301333207614,0.9686746987951808,0.9615544199152476
0.95,0.83,False,0.5299479166666666,0.5143229166666666,0.5143229166666666,0.9655437821182558,0.5143229166666666,0.6547708147708148,0.9705159705159705,0.9634096368131053
0.95,0.84,False,0.5221354166666666,0.5078125,0.5078125,0.9676428872408772,0.5078125,0.6484485871179131,0.972568578553616,0.965640849272947
0.95,0.85,False,0.5,0.4856770833333333,0.4856770833333333,0.9648852103655532,0.4856770833333333,0.624987456665601,0.9713541666666666,0.9629232851830908
0.95,0.86,False,0.484375,0.4700520833333333,0.4700520833333333,0.9629343825323725,0.4700520833333333,0.6067269194029757,0.9704301075268817,0.9597702622327882
0.95,0.87,False,0.4700520833333333,0.4596354166666667,0.4596354166666667,0.97265116293639,0.4596354166666667,0.5960901371789623,0.9778393351800554,0.9686675903761023
0.95,0.88,False,0.45703125,0.4479166666666667,0.4479166666666667,0.9764587573470699,0.4479166666666667,0.5822305637552665,0.98005698005698,0.970812447162467
0.95,0.89,False,0.4322916666666667,0.4231770833333333,0.4231770833333333,0.9740909936889836,0.4231770833333333,0.5488883209813442,0.9789156626506024,0.964121183439711
0.95,0.9,False,0.4049479166666667,0.3997395833333333,0.3997395833333333,0.9882110976825054,0.3997395833333333,0.5180030869645083,0.9871382636655949,0.974995374995375
0.95,0.91,False,0.37109375,0.3658854166666667,0.3658854166666667,0.987517496156582,0.3658854166666667,0.4647330944254143,0.9859649122807017,0.9492424242424242
0.95,0.92,False,0.3528645833333333,0.34765625,0.34765625,0.9868459946792787,0.34765625,0.43470356803690136,0.985239852398524,0.8822302628272777
0.95,0.93,False,0.3385416666666667,0.3333333333333333,0.3333333333333333,0.652387621165939,0.3333333333333333,0.41272460452271176,0.9846153846153847,0.6594276094276094
0.95,0.94,False,0.3059895833333333,0.3020833333333333,0.3020833333333333,0.6540573236553135,0.3020833333333333,0.36855336444377534,0.9872340425531915,0.6602883293024138
0.95,0.95,False,0.2838541666666667,0.2799479166666667,0.2799479166666667,0.6457727232654501,0.2799479166666667,0.33228105228105226,0.9862385321100917,0.655974155974156
