manifest_index,sample_id,true_class,source_dataset,source_id,group_id,fold,distildire_score,dinolizer_score,dinolizer_marked_area,p_artificial,p_synthetic_given_artificial,level1_threshold,level2_threshold,hierarchical_label,decision_reason,inconclusive,correct
1,diffusiondb:9df74de5-fe24-492f-8e90-d517c9c394fc.png,synthetic,poloclub/diffusiondb,9df74de5-fe24-492f-8e90-d517c9c394fc.png,diffusiondb:9df74de5-fe24-492f-8e90-d517c9c394fc.png,2,0.9911790490150452,0.9597411155700684,0.5341008504231771,0.9957937723099207,0.6361732500322166,0.73,0.5,synthetic,level2_synthetic,False,True
2,diffusiondb:97a6cbf1-d1fc-425a-8f5d-30d07239689e.png,synthetic,poloclub/diffusiondb,97a6cbf1-d1fc-425a-8f5d-30d07239689e.png,diffusiondb:97a6cbf1-d1fc-425a-8f5d-30d07239689e.png,4,0.9928386807441711,0.9130160212516785,0.5020065307617188,0.9936899094303265,0.6477454120615935,0.73,0.5,synthetic,level2_synthetic,False,True
3,diffusiondb:99dac20a-f960-4ebb-b78a-0f64cc0d4929.png,synthetic,poloclub/diffusiondb,99dac20a-f960-4ebb-b78a-0f64cc0d4929.png,diffusiondb:99dac20a-f960-4ebb-b78a-0f64cc0d4929.png,5,0.9812921285629272,0.9971943497657776,0.5740928649902344,0.9972130475981393,0.5977122763085266,0.73,0.5,synthetic,level2_synthetic,False,True
4,cocoglide:000000224051:edited,edited,nebula/CocoGlide,000000224051,cocoglide:000000224051,2,0.8315638303756714,0.9975214600563049,0.13263376526753054,0.9719859193859569,0.11974733362700583,0.73,0.5,edited,level2_edited,False,True
5,cocoglide:000000173091:edited,edited,nebula/CocoGlide,000000173091,cocoglide:000000173091,1,0.9957423806190491,0.9740831255912781,0.1414523141546283,0.9847947221338225,0.14255785350977912,0.73,0.5,edited,level2_edited,False,True
6,diffusiondb:91167cf9-b06f-4bfa-91a6-d8a64c269ede.png,synthetic,poloclub/diffusiondb,91167cf9-b06f-4bfa-91a6-d8a64c269ede.png,diffusiondb:91167cf9-b06f-4bfa-91a6-d8a64c269ede.png,1,0.9954238533973694,0.9943047165870667,0.3519248962402344,0.9943935871487338,0.32142696204024324,0.73,0.5,edited,level2_edited,False,False
7,cocoglide:000000340175:real,real,nebula/CocoGlide,000000340175,cocoglide:000000340175,4,0.9947295784950256,0.0254258643835783,0.0,0.019629990067988986,0.9490829175888174,0.73,0.5,real,level1_real,False,True
8,cocoglide:000000284296:edited,edited,nebula/CocoGlide,000000284296,cocoglide:000000284296,5,0.9961304664611816,0.940432608127594,0.06303765732531465,0.9519818614695243,0.1189968493828047,0.73,0.5,edited,level2_edited,False,True
9,cocoglide:000000015517:real,real,nebula/CocoGlide,000000015517,cocoglide:000000015517,5,0.9912768602371216,0.02692084200680256,0.0,0.020347558937412226,0.9697264655393347,0.73,0.5,real,level1_real,False,True
10,diffusiondb:8bf50cc5-76fe-415a-92a3-a165ae1e6925.png,synthetic,poloclub/diffusiondb,8bf50cc5-76fe-415a-92a3-a165ae1e6925.png,diffusiondb:8bf50cc5-76fe-415a-92a3-a165ae1e6925.png,3,0.9938197731971741,0.9310381412506104,0.7511723836263021,0.9981378779026285,0.8561389071436784,0.73,0.5,synthetic,level2_synthetic,False,True
11,cocoglide:000000192904:real,real,nebula/CocoGlide,000000192904,cocoglide:000000192904,5,0.9943943023681641,0.12438150495290756,0.0,0.04038241262955905,0.9450896170861349,0.73,0.5,real,level1_real,False,True
12,cocoglide:000000044699:real,real,nebula/CocoGlide,000000044699,cocoglide:000000044699,5,0.9944222569465637,0.16379839181900024,0.0,0.05284683796415768,0.9305443131703846,0.73,0.5,real,level1_real,False,True
13,cocoglide:000000283038:edited,edited,nebula/CocoGlide,000000283038,cocoglide:000000283038,3,0.9935436248779297,0.8137645721435547,0.30213726052452106,0.9632730028544882,0.5076479186375944,0.73,0.5,synthetic,level2_synthetic,False,False
14,cocoglide:000000261161:real,real,nebula/CocoGlide,000000261161,cocoglide:000000261161,4,0.9949650168418884,0.0288543701171875,0.0,0.020156904448100667,0.9481269525285998,0.73,0.5,real,level1_real,False,True
15,diffusiondb:f55f6fff-686c-49c3-91ca-1fb1cc791d87.png,synthetic,poloclub/diffusiondb,f55f6fff-686c-49c3-91ca-1fb1cc791d87.png,diffusiondb:f55f6fff-686c-49c3-91ca-1fb1cc791d87.png,4,0.9908292293548584,0.8011606931686401,0.10997314453125,0.9285111691924648,0.2784197576883916,0.73,0.5,edited,level2_edited,False,False
16,cocoglide:000000331352:real,real,nebula/CocoGlide,000000331352,cocoglide:000000331352,5,0.9959231615066528,0.15767699480056763,0.0,0.05090239381037931,0.9329614656584592,0.73,0.5,real,level1_real,False,True
17,cocoglide:000000344795:edited,edited,nebula/CocoGlide,000000344795,cocoglide:000000344795,1,0.8034026026725769,0.9789097309112549,0.1260733771467543,0.9741412551354914,0.1280986368083624,0.73,0.5,edited,level2_edited,False,True
18,cocoglide:000000369771:edited,edited,nebula/CocoGlide,000000369771,cocoglide:000000369771,1,0.9897128343582153,0.9988545179367065,0.07207223789447578,0.9831879509497069,0.0901511159609826,0.73,0.5,edited,level2_edited,False,True
19,cocoglide:000000035963:edited,edited,nebula/CocoGlide,000000035963,cocoglide:000000035963,2,0.9959021210670471,0.9937987327575684,0.10193789137578275,0.9758957727677272,0.10282898811595428,0.73,0.5,edited,level2_edited,False,True
20,diffusiondb:48374975-7d56-4b7c-9ade-a0ded7fa7463.png,synthetic,poloclub/diffusiondb,48374975-7d56-4b7c-9ade-a0ded7fa7463.png,diffusiondb:48374975-7d56-4b7c-9ade-a0ded7fa7463.png,4,0.9951208233833313,0.8936038613319397,0.12960052490234375,0.9667721106094748,0.20218673003732787,0.73,0.5,edited,level2_edited,False,False
21,cocoglide:000000534601:real,real,nebula/CocoGlide,000000534601,cocoglide:000000534601,2,0.9942296743392944,0.012598858214914799,0.0,0.01988220446737949,0.9394081236500323,0.73,0.5,real,level1_real,False,True
22,cocoglide:000000414261:edited,edited,nebula/CocoGlide,000000414261,cocoglide:000000414261,5,0.9902341365814209,0.9911205768585205,0.4179641484282969,0.9938753429060061,0.39871578377481437,0.73,0.5,edited,level2_edited,False,True
23,cocoglide:000000059920:real,real,nebula/CocoGlide,000000059920,cocoglide:000000059920,3,0.9959176182746887,0.04039889946579933,0.0,0.022712557363917127,0.940368322837231,0.73,0.5,real,level1_real,False,True
24,cocoglide:000000217614:real,real,nebula/CocoGlide,000000217614,cocoglide:000000217614,2,0.9952216744422913,0.12877468764781952,0.0,0.04508609684001496,0.8898531944207019,0.73,0.5,real,level1_real,False,True
25,diffusiondb:e5962939-4f11-4af8-9bf0-3465fdd7018a.png,synthetic,poloclub/diffusiondb,e5962939-4f11-4af8-9bf0-3465fdd7018a.png,diffusiondb:e5962939-4f11-4af8-9bf0-3465fdd7018a.png,5,0.9950177073478699,0.9933279752731323,0.9938697814941406,0.9996539545360825,0.935302801040859,0.73,0.5,synthetic,level2_synthetic,False,True
26,cocoglide:000000330790:edited,edited,nebula/CocoGlide,000000330790,cocoglide:000000330790,3,0.9937826991081238,0.9116572737693787,0.38571149017298034,0.9875930020531024,0.482220330754635,0.73,0.5,edited,level2_edited,False,True
27,cocoglide:000000394328:real,real,nebula/CocoGlide,000000394328,cocoglide:000000394328,4,0.994594156742096,0.4546094834804535,0.00810264120528241,0.3673675003401429,0.6189656795361477,0.73,0.5,,level1_inconclusive,True,False
28,cocoglide:000000405205:real,real,nebula/CocoGlide,000000405205,cocoglide:000000405205,3,0.9874125719070435,0.2272145003080368,0.0,0.0804916598089291,0.8465927205001307,0.73,0.5,real,level1_real,False,True
29,cocoglide:000000029675:edited,edited,nebula/CocoGlide,000000029675,cocoglide:000000029675,3,0.9949241876602173,0.8826585412025452,0.40441324632649267,0.9860904743900085,0.5479398500112578,0.73,0.5,synthetic,level2_synthetic,False,False
30,cocoglide:000000524108:real,real,nebula/CocoGlide,000000524108,cocoglide:000000524108,3,0.9903568625450134,0.06325531005859375,0.0,0.026332192152594653,0.9327824698991589,0.73,0.5,real,level1_real,False,True
31,cocoglide:000000098839:real,real,nebula/CocoGlide,000000098839,cocoglide:000000098839,2,0.9904240965843201,0.28889161348342896,0.0,0.1300055188362095,0.7669750985609299,0.73,0.5,real,level1_real,False,True
32,diffusiondb:f9b5afa1-a8b4-4102-aaa6-4dde98c2afb9.png,synthetic,poloclub/diffusiondb,f9b5afa1-a8b4-4102-aaa6-4dde98c2afb9.png,diffusiondb:f9b5afa1-a8b4-4102-aaa6-4dde98c2afb9.png,3,0.9915381669998169,0.9951271414756775,0.967437744140625,0.999584876780256,0.9299152591673102,0.73,0.5,synthetic,level2_synthetic,False,True
33,cocoglide:000000308753:real,real,nebula/CocoGlide,000000308753,cocoglide:000000308753,4,0.9947800636291504,0.06887397915124893,0.0,0.027297862618482754,0.9354580813571176,0.73,0.5,real,level1_real,False,True
34,cocoglide:000000272416:edited,edited,nebula/CocoGlide,000000272416,cocoglide:000000272416,3,0.9959612488746643,0.9996815919876099,0.1815547693595387,0.9825216142176361,0.1592609962183733,0.73,0.5,edited,level2_edited,False,True
35,cocoglide:000000323709:real,real,nebula/CocoGlide,000000323709,cocoglide:000000323709,4,0.9929108023643494,0.021625934168696404,0.0,0.019013277994925335,0.9500452834678417,0.73,0.5,real,level1_real,False,True
36,cocoglide:000000129113:edited,edited,nebula/CocoGlide,000000129113,cocoglide:000000129113,2,0.9956358075141907,0.9985478520393372,0.12941847758695518,0.9794372954178605,0.1159147564713239,0.73,0.5,edited,level2_edited,False,True
37,cocoglide:000000129113:real,real,nebula/CocoGlide,000000129113,cocoglide:000000129113,2,0.9951607584953308,0.012793593108654022,0.0,0.019945715342319394,0.9393419418753427,0.73,0.5,real,level1_real,False,True
38,cocoglide:000000304545:real,real,nebula/CocoGlide,000000304545,cocoglide:000000304545,2,0.9946075677871704,0.048011429607868195,0.0,0.02557611911766756,0.9270604953307917,0.73,0.5,real,level1_real,False,True
39,cocoglide:000000057027:edited,edited,nebula/CocoGlide,000000057027,cocoglide:000000057027,3,0.9939365983009338,0.9698588848114014,0.36228900582801166,0.9908382917940872,0.371800692831286,0.73,0.5,edited,level2_edited,False,True
40,cocoglide:000000210502:real,real,nebula/CocoGlide,000000210502,cocoglide:000000210502,2,0.9938188195228577,0.013415323570370674,0.0,0.019982043635686963,0.9391486261020366,0.73,0.5,real,level1_real,False,True
41,cocoglide:000000518213:real,real,nebula/CocoGlide,000000518213,cocoglide:000000518213,2,0.9960455298423767,0.0976831242442131,0.0,0.03636931238229521,0.9058181875505548,0.73,0.5,real,level1_real,False,True
42,cocoglide:000000337498:edited,edited,nebula/CocoGlide,000000337498,cocoglide:000000337498,4,0.9945557117462158,0.9835003614425659,0.32064042253084507,0.9923003513073698,0.30611308747847443,0.73,0.5,edited,level2_edited,False,True
43,cocoglide:000000167128:real,real,nebula/CocoGlide,000000167128,cocoglide:000000167128,2,0.9949885010719299,0.04955673590302467,0.0,0.025875991670172346,0.9264701536110295,0.73,0.5,real,level1_real,False,True
44,cocoglide:000000252332:edited,edited,nebula/CocoGlide,000000252332,cocoglide:000000252332,1,0.9946359992027283,0.9961751103401184,0.728263144026288,0.9987829716994688,0.787929289529051,0.73,0.5,synthetic,level2_synthetic,False,False
45,cocoglide:000000241319:real,real,nebula/CocoGlide,000000241319,cocoglide:000000241319,5,0.9957540035247803,0.041394416242837906,0.0,0.022798546210987,0.9668220748705855,0.73,0.5,real,level1_real,False,True
46,diffusiondb:078b20c0-4b2b-4728-983b-1406d7829679.png,synthetic,poloclub/diffusiondb,078b20c0-4b2b-4728-983b-1406d7829679.png,diffusiondb:078b20c0-4b2b-4728-983b-1406d7829679.png,4,0.994697093963623,0.8838213682174683,0.9251480102539062,0.9986241708796765,0.9593972989901525,0.73,0.5,synthetic,level2_synthetic,False,True
47,diffusiondb:53d42f83-fa7c-4021-b5f7-ad527ab31edd.png,synthetic,poloclub/diffusiondb,53d42f83-fa7c-4021-b5f7-ad527ab31edd.png,diffusiondb:53d42f83-fa7c-4021-b5f7-ad527ab31edd.png,3,0.9999996423721313,0.9966450333595276,0.759368896484375,0.9988998249436644,0.8111734743540742,0.73,0.5,synthetic,level2_synthetic,False,True
48,cocoglide:000000167128:edited,edited,nebula/CocoGlide,000000167128,cocoglide:000000167128,2,0.9936175346374512,0.9922320246696472,0.45524075423150845,0.9952197226089364,0.4785166058252619,0.73,0.5,edited,level2_edited,False,True
49,cocoglide:000000534664:edited,edited,nebula/CocoGlide,000000534664,cocoglide:000000534664,1,0.992324948310852,0.9985346794128418,0.877382161014322,0.9993412010825904,0.8927967212651208,0.73,0.5,synthetic,level2_synthetic,False,False
50,diffusiondb:d7e68775-2ab8-49f6-a9fb-4a1782e9659f.png,synthetic,poloclub/diffusiondb,d7e68775-2ab8-49f6-a9fb-4a1782e9659f.png,diffusiondb:d7e68775-2ab8-49f6-a9fb-4a1782e9659f.png,1,0.9950079917907715,0.9966731071472168,0.7028007507324219,0.9986579774520379,0.7630971209528195,0.73,0.5,synthetic,level2_synthetic,False,True
51,cocoglide:000000534601:edited,edited,nebula/CocoGlide,000000534601,cocoglide:000000534601,2,0.9947414398193359,0.9911717772483826,0.5716343620187241,0.9972065831224374,0.646167089949163,0.73,0.5,synthetic,level2_synthetic,False,False
52,cocoglide:000000485972:real,real,nebula/CocoGlide,000000485972,cocoglide:000000485972,3,0.9947754144668579,0.04647543281316757,0.0,0.02364280873921242,0.9384309606662792,0.73,0.5,real,level1_real,False,True
53,diffusiondb:bca49808-b625-4554-9ff3-9a75173bafc5.png,synthetic,poloclub/diffusiondb,bca49808-b625-4554-9ff3-9a75173bafc5.png,diffusiondb:bca49808-b625-4554-9ff3-9a75173bafc5.png,2,0.9958134293556213,0.5184470415115356,0.018878936767578125,0.4659249694616725,0.5034314109568322,0.73,0.5,,level1_inconclusive,True,False
54,cocoglide:000000008277:edited,edited,nebula/CocoGlide,000000008277,cocoglide:000000008277,4,0.995837926864624,0.7299453020095825,0.027106647963295927,0.8423887778720179,0.2687165690392486,0.73,0.5,edited,level2_edited,False,True
55,diffusiondb:30c93460-1584-4e1c-90db-ac1b388ac3cb.png,synthetic,poloclub/diffusiondb,30c93460-1584-4e1c-90db-ac1b388ac3cb.png,diffusiondb:30c93460-1584-4e1c-90db-ac1b388ac3cb.png,5,0.9925406575202942,0.9776892066001892,0.8988009366122159,0.9993763055945694,0.9055477965244175,0.73,0.5,synthetic,level2_synthetic,False,True
56,cocoglide:000000323709:edited,edited,nebula/CocoGlide,000000323709,cocoglide:000000323709,4,0.9919120073318481,0.992392361164093,0.1459725106950214,0.9852321130774544,0.13516824215690237,0.73,0.5,edited,level2_edited,False,True
57,cocoglide:000000311909:edited,edited,nebula/CocoGlide,000000311909,cocoglide:000000311909,5,0.9887735247612,0.9983152151107788,0.6328517344534689,0.9979747241632463,0.6683168360176879,0.73,0.5,synthetic,level2_synthetic,False,False
58,diffusiondb:a155817c-a885-47d9-8da3-87572341b203.png,synthetic,poloclub/diffusiondb,a155817c-a885-47d9-8da3-87572341b203.png,diffusiondb:a155817c-a885-47d9-8da3-87572341b203.png,4,0.9943490624427795,0.9203269481658936,0.36825408935546877,0.9896960476071869,0.45397124093447033,0.73,0.5,edited,level2_edited,False,False
59,diffusiondb:1e5c19cd-2bfb-4cd2-9f78-a62c6496eb66.png,synthetic,poloclub/diffusiondb,1e5c19cd-2bfb-4cd2-9f78-a62c6496eb66.png,diffusiondb:1e5c19cd-2bfb-4cd2-9f78-a62c6496eb66.png,3,0.9942589998245239,0.9695495367050171,0.36104583740234375,0.9907701367713918,0.3706375140629728,0.73,0.5,edited,level2_edited,False,False
60,cocoglide:000000031269:edited,edited,nebula/CocoGlide,000000031269,cocoglide:000000031269,4,0.9955658316612244,0.9857931137084961,0.09859666594333188,0.9812772757311784,0.11098881446266268,0.73,0.5,edited,level2_edited,False,True
61,cocoglide:000000032610:real,real,nebula/CocoGlide,000000032610,cocoglide:000000032610,1,0.9961236119270325,0.007019490003585815,0.0,0.01829936648016841,0.938223469500595,0.73,0.5,real,level1_real,False,True
62,cocoglide:000000571313:edited,edited,nebula/CocoGlide,000000571313,cocoglide:000000571313,3,0.993697464466095,0.9709475636482239,0.03258687767375535,0.9567407268572834,0.09093851909720527,0.73,0.5,edited,level2_edited,False,True
63,cocoglide:000000521405:real,real,nebula/CocoGlide,000000521405,cocoglide:000000521405,2,0.9958633184432983,0.020207026973366737,0.0,0.02105327973565701,0.9369252824714843,0.73,0.5,real,level1_real,False,True
64,diffusiondb:e12cca2e-c43d-467b-aa4e-09a6cd630bed.png,synthetic,poloclub/diffusiondb,e12cca2e-c43d-467b-aa4e-09a6cd630bed.png,diffusiondb:e12cca2e-c43d-467b-aa4e-09a6cd630bed.png,2,0.9942989349365234,0.8247159719467163,0.3912162780761719,0.9786450903381216,0.6173754028662839,0.73,0.5,synthetic,level2_synthetic,False,True
65,cocoglide:000000530457:real,real,nebula/CocoGlide,000000530457,cocoglide:000000530457,3,0.9958445429801941,0.0513635016977787,0.0,0.02453003871452642,0.9368140260468276,0.73,0.5,real,level1_real,False,True
66,cocoglide:000000263860:edited,edited,nebula/CocoGlide,000000263860,cocoglide:000000263860,3,0.9939279556274414,0.9821817278862,0.44691142507285014,0.9944120809692962,0.4652763136228581,0.73,0.5,edited,level2_edited,False,True
67,cocoglide:000000423971:edited,edited,nebula/CocoGlide,000000423971,cocoglide:000000423971,2,0.9900632500648499,0.9993923902511597,0.3339355741211482,0.991963571436314,0.3021581963517767,0.73,0.5,edited,level2_edited,False,True
68,diffusiondb:6bdac137-3e17-4efc-b63d-c463e3df7313.png,synthetic,poloclub/diffusiondb,6bdac137-3e17-4efc-b63d-c463e3df7313.png,diffusiondb:6bdac137-3e17-4efc-b63d-c463e3df7313.png,1,0.995155930519104,0.9371739625930786,0.1640777587890625,0.9814968049508479,0.1872780909488782,0.73,0.5,edited,level2_edited,False,False
69,cocoglide:000000433374:edited,edited,nebula/CocoGlide,000000433374,cocoglide:000000433374,3,0.9951292276382446,0.9596115946769714,0.1322065456630913,0.9706815758544953,0.15402944433452045,0.73,0.5,edited,level2_edited,False,True
70,cocoglide:000000022589:real,real,nebula/CocoGlide,000000022589,cocoglide:000000022589,4,0.9960609078407288,0.011127829551696777,0.0,0.017641115028519463,0.9530016601012512,0.73,0.5,real,level1_real,False,True
71,cocoglide:000000386210:real,real,nebula/CocoGlide,000000386210,cocoglide:000000386210,5,0.9955466985702515,0.024043384939432144,0.0,0.020179197996050276,0.9701860465788946,0.73,0.5,real,level1_real,False,True
72,diffusiondb:9300fb00-59e1-4a30-8aa4-959addc2ff8e.png,synthetic,poloclub/diffusiondb,9300fb00-59e1-4a30-8aa4-959addc2ff8e.png,diffusiondb:9300fb00-59e1-4a30-8aa4-959addc2ff8e.png,5,0.992143988609314,0.9997554421424866,0.8473930358886719,0.999312368517172,0.8634025432982442,0.73,0.5,synthetic,level2_synthetic,False,True
73,cocoglide:000000346707:edited,edited,nebula/CocoGlide,000000346707,cocoglide:000000346707,3,0.9948055148124695,0.9937582612037659,0.19203860282720567,0.9826121871745012,0.17165852916619007,0.73,0.5,edited,level2_edited,False,True
74,cocoglide:000000386210:edited,edited,nebula/CocoGlide,000000386210,cocoglide:000000386210,5,0.995545506477356,0.9820536971092224,0.07251883253766507,0.9654436159709961,0.0984034954096592,0.73,0.5,edited,level2_edited,False,True
75,cocoglide:000000341058:real,real,nebula/CocoGlide,000000341058,cocoglide:000000341058,5,0.9926642775535583,0.006530042737722397,0.0,0.01770257023751644,0.9732862400628706,0.73,0.5,real,level1_real,False,True
76,cocoglide:000000452321:edited,edited,nebula/CocoGlide,000000452321,cocoglide:000000452321,3,0.9936795234680176,0.9983592629432678,0.23153461931923863,0.9860186490101779,0.19981943878848094,0.73,0.5,edited,level2_edited,False,True
77,diffusiondb:d7055ed2-5c4a-4125-abe8-4d5eb8d24bc0.png,synthetic,poloclub/diffusiondb,d7055ed2-5c4a-4125-abe8-4d5eb8d24bc0.png,diffusiondb:d7055ed2-5c4a-4125-abe8-4d5eb8d24bc0.png,5,0.9950442314147949,0.643075704574585,0.055010986328125,0.6935567386900501,0.4613476590583816,0.73,0.5,,level1_inconclusive,True,False
78,diffusiondb:4935dc29-8fc1-4ba8-9b56-9af28ec96bc4.png,synthetic,poloclub/diffusiondb,4935dc29-8fc1-4ba8-9b56-9af28ec96bc4.png,diffusiondb:4935dc29-8fc1-4ba8-9b56-9af28ec96bc4.png,1,0.9959702491760254,0.8318946361541748,0.2734595404730903,0.9731267679778236,0.42802520183793863,0.73,0.5,edited,level2_edited,False,False
79,cocoglide:000000520871:edited,edited,nebula/CocoGlide,000000520871,cocoglide:000000520871,4,0.9913933277130127,0.9961204528808594,0.4383835017670035,0.9956752069395699,0.4422900408333168,0.73,0.5,edited,level2_edited,False,True
80,diffusiondb:f80cf37f-ac22-4659-8728-0620fc195d84.png,synthetic,poloclub/diffusiondb,f80cf37f-ac22-4659-8728-0620fc195d84.png,diffusiondb:f80cf37f-ac22-4659-8728-0620fc195d84.png,1,0.9949030876159668,0.9981288313865662,0.9882926940917969,0.9995804711312211,0.9388928084488113,0.73,0.5,synthetic,level2_synthetic,False,True
81,diffusiondb:00bf4330-bbdb-4c6a-97e7-04013553ae10.png,synthetic,poloclub/diffusiondb,00bf4330-bbdb-4c6a-97e7-04013553ae10.png,diffusiondb:00bf4330-bbdb-4c6a-97e7-04013553ae10.png,4,0.9919697642326355,0.9009239673614502,0.6631889343261719,0.9964284002377919,0.8300131242921471,0.73,0.5,synthetic,level2_synthetic,False,True
82,cocoglide:000000182417:real,real,nebula/CocoGlide,000000182417,cocoglide:000000182417,5,0.9955341815948486,0.019229646772146225,0.0,0.019508731467676607,0.9710584469045785,0.73,0.5,real,level1_real,False,True
83,cocoglide:000000081061:real,real,nebula/CocoGlide,000000081061,cocoglide:000000081061,5,0.9945165514945984,0.011335551738739014,0.0,0.01840506101008474,0.9724514852836805,0.73,0.5,real,level1_real,False,True
84,diffusiondb:894ba1cf-6e37-4f7b-a4ac-ee2317b70951.png,synthetic,poloclub/diffusiondb,894ba1cf-6e37-4f7b-a4ac-ee2317b70951.png,diffusiondb:894ba1cf-6e37-4f7b-a4ac-ee2317b70951.png,3,0.9957883954048157,0.9979787468910217,0.8713607788085938,0.9993593984971847,0.8862002675745885,0.73,0.5,synthetic,level2_synthetic,False,True
85,cocoglide:000000132622:real,real,nebula/CocoGlide,000000132622,cocoglide:000000132622,4,0.994331955909729,0.7424280643463135,0.0987022599045198,0.887650717642271,0.33806330378265703,0.73,0.5,edited,level2_edited,False,False
86,cocoglide:000000312406:real,real,nebula/CocoGlide,000000312406,cocoglide:000000312406,1,0.9961501359939575,0.7059981822967529,0.05228935457870916,0.8468036514687797,0.3063170878218935,0.73,0.5,edited,level2_edited,False,False
87,cocoglide:000000080413:edited,edited,nebula/CocoGlide,000000080413,cocoglide:000000080413,1,0.9907189011573792,0.9969261288642883,0.08335432295864592,0.9837269647408677,0.09629249504848274,0.73,0.5,edited,level2_edited,False,True
88,cocoglide:000000304545:edited,edited,nebula/CocoGlide,000000304545,cocoglide:000000304545,2,0.9943361878395081,0.9882334470748901,0.9992366234732469,0.9996129847903542,0.9579348288782004,0.73,0.5,synthetic,level2_synthetic,False,False
89,cocoglide:000000047121:edited,edited,nebula/CocoGlide,000000047121,cocoglide:000000047121,4,0.9935649037361145,0.9995185136795044,0.40161355322710646,0.9951157851528115,0.38786744781963417,0.73,0.5,edited,level2_edited,False,True
90,cocoglide:000000368684:real,real,nebula/CocoGlide,000000368684,cocoglide:000000368684,4,0.9950704574584961,0.01051225047558546,0.0,0.017529985919202233,0.9531145697035328,0.73,0.5,real,level1_real,False,True
91,diffusiondb:4194670e-254c-4b31-93ec-f219bf9eda7d.png,synthetic,poloclub/diffusiondb,4194670e-254c-4b31-93ec-f219bf9eda7d.png,diffusiondb:4194670e-254c-4b31-93ec-f219bf9eda7d.png,1,0.9943939447402954,0.18714256584644318,0.0,0.0707876871972336,0.8499931388218365,0.73,0.5,real,level1_real,False,False
92,diffusiondb:b954783c-6e97-42ad-95fd-e02092fe7c02.png,synthetic,poloclub/diffusiondb,b954783c-6e97-42ad-95fd-e02092fe7c02.png,diffusiondb:b954783c-6e97-42ad-95fd-e02092fe7c02.png,5,0.9534608721733093,0.9981539845466614,0.999755859375,0.9996347013708508,0.9368271757440795,0.73,0.5,synthetic,level2_synthetic,False,True
93,diffusiondb:1a7ec8b0-e7c9-4b4f-ac7c-0e44ed222633.png,synthetic,poloclub/diffusiondb,1a7ec8b0-e7c9-4b4f-ac7c-0e44ed222633.png,diffusiondb:1a7ec8b0-e7c9-4b4f-ac7c-0e44ed222633.png,1,0.9947085380554199,0.9932636618614197,0.29521942138671875,0.9928905919918701,0.2585588973361579,0.73,0.5,edited,level2_edited,False,False
94,cocoglide:000000270402:edited,edited,nebula/CocoGlide,000000270402,cocoglide:000000270402,2,0.9935243129730225,0.8267039656639099,0.11891139407278814,0.9284719469326883,0.2443354984207988,0.73,0.5,edited,level2_edited,False,True
95,cocoglide:000000030213:real,real,nebula/CocoGlide,000000030213,cocoglide:000000030213,5,0.9956790804862976,0.09764156490564346,0.0,0.033705675352519726,0.953235762655854,0.73,0.5,real,level1_real,False,True
96,cocoglide:000000567825:real,real,nebula/CocoGlide,000000567825,cocoglide:000000567825,1,0.9928827285766602,0.18730305135250092,0.0,0.07060316324425933,0.8498684178218553,0.73,0.5,real,level1_real,False,True
97,diffusiondb:0468f6cf-b591-4607-8495-012f96f8cba5.png,synthetic,poloclub/diffusiondb,0468f6cf-b591-4607-8495-012f96f8cba5.png,diffusiondb:0468f6cf-b591-4607-8495-012f96f8cba5.png,2,0.9951879978179932,0.41083210706710815,0.002947998046875,0.270313515290872,0.6281110743767648,0.73,0.5,,level1_inconclusive,True,False
98,cocoglide:000000493284:edited,edited,nebula/CocoGlide,000000493284,cocoglide:000000493284,4,0.9939716458320618,0.9879292249679565,0.7202108779217559,0.998566847850056,0.8029712502943874,0.73,0.5,synthetic,level2_synthetic,False,False
99,diffusiondb:6c8b15cf-af4b-4351-86bf-072452a51c9b.png,synthetic,poloclub/diffusiondb,6c8b15cf-af4b-4351-86bf-072452a51c9b.png,diffusiondb:6c8b15cf-af4b-4351-86bf-072452a51c9b.png,4,0.9934351444244385,0.9948300719261169,0.9999198913574219,0.9995724929885499,0.9497507896716445,0.73,0.5,synthetic,level2_synthetic,False,True
100,cocoglide:000000139883:real,real,nebula/CocoGlide,000000139883,cocoglide:000000139883,3,0.9956486821174622,0.019584493711590767,0.0,0.019598812255945095,0.9466084550909676,0.73,0.5,real,level1_real,False,True
101,cocoglide:000000270402:real,real,nebula/CocoGlide,000000270402,cocoglide:000000270402,2,0.9932571649551392,0.029993388801813126,0.0,0.02245401004569596,0.9336138616258188,0.73,0.5,real,level1_real,False,True
102,cocoglide:000000335450:real,real,nebula/CocoGlide,000000335450,cocoglide:000000335450,2,0.9944667220115662,0.005829576402902603,0.0,0.018956144263501406,0.9415330969986058,0.73,0.5,real,level1_real,False,True
103,cocoglide:000000546829:real,real,nebula/CocoGlide,000000546829,cocoglide:000000546829,1,0.9958487749099731,0.02036077156662941,0.0,0.020261862925276507,0.933852441026686,0.73,0.5,real,level1_real,False,True
104,cocoglide:000000331352:edited,edited,nebula/CocoGlide,000000331352,cocoglide:000000331352,5,0.995590329170227,0.9975906610488892,0.32836040672081346,0.9910520822984479,0.28146130023828164,0.73,0.5,edited,level2_edited,False,True
105,diffusiondb:d3796e7b-861d-4b16-8aa2-136449dba49e.png,synthetic,poloclub/diffusiondb,d3796e7b-861d-4b16-8aa2-136449dba49e.png,diffusiondb:d3796e7b-861d-4b16-8aa2-136449dba49e.png,4,0.9891506433486938,0.998298168182373,1.0,0.9995810104300874,0.9485861834367928,0.73,0.5,synthetic,level2_synthetic,False,True
106,diffusiondb:adfaf9bf-2c79-4828-b329-0b00e8ed8cc8.png,synthetic,poloclub/diffusiondb,adfaf9bf-2c79-4828-b329-0b00e8ed8cc8.png,diffusiondb:adfaf9bf-2c79-4828-b329-0b00e8ed8cc8.png,5,0.9959988594055176,0.9949389696121216,0.8975016276041666,0.9994505317328485,0.8949002812836868,0.73,0.5,synthetic,level2_synthetic,False,True
107,diffusiondb:ba5f364f-ba0b-4b34-8cb4-ca461bc60891.png,synthetic,poloclub/diffusiondb,ba5f364f-ba0b-4b34-8cb4-ca461bc60891.png,diffusiondb:ba5f364f-ba0b-4b34-8cb4-ca461bc60891.png,5,0.9954628348350525,0.9727483987808228,0.5662193298339844,0.9966861845016778,0.6225951383202657,0.73,0.5,synthetic,level2_synthetic,False,True
108,diffusiondb:3a5d8eb9-c0ad-43a8-8f6a-418decf97867.png,synthetic,poloclub/diffusiondb,3a5d8eb9-c0ad-43a8-8f6a-418decf97867.png,diffusiondb:3a5d8eb9-c0ad-43a8-8f6a-418decf97867.png,3,0.9940582513809204,0.9988080263137817,0.9974784851074219,0.9996524570252433,0.9385295794186218,0.73,0.5,synthetic,level2_synthetic,False,True
109,diffusiondb:67afc638-9900-4999-aeac-4e2559bad8f5.png,synthetic,poloclub/diffusiondb,67afc638-9900-4999-aeac-4e2559bad8f5.png,diffusiondb:67afc638-9900-4999-aeac-4e2559bad8f5.png,5,0.9952789545059204,0.903611958026886,0.9759521484375,0.9992823538790316,0.9586994131962064,0.73,0.5,synthetic,level2_synthetic,False,True
110,diffusiondb:a8b4a821-61b7-4808-ba6b-387cb7163dec.png,synthetic,poloclub/diffusiondb,a8b4a821-61b7-4808-ba6b-387cb7163dec.png,diffusiondb:a8b4a821-61b7-4808-ba6b-387cb7163dec.png,2,0.9947249293327332,0.9976894855499268,0.9492686878551136,0.9995438311881755,0.9415603504754362,0.73,0.5,synthetic,level2_synthetic,False,True
111,diffusiondb:0b1a039e-5f36-4911-b9cc-12ce84f14c0c.png,synthetic,poloclub/diffusiondb,0b1a039e-5f36-4911-b9cc-12ce84f14c0c.png,diffusiondb:0b1a039e-5f36-4911-b9cc-12ce84f14c0c.png,2,0.9933618307113647,0.9965987801551819,0.5375022888183594,0.9968418495013768,0.5918916827520745,0.73,0.5,synthetic,level2_synthetic,False,True
112,diffusiondb:42e5f52e-a98e-4294-b78e-ef31f537783c.png,synthetic,poloclub/diffusiondb,42e5f52e-a98e-4294-b78e-ef31f537783c.png,diffusiondb:42e5f52e-a98e-4294-b78e-ef31f537783c.png,4,0.9930146932601929,0.8548022508621216,0.7696113586425781,0.9967153026718195,0.9207872822230944,0.73,0.5,synthetic,level2_synthetic,False,True
113,cocoglide:000000478286:edited,edited,nebula/CocoGlide,000000478286,cocoglide:000000478286,4,0.9898123145103455,0.996852695941925,0.16681423987847976,0.9868468579090157,0.14595131682744755,0.73,0.5,edited,level2_edited,False,True
114,cocoglide:000000416885:real,real,nebula/CocoGlide,000000416885,cocoglide:000000416885,4,0.9961299896240234,0.01219413336366415,0.0,0.017787251115147763,0.9527275592743119,0.73,0.5,real,level1_real,False,True
115,cocoglide:000000091654:edited,edited,nebula/CocoGlide,000000091654,cocoglide:000000091654,4,0.995635449886322,0.9675129055976868,0.05187763500527001,0.9740127191257497,0.09640994986497817,0.73,0.5,edited,level2_edited,False,True
116,cocoglide:000000333956:edited,edited,nebula/CocoGlide,000000333956,cocoglide:000000333956,3,0.9935868978500366,0.9997597336769104,0.29526493427986855,0.9897890574504469,0.25868030460497365,0.73,0.5,edited,level2_edited,False,True
117,diffusiondb:531860dd-5762-425e-be03-74b5f46432ce.png,synthetic,poloclub/diffusiondb,531860dd-5762-425e-be03-74b5f46432ce.png,diffusiondb:531860dd-5762-425e-be03-74b5f46432ce.png,3,0.9957118034362793,0.91425621509552,0.4699993133544922,0.9919012855243788,0.5907055195924694,0.73,0.5,synthetic,level2_synthetic,False,True
118,diffusiondb:b2960c71-be6b-4ad2-a171-e7a687547a75.png,synthetic,poloclub/diffusiondb,b2960c71-be6b-4ad2-a171-e7a687547a75.png,diffusiondb:b2960c71-be6b-4ad2-a171-e7a687547a75.png,1,0.9950220584869385,0.940615713596344,0.7687100497159091,0.9984042142019908,0.8628375374502434,0.73,0.5,synthetic,level2_synthetic,False,True
119,diffusiondb:e8b89cbf-3f7a-4934-bca1-6d2f0ef41820.png,synthetic,poloclub/diffusiondb,e8b89cbf-3f7a-4934-bca1-6d2f0ef41820.png,diffusiondb:e8b89cbf-3f7a-4934-bca1-6d2f0ef41820.png,1,0.994851291179657,0.9777455925941467,0.4593925476074219,0.995850889216595,0.4836256812000265,0.73,0.5,edited,level2_edited,False,False
120,cocoglide:000000184400:edited,edited,nebula/CocoGlide,000000184400,cocoglide:000000184400,5,0.9901106953620911,0.9934490323066711,0.13305226610453222,0.9757708286646942,0.12361997735350998,0.73,0.5,edited,level2_edited,False,True
121,cocoglide:000000180296:real,real,nebula/CocoGlide,000000180296,cocoglide:000000180296,4,0.9944919347763062,0.02283012866973877,0.00023928172856345714,0.01925689405233908,0.9498567930353928,0.73,0.5,real,level1_real,False,True
122,cocoglide:000000080413:real,real,nebula/CocoGlide,000000080413,cocoglide:000000080413,1,0.991489052772522,0.0034885918721556664,0.0,0.017591692864875694,0.939316684347472,0.73,0.5,real,level1_real,False,True
123,cocoglide:000000031269:real,real,nebula/CocoGlide,000000031269,cocoglide:000000031269,4,0.9956433773040771,0.06338310986757278,0.0,0.02622452816145877,0.9374049645803354,0.73,0.5,real,level1_real,False,True
124,cocoglide:000000341058:edited,edited,nebula/CocoGlide,000000341058,cocoglide:000000341058,5,0.9927131533622742,0.9961068034172058,0.18382068014136027,0.9815360361420618,0.15396492195027256,0.73,0.5,edited,level2_edited,False,True
125,cocoglide:000000076417:edited,edited,nebula/CocoGlide,000000076417,cocoglide:000000076417,1,0.9947146773338318,0.9949345588684082,0.3020801041602083,0.9931729915081229,0.26407787576058545,0.73,0.5,edited,level2_edited,False,True
126,diffusiondb:6c813cdb-85ae-4318-a425-9289fc758504.png,synthetic,poloclub/diffusiondb,6c813cdb-85ae-4318-a425-9289fc758504.png,diffusiondb:6c813cdb-85ae-4318-a425-9289fc758504.png,4,0.9955148100852966,0.8866403698921204,0.7894840240478516,0.99764523014208,0.9155382972767884,0.73,0.5,synthetic,level2_synthetic,False,True
127,cocoglide:000000035963:real,real,nebula/CocoGlide,000000035963,cocoglide:000000035963,2,0.9959458708763123,0.015289409086108208,0.0,0.020333663884768934,0.938535810726484,0.73,0.5,real,level1_real,False,True
128,cocoglide:000000213224:edited,edited,nebula/CocoGlide,000000213224,cocoglide:000000213224,3,0.9955761432647705,0.8297064304351807,0.039181172112344224,0.8923350378528367,0.18658437392835583,0.73,0.5,edited,level2_edited,False,True
129,cocoglide:000000063552:real,real,nebula/CocoGlide,000000063552,cocoglide:000000063552,5,0.99562007188797,0.21187724173069,0.0,0.07318938781650564,0.9079495272986053,0.73,0.5,real,level1_real,False,True
130,cocoglide:000000364322:edited,edited,nebula/CocoGlide,000000364322,cocoglide:000000364322,3,0.9958252906799316,0.9722639918327332,0.6975110825221651,0.9982148795706061,0.7795437517819785,0.73,0.5,synthetic,level2_synthetic,False,False
131,diffusiondb:e3f97857-6486-407c-9dab-7960505a4672.png,synthetic,poloclub/diffusiondb,e3f97857-6486-407c-9dab-7960505a4672.png,diffusiondb:e3f97857-6486-407c-9dab-7960505a4672.png,1,0.9936529397964478,0.9955447316169739,1.0,0.9995902673708702,0.9432420162392945,0.73,0.5,synthetic,level2_synthetic,False,True
132,cocoglide:000000070774:edited,edited,nebula/CocoGlide,000000070774,cocoglide:000000070774,3,0.0752691924571991,0.9233223795890808,0.13116998108996217,0.7430742431342824,0.20102205211426116,0.73,0.5,edited,level2_edited,False,True
133,diffusiondb:3027f79b-3946-428a-bb2b-2ea418df0684.png,synthetic,poloclub/diffusiondb,3027f79b-3946-428a-bb2b-2ea418df0684.png,diffusiondb:3027f79b-3946-428a-bb2b-2ea418df0684.png,2,1.0,0.9716208577156067,0.7396133422851563,0.9985465455994602,0.8450507875086167,0.73,0.5,synthetic,level2_synthetic,False,True
134,cocoglide:000000156278:edited,edited,nebula/CocoGlide,000000156278,cocoglide:000000156278,3,0.9934803247451782,0.7735366821289062,0.03425700601401203,0.8430738851665542,0.23460375256124355,0.73,0.5,edited,level2_edited,False,True
135,diffusiondb:637d9e4b-757a-405d-906c-2b7682b46cf8.png,synthetic,poloclub/diffusiondb,637d9e4b-757a-405d-906c-2b7682b46cf8.png,diffusiondb:637d9e4b-757a-405d-906c-2b7682b46cf8.png,5,0.988477885723114,0.9957094192504883,1.0,0.9996637861184732,0.9366037180636384,0.73,0.5,synthetic,level2_synthetic,False,True
136,diffusiondb:5239759f-ec60-452f-9db8-b29f60415a1f.png,synthetic,poloclub/diffusiondb,5239759f-ec60-452f-9db8-b29f60415a1f.png,diffusiondb:5239759f-ec60-452f-9db8-b29f60415a1f.png,3,0.9951615929603577,0.9835647940635681,1.0,0.999617815845618,0.9440078842113483,0.73,0.5,synthetic,level2_synthetic,False,True
137,diffusiondb:6420a030-1f31-47f9-a82a-85998cdbfa67.png,synthetic,poloclub/diffusiondb,6420a030-1f31-47f9-a82a-85998cdbfa67.png,diffusiondb:6420a030-1f31-47f9-a82a-85998cdbfa67.png,4,0.9938056468963623,0.9951310157775879,0.9137229919433594,0.9993910864553057,0.9207485758818369,0.73,0.5,synthetic,level2_synthetic,False,True
138,diffusiondb:aebb493a-0fa1-44e4-a372-0aea1421beba.png,synthetic,poloclub/diffusiondb,aebb493a-0fa1-44e4-a372-0aea1421beba.png,diffusiondb:aebb493a-0fa1-44e4-a372-0aea1421beba.png,2,0.9932558536529541,0.9376479387283325,0.8919483531605114,0.9990756054691042,0.941610782572058,0.73,0.5,synthetic,level2_synthetic,False,True
139,cocoglide:000000418961:real,real,nebula/CocoGlide,000000418961,cocoglide:000000418961,1,0.9931382536888123,0.14942818880081177,0.0002915943331886664,0.053525335571553194,0.8746240279810178,0.73,0.5,real,level1_real,False,True
140,cocoglide:000000312406:edited,edited,nebula/CocoGlide,000000312406,cocoglide:000000312406,1,0.9959172606468201,0.9828858375549316,0.12482949965899932,0.9848304193889635,0.12633028336231283,0.73,0.5,edited,level2_edited,False,True
141,diffusiondb:58e63b48-72b8-43b7-a9a0-fadce7afaed9.png,synthetic,poloclub/diffusiondb,58e63b48-72b8-43b7-a9a0-fadce7afaed9.png,diffusiondb:58e63b48-72b8-43b7-a9a0-fadce7afaed9.png,2,0.9947222471237183,0.9529155492782593,0.17661285400390625,0.9770561979899034,0.18258272411182916,0.73,0.5,edited,level2_edited,False,False
142,cocoglide:000000222863:edited,edited,nebula/CocoGlide,000000222863,cocoglide:000000222863,1,0.9952338337898254,0.9486590623855591,0.2516555970611941,0.9880496798256158,0.2594294288326576,0.73,0.5,edited,level2_edited,False,True
143,diffusiondb:4004deec-77ea-4f01-9fcd-78d0ea8376cd.png,synthetic,poloclub/diffusiondb,4004deec-77ea-4f01-9fcd-78d0ea8376cd.png,diffusiondb:4004deec-77ea-4f01-9fcd-78d0ea8376cd.png,4,0.9935553669929504,0.8816865086555481,0.3109397888183594,0.9824691123391055,0.4293835061437144,0.73,0.5,edited,level2_edited,False,False
144,cocoglide:000000550322:real,real,nebula/CocoGlide,000000550322,cocoglide:000000550322,4,0.9959195852279663,0.1373014599084854,0.0,0.04565964514801976,0.9070910103024864,0.73,0.5,real,level1_real,False,True
145,cocoglide:000000219283:real,real,nebula/CocoGlide,000000219283,cocoglide:000000219283,2,0.002389112487435341,0.6967209577560425,0.0546744218488437,0.3451961326792425,0.33129915160937384,0.73,0.5,,level1_inconclusive,True,False
146,diffusiondb:827047c1-11d8-4852-acc9-38410b25e0e5.png,synthetic,poloclub/diffusiondb,827047c1-11d8-4852-acc9-38410b25e0e5.png,diffusiondb:827047c1-11d8-4852-acc9-38410b25e0e5.png,3,0.9837471842765808,0.998308002948761,0.8456497192382812,0.9992555133845108,0.871482092185321,0.73,0.5,synthetic,level2_synthetic,False,True
147,diffusiondb:be4d2c88-80f7-441f-98c8-f01940a903f3.png,synthetic,poloclub/diffusiondb,be4d2c88-80f7-441f-98c8-f01940a903f3.png,diffusiondb:be4d2c88-80f7-441f-98c8-f01940a903f3.png,5,0.9940746426582336,0.8187654614448547,0.6711807250976562,0.9940605630756434,0.8854083777478501,0.73,0.5,synthetic,level2_synthetic,False,True
148,diffusiondb:e3caec81-20c6-4840-bd48-4a4b030d7c0d.png,synthetic,poloclub/diffusiondb,e3caec81-20c6-4840-bd48-4a4b030d7c0d.png,diffusiondb:e3caec81-20c6-4840-bd48-4a4b030d7c0d.png,2,0.9924824833869934,0.9565106630325317,0.9465084075927734,0.9993743495437251,0.9523273911448371,0.73,0.5,synthetic,level2_synthetic,False,True
149,cocoglide:000000348012:edited,edited,nebula/CocoGlide,000000348012,cocoglide:000000348012,3,0.9938517808914185,0.9983866810798645,0.2786304947609895,0.9888413216073606,0.24332538317676858,0.73,0.5,edited,level2_edited,False,True
150,diffusiondb:ebe75a37-e31e-41fa-8ca5-8d75f9099149.png,synthetic,poloclub/diffusiondb,ebe75a37-e31e-41fa-8ca5-8d75f9099149.png,diffusiondb:ebe75a37-e31e-41fa-8ca5-8d75f9099149.png,3,0.9919399619102478,0.9984753727912903,1.0,0.9996541196568758,0.9394296020944661,0.73,0.5,synthetic,level2_synthetic,False,True
151,cocoglide:000000047121:real,real,nebula/CocoGlide,000000047121,cocoglide:000000047121,4,0.9945287108421326,0.08259500563144684,0.0,0.030262992217881677,0.9304739098540168,0.73,0.5,real,level1_real,False,True
152,diffusiondb:aacff5a9-0317-4c6e-a25a-588591e6cb45.png,synthetic,poloclub/diffusiondb,aacff5a9-0317-4c6e-a25a-588591e6cb45.png,diffusiondb:aacff5a9-0317-4c6e-a25a-588591e6cb45.png,3,0.9932544827461243,0.9295611381530762,0.5412881033761161,0.9948169816250003,0.6601964222963408,0.73,0.5,synthetic,level2_synthetic,False,True
153,cocoglide:000000418961:edited,edited,nebula/CocoGlide,000000418961,cocoglide:000000418961,1,0.993096649646759,0.9951375722885132,0.07998790997581995,0.9833838165991864,0.09554919670271504,0.73,0.5,edited,level2_edited,False,True
154,diffusiondb:6dd1f44a-748f-4348-80cb-d513cee4d9f0.png,synthetic,poloclub/diffusiondb,6dd1f44a-748f-4348-80cb-d513cee4d9f0.png,diffusiondb:6dd1f44a-748f-4348-80cb-d513cee4d9f0.png,3,0.976773738861084,0.9943194389343262,0.5200691223144531,0.9962502946822288,0.5468682885767143,0.73,0.5,synthetic,level2_synthetic,False,True
155,cocoglide:000000095899:real,real,nebula/CocoGlide,000000095899,cocoglide:000000095899,1,0.9864889979362488,0.040184348821640015,0.0,0.023015799843659323,0.9267849695018523,0.73,0.5,real,level1_real,False,True
156,cocoglide:000000304817:edited,edited,nebula/CocoGlide,000000304817,cocoglide:000000304817,5,0.9947570562362671,0.9818377494812012,0.17101184202368405,0.9784083776769081,0.15666081801584306,0.73,0.5,edited,level2_edited,False,True
157,diffusiondb:b221d077-4286-44f6-b074-7617ad424632.png,synthetic,poloclub/diffusiondb,b221d077-4286-44f6-b074-7617ad424632.png,diffusiondb:b221d077-4286-44f6-b074-7617ad424632.png,3,0.9927921295166016,0.9030342102050781,0.1662628173828125,0.9627180528276053,0.23117430548455695,0.73,0.5,edited,level2_edited,False,False
158,diffusiondb:8e2f35ec-4db9-48b4-b27c-91c839b29a76.png,synthetic,poloclub/diffusiondb,8e2f35ec-4db9-48b4-b27c-91c839b29a76.png,diffusiondb:8e2f35ec-4db9-48b4-b27c-91c839b29a76.png,2,0.9954302310943604,0.9829666018486023,0.09653472900390625,0.9733035188159311,0.10554764536313362,0.73,0.5,edited,level2_edited,False,False
159,cocoglide:000000416991:real,real,nebula/CocoGlide,000000416991,cocoglide:000000416991,5,0.00851203128695488,0.08598381280899048,0.0,0.0019500517202324828,0.9751577917150038,0.73,0.5,real,level1_real,False,True
160,cocoglide:000000475678:edited,edited,nebula/CocoGlide,000000475678,cocoglide:000000475678,2,0.9937816262245178,0.9934344291687012,0.5606409650319301,0.997101799405312,0.6283541325264153,0.73,0.5,synthetic,level2_synthetic,False,False
161,cocoglide:000000288882:edited,edited,nebula/CocoGlide,000000288882,cocoglide:000000288882,2,0.9956387877464294,0.9980153441429138,0.2849051010602021,0.9899221410950297,0.24653597441422792,0.73,0.5,edited,level2_edited,False,True
162,diffusiondb:b5d90fd9-0f44-44ec-a01c-318c5b2167a1.png,synthetic,poloclub/diffusiondb,b5d90fd9-0f44-44ec-a01c-318c5b2167a1.png,diffusiondb:b5d90fd9-0f44-44ec-a01c-318c5b2167a1.png,1,0.9959639310836792,0.9975544810295105,0.6503944396972656,0.9983579117428921,0.7061421239759322,0.73,0.5,synthetic,level2_synthetic,False,True
163,cocoglide:000000085195:edited,edited,nebula/CocoGlide,000000085195,cocoglide:000000085195,5,0.9938449859619141,0.9983830451965332,0.12063867877735755,0.9754006038366259,0.11315267126728945,0.73,0.5,edited,level2_edited,False,True
164,cocoglide:000000255912:edited,edited,nebula/CocoGlide,000000255912,cocoglide:000000255912,5,0.994296133518219,0.11824870109558105,0.0,0.038705673572021364,0.9470802320355264,0.73,0.5,real,level1_real,False,False
165,cocoglide:000000294855:real,real,nebula/CocoGlide,000000294855,cocoglide:000000294855,5,0.9953734278678894,0.03265897184610367,0.0,0.021424336814164235,0.9685641089517136,0.73,0.5,real,level1_real,False,True
166,diffusiondb:3b6db398-c493-4389-93b1-3b465886a495.png,synthetic,poloclub/diffusiondb,3b6db398-c493-4389-93b1-3b465886a495.png,diffusiondb:3b6db398-c493-4389-93b1-3b465886a495.png,2,0.9993340373039246,0.689113438129425,0.13663274591619318,0.8401940426200676,0.4369168239347951,0.73,0.5,edited,level2_edited,False,False
167,cocoglide:000000546829:edited,edited,nebula/CocoGlide,000000546829,cocoglide:000000546829,1,0.9958582520484924,0.9977679252624512,0.04691568758137516,0.9815697695531519,0.07989239352271539,0.73,0.5,edited,level2_edited,False,True
168,cocoglide:000000069795:real,real,nebula/CocoGlide,000000069795,cocoglide:000000069795,1,0.9951203465461731,0.014427023939788342,0.0,0.01932134535337363,0.9358275698098317,0.73,0.5,real,level1_real,False,True
169,diffusiondb:4fc4db37-8353-4557-affa-9e351a1e691e.png,synthetic,poloclub/diffusiondb,4fc4db37-8353-4557-affa-9e351a1e691e.png,diffusiondb:4fc4db37-8353-4557-affa-9e351a1e691e.png,2,0.9951592087745667,0.6550738215446472,0.044733683268229164,0.7259949283369693,0.35407852014323055,0.73,0.5,,level1_inconclusive,True,False
170,cocoglide:000000369751:edited,edited,nebula/CocoGlide,000000369751,cocoglide:000000369751,1,0.9962312579154968,0.8389995694160461,0.06275090675181351,0.9424117416318563,0.18425884298218817,0.73,0.5,edited,level2_edited,False,True
171,cocoglide:000000129054:real,real,nebula/CocoGlide,000000129054,cocoglide:000000129054,5,0.9956343770027161,0.020183749496936798,0.0,0.019645197359474693,0.9708858983075273,0.73,0.5,real,level1_real,False,True
172,cocoglide:000000456394:real,real,nebula/CocoGlide,000000456394,cocoglide:000000456394,4,0.989107608795166,0.057837408035993576,0.0,0.024880942648404947,0.9388700814532855,0.73,0.5,real,level1_real,False,True
173,cocoglide:000000020247:edited,edited,nebula/CocoGlide,000000020247,cocoglide:000000020247,2,0.9941638112068176,0.9964737296104431,0.16681714613429227,0.9823733320533067,0.14176551072427548,0.73,0.5,edited,level2_edited,False,True
174,cocoglide:000000414261:real,real,nebula/CocoGlide,000000414261,cocoglide:000000414261,5,0.9914655089378357,0.0166926272213459,0.0,0.018948925733396408,0.9715743446657125,0.73,0.5,real,level1_real,False,True
175,diffusiondb:6445f01d-0d98-4945-9e71-9bd58210bb8e.png,synthetic,poloclub/diffusiondb,6445f01d-0d98-4945-9e71-9bd58210bb8e.png,diffusiondb:6445f01d-0d98-4945-9e71-9bd58210bb8e.png,3,0.9953165054321289,0.9967495799064636,0.9993400573730469,0.9996514616152816,0.9397534605884125,0.73,0.5,synthetic,level2_synthetic,False,True
176,diffusiondb:0187b70c-2549-4c1b-be1f-74ec432bd399.png,synthetic,poloclub/diffusiondb,0187b70c-2549-4c1b-be1f-74ec432bd399.png,diffusiondb:0187b70c-2549-4c1b-be1f-74ec432bd399.png,4,0.9923232793807983,0.9991693496704102,1.0,0.9995860287233315,0.9485027324967371,0.73,0.5,synthetic,level2_synthetic,False,True
177,cocoglide:000000255912:real,real,nebula/CocoGlide,000000255912,cocoglide:000000255912,5,0.9946603178977966,0.008716657757759094,0.0,0.018076836635699624,0.9728916005101548,0.73,0.5,real,level1_real,False,True
178,diffusiondb:b6454eee-4139-4cea-b8cf-5da45540ae35.png,synthetic,poloclub/diffusiondb,b6454eee-4139-4cea-b8cf-5da45540ae35.png,diffusiondb:b6454eee-4139-4cea-b8cf-5da45540ae35.png,5,0.991195797920227,0.6951350569725037,0.1546783447265625,0.8417828233605935,0.5132009458362203,0.73,0.5,synthetic,level2_synthetic,False,True
179,cocoglide:000000269942:real,real,nebula/CocoGlide,000000269942,cocoglide:000000269942,3,0.992354154586792,0.025265196338295937,0.0,0.02024623581612863,0.9449930367151745,0.73,0.5,real,level1_real,False,True
180,diffusiondb:81de97b7-94a3-4bfa-8619-d6f9b21c663d.png,synthetic,poloclub/diffusiondb,81de97b7-94a3-4bfa-8619-d6f9b21c663d.png,diffusiondb:81de97b7-94a3-4bfa-8619-d6f9b21c663d.png,1,0.9952495098114014,0.9984818696975708,0.9902801513671875,0.9995853591203656,0.9394084061637976,0.73,0.5,synthetic,level2_synthetic,False,True
181,cocoglide:000000083113:edited,edited,nebula/CocoGlide,000000083113,cocoglide:000000083113,1,0.9952352643013,0.9967455267906189,0.07111995473990948,0.9830964714275893,0.09069955632256363,0.73,0.5,edited,level2_edited,False,True
182,diffusiondb:a78a80fa-29f2-4c58-9e3b-fe5d80bc2950.png,synthetic,poloclub/diffusiondb,a78a80fa-29f2-4c58-9e3b-fe5d80bc2950.png,diffusiondb:a78a80fa-29f2-4c58-9e3b-fe5d80bc2950.png,3,0.9929021000862122,0.9737894535064697,0.44928741455078125,0.9941190371766954,0.48026195485632805,0.73,0.5,edited,level2_edited,False,False
183,cocoglide:000000416330:real,real,nebula/CocoGlide,000000416330,cocoglide:000000416330,2,0.9920525550842285,0.0633343979716301,0.0,0.028358111885495217,0.9210437855583835,0.73,0.5,real,level1_real,False,True
184,diffusiondb:2efb6d91-1458-43e8-90fd-f337cbd267c0.png,synthetic,poloclub/diffusiondb,2efb6d91-1458-43e8-90fd-f337cbd267c0.png,diffusiondb:2efb6d91-1458-43e8-90fd-f337cbd267c0.png,2,0.9935091137886047,0.9984633922576904,0.9877281188964844,0.9996201610596546,0.9526084829963574,0.73,0.5,synthetic,level2_synthetic,False,True
185,cocoglide:000000416269:edited,edited,nebula/CocoGlide,000000416269,cocoglide:000000416269,5,0.988219141960144,0.9829370975494385,0.37358949717899437,0.9918813154136867,0.3551679399870719,0.73,0.5,edited,level2_edited,False,True
186,cocoglide:000000184400:real,real,nebula/CocoGlide,000000184400,cocoglide:000000184400,5,0.9897484183311462,0.07054747641086578,0.0,0.02747940790782365,0.9604717347725976,0.73,0.5,real,level1_real,False,True
187,cocoglide:000000402433:real,real,nebula/CocoGlide,000000402433,cocoglide:000000402433,4,0.9941839575767517,0.13373053073883057,0.0,0.04434327185114208,0.9086680000709921,0.73,0.5,real,level1_real,False,True
188,diffusiondb:1e0a1bb6-be49-434d-b463-12a311e6750d.png,synthetic,poloclub/diffusiondb,1e0a1bb6-be49-434d-b463-12a311e6750d.png,diffusiondb:1e0a1bb6-be49-434d-b463-12a311e6750d.png,1,0.9947115182876587,0.49879103899002075,0.009674072265625,0.47727293731203874,0.5205245791005063,0.73,0.5,,level1_inconclusive,True,False
189,cocoglide:000000159282:edited,edited,nebula/CocoGlide,000000159282,cocoglide:000000159282,3,0.991787850856781,0.8106957674026489,0.05566448632897266,0.8858054638658464,0.21817913016459975,0.73,0.5,edited,level2_edited,False,True
190,cocoglide:000000474164:real,real,nebula/CocoGlide,000000474164,cocoglide:000000474164,2,0.9929793477058411,0.06413444876670837,0.0,0.02856930255778205,0.9207116995851866,0.73,0.5,real,level1_real,False,True
191,diffusiondb:0d919989-aa97-4666-ba79-f0ee54c71e33.png,synthetic,poloclub/diffusiondb,0d919989-aa97-4666-ba79-f0ee54c71e33.png,diffusiondb:0d919989-aa97-4666-ba79-f0ee54c71e33.png,1,0.9949275255203247,0.9994149804115295,0.9692535400390625,0.9995515409036734,0.9321574395223475,0.73,0.5,synthetic,level2_synthetic,False,True
192,cocoglide:000000311909:real,real,nebula/CocoGlide,000000311909,cocoglide:000000311909,5,0.9906670451164246,0.018007460981607437,0.0,0.019082168648376162,0.9713557632699683,0.73,0.5,real,level1_real,False,True
193,diffusiondb:975787f0-bfcf-461f-bb9f-8e76db50c6f9.png,synthetic,poloclub/diffusiondb,975787f0-bfcf-461f-bb9f-8e76db50c6f9.png,diffusiondb:975787f0-bfcf-461f-bb9f-8e76db50c6f9.png,3,0.9955586194992065,0.43946051597595215,0.00823974609375,0.3000422434699981,0.6357800508398407,0.73,0.5,,level1_inconclusive,True,False
194,diffusiondb:96d57eb1-8468-414e-bf71-c922049f3026.png,synthetic,poloclub/diffusiondb,96d57eb1-8468-414e-bf71-c922049f3026.png,diffusiondb:96d57eb1-8468-414e-bf71-c922049f3026.png,1,0.9958770275115967,0.7225283980369568,0.0696868896484375,0.8708923147274632,0.3074243908878324,0.73,0.5,edited,level2_edited,False,False
195,cocoglide:000000572517:real,real,nebula/CocoGlide,000000572517,cocoglide:000000572517,2,0.9957531690597534,0.012944985181093216,0.0,0.01999013483220154,0.9392910040096225,0.73,0.5,real,level1_real,False,True
196,diffusiondb:1447c995-8093-42a9-b20d-0507c287a55b.png,synthetic,poloclub/diffusiondb,1447c995-8093-42a9-b20d-0507c287a55b.png,diffusiondb:1447c995-8093-42a9-b20d-0507c287a55b.png,3,0.9938700199127197,0.8069261908531189,0.2985636393229167,0.9608731389595877,0.5124532162240089,0.73,0.5,synthetic,level2_synthetic,False,True
197,diffusiondb:17203239-da04-42b8-b9dc-5c3ccc0308c4.png,synthetic,poloclub/diffusiondb,17203239-da04-42b8-b9dc-5c3ccc0308c4.png,diffusiondb:17203239-da04-42b8-b9dc-5c3ccc0308c4.png,3,0.9954264760017395,0.9882832765579224,0.9061813354492188,0.9994189750145647,0.9083963520336247,0.73,0.5,synthetic,level2_synthetic,False,True
198,diffusiondb:4b5aa741-4d5d-4d01-8327-191f030e5cd6.png,synthetic,poloclub/diffusiondb,4b5aa741-4d5d-4d01-8327-191f030e5cd6.png,diffusiondb:4b5aa741-4d5d-4d01-8327-191f030e5cd6.png,4,0.9919571876525879,0.9986899495124817,0.8255805969238281,0.999144437406268,0.8736654192252649,0.73,0.5,synthetic,level2_synthetic,False,True
199,cocoglide:000000416256:real,real,nebula/CocoGlide,000000416256,cocoglide:000000416256,1,0.9946838021278381,0.1315270960330963,0.0,0.04697717522115539,0.8848259686029759,0.73,0.5,real,level1_real,False,True
200,diffusiondb:e1c3013f-82a7-4acc-89a7-f3651391f43d.png,synthetic,poloclub/diffusiondb,e1c3013f-82a7-4acc-89a7-f3651391f43d.png,diffusiondb:e1c3013f-82a7-4acc-89a7-f3651391f43d.png,1,0.9922898411750793,0.9516203999519348,0.9905929565429688,0.9993973189270292,0.9525330000501546,0.73,0.5,synthetic,level2_synthetic,False,True
201,cocoglide:000000132622:edited,edited,nebula/CocoGlide,000000132622,cocoglide:000000132622,4,0.9930415153503418,0.9257898926734924,0.19346363692727386,0.979797167706688,0.2311686863811627,0.73,0.5,edited,level2_edited,False,True
202,cocoglide:000000083113:real,real,nebula/CocoGlide,000000083113,cocoglide:000000083113,1,0.9951485991477966,0.009556333534419537,0.0,0.018612179660914108,0.9374100704493101,0.73,0.5,real,level1_real,False,True
203,diffusiondb:f75ea412-6afd-4bc6-a36b-007ff29ed210.png,synthetic,poloclub/diffusiondb,f75ea412-6afd-4bc6-a36b-007ff29ed210.png,diffusiondb:f75ea412-6afd-4bc6-a36b-007ff29ed210.png,4,0.9950760006904602,0.4134189486503601,0.000301361083984375,0.2900789691349823,0.6638057080549087,0.73,0.5,,level1_inconclusive,True,False
204,cocoglide:000000125952:real,real,nebula/CocoGlide,000000125952,cocoglide:000000125952,2,0.9951737523078918,0.3088427782058716,0.0,0.1484545087235862,0.746309128180731,0.73,0.5,real,level1_real,False,True
205,cocoglide:000000228436:real,real,nebula/CocoGlide,000000228436,cocoglide:000000228436,4,0.9931780099868774,0.028484342619776726,0.0,0.020041641222816813,0.948139944088223,0.73,0.5,real,level1_real,False,True
206,cocoglide:000000146363:edited,edited,nebula/CocoGlide,000000146363,cocoglide:000000146363,5,0.9949240684509277,0.9952292442321777,0.07359317843635688,0.9685624908230941,0.09173185837899547,0.73,0.5,edited,level2_edited,False,True
207,cocoglide:000000233033:real,real,nebula/CocoGlide,000000233033,cocoglide:000000233033,1,0.9934478402137756,0.1932959109544754,0.0,0.07385361251341581,0.8456402394788827,0.73,0.5,real,level1_real,False,True
208,diffusiondb:54d56bc8-b05a-4920-b4ca-b6450d01d89d.png,synthetic,poloclub/diffusiondb,54d56bc8-b05a-4920-b4ca-b6450d01d89d.png,diffusiondb:54d56bc8-b05a-4920-b4ca-b6450d01d89d.png,2,0.9933452606201172,0.9993855953216553,0.7903976440429688,0.9990501783121172,0.8628011035290275,0.73,0.5,synthetic,level2_synthetic,False,True
209,cocoglide:000000284296:real,real,nebula/CocoGlide,000000284296,cocoglide:000000284296,5,0.9961387515068054,0.38919898867607117,0.0033828817657635315,0.2223743024876926,0.764935781917814,0.73,0.5,real,level1_real,False,True
210,cocoglide:000000180296:edited,edited,nebula/CocoGlide,000000180296,cocoglide:000000180296,4,0.9916535019874573,0.9974961876869202,0.5324037835575671,0.9970978800577123,0.5719394232632071,0.73,0.5,synthetic,level2_synthetic,False,False
211,cocoglide:000000544052:edited,edited,nebula/CocoGlide,000000544052,cocoglide:000000544052,5,0.9936422109603882,0.9949868321418762,0.06487731725463451,0.9670516614147041,0.08808273230604201,0.73,0.5,edited,level2_edited,False,True
212,cocoglide:000000099428:real,real,nebula/CocoGlide,000000099428,cocoglide:000000099428,5,0.994659960269928,0.01755324751138687,0.0,0.019233827136961645,0.9713706559936405,0.73,0.5,real,level1_real,False,True
213,cocoglide:000000402473:real,real,nebula/CocoGlide,000000402473,cocoglide:000000402473,3,0.9927491545677185,0.02562451735138893,0.0,0.02031621244554992,0.9448850599314143,0.73,0.5,real,level1_real,False,True
214,cocoglide:000000143998:edited,edited,nebula/CocoGlide,000000143998,cocoglide:000000143998,1,0.9960034489631653,0.9753823280334473,0.06750844751689504,0.9798294278546853,0.09903281794647033,0.73,0.5,edited,level2_edited,False,True
215,cocoglide:000000416991:edited,edited,nebula/CocoGlide,000000416991,cocoglide:000000416991,5,0.010561048053205013,0.6070314645767212,0.03359147343294686,0.08800826259862048,0.6314696558897271,0.73,0.5,real,level1_real,False,False
216,cocoglide:000000095899:edited,edited,nebula/CocoGlide,000000095899,cocoglide:000000095899,1,0.9852190017700195,0.9741935133934021,0.17346859693719388,0.9862462050650794,0.16528742521286466,0.73,0.5,edited,level2_edited,False,True
217,cocoglide:000000156278:real,real,nebula/CocoGlide,000000156278,cocoglide:000000156278,3,0.9933417439460754,0.03439678996801376,0.0,0.02164292504339193,0.9422531402582315,0.73,0.5,real,level1_real,False,True
218,diffusiondb:a4fe8337-b473-4a49-bf44-ad7c1eafc8cc.png,synthetic,poloclub/diffusiondb,a4fe8337-b473-4a49-bf44-ad7c1eafc8cc.png,diffusiondb:a4fe8337-b473-4a49-bf44-ad7c1eafc8cc.png,1,0.9957127571105957,0.9548795223236084,0.3835590457128099,0.9932909303200061,0.4115814888649151,0.73,0.5,edited,level2_edited,False,False
219,cocoglide:000000127182:edited,edited,nebula/CocoGlide,000000127182,cocoglide:000000127182,2,0.9880081415176392,0.9975079298019409,0.10102823330646661,0.9760608620849927,0.10049547788673516,0.73,0.5,edited,level2_edited,False,True
220,cocoglide:000000285788:real,real,nebula/CocoGlide,000000285788,cocoglide:000000285788,2,0.9958425164222717,0.020702719688415527,0.0,0.021126674149092972,0.9367608310440755,0.73,0.5,real,level1_real,False,True
221,cocoglide:000000451150:real,real,nebula/CocoGlide,000000451150,cocoglide:000000451150,5,0.9961205124855042,0.0615040548145771,0.0,0.026260253352870567,0.9624614077738051,0.73,0.5,real,level1_real,False,True
222,cocoglide:000000228436:edited,edited,nebula/CocoGlide,000000228436,cocoglide:000000228436,4,0.9928701519966125,0.8162462115287781,0.032234251968503935,0.9139465545894543,0.18615252113251735,0.73,0.5,edited,level2_edited,False,True
223,cocoglide:000000269942:edited,edited,nebula/CocoGlide,000000269942,cocoglide:000000269942,3,0.992405354976654,0.49573203921318054,0.009667175584351168,0.3912345096650484,0.561827420204616,0.73,0.5,,level1_inconclusive,True,False
224,diffusiondb:0bdcbf71-0a32-496e-a988-188a576a500c.png,synthetic,poloclub/diffusiondb,0bdcbf71-0a32-496e-a988-188a576a500c.png,diffusiondb:0bdcbf71-0a32-496e-a988-188a576a500c.png,3,0.9953529834747314,0.985313355922699,0.6229400634765625,0.9976681793549075,0.6876054552607753,0.73,0.5,synthetic,level2_synthetic,False,True
225,diffusiondb:937a7942-a537-45a3-9a38-3354c7a76187.png,synthetic,poloclub/diffusiondb,937a7942-a537-45a3-9a38-3354c7a76187.png,diffusiondb:937a7942-a537-45a3-9a38-3354c7a76187.png,1,0.9960732460021973,0.817202091217041,0.4384852818080357,0.9843374172651531,0.6677902739937123,0.73,0.5,synthetic,level2_synthetic,False,True
226,cocoglide:000000210030:edited,edited,nebula/CocoGlide,000000210030,cocoglide:000000210030,2,0.9961438179016113,0.6406987905502319,0.014163153326306653,0.6745838976778359,0.3318554792870117,0.73,0.5,,level1_inconclusive,True,False
227,cocoglide:000000231822:edited,edited,nebula/CocoGlide,000000231822,cocoglide:000000231822,5,0.9954857230186462,0.7716110348701477,0.024671205592411184,0.830262027468252,0.2431980634318187,0.73,0.5,edited,level2_edited,False,True
228,cocoglide:000000189451:real,real,nebula/CocoGlide,000000189451,cocoglide:000000189451,1,0.9960315823554993,0.028073523193597794,0.0,0.021508289872826804,0.931197482035073,0.73,0.5,real,level1_real,False,True
229,cocoglide:000000213224:real,real,nebula/CocoGlide,000000213224,cocoglide:000000213224,3,0.9955798983573914,0.03237771615386009,0.0,0.021447565713407994,0.942851820541712,0.73,0.5,real,level1_real,False,True
230,cocoglide:000000084650:edited,edited,nebula/CocoGlide,000000084650,cocoglide:000000084650,4,0.9949341416358948,0.9961883425712585,0.4081429412858826,0.9951324890296971,0.40160107178000026,0.73,0.5,edited,level2_edited,False,True
231,cocoglide:000000001675:edited,edited,nebula/CocoGlide,000000001675,cocoglide:000000001675,4,0.9931010007858276,0.9201241731643677,0.06443169136338273,0.964546492752525,0.1306413336455474,0.73,0.5,edited,level2_edited,False,True
232,cocoglide:000000394328:edited,edited,nebula/CocoGlide,000000394328,cocoglide:000000394328,4,0.9946410655975342,0.9996242523193359,0.1253739382478765,0.9848706595890876,0.11805290972362825,0.73,0.5,edited,level2_edited,False,True
233,diffusiondb:e13b0391-1c65-40b2-9060-f257f9c55cc8.png,synthetic,poloclub/diffusiondb,e13b0391-1c65-40b2-9060-f257f9c55cc8.png,diffusiondb:e13b0391-1c65-40b2-9060-f257f9c55cc8.png,1,0.9961404204368591,0.9458895325660706,0.7427234649658203,0.9983047742965392,0.841220168494461,0.73,0.5,synthetic,level2_synthetic,False,True
234,cocoglide:000000382088:real,real,nebula/CocoGlide,000000382088,cocoglide:000000382088,5,0.9951346516609192,0.06675875186920166,0.0,0.02716489275641821,0.9612578002856221,0.73,0.5,real,level1_real,False,True
235,diffusiondb:2eca5f1c-03f8-4560-a61a-bf78927dae8f.png,synthetic,poloclub/diffusiondb,2eca5f1c-03f8-4560-a61a-bf78927dae8f.png,diffusiondb:2eca5f1c-03f8-4560-a61a-bf78927dae8f.png,1,0.9959988594055176,0.9831523895263672,0.6292610168457031,0.9979987578314659,0.6983183636281785,0.73,0.5,synthetic,level2_synthetic,False,True
236,diffusiondb:09c751ce-f24d-42d4-bb3f-168d85047671.png,synthetic,poloclub/diffusiondb,09c751ce-f24d-42d4-bb3f-168d85047671.png,diffusiondb:09c751ce-f24d-42d4-bb3f-168d85047671.png,4,0.9932584762573242,0.9948389530181885,0.9379920959472656,0.9994475058187815,0.9302355474120602,0.73,0.5,synthetic,level2_synthetic,False,True
237,diffusiondb:7f3d7e1e-9edf-4698-9079-f6e1e7e7f0e0.png,synthetic,poloclub/diffusiondb,7f3d7e1e-9edf-4698-9079-f6e1e7e7f0e0.png,diffusiondb:7f3d7e1e-9edf-4698-9079-f6e1e7e7f0e0.png,5,0.9942629933357239,0.9979039430618286,0.7883224487304688,0.9990724278568263,0.8229576101275105,0.73,0.5,synthetic,level2_synthetic,False,True
238,diffusiondb:79272d54-ff06-46f6-bb45-b6efe8436917.png,synthetic,poloclub/diffusiondb,79272d54-ff06-46f6-bb45-b6efe8436917.png,diffusiondb:79272d54-ff06-46f6-bb45-b6efe8436917.png,5,0.9948112964630127,0.34619468450546265,0.0,0.17078825087598987,0.8078017160416803,0.73,0.5,real,level1_real,False,False
239,diffusiondb:0f2a62f6-a579-45ea-8a74-15db101908e2.png,synthetic,poloclub/diffusiondb,0f2a62f6-a579-45ea-8a74-15db101908e2.png,diffusiondb:0f2a62f6-a579-45ea-8a74-15db101908e2.png,2,0.9939087629318237,0.934277355670929,0.365972900390625,0.989022117063018,0.42942417921187315,0.73,0.5,edited,level2_edited,False,False
240,diffusiondb:716af4bc-01a2-449a-9fbe-868f41670f3f.png,synthetic,poloclub/diffusiondb,716af4bc-01a2-449a-9fbe-868f41670f3f.png,diffusiondb:716af4bc-01a2-449a-9fbe-868f41670f3f.png,1,0.9940581321716309,0.9959676265716553,0.9729881286621094,0.9995450872344462,0.9346041050766021,0.73,0.5,synthetic,level2_synthetic,False,True
241,cocoglide:000000426166:real,real,nebula/CocoGlide,000000426166,cocoglide:000000426166,1,0.9933457374572754,0.1444057822227478,0.0,0.05153465361286512,0.8774363841546343,0.73,0.5,real,level1_real,False,True
242,cocoglide:000000433192:real,real,nebula/CocoGlide,000000433192,cocoglide:000000433192,5,0.9941312670707703,0.16514065861701965,0.0,0.053287936971745664,0.9300021556878785,0.73,0.5,real,level1_real,False,True
243,diffusiondb:e3f5958d-65cd-4774-952e-722f577f368e.png,synthetic,poloclub/diffusiondb,e3f5958d-65cd-4774-952e-722f577f368e.png,diffusiondb:e3f5958d-65cd-4774-952e-722f577f368e.png,5,0.9956322312355042,0.7044700384140015,0.05721706814236111,0.7805055805811293,0.36969322972049007,0.73,0.5,edited,level2_edited,False,False
244,diffusiondb:a4701a54-d9e4-4b21-b32b-1c8240c26efb.png,synthetic,poloclub/diffusiondb,a4701a54-d9e4-4b21-b32b-1c8240c26efb.png,diffusiondb:a4701a54-d9e4-4b21-b32b-1c8240c26efb.png,5,0.9663944244384766,0.9996521472930908,0.6213455200195312,0.9977379046443227,0.6555104964104236,0.73,0.5,synthetic,level2_synthetic,False,True
245,cocoglide:000000318114:edited,edited,nebula/CocoGlide,000000318114,cocoglide:000000318114,5,0.9955015778541565,0.9744220972061157,0.038779140058280114,0.9572340948046371,0.08721577353023331,0.73,0.5,edited,level2_edited,False,True
246,cocoglide:000000166563:edited,edited,nebula/CocoGlide,000000166563,cocoglide:000000166563,1,0.9860038161277771,0.9800976514816284,0.2860152907805816,0.9916356336071972,0.26257751638385485,0.73,0.5,edited,level2_edited,False,True
247,diffusiondb:e6a6017c-99a1-46ed-9486-5872023a793b.png,synthetic,poloclub/diffusiondb,e6a6017c-99a1-46ed-9486-5872023a793b.png,diffusiondb:e6a6017c-99a1-46ed-9486-5872023a793b.png,5,0.992656409740448,0.9989791512489319,0.9630088806152344,0.9996102479981752,0.9220531846230404,0.73,0.5,synthetic,level2_synthetic,False,True
248,diffusiondb:0b64a2d2-8163-405f-94ac-c6c410c2c991.png,synthetic,poloclub/diffusiondb,0b64a2d2-8163-405f-94ac-c6c410c2c991.png,diffusiondb:0b64a2d2-8163-405f-94ac-c6c410c2c991.png,3,0.9942330718040466,0.9812318086624146,0.6829249064127604,0.998197558089771,0.7566481993132615,0.73,0.5,synthetic,level2_synthetic,False,True
249,diffusiondb:5da22109-44ae-4f15-8901-e6ae4690c269.png,synthetic,poloclub/diffusiondb,5da22109-44ae-4f15-8901-e6ae4690c269.png,diffusiondb:5da22109-44ae-4f15-8901-e6ae4690c269.png,4,0.9916133880615234,0.9303838610649109,0.18404769897460938,0.9796845646425277,0.217066636772226,0.73,0.5,edited,level2_edited,False,False
250,cocoglide:000000408830:real,real,nebula/CocoGlide,000000408830,cocoglide:000000408830,1,0.9939606189727783,0.006216262932866812,0.0,0.01808290853000974,0.9384695497287227,0.73,0.5,real,level1_real,False,True
251,cocoglide:000000209972:edited,edited,nebula/CocoGlide,000000209972,cocoglide:000000209972,5,0.9801275730133057,0.657885730266571,0.03582832165664331,0.6868720910365377,0.4149678932682766,0.73,0.5,,level1_inconclusive,True,False
252,cocoglide:000000577584:real,real,nebula/CocoGlide,000000577584,cocoglide:000000577584,3,0.9594030976295471,0.014245321042835712,0.0,0.017352340918886537,0.9483479660045001,0.73,0.5,real,level1_real,False,True
253,cocoglide:000000544052:real,real,nebula/CocoGlide,000000544052,cocoglide:000000544052,5,0.993506908416748,0.13941678404808044,0.0,0.044655684268207284,0.9399447436889579,0.73,0.5,real,level1_real,False,True
254,cocoglide:000000348012:real,real,nebula/CocoGlide,000000348012,cocoglide:000000348012,3,0.9936404824256897,0.3422386944293976,0.006410231570463141,0.1734912307368891,0.7492359304044478,0.73,0.5,real,level1_real,False,True
255,diffusiondb:f55c85db-d090-40b9-b35c-e04f47f72184.png,synthetic,poloclub/diffusiondb,f55c85db-d090-40b9-b35c-e04f47f72184.png,diffusiondb:f55c85db-d090-40b9-b35c-e04f47f72184.png,3,0.9952899217605591,0.4641804099082947,0.00439453125,0.3344364090135341,0.5980587364374613,0.73,0.5,,level1_inconclusive,True,False
256,diffusiondb:b53af112-f78d-4c3a-a663-563cd69b1c2e.png,synthetic,poloclub/diffusiondb,b53af112-f78d-4c3a-a663-563cd69b1c2e.png,diffusiondb:b53af112-f78d-4c3a-a663-563cd69b1c2e.png,2,0.46590232849121094,0.9887253642082214,0.9976615905761719,0.9988961386072016,0.9590295357042116,0.73,0.5,synthetic,level2_synthetic,False,True
257,cocoglide:000000480842:real,real,nebula/CocoGlide,000000480842,cocoglide:000000480842,2,0.9943055510520935,0.098112553358078,0.0003574694649389299,0.0364165627831079,0.9058025351638876,0.73,0.5,real,level1_real,False,True
258,diffusiondb:c7e9e7c3-f27a-4c83-b44f-18b303c4f39b.png,synthetic,poloclub/diffusiondb,c7e9e7c3-f27a-4c83-b44f-18b303c4f39b.png,diffusiondb:c7e9e7c3-f27a-4c83-b44f-18b303c4f39b.png,1,0.9946363568305969,0.4454064667224884,0.00331878662109375,0.36924844566450604,0.5840335668505269,0.73,0.5,,level1_inconclusive,True,False
259,diffusiondb:533c258e-4de1-4ad7-8653-9114b1c31a01.png,synthetic,poloclub/diffusiondb,533c258e-4de1-4ad7-8653-9114b1c31a01.png,diffusiondb:533c258e-4de1-4ad7-8653-9114b1c31a01.png,1,0.999771773815155,0.9200680255889893,0.4482383728027344,0.9932847710232042,0.5471389152764886,0.73,0.5,synthetic,level2_synthetic,False,True
260,cocoglide:000000025139:real,real,nebula/CocoGlide,000000025139,cocoglide:000000025139,4,0.9931922554969788,0.008466001600027084,0.0,0.017205302533928258,0.9535539360809309,0.73,0.5,real,level1_real,False,True
261,cocoglide:000000147518:edited,edited,nebula/CocoGlide,000000147518,cocoglide:000000147518,5,0.993181049823761,0.9994915723800659,0.12731822338644677,0.9763216134563669,0.11612513318333868,0.73,0.5,edited,level2_edited,False,True
262,cocoglide:000000521405:edited,edited,nebula/CocoGlide,000000521405,cocoglide:000000521405,2,0.9959352016448975,0.9648076295852661,0.10193692262384525,0.9704220873985275,0.11883167021255082,0.73,0.5,edited,level2_edited,False,True
263,cocoglide:000000338986:real,real,nebula/CocoGlide,000000338986,cocoglide:000000338986,2,0.9925731420516968,0.06919235736131668,0.0,0.029582424710588702,0.9186175877692195,0.73,0.5,real,level1_real,False,True
264,cocoglide:000000290592:real,real,nebula/CocoGlide,000000290592,cocoglide:000000290592,5,0.9958798885345459,0.050640497356653214,0.0,0.024328193331913984,0.9648822747773267,0.73,0.5,real,level1_real,False,True
265,diffusiondb:b27f704d-4704-4fba-b94a-bd252a7c9e10.png,synthetic,poloclub/diffusiondb,b27f704d-4704-4fba-b94a-bd252a7c9e10.png,diffusiondb:b27f704d-4704-4fba-b94a-bd252a7c9e10.png,2,0.9936431646347046,0.9656531810760498,0.6180686950683594,0.9972889090557865,0.7345245471610936,0.73,0.5,synthetic,level2_synthetic,False,True
266,diffusiondb:ba2df51f-f5cd-4821-868a-63f6c70c59aa.png,synthetic,poloclub/diffusiondb,ba2df51f-f5cd-4821-868a-63f6c70c59aa.png,diffusiondb:ba2df51f-f5cd-4821-868a-63f6c70c59aa.png,3,0.9953271150588989,0.9927808046340942,0.4738040500217014,0.9954645427261412,0.48639385413689745,0.73,0.5,edited,level2_edited,False,False
267,cocoglide:000000248314:edited,edited,nebula/CocoGlide,000000248314,cocoglide:000000248314,1,0.9948477745056152,0.9227620959281921,0.02591702058404117,0.9644120711690629,0.10443647139780246,0.73,0.5,edited,level2_edited,False,True
268,diffusiondb:8f712ecf-c706-495d-acd4-fd6c4e13850f.png,synthetic,poloclub/diffusiondb,8f712ecf-c706-495d-acd4-fd6c4e13850f.png,diffusiondb:8f712ecf-c706-495d-acd4-fd6c4e13850f.png,1,0.9943382143974304,0.7664443850517273,0.271148681640625,0.9553164944919111,0.5138651119009662,0.73,0.5,synthetic,level2_synthetic,False,True
269,cocoglide:000000320632:edited,edited,nebula/CocoGlide,000000320632,cocoglide:000000320632,4,0.9920509457588196,0.9850119948387146,0.5051140414780829,0.9964246603185292,0.5520227158506512,0.73,0.5,synthetic,level2_synthetic,False,False
270,diffusiondb:7e113110-0809-48c5-9477-ee22bab0f7e3.png,synthetic,poloclub/diffusiondb,7e113110-0809-48c5-9477-ee22bab0f7e3.png,diffusiondb:7e113110-0809-48c5-9477-ee22bab0f7e3.png,5,0.994074285030365,0.9698130488395691,0.9262771606445312,0.9994265098687298,0.921103570144402,0.73,0.5,synthetic,level2_synthetic,False,True
271,diffusiondb:7974025b-1c7f-49d6-befe-833ac25aa415.png,synthetic,poloclub/diffusiondb,7974025b-1c7f-49d6-befe-833ac25aa415.png,diffusiondb:7974025b-1c7f-49d6-befe-833ac25aa415.png,5,0.6592389941215515,0.9981565475463867,0.5860862731933594,0.9935242209865007,0.6556530118016666,0.73,0.5,synthetic,level2_synthetic,False,True
272,diffusiondb:44fa7bfe-88c1-46e2-8b97-3ae30b93dcb8.png,synthetic,poloclub/diffusiondb,44fa7bfe-88c1-46e2-8b97-3ae30b93dcb8.png,diffusiondb:44fa7bfe-88c1-46e2-8b97-3ae30b93dcb8.png,2,0.9918953776359558,0.9278326034545898,0.08025741577148438,0.957426230948139,0.12753894649067968,0.73,0.5,edited,level2_edited,False,False
273,cocoglide:000000293474:real,real,nebula/CocoGlide,000000293474,cocoglide:000000293474,1,0.9946797490119934,0.02613782323896885,0.0,0.02111582189610968,0.93186748091583,0.73,0.5,real,level1_real,False,True
274,cocoglide:000000050896:real,real,nebula/CocoGlide,000000050896,cocoglide:000000050896,2,0.9961981177330017,0.006085300352424383,0.0,0.01905457056363629,0.9414469359428874,0.73,0.5,real,level1_real,False,True
275,diffusiondb:bdf4c0b0-6392-4c01-88c8-d7d209bd42a7.png,synthetic,poloclub/diffusiondb,bdf4c0b0-6392-4c01-88c8-d7d209bd42a7.png,diffusiondb:bdf4c0b0-6392-4c01-88c8-d7d209bd42a7.png,1,0.9933740496635437,0.9676101207733154,0.17807769775390625,0.9860952652193619,0.1740082223586035,0.73,0.5,edited,level2_edited,False,False
276,diffusiondb:73ff4e0e-b175-42d5-b08a-5884672011d1.png,synthetic,poloclub/diffusiondb,73ff4e0e-b175-42d5-b08a-5884672011d1.png,diffusiondb:73ff4e0e-b175-42d5-b08a-5884672011d1.png,1,0.9782458543777466,0.9847957491874695,0.7832069396972656,0.9988859115398119,0.8423607401944393,0.73,0.5,synthetic,level2_synthetic,False,True
277,cocoglide:000000114871:real,real,nebula/CocoGlide,000000114871,cocoglide:000000114871,1,0.994143545627594,0.09372280538082123,0.0,0.0353021606418988,0.90428866298683,0.73,0.5,real,level1_real,False,True
278,diffusiondb:41b887bd-d3b6-4ba9-9cb4-da576623df02.png,synthetic,poloclub/diffusiondb,41b887bd-d3b6-4ba9-9cb4-da576623df02.png,diffusiondb:41b887bd-d3b6-4ba9-9cb4-da576623df02.png,2,0.9936869740486145,0.2191600799560547,0.0,0.08314605359266222,0.8295264326829522,0.73,0.5,real,level1_real,False,False
279,diffusiondb:b2860b1b-8051-4809-ae3a-6a703ce47c6a.png,synthetic,poloclub/diffusiondb,b2860b1b-8051-4809-ae3a-6a703ce47c6a.png,diffusiondb:b2860b1b-8051-4809-ae3a-6a703ce47c6a.png,5,0.9909917116165161,0.9965524673461914,0.9847183227539062,0.9996421224094555,0.9311051321386364,0.73,0.5,synthetic,level2_synthetic,False,True
280,diffusiondb:0698d2e2-c8d4-4404-8da7-34b511a1e24d.png,synthetic,poloclub/diffusiondb,0698d2e2-c8d4-4404-8da7-34b511a1e24d.png,diffusiondb:0698d2e2-c8d4-4404-8da7-34b511a1e24d.png,1,0.9952027797698975,0.9919003248214722,0.924957275390625,0.9994316622850424,0.9181754861720639,0.73,0.5,synthetic,level2_synthetic,False,True
281,diffusiondb:1a2569d4-8ced-422b-8252-50aeceed464f.png,synthetic,poloclub/diffusiondb,1a2569d4-8ced-422b-8252-50aeceed464f.png,diffusiondb:1a2569d4-8ced-422b-8252-50aeceed464f.png,2,0.9951466917991638,0.8599160313606262,0.519342041015625,0.990820274813644,0.7373062594488741,0.73,0.5,synthetic,level2_synthetic,False,True
282,cocoglide:000000344614:real,real,nebula/CocoGlide,000000344614,cocoglide:000000344614,5,0.9947972893714905,0.030933594331145287,0.0,0.021133251796126656,0.9689064536019283,0.73,0.5,real,level1_real,False,True
283,diffusiondb:aa713fb5-92dc-4f14-9186-733757977f1c.png,synthetic,poloclub/diffusiondb,aa713fb5-92dc-4f14-9186-733757977f1c.png,diffusiondb:aa713fb5-92dc-4f14-9186-733757977f1c.png,5,0.9943548440933228,0.9995564818382263,1.0,0.999678313562742,0.9349263518867367,0.73,0.5,synthetic,level2_synthetic,False,True
284,cocoglide:000000267940:edited,edited,nebula/CocoGlide,000000267940,cocoglide:000000267940,3,0.9895468354225159,0.9880167841911316,0.0705503286006572,0.9674890022470762,0.10031666082997351,0.73,0.5,edited,level2_edited,False,True
285,cocoglide:000000252332:real,real,nebula/CocoGlide,000000252332,cocoglide:000000252332,1,0.9929559230804443,0.7049065828323364,0.015959219418438836,0.8243236301756532,0.2666943562605574,0.73,0.5,edited,level2_edited,False,False
286,diffusiondb:a8bc3cb9-eeb9-43ff-be92-15fc42697fb6.png,synthetic,poloclub/diffusiondb,a8bc3cb9-eeb9-43ff-be92-15fc42697fb6.png,diffusiondb:a8bc3cb9-eeb9-43ff-be92-15fc42697fb6.png,5,0.9405849575996399,0.9969225525856018,0.9875411987304688,0.9995939666792545,0.9337829979812639,0.73,0.5,synthetic,level2_synthetic,False,True
287,cocoglide:000000066135:edited,edited,nebula/CocoGlide,000000066135,cocoglide:000000066135,4,0.9951565861701965,0.9936731457710266,0.47940820881641766,0.996301610757266,0.5043065692067558,0.73,0.5,synthetic,level2_synthetic,False,False
288,diffusiondb:98de2204-07d3-4739-b059-44c0a3f79b17.png,synthetic,poloclub/diffusiondb,98de2204-07d3-4739-b059-44c0a3f79b17.png,diffusiondb:98de2204-07d3-4739-b059-44c0a3f79b17.png,5,0.9939690828323364,0.8318836092948914,0.411773681640625,0.9807351903460952,0.6377394313629036,0.73,0.5,synthetic,level2_synthetic,False,True
289,diffusiondb:c5b3dbed-38a5-475f-b736-6beee44b8f7b.png,synthetic,poloclub/diffusiondb,c5b3dbed-38a5-475f-b736-6beee44b8f7b.png,diffusiondb:c5b3dbed-38a5-475f-b736-6beee44b8f7b.png,2,0.9960607886314392,0.973958432674408,0.7877960205078125,0.9988501931190777,0.8771754007444542,0.73,0.5,synthetic,level2_synthetic,False,True
290,diffusiondb:aadf3d4c-7041-4fb2-8e87-208961c9b6a2.png,synthetic,poloclub/diffusiondb,aadf3d4c-7041-4fb2-8e87-208961c9b6a2.png,diffusiondb:aadf3d4c-7041-4fb2-8e87-208961c9b6a2.png,3,0.9953258037567139,0.9916892647743225,0.6596298217773438,0.9981339993795065,0.7211611104691307,0.73,0.5,synthetic,level2_synthetic,False,True
291,cocoglide:000000580757:edited,edited,nebula/CocoGlide,000000580757,cocoglide:000000580757,4,0.9960224628448486,0.9914600253105164,0.1912732887965776,0.9877217022582704,0.1692081828086644,0.73,0.5,edited,level2_edited,False,True
292,cocoglide:000000559707:edited,edited,nebula/CocoGlide,000000559707,cocoglide:000000559707,3,0.9957581162452698,0.9603610038757324,0.028384431768863537,0.9527802093978711,0.0940186843497286,0.73,0.5,edited,level2_edited,False,True
293,cocoglide:000000233033:edited,edited,nebula/CocoGlide,000000233033,cocoglide:000000233033,1,0.994249701499939,0.9583339095115662,0.07600246450492901,0.9776656539938186,0.11223544057768303,0.73,0.5,edited,level2_edited,False,True
294,cocoglide:000000377882:real,real,nebula/CocoGlide,000000377882,cocoglide:000000377882,3,0.9901465773582458,0.09410595148801804,0.0,0.03265823653301054,0.9210489963957583,0.73,0.5,real,level1_real,False,True
295,diffusiondb:90788952-bd3d-4f23-9cfb-9397864130fc.png,synthetic,poloclub/diffusiondb,90788952-bd3d-4f23-9cfb-9397864130fc.png,diffusiondb:90788952-bd3d-4f23-9cfb-9397864130fc.png,3,0.9955072402954102,0.9110410809516907,0.2447357177734375,0.9757517680570803,0.30460983516898277,0.73,0.5,edited,level2_edited,False,False
296,cocoglide:000000066841:real,real,nebula/CocoGlide,000000066841,cocoglide:000000066841,2,0.9960445165634155,0.03289546072483063,0.0,0.023044594036779234,0.9325845124826759,0.73,0.5,real,level1_real,False,True
297,cocoglide:000000424721:real,real,nebula/CocoGlide,000000424721,cocoglide:000000424721,3,0.9956412315368652,0.006094495765864849,0.0,0.017815265535737985,0.9503171252521078,0.73,0.5,real,level1_real,False,True
298,cocoglide:000000198960:real,real,nebula/CocoGlide,000000198960,cocoglide:000000198960,5,0.0027893970254808664,0.030232572928071022,0.0,0.0012884446744916584,0.9824966314843168,0.73,0.5,real,level1_real,False,True
299,diffusiondb:6a0161b3-8a03-4d92-89fe-839a6bf166a6.png,synthetic,poloclub/diffusiondb,6a0161b3-8a03-4d92-89fe-839a6bf166a6.png,diffusiondb:6a0161b3-8a03-4d92-89fe-839a6bf166a6.png,5,0.9957612156867981,0.9894228577613831,0.8953838348388672,0.9994220195215296,0.8971175808958285,0.73,0.5,synthetic,level2_synthetic,False,True
300,cocoglide:000000338191:edited,edited,nebula/CocoGlide,000000338191,cocoglide:000000338191,1,0.9929855465888977,0.9947996735572815,0.2126759253518507,0.9901790057761773,0.18004955809253187,0.73,0.5,edited,level2_edited,False,True
301,cocoglide:000000293071:real,real,nebula/CocoGlide,000000293071,cocoglide:000000293071,1,0.9941389560699463,0.06790458410978317,0.0,0.02901959664543322,0.9158393309541998,0.73,0.5,real,level1_real,False,True
302,cocoglide:000000313130:real,real,nebula/CocoGlide,000000313130,cocoglide:000000313130,3,0.9925997257232666,0.09696999192237854,0.0,0.03350358508322466,0.9198446701135178,0.73,0.5,real,level1_real,False,True
303,cocoglide:000000015517:edited,edited,nebula/CocoGlide,000000015517,cocoglide:000000015517,5,0.9919371604919434,0.9315071702003479,0.04972313069626139,0.9450770389564633,0.11769724252355808,0.73,0.5,edited,level2_edited,False,True
304,cocoglide:000000416269:real,real,nebula/CocoGlide,000000416269,cocoglide:000000416269,5,0.9893474578857422,0.13448688387870789,0.0,0.04269041066377774,0.9418233017944792,0.73,0.5,real,level1_real,False,True
305,cocoglide:000000173091:real,real,nebula/CocoGlide,000000173091,cocoglide:000000173091,1,0.9961452484130859,0.7747301459312439,0.08374860499721,0.9149554349098817,0.2649254971538368,0.73,0.5,edited,level2_edited,False,False
306,cocoglide:000000043581:edited,edited,nebula/CocoGlide,000000043581,cocoglide:000000043581,3,0.9752060174942017,0.9700660705566406,0.30301591853183707,0.9873097286550164,0.3011927477469332,0.73,0.5,edited,level2_edited,False,True
307,diffusiondb:54e908b8-3e70-4e3c-9456-b0f13fac1ccf.png,synthetic,poloclub/diffusiondb,54e908b8-3e70-4e3c-9456-b0f13fac1ccf.png,diffusiondb:54e908b8-3e70-4e3c-9456-b0f13fac1ccf.png,4,0.0071113682352006435,0.8951091170310974,0.30025866800103307,0.9200005109502501,0.1885638875543796,0.73,0.5,edited,level2_edited,False,False
308,cocoglide:000000377575:edited,edited,nebula/CocoGlide,000000377575,cocoglide:000000377575,4,0.9958677291870117,0.8970084190368652,0.06196234267468535,0.9576394356228614,0.14524175784675097,0.73,0.5,edited,level2_edited,False,True
309,cocoglide:000000008277:real,real,nebula/CocoGlide,000000008277,cocoglide:000000008277,4,0.9959778189659119,0.052202630788087845,0.0,0.02410862597539398,0.9411179773063667,0.73,0.5,real,level1_real,False,True
310,diffusiondb:8a4d1cf5-23f5-448f-b110-7df92b4397b0.png,synthetic,poloclub/diffusiondb,8a4d1cf5-23f5-448f-b110-7df92b4397b0.png,diffusiondb:8a4d1cf5-23f5-448f-b110-7df92b4397b0.png,4,0.9945210218429565,0.9847394227981567,0.5157012939453125,0.9965842673481154,0.5677381204366232,0.73,0.5,synthetic,level2_synthetic,False,True
311,cocoglide:000000201934:real,real,nebula/CocoGlide,000000201934,cocoglide:000000201934,2,0.9869891405105591,0.049769170582294464,0.0,0.025518515229916567,0.9264296919759943,0.73,0.5,real,level1_real,False,True
312,cocoglide:000000499768:edited,edited,nebula/CocoGlide,000000499768,cocoglide:000000499768,5,0.9959151148796082,0.9717727899551392,0.059761338272676545,0.9606214364999149,0.09809064235158815,0.73,0.5,edited,level2_edited,False,True
313,diffusiondb:56550262-8782-4c09-9b10-2da45d1504aa.png,synthetic,poloclub/diffusiondb,56550262-8782-4c09-9b10-2da45d1504aa.png,diffusiondb:56550262-8782-4c09-9b10-2da45d1504aa.png,4,0.9946767091751099,0.9918913841247559,0.8548355102539062,0.9992044848728983,0.8947967465746288,0.73,0.5,synthetic,level2_synthetic,False,True
314,cocoglide:000000493284:real,real,nebula/CocoGlide,000000493284,cocoglide:000000493284,4,0.9950655102729797,0.1958649605512619,0.0,0.07002600393761,0.8741932488714477,0.73,0.5,real,level1_real,False,True
315,cocoglide:000000025139:edited,edited,nebula/CocoGlide,000000025139,cocoglide:000000025139,4,0.9945810437202454,0.9728151559829712,0.4691965946431893,0.9954627559176261,0.5199715948063107,0.73,0.5,synthetic,level2_synthetic,False,False
316,cocoglide:000000201934:edited,edited,nebula/CocoGlide,000000201934,cocoglide:000000201934,2,0.9885220527648926,0.9736266732215881,0.2760206770413541,0.9873166177740578,0.2627158822565911,0.73,0.5,edited,level2_edited,False,True
317,diffusiondb:450bc48b-df72-47f9-94cd-a8eecab001bc.png,synthetic,poloclub/diffusiondb,450bc48b-df72-47f9-94cd-a8eecab001bc.png,diffusiondb:450bc48b-df72-47f9-94cd-a8eecab001bc.png,4,0.9129720330238342,0.9982012510299683,0.7981643676757812,0.9989028916432658,0.8454297768523148,0.73,0.5,synthetic,level2_synthetic,False,True
318,diffusiondb:cc07af25-370c-4f0c-b1ef-3eee19cdd405.png,synthetic,poloclub/diffusiondb,cc07af25-370c-4f0c-b1ef-3eee19cdd405.png,diffusiondb:cc07af25-370c-4f0c-b1ef-3eee19cdd405.png,3,0.986108124256134,0.99893718957901,1.0,0.9996504918782534,0.9393266927549533,0.73,0.5,synthetic,level2_synthetic,False,True
319,diffusiondb:f074ba22-f341-4605-aa83-ead2eacade78.png,synthetic,poloclub/diffusiondb,f074ba22-f341-4605-aa83-ead2eacade78.png,diffusiondb:f074ba22-f341-4605-aa83-ead2eacade78.png,1,0.9879810214042664,0.9992190003395081,0.8971824645996094,0.9993879268431264,0.9024290061853161,0.73,0.5,synthetic,level2_synthetic,False,True
320,cocoglide:000000248314:real,real,nebula/CocoGlide,000000248314,cocoglide:000000248314,1,0.99488765001297,0.5570489764213562,0.014689185628371257,0.5954581240646508,0.44791429557787404,0.73,0.5,,level1_inconclusive,True,False
321,cocoglide:000000499768:real,real,nebula/CocoGlide,000000499768,cocoglide:000000499768,5,0.9958640336990356,0.051379211246967316,0.0,0.024452882081555976,0.9647231823675539,0.73,0.5,real,level1_real,False,True
322,diffusiondb:a0662d07-2ac5-4f74-a2a7-9d657fb52f80.png,synthetic,poloclub/diffusiondb,a0662d07-2ac5-4f74-a2a7-9d657fb52f80.png,diffusiondb:a0662d07-2ac5-4f74-a2a7-9d657fb52f80.png,5,0.995911717414856,0.7775728106498718,0.17423248291015625,0.9146257541641349,0.4088777839328291,0.73,0.5,edited,level2_edited,False,False
323,cocoglide:000000438226:edited,edited,nebula/CocoGlide,000000438226,cocoglide:000000438226,2,0.9957745671272278,0.9991652369499207,0.2543293524087048,0.9884882491339297,0.2136799624292001,0.73,0.5,edited,level2_edited,False,True
324,cocoglide:000000244411:real,real,nebula/CocoGlide,000000244411,cocoglide:000000244411,1,0.9947829842567444,0.05313330888748169,0.0,0.02597178238237467,0.9218676883032986,0.73,0.5,real,level1_real,False,True
325,diffusiondb:21ad8e74-d0ba-4191-b37c-a1d515c6715a.png,synthetic,poloclub/diffusiondb,21ad8e74-d0ba-4191-b37c-a1d515c6715a.png,diffusiondb:21ad8e74-d0ba-4191-b37c-a1d515c6715a.png,2,0.9941973686218262,0.9435505270957947,0.89007568359375,0.9991081919434897,0.9391347767114601,0.73,0.5,synthetic,level2_synthetic,False,True
326,diffusiondb:6f2309cb-de70-4cbe-9eef-04c58accd5ff.png,synthetic,poloclub/diffusiondb,6f2309cb-de70-4cbe-9eef-04c58accd5ff.png,diffusiondb:6f2309cb-de70-4cbe-9eef-04c58accd5ff.png,4,0.9932271838188171,0.9851463437080383,1.0,0.9995391012988374,0.9523713417672361,0.73,0.5,synthetic,level2_synthetic,False,True
327,cocoglide:000000393282:edited,edited,nebula/CocoGlide,000000393282,cocoglide:000000393282,4,0.9939417839050293,0.9253671765327454,0.03178281356562713,0.9612239506434667,0.10826427449984574,0.73,0.5,edited,level2_edited,False,True
328,cocoglide:000000085911:edited,edited,nebula/CocoGlide,000000085911,cocoglide:000000085911,5,0.9955860376358032,0.9759253859519958,0.10348014446028891,0.9689159571915079,0.11820118920040777,0.73,0.5,edited,level2_edited,False,True
329,cocoglide:000000451090:edited,edited,nebula/CocoGlide,000000451090,cocoglide:000000451090,1,0.9943650960922241,0.6197525858879089,0.04971538068076136,0.7346342544544545,0.41104376672768583,0.73,0.5,edited,level2_edited,False,True
330,diffusiondb:8898c026-8009-4cd8-be16-07f4c34d6c9b.png,synthetic,poloclub/diffusiondb,8898c026-8009-4cd8-be16-07f4c34d6c9b.png,diffusiondb:8898c026-8009-4cd8-be16-07f4c34d6c9b.png,5,0.995166540145874,0.9989713430404663,0.49246978759765625,0.9960423568999599,0.4843265887183889,0.73,0.5,edited,level2_edited,False,False
331,cocoglide:000000366141:edited,edited,nebula/CocoGlide,000000366141,cocoglide:000000366141,2,0.9957805871963501,0.9968124032020569,0.034679381858763715,0.9679485575246272,0.07060850899545723,0.73,0.5,edited,level2_edited,False,True
332,cocoglide:000000531495:real,real,nebula/CocoGlide,000000531495,cocoglide:000000531495,1,0.9999873638153076,0.1396796703338623,0.0,0.050604944385322,0.8802370952773838,0.73,0.5,real,level1_real,False,True
333,cocoglide:000000231088:edited,edited,nebula/CocoGlide,000000231088,cocoglide:000000231088,1,0.9903945326805115,0.99631667137146,0.6281658813317627,0.9981591891216692,0.6815410265225877,0.73,0.5,synthetic,level2_synthetic,False,False
334,diffusiondb:4573f6fe-2c15-4c19-9b69-563d0f55c056.png,synthetic,poloclub/diffusiondb,4573f6fe-2c15-4c19-9b69-563d0f55c056.png,diffusiondb:4573f6fe-2c15-4c19-9b69-563d0f55c056.png,4,0.9946845173835754,0.8451998829841614,0.8007354736328125,0.9968968463166049,0.9361768872965006,0.73,0.5,synthetic,level2_synthetic,False,True
335,diffusiondb:3530ce75-dd35-46b1-867f-428ebc4ca2a7.png,synthetic,poloclub/diffusiondb,3530ce75-dd35-46b1-867f-428ebc4ca2a7.png,diffusiondb:3530ce75-dd35-46b1-867f-428ebc4ca2a7.png,3,0.9908830523490906,0.9990665316581726,0.7832984924316406,0.9990159435409768,0.828331769433098,0.73,0.5,synthetic,level2_synthetic,False,True
336,cocoglide:000000044652:edited,edited,nebula/CocoGlide,000000044652,cocoglide:000000044652,3,0.9900919795036316,0.9914541244506836,0.04863522227044454,0.9648788453870504,0.08859719037313658,0.73,0.5,edited,level2_edited,False,True
337,cocoglide:000000451090:real,real,nebula/CocoGlide,000000451090,cocoglide:000000451090,1,0.9945842623710632,0.018768273293972015,0.0,0.019948805879947958,0.9343836888321531,0.73,0.5,real,level1_real,False,True
338,cocoglide:000000261161:edited,edited,nebula/CocoGlide,000000261161,cocoglide:000000261161,4,0.9935344457626343,0.9989035129547119,0.2799702786905574,0.9919054535892171,0.2427596504385426,0.73,0.5,edited,level2_edited,False,True
339,cocoglide:000000120853:real,real,nebula/CocoGlide,000000120853,cocoglide:000000120853,4,0.9956645369529724,0.05826599523425102,0.0,0.02522916815433275,0.9391227916457848,0.73,0.5,real,level1_real,False,True
340,diffusiondb:f07364da-dc95-4bac-94cf-d0bf0cc53404.png,synthetic,poloclub/diffusiondb,f07364da-dc95-4bac-94cf-d0bf0cc53404.png,diffusiondb:f07364da-dc95-4bac-94cf-d0bf0cc53404.png,1,0.9948633313179016,0.9950989484786987,0.6704483032226562,0.9984514520563896,0.7311353371745489,0.73,0.5,synthetic,level2_synthetic,False,True
341,cocoglide:000000534664:real,real,nebula/CocoGlide,000000534664,cocoglide:000000534664,1,0.9954049587249756,0.040260251611471176,0.0,0.023575281040129136,0.9267966158193552,0.73,0.5,real,level1_real,False,True
342,cocoglide:000000377814:real,real,nebula/CocoGlide,000000377814,cocoglide:000000377814,5,0.9945125579833984,0.05157788097858429,0.0,0.024395451083977938,0.9647072945356271,0.73,0.5,real,level1_real,False,True
343,cocoglide:000000060449:real,real,nebula/CocoGlide,000000060449,cocoglide:000000060449,2,0.9929123520851135,0.06151702627539635,7.846890693781388e-05,0.02805338942242139,0.9218106033228387,0.73,0.5,real,level1_real,False,True
344,diffusiondb:83b64fe3-955e-4f9b-9fd4-620061ac62a0.png,synthetic,poloclub/diffusiondb,83b64fe3-955e-4f9b-9fd4-620061ac62a0.png,diffusiondb:83b64fe3-955e-4f9b-9fd4-620061ac62a0.png,5,0.9955202341079712,0.6788173317909241,0.07163862748579546,0.7606304044351931,0.42730521354153234,0.73,0.5,edited,level2_edited,False,False
345,cocoglide:000000540928:real,real,nebula/CocoGlide,000000540928,cocoglide:000000540928,1,0.994142472743988,0.016681529581546783,0.0,0.01960852439272629,0.9350786670530288,0.73,0.5,real,level1_real,False,True
346,diffusiondb:912c090c-bf7c-47c5-97e4-1bce6252a14d.png,synthetic,poloclub/diffusiondb,912c090c-bf7c-47c5-97e4-1bce6252a14d.png,diffusiondb:912c090c-bf7c-47c5-97e4-1bce6252a14d.png,4,0.9923619031906128,0.999288022518158,1.0,0.9995864366318751,0.9484711358462853,0.73,0.5,synthetic,level2_synthetic,False,True
347,diffusiondb:d68607e6-554f-4746-a284-9aae71b89d42.png,synthetic,poloclub/diffusiondb,d68607e6-554f-4746-a284-9aae71b89d42.png,diffusiondb:d68607e6-554f-4746-a284-9aae71b89d42.png,4,0.9934259653091431,0.9967601895332336,0.9500096638997396,0.9994822342784427,0.9338271796921128,0.73,0.5,synthetic,level2_synthetic,False,True
348,diffusiondb:ae011ee5-e52e-424d-a9ec-05cd014ab068.png,synthetic,poloclub/diffusiondb,ae011ee5-e52e-424d-a9ec-05cd014ab068.png,diffusiondb:ae011ee5-e52e-424d-a9ec-05cd014ab068.png,3,0.9999922513961792,0.9989604353904724,0.97064208984375,0.999610242361139,0.9295561765808726,0.73,0.5,synthetic,level2_synthetic,False,True
349,cocoglide:000000259625:edited,edited,nebula/CocoGlide,000000259625,cocoglide:000000259625,1,0.9956241250038147,0.9962711334228516,0.07479346208692417,0.98329731761843,0.09259989114651687,0.73,0.5,edited,level2_edited,False,True
350,cocoglide:000000099428:edited,edited,nebula/CocoGlide,000000099428,cocoglide:000000099428,5,0.9939409494400024,0.999017596244812,0.29552649730299463,0.9895473845707561,0.24564182603211637,0.73,0.5,edited,level2_edited,False,True
351,cocoglide:000000470121:real,real,nebula/CocoGlide,000000470121,cocoglide:000000470121,3,0.9953804016113281,0.03766347095370293,0.0,0.02225149513631173,0.9412295814982949,0.73,0.5,real,level1_real,False,True
352,cocoglide:000000196754:edited,edited,nebula/CocoGlide,000000196754,cocoglide:000000196754,3,0.9939716458320618,0.772061824798584,0.025798832847665695,0.8362937421076471,0.22798684236363093,0.73,0.5,edited,level2_edited,False,True
353,cocoglide:000000530457:edited,edited,nebula/CocoGlide,000000530457,cocoglide:000000530457,3,0.9953468441963196,0.9982025027275085,0.15925700601401202,0.9803380785202317,0.14490337752616564,0.73,0.5,edited,level2_edited,False,True
354,diffusiondb:dc7a750f-7bea-4e4c-aef4-933040e5ce96.png,synthetic,poloclub/diffusiondb,dc7a750f-7bea-4e4c-aef4-933040e5ce96.png,diffusiondb:dc7a750f-7bea-4e4c-aef4-933040e5ce96.png,5,0.9952197670936584,0.8078879714012146,0.337921142578125,0.9675927027471046,0.5793071510635553,0.73,0.5,synthetic,level2_synthetic,False,True
355,cocoglide:000000384651:real,real,nebula/CocoGlide,000000384651,cocoglide:000000384651,4,0.9898321628570557,0.06523618847131729,0.00010656271312542625,0.02635643222810218,0.9364451396766407,0.73,0.5,real,level1_real,False,True
356,cocoglide:000000344795:real,real,nebula/CocoGlide,000000344795,cocoglide:000000344795,1,0.9177791476249695,0.04441586136817932,0.0,0.019839785740261854,0.9248842190476945,0.73,0.5,real,level1_real,False,True
357,cocoglide:000000000285:real,real,nebula/CocoGlide,000000000285,cocoglide:000000000285,1,0.9956592917442322,0.04536361247301102,0.0,0.024530616973736118,0.9248801155335361,0.73,0.5,real,level1_real,False,True
358,diffusiondb:64e75a46-5c5c-4329-b587-7bf66f75b38f.png,synthetic,poloclub/diffusiondb,64e75a46-5c5c-4329-b587-7bf66f75b38f.png,diffusiondb:64e75a46-5c5c-4329-b587-7bf66f75b38f.png,3,0.9927523136138916,0.9548808932304382,0.7555958140980114,0.9984606672699354,0.8420216108505904,0.73,0.5,synthetic,level2_synthetic,False,True
359,diffusiondb:4a39826a-eefd-4687-884c-db28b6c8e04a.png,synthetic,poloclub/diffusiondb,4a39826a-eefd-4687-884c-db28b6c8e04a.png,diffusiondb:4a39826a-eefd-4687-884c-db28b6c8e04a.png,3,0.9991922974586487,0.7578723430633545,0.0695343017578125,0.8522659731507032,0.2879061924553221,0.73,0.5,edited,level2_edited,False,False
360,diffusiondb:229aa6e6-0400-47ce-be98-b2948c2fb68a.png,synthetic,poloclub/diffusiondb,229aa6e6-0400-47ce-be98-b2948c2fb68a.png,diffusiondb:229aa6e6-0400-47ce-be98-b2948c2fb68a.png,5,0.9957699179649353,0.632382333278656,0.13257217407226562,0.7551327531518763,0.581746140679351,0.73,0.5,synthetic,level2_synthetic,False,True
361,cocoglide:000000029675:real,real,nebula/CocoGlide,000000029675,cocoglide:000000029675,3,0.9955020546913147,0.20752277970314026,0.0,0.07185779668330257,0.8603044530589552,0.73,0.5,real,level1_real,False,True
362,cocoglide:000000433374:real,real,nebula/CocoGlide,000000433374,cocoglide:000000433374,3,0.9952804446220398,0.08406232297420502,0.0,0.03080722447765531,0.9250134508234353,0.73,0.5,real,level1_real,False,True
363,cocoglide:000000489046:real,real,nebula/CocoGlide,000000489046,cocoglide:000000489046,4,0.9906891584396362,0.16419675946235657,0.0,0.05522188644723301,0.892578999095379,0.73,0.5,real,level1_real,False,True
364,cocoglide:000000060449:edited,edited,nebula/CocoGlide,000000060449,cocoglide:000000060449,2,0.9929775595664978,0.9099693894386292,0.04266480407960816,0.9431940092556472,0.11474671790108117,0.73,0.5,edited,level2_edited,False,True
365,cocoglide:000000304984:real,real,nebula/CocoGlide,000000304984,cocoglide:000000304984,2,0.9922452569007874,0.13917256891727448,0.0,0.04817695905629624,0.8840270283376269,0.73,0.5,real,level1_real,False,True
366,diffusiondb:3c38b34c-9f6b-447e-8421-df3c8c9d8391.png,synthetic,poloclub/diffusiondb,3c38b34c-9f6b-447e-8421-df3c8c9d8391.png,diffusiondb:3c38b34c-9f6b-447e-8421-df3c8c9d8391.png,4,0.9956069588661194,0.7124533653259277,0.2125701904296875,0.9095073329738125,0.535957828379208,0.73,0.5,synthetic,level2_synthetic,False,True
367,diffusiondb:8b5442c4-a782-4b0c-8915-e4a28a2f7dc9.png,synthetic,poloclub/diffusiondb,8b5442c4-a782-4b0c-8915-e4a28a2f7dc9.png,diffusiondb:8b5442c4-a782-4b0c-8915-e4a28a2f7dc9.png,2,0.9943442344665527,0.9736857414245605,0.6168479919433594,0.9974309282093656,0.7242072235071009,0.73,0.5,synthetic,level2_synthetic,False,True
368,cocoglide:000000408830:edited,edited,nebula/CocoGlide,000000408830,cocoglide:000000408830,1,0.9944255352020264,0.9935092926025391,0.5938178126356253,0.9978622703591428,0.6428064380294304,0.73,0.5,synthetic,level2_synthetic,False,False
369,cocoglide:000000338986:edited,edited,nebula/CocoGlide,000000338986,cocoglide:000000338986,2,0.9932143688201904,0.9978525042533875,0.10898459296918594,0.9772024297539043,0.10457352845069683,0.73,0.5,edited,level2_edited,False,True
370,diffusiondb:408b0c84-326c-4244-965a-04ff5ddc71de.png,synthetic,poloclub/diffusiondb,408b0c84-326c-4244-965a-04ff5ddc71de.png,diffusiondb:408b0c84-326c-4244-965a-04ff5ddc71de.png,2,0.9959967136383057,0.9729712605476379,0.2590484619140625,0.9864175158457535,0.2444784244370321,0.73,0.5,edited,level2_edited,False,False
371,diffusiondb:4a06aebd-4f11-4f96-a8e2-d38907495a1f.png,synthetic,poloclub/diffusiondb,4a06aebd-4f11-4f96-a8e2-d38907495a1f.png,diffusiondb:4a06aebd-4f11-4f96-a8e2-d38907495a1f.png,2,0.9917137622833252,0.9950305223464966,0.9158134460449219,0.9994529279729627,0.9307685583870526,0.73,0.5,synthetic,level2_synthetic,False,True
372,cocoglide:000000293858:edited,edited,nebula/CocoGlide,000000293858,cocoglide:000000293858,2,0.9946358799934387,0.9925627112388611,0.24971712443424887,0.9876426754184121,0.21537979666880377,0.73,0.5,edited,level2_edited,False,True
373,cocoglide:000000141597:edited,edited,nebula/CocoGlide,000000141597,cocoglide:000000141597,1,0.9934712648391724,0.9725663065910339,0.06884532519065038,0.9793597210225,0.10106752837789089,0.73,0.5,edited,level2_edited,False,True
374,cocoglide:000000471869:edited,edited,nebula/CocoGlide,000000471869,cocoglide:000000471869,4,0.9955658316612244,0.9296426177024841,0.036514198028396054,0.9632406648881549,0.10861077899918983,0.73,0.5,edited,level2_edited,False,True
375,cocoglide:000000084650:real,real,nebula/CocoGlide,000000084650,cocoglide:000000084650,4,0.9947540760040283,0.00631391117349267,0.0,0.016968239510138507,0.9541746873563914,0.73,0.5,real,level1_real,False,True
376,cocoglide:000000559707:real,real,nebula/CocoGlide,000000559707,cocoglide:000000559707,3,0.9958488941192627,0.12711527943611145,0.0,0.04160182780609254,0.9063775340641405,0.73,0.5,real,level1_real,False,True
377,diffusiondb:bdcac1c7-3983-4481-93f7-c61af46d6816.png,synthetic,poloclub/diffusiondb,bdcac1c7-3983-4481-93f7-c61af46d6816.png,diffusiondb:bdcac1c7-3983-4481-93f7-c61af46d6816.png,4,0.9919482469558716,0.9878422021865845,0.9936141967773438,0.9995355750350371,0.9499130768797589,0.73,0.5,synthetic,level2_synthetic,False,True
378,cocoglide:000000369370:edited,edited,nebula/CocoGlide,000000369370,cocoglide:000000369370,4,0.9940998554229736,0.9466670751571655,0.06390759656519313,0.970946258531153,0.11395909296616769,0.73,0.5,edited,level2_edited,False,True
379,cocoglide:000000122969:real,real,nebula/CocoGlide,000000122969,cocoglide:000000122969,4,0.9925488233566284,0.016843069344758987,0.0,0.018321668333114497,0.9513260124500028,0.73,0.5,real,level1_real,False,True
380,cocoglide:000000335427:edited,edited,nebula/CocoGlide,000000335427,cocoglide:000000335427,5,0.9953308701515198,0.3158002197742462,0.002140941781883564,0.14363357852980257,0.8375551986556318,0.73,0.5,real,level1_real,False,False
381,cocoglide:000000168593:edited,edited,nebula/CocoGlide,000000168593,cocoglide:000000168593,2,0.9933339953422546,0.985640823841095,0.3851467077934156,0.9930501503643008,0.38700660341896226,0.73,0.5,edited,level2_edited,False,True
382,cocoglide:000000335427:real,real,nebula/CocoGlide,000000335427,cocoglide:000000335427,5,0.9952453970909119,0.03740634024143219,0.0,0.02214023526159229,0.9676348314834978,0.73,0.5,real,level1_real,False,True
383,cocoglide:000000504439:edited,edited,nebula/CocoGlide,000000504439,cocoglide:000000504439,4,0.7985776662826538,0.9826779365539551,0.14891364157728315,0.9784366848370767,0.12063150806098724,0.73,0.5,edited,level2_edited,False,True
384,cocoglide:000000384616:edited,edited,nebula/CocoGlide,000000384616,cocoglide:000000384616,5,0.9958857893943787,0.9841895699501038,0.06551088102176204,0.964823293828184,0.09392955404256582,0.73,0.5,edited,level2_edited,False,True
385,diffusiondb:ef287977-5da5-4864-b6c4-a42214ca59f3.png,synthetic,poloclub/diffusiondb,ef287977-5da5-4864-b6c4-a42214ca59f3.png,diffusiondb:ef287977-5da5-4864-b6c4-a42214ca59f3.png,2,0.986967146396637,0.9989476799964905,1.0,0.9996379583621998,0.9556583706403079,0.73,0.5,synthetic,level2_synthetic,False,True
386,cocoglide:000000139883:edited,edited,nebula/CocoGlide,000000139883,cocoglide:000000139883,3,0.9957542419433594,0.6940034627914429,0.015609499968999938,0.7356194936157108,0.30248061537042437,0.73,0.5,edited,level2_edited,False,True
387,cocoglide:000000223789:edited,edited,nebula/CocoGlide,000000223789,cocoglide:000000223789,4,0.995471715927124,0.9997038245201111,0.3032077314154628,0.992711064590747,0.267101235764909,0.73,0.5,edited,level2_edited,False,True
388,cocoglide:000000223789:real,real,nebula/CocoGlide,000000223789,cocoglide:000000223789,4,0.9958320260047913,0.041585687547922134,1.93750387500775e-06,0.022237383666486265,0.9444268587427354,0.73,0.5,real,level1_real,False,True
389,diffusiondb:cccb797a-8b34-45ca-a1c0-fdc093b38eb4.png,synthetic,poloclub/diffusiondb,cccb797a-8b34-45ca-a1c0-fdc093b38eb4.png,diffusiondb:cccb797a-8b34-45ca-a1c0-fdc093b38eb4.png,1,0.9948951601982117,0.986141562461853,0.5289581298828125,0.9970632450101881,0.567379576864976,0.73,0.5,synthetic,level2_synthetic,False,True
390,cocoglide:000000048924:real,real,nebula/CocoGlide,000000048924,cocoglide:000000048924,1,0.9958513975143433,0.1466199904680252,0.001495752991505983,0.05302816884259185,0.8770351127710173,0.73,0.5,real,level1_real,False,True
391,cocoglide:000000475678:real,real,nebula/CocoGlide,000000475678,cocoglide:000000475678,2,0.995153546333313,0.026343733072280884,0.0,0.02196052325541825,0.9348630625107737,0.73,0.5,real,level1_real,False,True
392,cocoglide:000000034205:real,real,nebula/CocoGlide,000000034205,cocoglide:000000034205,4,0.9959873557090759,0.1587934046983719,0.0,0.0535178571717218,0.896062763152007,0.73,0.5,real,level1_real,False,True
393,cocoglide:000000211069:real,real,nebula/CocoGlide,000000211069,cocoglide:000000211069,5,0.9961438179016113,0.5425816178321838,0.011722867195734392,0.471715363812046,0.5622046646162301,0.73,0.5,,level1_inconclusive,True,False
394,cocoglide:000000369771:real,real,nebula/CocoGlide,000000369771,cocoglide:000000369771,1,0.9930095672607422,0.019545000046491623,0.0,0.01998505967647871,0.9341161951673487,0.73,0.5,real,level1_real,False,True
395,cocoglide:000000476787:edited,edited,nebula/CocoGlide,000000476787,cocoglide:000000476787,3,0.9954712390899658,0.979481041431427,0.12949500899001798,0.9741854119928947,0.13826774405697775,0.73,0.5,edited,level2_edited,False,True
396,cocoglide:000000537802:real,real,nebula/CocoGlide,000000537802,cocoglide:000000537802,2,0.9954482913017273,0.02534380555152893,0.0,0.02181768827784111,0.9352025000315879,0.73,0.5,real,level1_real,False,True
397,diffusiondb:8df1a636-9f2b-44ae-951f-07ec6a072469.png,synthetic,poloclub/diffusiondb,8df1a636-9f2b-44ae-951f-07ec6a072469.png,diffusiondb:8df1a636-9f2b-44ae-951f-07ec6a072469.png,5,0.9943654537200928,0.9023714065551758,0.3259446885850694,0.9822017495929308,0.41473673411413764,0.73,0.5,edited,level2_edited,False,False
398,diffusiondb:d8d7a899-3d38-45c9-af0d-3ca0cae33b19.png,synthetic,poloclub/diffusiondb,d8d7a899-3d38-45c9-af0d-3ca0cae33b19.png,diffusiondb:d8d7a899-3d38-45c9-af0d-3ca0cae33b19.png,1,0.992840051651001,0.23864097893238068,0.000873565673828125,0.10234043048119776,0.8111349853830575,0.73,0.5,real,level1_real,False,False
399,cocoglide:000000446522:real,real,nebula/CocoGlide,000000446522,cocoglide:000000446522,3,0.9955150485038757,0.005151621997356415,0.0,0.017691585426819825,0.9505678081829674,0.73,0.5,real,level1_real,False,True
400,cocoglide:000000002149:edited,edited,nebula/CocoGlide,000000002149,cocoglide:000000002149,4,0.9922279715538025,0.9996823072433472,0.7752030504061008,0.9989547986590855,0.8381700413042478,0.73,0.5,synthetic,level2_synthetic,False,False
401,cocoglide:000000122969:edited,edited,nebula/CocoGlide,000000122969,cocoglide:000000122969,4,0.9919756054878235,0.9475142359733582,0.6751658503317006,0.9976304507738739,0.7995252045234654,0.73,0.5,synthetic,level2_synthetic,False,False
402,cocoglide:000000189451:edited,edited,nebula/CocoGlide,000000189451,cocoglide:000000189451,1,0.9960783123970032,0.9850323796272278,0.03800995101990204,0.9789572894803442,0.081429623692101,0.73,0.5,edited,level2_edited,False,True
403,cocoglide:000000180798:real,real,nebula/CocoGlide,000000180798,cocoglide:000000180798,1,0.9923253059387207,0.10233629494905472,0.0,0.037498955016812115,0.9001193152303075,0.73,0.5,real,level1_real,False,True
404,cocoglide:000000050896:edited,edited,nebula/CocoGlide,000000050896,cocoglide:000000050896,2,0.9961283206939697,0.9327571988105774,0.2599965512431025,0.9819828303645548,0.2896420799537364,0.73,0.5,edited,level2_edited,False,True
405,cocoglide:000000221213:edited,edited,nebula/CocoGlide,000000221213,cocoglide:000000221213,3,0.9942726492881775,0.996199905872345,0.45778275931551865,0.9952077566869021,0.4601790119956482,0.73,0.5,edited,level2_edited,False,True
406,diffusiondb:492b70da-7224-4ed2-96a4-66e8e709ac8f.png,synthetic,poloclub/diffusiondb,492b70da-7224-4ed2-96a4-66e8e709ac8f.png,diffusiondb:492b70da-7224-4ed2-96a4-66e8e709ac8f.png,1,0.9941515326499939,0.9980636239051819,0.9907379150390625,0.9995835370478587,0.9396773413245679,0.73,0.5,synthetic,level2_synthetic,False,True
407,cocoglide:000000392818:real,real,nebula/CocoGlide,000000392818,cocoglide:000000392818,1,0.9924195408821106,0.0330013744533062,0.0,0.02212543553582454,0.9294337369561871,0.73,0.5,real,level1_real,False,True
408,cocoglide:000000085195:real,real,nebula/CocoGlide,000000085195,cocoglide:000000085195,5,0.9938156604766846,0.05103936791419983,0.0,0.02425711601578385,0.9648375439587339,0.73,0.5,real,level1_real,False,True
409,diffusiondb:6d83c096-1552-4075-9fdd-d9aec1d1fc8f.png,synthetic,poloclub/diffusiondb,6d83c096-1552-4075-9fdd-d9aec1d1fc8f.png,diffusiondb:6d83c096-1552-4075-9fdd-d9aec1d1fc8f.png,1,0.024494564160704613,0.9978514313697815,0.9022178649902344,0.991955007138599,0.8999123752068546,0.73,0.5,synthetic,level2_synthetic,False,True
410,cocoglide:000000365766:edited,edited,nebula/CocoGlide,000000365766,cocoglide:000000365766,1,0.9910352826118469,0.9907989501953125,0.030659061318122637,0.978997808435676,0.0761809944667538,0.73,0.5,edited,level2_edited,False,True
411,diffusiondb:108f3046-8619-4dc8-b339-584d91277488.png,synthetic,poloclub/diffusiondb,108f3046-8619-4dc8-b339-584d91277488.png,diffusiondb:108f3046-8619-4dc8-b339-584d91277488.png,4,0.9952682852745056,0.9797906279563904,1.0,0.999521161272066,0.9538532781126332,0.73,0.5,synthetic,level2_synthetic,False,True
412,cocoglide:000000420472:real,real,nebula/CocoGlide,000000420472,cocoglide:000000420472,1,0.9958860278129578,0.17427432537078857,0.0,0.06467363042840193,0.858765303936543,0.73,0.5,real,level1_real,False,True
413,cocoglide:000000148957:real,real,nebula/CocoGlide,000000148957,cocoglide:000000148957,2,0.9957910776138306,0.04477506875991821,0.0,0.02505454754272086,0.928272869630809,0.73,0.5,real,level1_real,False,True
414,diffusiondb:80883fc4-6d23-417a-9c21-81e76387fd85.png,synthetic,poloclub/diffusiondb,80883fc4-6d23-417a-9c21-81e76387fd85.png,diffusiondb:80883fc4-6d23-417a-9c21-81e76387fd85.png,1,0.994872510433197,0.659395694732666,0.068695068359375,0.8033102003040755,0.3840985004569485,0.73,0.5,edited,level2_edited,False,False
415,cocoglide:000000424721:edited,edited,nebula/CocoGlide,000000424721,cocoglide:000000424721,3,0.9957706332206726,0.9951496720314026,0.06437841000682001,0.968609921158873,0.09382057860267994,0.73,0.5,edited,level2_edited,False,True
416,diffusiondb:285b67ce-f752-4590-80c7-8224e6797fcc.png,synthetic,poloclub/diffusiondb,285b67ce-f752-4590-80c7-8224e6797fcc.png,diffusiondb:285b67ce-f752-4590-80c7-8224e6797fcc.png,1,0.9938866496086121,0.9702588319778442,0.5302928577769886,0.9966838859016632,0.5903392973476996,0.73,0.5,synthetic,level2_synthetic,False,True
417,cocoglide:000000561335:real,real,nebula/CocoGlide,000000561335,cocoglide:000000561335,2,0.995486319065094,0.359747052192688,0.002194223138446277,0.2031722048336335,0.6913160544528737,0.73,0.5,real,level1_real,False,True
418,cocoglide:000000548506:edited,edited,nebula/CocoGlide,000000548506,cocoglide:000000548506,2,0.9950609803199768,0.9595385789871216,0.24618989862979726,0.9841064509313938,0.2444871441175896,0.73,0.5,edited,level2_edited,False,True
419,diffusiondb:fe3c0a17-492d-46c7-9fb5-bcffca348ba9.png,synthetic,poloclub/diffusiondb,fe3c0a17-492d-46c7-9fb5-bcffca348ba9.png,diffusiondb:fe3c0a17-492d-46c7-9fb5-bcffca348ba9.png,2,0.9747207760810852,0.9340609908103943,0.4629554748535156,0.9927189748647155,0.5712630420903477,0.73,0.5,synthetic,level2_synthetic,False,True
420,cocoglide:000000480842:edited,edited,nebula/CocoGlide,000000480842,cocoglide:000000480842,2,0.9945100545883179,0.7967608571052551,0.07703709157418315,0.8958745826041651,0.2302981000088139,0.73,0.5,edited,level2_edited,False,True
421,diffusiondb:041da770-1eb9-493b-b51c-ce33fd1e7108.png,synthetic,poloclub/diffusiondb,041da770-1eb9-493b-b51c-ce33fd1e7108.png,diffusiondb:041da770-1eb9-493b-b51c-ce33fd1e7108.png,4,0.9929662942886353,0.9717199802398682,0.7612037658691406,0.9986258648791086,0.8492305029498144,0.73,0.5,synthetic,level2_synthetic,False,True
422,diffusiondb:6a84f9bf-18e2-4708-af12-ff4260737221.png,synthetic,poloclub/diffusiondb,6a84f9bf-18e2-4708-af12-ff4260737221.png,diffusiondb:6a84f9bf-18e2-4708-af12-ff4260737221.png,4,0.9931214451789856,0.9926554560661316,0.2172978719075521,0.9890104254216211,0.18927866198108026,0.73,0.5,edited,level2_edited,False,False
423,cocoglide:000000416256:edited,edited,nebula/CocoGlide,000000416256,cocoglide:000000416256,1,0.990426242351532,0.9954845309257507,0.11316669508339017,0.9853723492275602,0.11231935566467557,0.73,0.5,edited,level2_edited,False,True
424,diffusiondb:a75aa3db-6fca-4ffa-a132-f57ada7a91de.png,synthetic,poloclub/diffusiondb,a75aa3db-6fca-4ffa-a132-f57ada7a91de.png,diffusiondb:a75aa3db-6fca-4ffa-a132-f57ada7a91de.png,1,0.9867470264434814,0.9896131753921509,0.9966888427734375,0.9995568373099039,0.9439760938198236,0.73,0.5,synthetic,level2_synthetic,False,True
425,diffusiondb:3e949498-7789-42c4-afaa-09ac8fc04a31.png,synthetic,poloclub/diffusiondb,3e949498-7789-42c4-afaa-09ac8fc04a31.png,diffusiondb:3e949498-7789-42c4-afaa-09ac8fc04a31.png,1,0.9912142753601074,0.9552860260009766,0.8646474984975961,0.9990238329071738,0.9077285901633033,0.73,0.5,synthetic,level2_synthetic,False,True
426,diffusiondb:7d09bea2-3b08-4b2d-bf0b-23cbc68876e7.png,synthetic,poloclub/diffusiondb,7d09bea2-3b08-4b2d-bf0b-23cbc68876e7.png,diffusiondb:7d09bea2-3b08-4b2d-bf0b-23cbc68876e7.png,5,0.9949595928192139,0.9742875099182129,0.64691162109375,0.9977959174828417,0.7161167803300904,0.73,0.5,synthetic,level2_synthetic,False,True
427,cocoglide:000000044699:edited,edited,nebula/CocoGlide,000000044699,cocoglide:000000044699,5,0.994541347026825,0.9628627896308899,0.06862735600471201,0.9597125719814145,0.10779281536222121,0.73,0.5,edited,level2_edited,False,True
428,diffusiondb:98d090c9-b113-4698-87ee-894b35029b39.png,synthetic,poloclub/diffusiondb,98d090c9-b113-4698-87ee-894b35029b39.png,diffusiondb:98d090c9-b113-4698-87ee-894b35029b39.png,2,0.9932965636253357,0.9066291451454163,0.9426002502441406,0.9990866980912714,0.9627243229217689,0.73,0.5,synthetic,level2_synthetic,False,True
429,cocoglide:000000498286:edited,edited,nebula/CocoGlide,000000498286,cocoglide:000000498286,1,0.9945059418678284,0.982715368270874,0.03830735786471573,0.9785161143775232,0.0824990983208766,0.73,0.5,edited,level2_edited,False,True
430,cocoglide:000000000285:edited,edited,nebula/CocoGlide,000000000285,cocoglide:000000000285,1,0.9928256273269653,0.6503738164901733,0.06480950461900924,0.7883775027157067,0.39071241902279386,0.73,0.5,edited,level2_edited,False,True
431,cocoglide:000000375078:edited,edited,nebula/CocoGlide,000000375078,cocoglide:000000375078,1,0.9955589771270752,0.9558262825012207,0.17641360282720567,0.984757132618428,0.1821275321072298,0.73,0.5,edited,level2_edited,False,True
432,cocoglide:000000304817:real,real,nebula/CocoGlide,000000304817,cocoglide:000000304817,5,0.9951985478401184,0.012845478020608425,0.0,0.01863656930365563,0.9721824122087306,0.73,0.5,real,level1_real,False,True
433,cocoglide:000000111179:real,real,nebula/CocoGlide,000000111179,cocoglide:000000111179,4,0.9990196228027344,0.022107237949967384,0.0,0.01927463012144866,0.9502175272987023,0.73,0.5,real,level1_real,False,True
434,cocoglide:000000095786:edited,edited,nebula/CocoGlide,000000095786,cocoglide:000000095786,4,0.9941104054450989,0.9956462383270264,0.5927783418066837,0.9977149332126193,0.6554256782422129,0.73,0.5,synthetic,level2_synthetic,False,False
435,cocoglide:000000168593:real,real,nebula/CocoGlide,000000168593,cocoglide:000000168593,2,0.9926294088363647,0.009408802725374699,0.0,0.019375965703357787,0.940425553253058,0.73,0.5,real,level1_real,False,True
436,cocoglide:000000114871:edited,edited,nebula/CocoGlide,000000114871,cocoglide:000000114871,1,0.9947362542152405,0.9995237588882446,0.977134548019096,0.9995657257891543,0.9348109315710169,0.73,0.5,synthetic,level2_synthetic,False,False
437,cocoglide:000000526103:edited,edited,nebula/CocoGlide,000000526103,cocoglide:000000526103,3,0.9939601421356201,0.35861116647720337,0.00740998356996714,0.19193142557686074,0.7325797174392511,0.73,0.5,real,level1_real,False,False
438,cocoglide:000000498286:real,real,nebula/CocoGlide,000000498286,cocoglide:000000498286,1,0.9947677850723267,0.011538981460034847,0.0,0.018879296228220557,0.9367689055008919,0.73,0.5,real,level1_real,False,True
439,cocoglide:000000164363:edited,edited,nebula/CocoGlide,000000164363,cocoglide:000000164363,2,0.99528568983078,0.9986745119094849,0.5455478098456197,0.9970148645848347,0.6004087727071618,0.73,0.5,synthetic,level2_synthetic,False,False
440,diffusiondb:e4c8b8da-b23f-4149-93c4-64af6ab2bdd8.png,synthetic,poloclub/diffusiondb,e4c8b8da-b23f-4149-93c4-64af6ab2bdd8.png,diffusiondb:e4c8b8da-b23f-4149-93c4-64af6ab2bdd8.png,1,0.9927657842636108,0.891313910484314,0.2757232666015625,0.9829738286204341,0.3536871562523034,0.73,0.5,edited,level2_edited,False,False
441,diffusiondb:4400ee1a-cb7c-41fb-93f9-6e46de98d511.png,synthetic,poloclub/diffusiondb,4400ee1a-cb7c-41fb-93f9-6e46de98d511.png,diffusiondb:4400ee1a-cb7c-41fb-93f9-6e46de98d511.png,5,0.9926419854164124,0.9503461718559265,0.9519767761230469,0.9994171762274598,0.9382121000869752,0.73,0.5,synthetic,level2_synthetic,False,True
442,cocoglide:000000221213:real,real,nebula/CocoGlide,000000221213,cocoglide:000000221213,3,0.993558943271637,0.01915249228477478,0.0,0.01944481099360685,0.9467454668048085,0.73,0.5,real,level1_real,False,True
443,diffusiondb:b58f49f9-f8b0-4c21-a967-113d5d6b9b4f.png,synthetic,poloclub/diffusiondb,b58f49f9-f8b0-4c21-a967-113d5d6b9b4f.png,diffusiondb:b58f49f9-f8b0-4c21-a967-113d5d6b9b4f.png,1,0.9908562898635864,0.9997888207435608,1.0,0.9996006803965618,0.9419755453971411,0.73,0.5,synthetic,level2_synthetic,False,True
444,cocoglide:000000049269:edited,edited,nebula/CocoGlide,000000049269,cocoglide:000000049269,3,0.9948063492774963,0.9791145920753479,0.2586664548329097,0.9859521745044081,0.2435148773093394,0.73,0.5,edited,level2_edited,False,True
445,cocoglide:000000210502:edited,edited,nebula/CocoGlide,000000210502,cocoglide:000000210502,2,0.9934942126274109,0.9968927502632141,0.7983290966581933,0.9990683421452257,0.8698037655790107,0.73,0.5,synthetic,level2_synthetic,False,False
446,cocoglide:000000377814:edited,edited,nebula/CocoGlide,000000377814,cocoglide:000000377814,5,0.9943113327026367,0.999373733997345,0.7563114188728377,0.9989248862830371,0.7949300685223095,0.73,0.5,synthetic,level2_synthetic,False,False
447,cocoglide:000000131938:real,real,nebula/CocoGlide,000000131938,cocoglide:000000131938,2,0.9943435192108154,0.006562006194144487,0.0,0.019050660910475983,0.9413069953423101,0.73,0.5,real,level1_real,False,True
448,cocoglide:000000105014:real,real,nebula/CocoGlide,000000105014,cocoglide:000000105014,3,0.9953811168670654,0.1762586534023285,0.0,0.058190519672465926,0.8801387269843053,0.73,0.5,real,level1_real,False,True
449,cocoglide:000000166563:real,real,nebula/CocoGlide,000000166563,cocoglide:000000166563,1,0.9794568419456482,0.07757171243429184,0.0,0.030059829606938218,0.9115927101457914,0.73,0.5,real,level1_real,False,True
450,cocoglide:000000402473:edited,edited,nebula/CocoGlide,000000402473,cocoglide:000000402473,3,0.9939436316490173,0.9856842160224915,0.4499232748465497,0.9946291696483709,0.4643994680754858,0.73,0.5,edited,level2_edited,False,True
451,diffusiondb:55184eb8-1008-4021-a88d-10d0ce95d63d.png,synthetic,poloclub/diffusiondb,55184eb8-1008-4021-a88d-10d0ce95d63d.png,diffusiondb:55184eb8-1008-4021-a88d-10d0ce95d63d.png,3,0.9959096908569336,0.27470409870147705,0.0,0.1117088467270962,0.8084191723372302,0.73,0.5,real,level1_real,False,False
452,diffusiondb:6fad9180-d909-432a-9bc6-6304e84b9f51.png,synthetic,poloclub/diffusiondb,6fad9180-d909-432a-9bc6-6304e84b9f51.png,diffusiondb:6fad9180-d909-432a-9bc6-6304e84b9f51.png,2,0.9961317777633667,0.7753681540489197,0.6355476379394531,0.9901844018385342,0.8991238198901405,0.73,0.5,synthetic,level2_synthetic,False,True
453,cocoglide:000000320632:real,real,nebula/CocoGlide,000000320632,cocoglide:000000320632,4,0.99162757396698,0.08979771286249161,0.0,0.03179973562493113,0.9275215895100652,0.73,0.5,real,level1_real,False,True
454,cocoglide:000000172856:real,real,nebula/CocoGlide,000000172856,cocoglide:000000172856,4,0.991070032119751,0.00897478312253952,0.0,0.017212336669041664,0.9533240748856522,0.73,0.5,real,level1_real,False,True
455,cocoglide:000000238866:real,real,nebula/CocoGlide,000000238866,cocoglide:000000238866,4,0.0027619528118520975,0.8227414488792419,0.04549355973711947,0.6938632222121077,0.07733238368808337,0.73,0.5,,level1_inconclusive,True,False
456,diffusiondb:ab73e48c-2993-406c-af59-5f37add1f1e5.png,synthetic,poloclub/diffusiondb,ab73e48c-2993-406c-af59-5f37add1f1e5.png,diffusiondb:ab73e48c-2993-406c-af59-5f37add1f1e5.png,5,0.9951828122138977,0.9993070960044861,0.9916877746582031,0.9996649985168145,0.9322211062296875,0.73,0.5,synthetic,level2_synthetic,False,True
457,diffusiondb:0e2c9a96-d7ae-4a7c-83fe-4e5dc769a3db.png,synthetic,poloclub/diffusiondb,0e2c9a96-d7ae-4a7c-83fe-4e5dc769a3db.png,diffusiondb:0e2c9a96-d7ae-4a7c-83fe-4e5dc769a3db.png,4,0.9954758286476135,0.42806532979011536,0.0,0.31393112617218627,0.6443281433315676,0.73,0.5,,level1_inconclusive,True,False
458,diffusiondb:590588ac-99ac-4ebb-9bd6-e2e50587bd3b.png,synthetic,poloclub/diffusiondb,590588ac-99ac-4ebb-9bd6-e2e50587bd3b.png,diffusiondb:590588ac-99ac-4ebb-9bd6-e2e50587bd3b.png,2,0.9845120906829834,0.8244112730026245,0.8827362060546875,0.99777001727142,0.9665082791909237,0.73,0.5,synthetic,level2_synthetic,False,True
459,cocoglide:000000435299:real,real,nebula/CocoGlide,000000435299,cocoglide:000000435299,5,0.9884703159332275,0.38999348878860474,0.0,0.2167544864244469,0.7615501382527659,0.73,0.5,real,level1_real,False,True
460,diffusiondb:547c7764-3a83-48d3-938f-57e96def847a.png,synthetic,poloclub/diffusiondb,547c7764-3a83-48d3-938f-57e96def847a.png,diffusiondb:547c7764-3a83-48d3-938f-57e96def847a.png,3,0.9949479103088379,0.38550451397895813,0.0,0.21802538651790804,0.6934895758434921,0.73,0.5,real,level1_real,False,False
461,cocoglide:000000002149:real,real,nebula/CocoGlide,000000002149,cocoglide:000000002149,4,0.9933856129646301,0.07266739755868912,0.0,0.028027950717688935,0.9340286017988267,0.73,0.5,real,level1_real,False,True
462,cocoglide:000000017178:real,real,nebula/CocoGlide,000000017178,cocoglide:000000017178,5,0.9957237243652344,0.022594472393393517,0.0,0.019985087417081174,0.9704482300905655,0.73,0.5,real,level1_real,False,True
463,cocoglide:000000088265:real,real,nebula/CocoGlide,000000088265,cocoglide:000000088265,3,0.9954755902290344,0.1560821831226349,0.0,0.05072615654721897,0.8916062642313628,0.73,0.5,real,level1_real,False,True
464,cocoglide:000000269196:real,real,nebula/CocoGlide,000000269196,cocoglide:000000269196,5,0.9932936429977417,0.06087518855929375,0.0,0.025942162352300343,0.962665389076443,0.73,0.5,real,level1_real,False,True
465,cocoglide:000000520871:real,real,nebula/CocoGlide,000000520871,cocoglide:000000520871,4,0.9953641891479492,0.09614037722349167,0.0,0.033553570299775216,0.9252851070293052,0.73,0.5,real,level1_real,False,True
466,cocoglide:000000450439:real,real,nebula/CocoGlide,000000450439,cocoglide:000000450439,4,0.9993849992752075,0.07378973066806793,0.0,0.028542346760403646,0.9340167495394155,0.73,0.5,real,level1_real,False,True
467,cocoglide:000000267351:real,real,nebula/CocoGlide,000000267351,cocoglide:000000267351,3,1.0,0.45588546991348267,0.0022513795027590054,0.32142948268575855,0.606327080985741,0.73,0.5,,level1_inconclusive,True,False
468,cocoglide:000000088218:real,real,nebula/CocoGlide,000000088218,cocoglide:000000088218,1,0.9861917495727539,0.04562181234359741,0.0,0.023975574419613434,0.9247385039026669,0.73,0.5,real,level1_real,False,True
469,cocoglide:000000034205:edited,edited,nebula/CocoGlide,000000034205,cocoglide:000000034205,4,0.9957481026649475,0.7226217985153198,0.05998608872217744,0.8526056399110153,0.3156765338082534,0.73,0.5,edited,level2_edited,False,True
470,cocoglide:000000129054:edited,edited,nebula/CocoGlide,000000129054,cocoglide:000000129054,5,0.995510458946228,0.46013960242271423,0.004481446462892925,0.3228508289776804,0.6759918147988703,0.73,0.5,,level1_inconclusive,True,False
471,cocoglide:000000015440:edited,edited,nebula/CocoGlide,000000015440,cocoglide:000000015440,1,0.9959824085235596,0.8307390809059143,0.037920825841651684,0.9327321391975312,0.17091768977946634,0.73,0.5,edited,level2_edited,False,True
472,cocoglide:000000402433:edited,edited,nebula/CocoGlide,000000402433,cocoglide:000000402433,4,0.9945372939109802,0.9701967835426331,0.17180524986049972,0.9843161994356131,0.17089883733132655,0.73,0.5,edited,level2_edited,False,True
473,cocoglide:000000259625:real,real,nebula/CocoGlide,000000259625,cocoglide:000000259625,1,0.9956504702568054,0.006787077523767948,0.0,0.018243834671818594,0.9382953489781026,0.73,0.5,real,level1_real,False,True
474,cocoglide:000000228981:real,real,nebula/CocoGlide,000000228981,cocoglide:000000228981,2,0.9921422004699707,0.011152799241244793,0.0,0.019599314179470407,0.9398770796463456,0.73,0.5,real,level1_real,False,True
475,cocoglide:000000426166:edited,edited,nebula/CocoGlide,000000426166,cocoglide:000000426166,1,0.992921769618988,0.947662889957428,0.06645735166470333,0.9747475787714202,0.11281592929195132,0.73,0.5,edited,level2_edited,False,True
476,cocoglide:000000518213:edited,edited,nebula/CocoGlide,000000518213,cocoglide:000000518213,2,0.9961333274841309,0.9982596039772034,0.24901284177568356,0.9881331370833031,0.20932507975514814,0.73,0.5,edited,level2_edited,False,True
477,cocoglide:000000293071:edited,edited,nebula/CocoGlide,000000293071,cocoglide:000000293071,1,0.9939390420913696,0.7968549132347107,0.03476269452538905,0.9125747419913359,0.19604538655720744,0.73,0.5,edited,level2_edited,False,True
478,diffusiondb:e2ad8e1a-c0e2-48b9-bac2-482bb76490ff.png,synthetic,poloclub/diffusiondb,e2ad8e1a-c0e2-48b9-bac2-482bb76490ff.png,diffusiondb:e2ad8e1a-c0e2-48b9-bac2-482bb76490ff.png,2,0.994650661945343,0.8576288819313049,0.08297475179036458,0.9322551413389815,0.1804483016417588,0.73,0.5,edited,level2_edited,False,False
479,diffusiondb:0067c566-32a1-43a2-99b4-c8df579aefd2.png,synthetic,poloclub/diffusiondb,0067c566-32a1-43a2-99b4-c8df579aefd2.png,diffusiondb:0067c566-32a1-43a2-99b4-c8df579aefd2.png,5,0.9930481910705566,0.7416808605194092,0.2315673828125,0.9160847798696162,0.5423149752814965,0.73,0.5,synthetic,level2_synthetic,False,True
480,diffusiondb:85bda307-f890-49c4-8a14-40a7953878ee.png,synthetic,poloclub/diffusiondb,85bda307-f890-49c4-8a14-40a7953878ee.png,diffusiondb:85bda307-f890-49c4-8a14-40a7953878ee.png,3,0.9917546510696411,0.9469018578529358,0.7176801893446181,0.9980376472901693,0.8197477149035176,0.73,0.5,synthetic,level2_synthetic,False,True
481,diffusiondb:991cfb94-6f66-4b0e-9702-7388d385575c.png,synthetic,poloclub/diffusiondb,991cfb94-6f66-4b0e-9702-7388d385575c.png,diffusiondb:991cfb94-6f66-4b0e-9702-7388d385575c.png,1,0.9962283372879028,0.8298460245132446,0.30777931213378906,0.9761671834897774,0.47753699234326735,0.73,0.5,edited,level2_edited,False,False
482,cocoglide:000000231822:real,real,nebula/CocoGlide,000000231822,cocoglide:000000231822,5,0.9950586557388306,0.02705000713467598,0.0,0.02058100520262927,0.9696368726764726,0.73,0.5,real,level1_real,False,True
483,cocoglide:000000081061:edited,edited,nebula/CocoGlide,000000081061,cocoglide:000000081061,5,0.9947072267532349,0.9924547672271729,0.0651485677971356,0.966610618941008,0.08945155346405978,0.73,0.5,edited,level2_edited,False,True
484,diffusiondb:2767d6c3-4542-432d-b32c-f9388795b461.png,synthetic,poloclub/diffusiondb,2767d6c3-4542-432d-b32c-f9388795b461.png,diffusiondb:2767d6c3-4542-432d-b32c-f9388795b461.png,2,0.9954074025154114,0.20396046340465546,0.000979336825284091,0.07567365826270468,0.8419967736271641,0.73,0.5,real,level1_real,False,False
485,diffusiondb:eb9cd069-63c9-4365-96bf-09c83167b54a.png,synthetic,poloclub/diffusiondb,eb9cd069-63c9-4365-96bf-09c83167b54a.png,diffusiondb:eb9cd069-63c9-4365-96bf-09c83167b54a.png,1,0.9940125346183777,0.5926365852355957,0.03748779296875,0.6803370626605912,0.4308148725960343,0.73,0.5,,level1_inconclusive,True,False
486,cocoglide:000000231088:real,real,nebula/CocoGlide,000000231088,cocoglide:000000231088,1,0.9819256067276001,0.005890858359634876,0.0,0.017472827483598633,0.9385266048176476,0.73,0.5,real,level1_real,False,True
487,cocoglide:000000066135:real,real,nebula/CocoGlide,000000066135,cocoglide:000000066135,4,0.9947958588600159,0.018544534221291542,0.0,0.01862925100316166,0.9509779434776081,0.73,0.5,real,level1_real,False,True
488,diffusiondb:01242810-3f06-4a9a-a674-2a5910246ef8.png,synthetic,poloclub/diffusiondb,01242810-3f06-4a9a-a674-2a5910246ef8.png,diffusiondb:01242810-3f06-4a9a-a674-2a5910246ef8.png,2,0.9944367408752441,0.9933732748031616,1.0,0.9996285480274855,0.9569418793331875,0.73,0.5,synthetic,level2_synthetic,False,True
489,cocoglide:000000344614:edited,edited,nebula/CocoGlide,000000344614,cocoglide:000000344614,5,0.9947499632835388,0.8828402161598206,0.043340992931985865,0.9222667259824399,0.14916620004323733,0.73,0.5,edited,level2_edited,False,True
490,cocoglide:000000370900:edited,edited,nebula/CocoGlide,000000370900,cocoglide:000000370900,4,0.9919677376747131,0.9956145286560059,0.728753332506665,0.9986922932765029,0.8032049624748064,0.73,0.5,synthetic,level2_synthetic,False,False
491,cocoglide:000000222299:edited,edited,nebula/CocoGlide,000000222299,cocoglide:000000222299,3,0.9955562949180603,0.9913389086723328,0.04643809287618575,0.9649276846072394,0.08764103923044525,0.73,0.5,edited,level2_edited,False,True
492,cocoglide:000000451150:edited,edited,nebula/CocoGlide,000000451150,cocoglide:000000451150,5,0.9940968751907349,0.9982677102088928,0.7065185380370761,0.9986131399296704,0.7491593381984955,0.73,0.5,synthetic,level2_synthetic,False,False
493,cocoglide:000000365766:real,real,nebula/CocoGlide,000000365766,cocoglide:000000365766,1,0.990543782711029,0.12898103892803192,0.0,0.045603978555844325,0.886210929144994,0.73,0.5,real,level1_real,False,True
494,diffusiondb:5302e3c9-e29f-4f35-9dd5-55334333ef1c.png,synthetic,poloclub/diffusiondb,5302e3c9-e29f-4f35-9dd5-55334333ef1c.png,diffusiondb:5302e3c9-e29f-4f35-9dd5-55334333ef1c.png,2,0.9952197670936584,0.8181669116020203,0.9865493774414062,0.9985934746820715,0.9821058707644671,0.73,0.5,synthetic,level2_synthetic,False,True
495,cocoglide:000000405432:edited,edited,nebula/CocoGlide,000000405432,cocoglide:000000405432,5,0.9907364249229431,0.990254819393158,0.08682923615847232,0.9691071673664161,0.10089010282823123,0.73,0.5,edited,level2_edited,False,True
496,cocoglide:000000580757:real,real,nebula/CocoGlide,000000580757,cocoglide:000000580757,4,0.99592125415802,0.08355887234210968,0.0,0.030552162735792806,0.9302070262266809,0.73,0.5,real,level1_real,False,True
497,cocoglide:000000489046:edited,edited,nebula/CocoGlide,000000489046,cocoglide:000000489046,4,0.9903600215911865,0.9558520913124084,0.035081413912827826,0.9693771610837905,0.09360916293091527,0.73,0.5,edited,level2_edited,False,True
498,cocoglide:000000420472:edited,edited,nebula/CocoGlide,000000420472,cocoglide:000000420472,1,0.9956973791122437,0.9940070509910583,0.16115866606733215,0.9879487249246773,0.14247801527865675,0.73,0.5,edited,level2_edited,False,True
499,cocoglide:000000285788:edited,edited,nebula/CocoGlide,000000285788,cocoglide:000000285788,2,0.9957667589187622,0.6999098062515259,0.013094619939239879,0.7600242510724584,0.26149201787732435,0.73,0.5,edited,level2_edited,False,True
500,cocoglide:000000296969:edited,edited,nebula/CocoGlide,000000296969,cocoglide:000000296969,2,0.9961221814155579,0.8520032167434692,0.0909735569471139,0.9322254105501858,0.192325628767113,0.73,0.5,edited,level2_edited,False,True
501,diffusiondb:3e05211c-7788-4a80-a91f-4dc0a46b26f4.png,synthetic,poloclub/diffusiondb,3e05211c-7788-4a80-a91f-4dc0a46b26f4.png,diffusiondb:3e05211c-7788-4a80-a91f-4dc0a46b26f4.png,3,0.9934566617012024,0.8843082189559937,0.5098292032877604,0.9916689718675343,0.6791164739632524,0.73,0.5,synthetic,level2_synthetic,False,True
502,diffusiondb:0e95d67f-9f67-46ba-b990-95ebca516482.png,synthetic,poloclub/diffusiondb,0e95d67f-9f67-46ba-b990-95ebca516482.png,diffusiondb:0e95d67f-9f67-46ba-b990-95ebca516482.png,1,0.9931129813194275,0.855944037437439,0.2719764709472656,0.9773412147742947,0.39415512011187265,0.73,0.5,edited,level2_edited,False,False
503,cocoglide:000000100582:edited,edited,nebula/CocoGlide,000000100582,cocoglide:000000100582,1,0.9944955706596375,0.9339394569396973,0.16981640213280427,0.9814245273056708,0.19488571459370957,0.73,0.5,edited,level2_edited,False,True
504,cocoglide:000000350388:edited,edited,nebula/CocoGlide,000000350388,cocoglide:000000350388,4,0.9955280423164368,0.9394924640655518,0.1102255642011284,0.9746059598812884,0.1484134123434234,0.73,0.5,edited,level2_edited,False,True
505,cocoglide:000000048924:edited,edited,nebula/CocoGlide,000000048924,cocoglide:000000048924,1,0.9948069453239441,0.9133914709091187,0.10192336009672019,0.971606119591681,0.15715782619003055,0.73,0.5,edited,level2_edited,False,True
506,cocoglide:000000549167:real,real,nebula/CocoGlide,000000549167,cocoglide:000000549167,4,0.9948195815086365,0.024617427960038185,0.0,0.019512363336342653,0.94931325386298,0.73,0.5,real,level1_real,False,True
507,cocoglide:000000392818:edited,edited,nebula/CocoGlide,000000392818,cocoglide:000000392818,1,0.9928702712059021,0.9919330477714539,0.4916590458180916,0.9967208570065919,0.5085439982505199,0.73,0.5,synthetic,level2_synthetic,False,False
508,cocoglide:000000369370:real,real,nebula/CocoGlide,000000369370,cocoglide:000000369370,4,0.9939237236976624,0.14386263489723206,0.0,0.04778121622480908,0.903656116974472,0.73,0.5,real,level1_real,False,True
509,cocoglide:000000091654:real,real,nebula/CocoGlide,000000091654,cocoglide:000000091654,4,0.9955161213874817,0.3617292046546936,0.000527001054002108,0.21502891345903064,0.7273847322615412,0.73,0.5,real,level1_real,False,True
510,cocoglide:000000545407:edited,edited,nebula/CocoGlide,000000545407,cocoglide:000000545407,2,0.9904423356056213,0.982381284236908,0.057903272056544115,0.9677441094916193,0.08628453640471086,0.73,0.5,edited,level2_edited,False,True
511,cocoglide:000000384616:real,real,nebula/CocoGlide,000000384616,cocoglide:000000384616,5,0.9959949254989624,0.01088053546845913,0.0,0.01842198007023771,0.9725055758502614,0.73,0.5,real,level1_real,False,True
512,diffusiondb:53c37a05-9486-47e5-ba43-db0280af7fb0.png,synthetic,poloclub/diffusiondb,53c37a05-9486-47e5-ba43-db0280af7fb0.png,diffusiondb:53c37a05-9486-47e5-ba43-db0280af7fb0.png,2,0.9964181184768677,0.947685956954956,0.23112869262695312,0.9815130894511164,0.24046429420527735,0.73,0.5,edited,level2_edited,False,False
513,diffusiondb:ea71e1f7-05f6-4d24-bc88-185aab075fab.png,synthetic,poloclub/diffusiondb,ea71e1f7-05f6-4d24-bc88-185aab075fab.png,diffusiondb:ea71e1f7-05f6-4d24-bc88-185aab075fab.png,5,0.9910334944725037,0.9653646945953369,0.860198974609375,0.9991720696090874,0.8939693352076168,0.73,0.5,synthetic,level2_synthetic,False,True
514,diffusiondb:7de7f640-0767-4e2c-a617-da1a37e7ee82.png,synthetic,poloclub/diffusiondb,7de7f640-0767-4e2c-a617-da1a37e7ee82.png,diffusiondb:7de7f640-0767-4e2c-a617-da1a37e7ee82.png,4,0.9999998807907104,0.6944860219955444,0.20972061157226562,0.8969311649097779,0.5589035150990248,0.73,0.5,synthetic,level2_synthetic,False,True
515,diffusiondb:f7ae7aa2-8860-4442-8281-c25115ae51d5.png,synthetic,poloclub/diffusiondb,f7ae7aa2-8860-4442-8281-c25115ae51d5.png,diffusiondb:f7ae7aa2-8860-4442-8281-c25115ae51d5.png,3,0.9952894449234009,0.9976170063018799,0.9881324768066406,0.9996343248603665,0.9359604412192656,0.73,0.5,synthetic,level2_synthetic,False,True
516,cocoglide:000000269196:edited,edited,nebula/CocoGlide,000000269196,cocoglide:000000269196,5,0.991384744644165,0.9793524742126465,0.4985255595511191,0.9955350787338996,0.5241731446904566,0.73,0.5,synthetic,level2_synthetic,False,False
517,cocoglide:000000347664:edited,edited,nebula/CocoGlide,000000347664,cocoglide:000000347664,4,0.9929975271224976,0.21791373193264008,0.0038536952073904146,0.08298219105293494,0.8618071461192234,0.73,0.5,real,level1_real,False,False
518,diffusiondb:c816dc59-f8f7-4d76-8844-ed96960732c0.png,synthetic,poloclub/diffusiondb,c816dc59-f8f7-4d76-8844-ed96960732c0.png,diffusiondb:c816dc59-f8f7-4d76-8844-ed96960732c0.png,1,0.99369215965271,0.9907436370849609,0.21641031901041666,0.9900337681255288,0.18645273649001118,0.73,0.5,edited,level2_edited,False,False
519,cocoglide:000000211069:edited,edited,nebula/CocoGlide,000000211069,cocoglide:000000211069,5,0.9961340427398682,0.8401183485984802,0.045518747287494575,0.8986768921277374,0.1886554352654161,0.73,0.5,edited,level2_edited,False,True
520,diffusiondb:df8544ea-e9b1-489f-ace4-6f2d706d8ea3.png,synthetic,poloclub/diffusiondb,df8544ea-e9b1-489f-ace4-6f2d706d8ea3.png,diffusiondb:df8544ea-e9b1-489f-ace4-6f2d706d8ea3.png,3,0.9947304725646973,0.9190526604652405,0.6740226745605469,0.9970613086969699,0.807886808419701,0.73,0.5,synthetic,level2_synthetic,False,True
521,diffusiondb:9e6b2214-3021-4bcf-8c12-a1f5e88ccd4a.png,synthetic,poloclub/diffusiondb,9e6b2214-3021-4bcf-8c12-a1f5e88ccd4a.png,diffusiondb:9e6b2214-3021-4bcf-8c12-a1f5e88ccd4a.png,4,0.9937917590141296,0.9621295928955078,0.71806640625,0.9982332547826424,0.8237734321683129,0.73,0.5,synthetic,level2_synthetic,False,True
522,cocoglide:000000095786:real,real,nebula/CocoGlide,000000095786,cocoglide:000000095786,4,0.9949855804443359,0.9118410348892212,0.06590516306032612,0.9626130702597591,0.13740040135302714,0.73,0.5,edited,level2_edited,False,False
523,diffusiondb:a0175cba-0842-4f40-8e20-86b7819ca194.png,synthetic,poloclub/diffusiondb,a0175cba-0842-4f40-8e20-86b7819ca194.png,diffusiondb:a0175cba-0842-4f40-8e20-86b7819ca194.png,5,0.9934813976287842,0.8630167245864868,0.086395263671875,0.9269795842544459,0.20056408295596048,0.73,0.5,edited,level2_edited,False,False
524,diffusiondb:a1c5d57f-f0d3-4a03-b24e-04e0ebbd7496.png,synthetic,poloclub/diffusiondb,a1c5d57f-f0d3-4a03-b24e-04e0ebbd7496.png,diffusiondb:a1c5d57f-f0d3-4a03-b24e-04e0ebbd7496.png,1,0.9910394549369812,0.936959981918335,0.4947052001953125,0.9949994376628909,0.5870244912819604,0.73,0.5,synthetic,level2_synthetic,False,True
525,cocoglide:000000070774:real,real,nebula/CocoGlide,000000070774,cocoglide:000000070774,3,0.0018693569581955671,0.03080715797841549,0.0,0.002071625873784981,0.950118188199225,0.73,0.5,real,level1_real,False,True
526,cocoglide:000000238866:edited,edited,nebula/CocoGlide,000000238866,cocoglide:000000238866,4,0.9071391820907593,0.8640961050987244,0.20830588536177072,0.9651276013388824,0.2991855821957302,0.73,0.5,edited,level2_edited,False,True
527,cocoglide:000000161820:real,real,nebula/CocoGlide,000000161820,cocoglide:000000161820,3,0.9962714910507202,0.1819184124469757,0.0,0.060585974704877275,0.8767253693231578,0.73,0.5,real,level1_real,False,True
528,cocoglide:000000548506:real,real,nebula/CocoGlide,000000548506,cocoglide:000000548506,2,0.994998574256897,0.13382485508918762,0.0002528442556885114,0.04672308907719147,0.8871954689928125,0.73,0.5,real,level1_real,False,True
529,cocoglide:000000263860:real,real,nebula/CocoGlide,000000263860,cocoglide:000000263860,3,0.9929466843605042,0.14102061092853546,0.0,0.045487491174922914,0.899559635333032,0.73,0.5,real,level1_real,False,True
530,cocoglide:000000550322:edited,edited,nebula/CocoGlide,000000550322,cocoglide:000000550322,4,0.9958382844924927,0.7977900505065918,0.07235705096410193,0.9160983964375982,0.24244791955960915,0.73,0.5,edited,level2_edited,False,True
531,diffusiondb:12253723-b840-4179-b119-b23d9b94968e.png,synthetic,poloclub/diffusiondb,12253723-b840-4179-b119-b23d9b94968e.png,diffusiondb:12253723-b840-4179-b119-b23d9b94968e.png,3,0.9939472675323486,0.9879083037376404,0.9430287679036459,0.9995107465194715,0.9237566073393525,0.73,0.5,synthetic,level2_synthetic,False,True
532,cocoglide:000000365385:real,real,nebula/CocoGlide,000000365385,cocoglide:000000365385,3,0.9927613735198975,0.3859673738479614,0.0,0.21771429745943008,0.6929988506106015,0.73,0.5,real,level1_real,False,True
533,cocoglide:000000347664:real,real,nebula/CocoGlide,000000347664,cocoglide:000000347664,4,0.9932398796081543,0.010089999996125698,0.0,0.017421287840864434,0.9531378382759385,0.73,0.5,real,level1_real,False,True
534,cocoglide:000000140929:edited,edited,nebula/CocoGlide,000000140929,cocoglide:000000140929,4,0.9666519165039062,0.9809837937355042,0.4277853555707111,0.9947086005305562,0.442779344168957,0.73,0.5,edited,level2_edited,False,True
535,cocoglide:000000416885:edited,edited,nebula/CocoGlide,000000416885,cocoglide:000000416885,4,0.9958957433700562,0.9853288531303406,0.1899703174406349,0.9870590560785099,0.1731865458937728,0.73,0.5,edited,level2_edited,False,True
536,diffusiondb:b8f4a475-bc67-4949-8856-d19366f2485f.png,synthetic,poloclub/diffusiondb,b8f4a475-bc67-4949-8856-d19366f2485f.png,diffusiondb:b8f4a475-bc67-4949-8856-d19366f2485f.png,3,0.9947435855865479,0.9985722303390503,0.83502197265625,0.999237796145776,0.8646008324127661,0.73,0.5,synthetic,level2_synthetic,False,True
537,diffusiondb:e2af2334-a1bd-4a78-9028-5792a1ef4183.png,synthetic,poloclub/diffusiondb,e2af2334-a1bd-4a78-9028-5792a1ef4183.png,diffusiondb:e2af2334-a1bd-4a78-9028-5792a1ef4183.png,3,0.9939396381378174,0.5616915225982666,0.03284454345703125,0.5371586461720991,0.5004489816007399,0.73,0.5,,level1_inconclusive,True,False
538,diffusiondb:51e0bcf9-dbd3-4e6b-898c-1a3a42a5199f.png,synthetic,poloclub/diffusiondb,51e0bcf9-dbd3-4e6b-898c-1a3a42a5199f.png,diffusiondb:51e0bcf9-dbd3-4e6b-898c-1a3a42a5199f.png,2,0.9925091862678528,0.8802242875099182,0.9626007080078125,0.9989912233601413,0.9711641052725646,0.73,0.5,synthetic,level2_synthetic,False,True
539,cocoglide:000000057027:real,real,nebula/CocoGlide,000000057027,cocoglide:000000057027,3,0.9952802658081055,0.03641200065612793,0.0,0.022051030895373764,0.9416186246094377,0.73,0.5,real,level1_real,False,True
540,cocoglide:000000572956:edited,edited,nebula/CocoGlide,000000572956,cocoglide:000000572956,3,0.9923496842384338,0.9927099347114563,0.6814084878169756,0.9983207791306967,0.7430565099615579,0.73,0.5,synthetic,level2_synthetic,False,False
541,diffusiondb:1c6bd966-3f8f-431e-bb07-7bb50ea19e21.png,synthetic,poloclub/diffusiondb,1c6bd966-3f8f-431e-bb07-7bb50ea19e21.png,diffusiondb:1c6bd966-3f8f-431e-bb07-7bb50ea19e21.png,1,0.9950291514396667,0.9640246629714966,0.4406585693359375,0.9950230933094213,0.4766522700975887,0.73,0.5,edited,level2_edited,False,False
542,diffusiondb:ec8f5dec-ebab-4690-8676-613d079ee379.png,synthetic,poloclub/diffusiondb,ec8f5dec-ebab-4690-8676-613d079ee379.png,diffusiondb:ec8f5dec-ebab-4690-8676-613d079ee379.png,2,0.9912812113761902,0.9893019795417786,0.7592201232910156,0.9988130077688727,0.8471862200064093,0.73,0.5,synthetic,level2_synthetic,False,True
543,cocoglide:000000384513:real,real,nebula/CocoGlide,000000384513,cocoglide:000000384513,5,0.9958555102348328,0.0070336018688976765,0.0,0.017923893186774866,0.9731538702855324,0.73,0.5,real,level1_real,False,True
544,cocoglide:000000526103:real,real,nebula/CocoGlide,000000526103,cocoglide:000000526103,3,0.9939179420471191,0.021238168701529503,0.0,0.019749862555081755,0.9461482112389742,0.73,0.5,real,level1_real,False,True
545,cocoglide:000000131938:edited,edited,nebula/CocoGlide,000000131938,cocoglide:000000131938,2,0.9945560693740845,0.8930923938751221,0.05456107787215574,0.939686121864119,0.13252227458213728,0.73,0.5,edited,level2_edited,False,True
546,cocoglide:000000088218:edited,edited,nebula/CocoGlide,000000088218,cocoglide:000000088218,1,0.9852880835533142,0.9627783298492432,0.0632750015500031,0.9767605641145285,0.10312010147759303,0.73,0.5,edited,level2_edited,False,True
547,cocoglide:000000159282:real,real,nebula/CocoGlide,000000159282,cocoglide:000000159282,3,0.9931043982505798,0.01828613504767418,0.0,0.019305805230914817,0.9469937955075481,0.73,0.5,real,level1_real,False,True
548,diffusiondb:2e69279f-6703-49a4-90bd-177cd44c8c66.png,synthetic,poloclub/diffusiondb,2e69279f-6703-49a4-90bd-177cd44c8c66.png,diffusiondb:2e69279f-6703-49a4-90bd-177cd44c8c66.png,2,0.993522584438324,0.9863811135292053,0.9467735290527344,0.9994978433843302,0.9441939034151231,0.73,0.5,synthetic,level2_synthetic,False,True
549,diffusiondb:c1183b67-0eee-4f8a-8589-76ac333cee69.png,synthetic,poloclub/diffusiondb,c1183b67-0eee-4f8a-8589-76ac333cee69.png,diffusiondb:c1183b67-0eee-4f8a-8589-76ac333cee69.png,2,0.9684767723083496,0.982700765132904,0.7542800903320312,0.998667065094391,0.8484478337900903,0.73,0.5,synthetic,level2_synthetic,False,True
550,diffusiondb:376f7106-d755-4eaf-b1fa-40fb415114c0.png,synthetic,poloclub/diffusiondb,376f7106-d755-4eaf-b1fa-40fb415114c0.png,diffusiondb:376f7106-d755-4eaf-b1fa-40fb415114c0.png,5,0.9958010315895081,0.9835761189460754,0.5709177652994791,0.9970055914742723,0.6122675329831438,0.73,0.5,synthetic,level2_synthetic,False,True
551,cocoglide:000000248980:real,real,nebula/CocoGlide,000000248980,cocoglide:000000248980,5,0.9957892298698425,0.0023766320664435625,0.0,0.0173435444407389,0.9739172694796103,0.73,0.5,real,level1_real,False,True
552,cocoglide:000000293858:real,real,nebula/CocoGlide,000000293858,cocoglide:000000293858,2,0.9950571060180664,0.019731895998120308,0.0,0.02094962767119964,0.9370861790978992,0.73,0.5,real,level1_real,False,True
553,cocoglide:000000209972:real,real,nebula/CocoGlide,000000209972,cocoglide:000000209972,5,0.9823618531227112,0.06657566875219345,6.2000124000248e-05,0.0261985169311357,0.9615922294967674,0.73,0.5,real,level1_real,False,True
554,cocoglide:000000100582:real,real,nebula/CocoGlide,000000100582,cocoglide:000000100582,1,0.995870053768158,0.15583951771259308,0.0,0.05645819312440027,0.8705650747160413,0.73,0.5,real,level1_real,False,True
555,cocoglide:000000214200:edited,edited,nebula/CocoGlide,000000214200,cocoglide:000000214200,2,0.9945709109306335,0.9800922870635986,0.24571424142848286,0.9862346506174644,0.2233418204707875,0.73,0.5,edited,level2_edited,False,True
556,cocoglide:000000129135:edited,edited,nebula/CocoGlide,000000129135,cocoglide:000000129135,1,0.9987714886665344,0.9812669157981873,0.3371789556079112,0.9934743258233766,0.31935135626232797,0.73,0.5,edited,level2_edited,False,True
557,cocoglide:000000095843:real,real,nebula/CocoGlide,000000095843,cocoglide:000000095843,2,0.9888339638710022,0.004763063974678516,0.0,0.018608268392789198,0.9418846579456144,0.73,0.5,real,level1_real,False,True
558,diffusiondb:887b30f1-2030-4dea-a678-3793ed39ad08.png,synthetic,poloclub/diffusiondb,887b30f1-2030-4dea-a678-3793ed39ad08.png,diffusiondb:887b30f1-2030-4dea-a678-3793ed39ad08.png,2,0.9949626922607422,0.9914383292198181,0.9998588562011719,0.9996234417967145,0.9573515819032675,0.73,0.5,synthetic,level2_synthetic,False,True
559,cocoglide:000000066841:edited,edited,nebula/CocoGlide,000000066841,cocoglide:000000066841,2,0.9954160451889038,0.993109405040741,0.2866013857027714,0.9896379732788274,0.2535649067265072,0.73,0.5,edited,level2_edited,False,True
560,cocoglide:000000405205:edited,edited,nebula/CocoGlide,000000405205,cocoglide:000000405205,3,0.9912816286087036,0.9994858503341675,0.7400354175708351,0.9987919993437445,0.7923196645906471,0.73,0.5,synthetic,level2_synthetic,False,False
561,diffusiondb:02d5089e-1d29-4018-9f7e-294c437257a4.png,synthetic,poloclub/diffusiondb,02d5089e-1d29-4018-9f7e-294c437257a4.png,diffusiondb:02d5089e-1d29-4018-9f7e-294c437257a4.png,4,0.9898782968521118,0.995977520942688,0.999755859375,0.9995734779262408,0.9492083447215615,0.73,0.5,synthetic,level2_synthetic,False,True
562,cocoglide:000000357941:edited,edited,nebula/CocoGlide,000000357941,cocoglide:000000357941,5,0.9941845536231995,0.9994109869003296,0.33300847851695703,0.9913317765394544,0.2843563347446574,0.73,0.5,edited,level2_edited,False,True
563,cocoglide:000000537802:edited,edited,nebula/CocoGlide,000000537802,cocoglide:000000537802,2,0.9953655004501343,0.9988555908203125,0.4482599277698555,0.9953085260712142,0.4590415184279238,0.73,0.5,edited,level2_edited,False,True
564,cocoglide:000000572956:real,real,nebula/CocoGlide,000000572956,cocoglide:000000572956,3,0.9942623972892761,0.008897906169295311,0.0,0.018114249644537585,0.9495760414213691,0.73,0.5,real,level1_real,False,True
565,cocoglide:000000210030:real,real,nebula/CocoGlide,000000210030,cocoglide:000000210030,2,0.9960421323776245,0.016836276277899742,0.0,0.020562255319580735,0.9380328652223918,0.73,0.5,real,level1_real,False,True
566,cocoglide:000000561335:edited,edited,nebula/CocoGlide,000000561335,cocoglide:000000561335,2,0.9958102703094482,0.9953992366790771,0.16196660518321038,0.9818954166530383,0.13904625243843527,0.73,0.5,edited,level2_edited,False,True
567,diffusiondb:a6a3b073-4e52-470f-af00-94c0fd97fff7.png,synthetic,poloclub/diffusiondb,a6a3b073-4e52-470f-af00-94c0fd97fff7.png,diffusiondb:a6a3b073-4e52-470f-af00-94c0fd97fff7.png,4,0.9954615235328674,0.43977081775665283,0.000797271728515625,0.3345680840486906,0.6296885602464621,0.73,0.5,,level1_inconclusive,True,False
568,cocoglide:000000338191:real,real,nebula/CocoGlide,000000338191,cocoglide:000000338191,1,0.9940018057823181,0.07464599609375,0.0,0.030535860846135687,0.9129508264112695,0.73,0.5,real,level1_real,False,True
569,diffusiondb:6acdfa4b-2804-4bec-8500-fa724872efe7.png,synthetic,poloclub/diffusiondb,6acdfa4b-2804-4bec-8500-fa724872efe7.png,diffusiondb:6acdfa4b-2804-4bec-8500-fa724872efe7.png,4,0.9959174990653992,0.9582414627075195,0.6002553304036459,0.9970484409255014,0.711688745604038,0.73,0.5,synthetic,level2_synthetic,False,True
570,cocoglide:000000127182:real,real,nebula/CocoGlide,000000127182,cocoglide:000000127182,2,0.9901883006095886,0.7185520529747009,0.056503425506851016,0.8145984324272191,0.2915403036041678,0.73,0.5,edited,level2_edited,False,False
571,cocoglide:000000524108:edited,edited,nebula/CocoGlide,000000524108,cocoglide:000000524108,3,0.993527352809906,0.9920225739479065,0.8314071315642632,0.999184572672993,0.8666471326083445,0.73,0.5,synthetic,level2_synthetic,False,False
572,cocoglide:000000076417:real,real,nebula/CocoGlide,000000076417,cocoglide:000000076417,1,0.9946607947349548,0.02095620706677437,0.0,0.020291102023911326,0.9336460086031781,0.73,0.5,real,level1_real,False,True
573,cocoglide:000000304984:edited,edited,nebula/CocoGlide,000000304984,cocoglide:000000304984,2,0.9899204969406128,0.5784809589385986,0.018610693471386944,0.5710451224186748,0.419650084899665,0.73,0.5,,level1_inconclusive,True,False
574,cocoglide:000000516871:edited,edited,nebula/CocoGlide,000000516871,cocoglide:000000516871,3,0.991817057132721,0.7272802591323853,0.11045515841031682,0.8471626395576216,0.37459305339439547,0.73,0.5,edited,level2_edited,False,True
575,cocoglide:000000269932:real,real,nebula/CocoGlide,000000269932,cocoglide:000000269932,3,0.9940230250358582,0.06325831264257431,0.0,0.026555532665434586,0.9327502141157457,0.73,0.5,real,level1_real,False,True
576,cocoglide:000000293474:edited,edited,nebula/CocoGlide,000000293474,cocoglide:000000293474,1,0.9944072961807251,0.9301947355270386,0.05193769762539525,0.9695769774091194,0.11441073674038002,0.73,0.5,edited,level2_edited,False,True
577,cocoglide:000000364322:real,real,nebula/CocoGlide,000000364322,cocoglide:000000364322,3,0.9962878227233887,0.033855702728033066,0.0,0.02170770170744784,0.9423968748627352,0.73,0.5,real,level1_real,False,True
578,cocoglide:000000105014:edited,edited,nebula/CocoGlide,000000105014,cocoglide:000000105014,3,0.9954383969306946,0.9537100791931152,0.026904178808357618,0.9502033886479984,0.09656267182140327,0.73,0.5,edited,level2_edited,False,True
579,diffusiondb:3396999c-6c0f-4b9f-a41a-d375ff119e36.png,synthetic,poloclub/diffusiondb,3396999c-6c0f-4b9f-a41a-d375ff119e36.png,diffusiondb:3396999c-6c0f-4b9f-a41a-d375ff119e36.png,4,0.9938021898269653,0.8734589219093323,0.3555183410644531,0.9844366398268847,0.5036300663597353,0.73,0.5,synthetic,level2_synthetic,False,True
580,diffusiondb:ae2ce43e-5c64-4971-8ac3-df87b2c993aa.png,synthetic,poloclub/diffusiondb,ae2ce43e-5c64-4971-8ac3-df87b2c993aa.png,diffusiondb:ae2ce43e-5c64-4971-8ac3-df87b2c993aa.png,5,0.9950863718986511,0.7546046376228333,0.39002227783203125,0.9634794818576119,0.7188872895628712,0.73,0.5,synthetic,level2_synthetic,False,True
581,cocoglide:000000433192:edited,edited,nebula/CocoGlide,000000433192,cocoglide:000000433192,5,0.9941256046295166,0.9844445586204529,0.04925231725463451,0.9618721646270251,0.08669770283237566,0.73,0.5,edited,level2_edited,False,True
582,cocoglide:000000043581:real,real,nebula/CocoGlide,000000043581,cocoglide:000000043581,3,0.9812937378883362,0.3512546420097351,0.0,0.174184581534881,0.7332243195835646,0.73,0.5,real,level1_real,False,True
583,cocoglide:000000049269:real,real,nebula/CocoGlide,000000049269,cocoglide:000000049269,3,0.9955638647079468,0.02190529555082321,0.0,0.019918853713378766,0.9459452208900666,0.73,0.5,real,level1_real,False,True
584,cocoglide:000000010363:edited,edited,nebula/CocoGlide,000000010363,cocoglide:000000010363,1,0.9954836368560791,0.9988543391227722,0.48355737336474675,0.9968130110749617,0.48797966034761964,0.73,0.5,edited,level2_edited,False,True
585,cocoglide:000000357941:real,real,nebula/CocoGlide,000000357941,cocoglide:000000357941,5,0.9951135516166687,0.012129409238696098,0.0,0.01853872028840645,0.9723065545731974,0.73,0.5,real,level1_real,False,True
586,cocoglide:000000296969:real,real,nebula/CocoGlide,000000296969,cocoglide:000000296969,2,0.9961739182472229,0.23081324994564056,0.0,0.09022512332431394,0.8200537795630857,0.73,0.5,real,level1_real,False,True
587,diffusiondb:8fecb1ae-9b89-4f6d-a625-4cfd5f83e542.png,synthetic,poloclub/diffusiondb,8fecb1ae-9b89-4f6d-a625-4cfd5f83e542.png,diffusiondb:8fecb1ae-9b89-4f6d-a625-4cfd5f83e542.png,4,0.9942141175270081,0.9615390300750732,0.9908203125,0.9994258954056634,0.9561272573613734,0.73,0.5,synthetic,level2_synthetic,False,True
588,cocoglide:000000346707:real,real,nebula/CocoGlide,000000346707,cocoglide:000000346707,3,0.9950119256973267,0.3814646303653717,0.004704259408518817,0.2169682873817105,0.7035966775886672,0.73,0.5,real,level1_real,False,True
589,cocoglide:000000242287:real,real,nebula/CocoGlide,000000242287,cocoglide:000000242287,5,0.9961538910865784,0.2308732271194458,0.0,0.08307488990986829,0.8973227292143707,0.73,0.5,real,level1_real,False,True
590,cocoglide:000000056344:edited,edited,nebula/CocoGlide,000000056344,cocoglide:000000056344,3,0.993884265422821,0.9991021752357483,0.24832987165974332,0.9871694375719271,0.21393241320394105,0.73,0.5,edited,level2_edited,False,True
591,cocoglide:000000017178:edited,edited,nebula/CocoGlide,000000017178,cocoglide:000000017178,5,0.9957706332206726,0.7249763011932373,0.030418810837621674,0.7829769069886331,0.3082913208185884,0.73,0.5,edited,level2_edited,False,True
592,cocoglide:000000438226:real,real,nebula/CocoGlide,000000438226,cocoglide:000000438226,2,0.9960188269615173,0.002941575599834323,0.0,0.018626429885121656,0.9424123603014332,0.73,0.5,real,level1_real,False,True
593,diffusiondb:73bd6af8-762f-45c4-beca-e6beab873d44.png,synthetic,poloclub/diffusiondb,73bd6af8-762f-45c4-beca-e6beab873d44.png,diffusiondb:73bd6af8-762f-45c4-beca-e6beab873d44.png,4,0.9957785606384277,0.900017499923706,0.4145355224609375,0.9900588414932149,0.5486090530180349,0.73,0.5,synthetic,level2_synthetic,False,True
594,cocoglide:000000446522:edited,edited,nebula/CocoGlide,000000446522,cocoglide:000000446522,3,0.9947271943092346,0.9981874823570251,0.2179749984499969,0.9851033467896625,0.18854981265312604,0.73,0.5,edited,level2_edited,False,True
595,diffusiondb:d2bed9ff-0126-4529-be05-f89c3b372b5a.png,synthetic,poloclub/diffusiondb,d2bed9ff-0126-4529-be05-f89c3b372b5a.png,diffusiondb:d2bed9ff-0126-4529-be05-f89c3b372b5a.png,2,0.9951158761978149,0.8730063438415527,0.1415496826171875,0.952954733333428,0.22162452745838435,0.73,0.5,edited,level2_edited,False,False
596,cocoglide:000000088265:edited,edited,nebula/CocoGlide,000000088265,cocoglide:000000088265,3,0.9956448078155518,0.8807787895202637,0.04523780922561845,0.9250005705300658,0.15094853297104638,0.73,0.5,edited,level2_edited,False,True
597,cocoglide:000000350388:real,real,nebula/CocoGlide,000000350388,cocoglide:000000350388,4,0.9955463409423828,0.040623247623443604,0.0,0.02206495387151709,0.944702424616236,0.73,0.5,real,level1_real,False,True
598,cocoglide:000000140929:real,real,nebula/CocoGlide,000000140929,cocoglide:000000140929,4,0.987869918346405,0.6998270153999329,0.018573880897761796,0.801156813855403,0.2925293398722149,0.73,0.5,edited,level2_edited,False,False
599,diffusiondb:40de94aa-908a-4c9d-817e-e2a686c76b36.png,synthetic,poloclub/diffusiondb,40de94aa-908a-4c9d-817e-e2a686c76b36.png,diffusiondb:40de94aa-908a-4c9d-817e-e2a686c76b36.png,1,0.9945293068885803,0.8550938963890076,0.5777726606889204,0.993280488362661,0.7784847778131785,0.73,0.5,synthetic,level2_synthetic,False,True
600,cocoglide:000000428280:real,real,nebula/CocoGlide,000000428280,cocoglide:000000428280,5,0.9938297867774963,0.0058251917362213135,0.0,0.017672367661586832,0.9733846775260636,0.73,0.5,real,level1_real,False,True
601,cocoglide:000000272416:real,real,nebula/CocoGlide,000000272416,cocoglide:000000272416,3,0.9952545166015625,0.005990282632410526,0.0,0.017786175908685444,0.9503472783774937,0.73,0.5,real,level1_real,False,True
602,diffusiondb:16ddc700-a21e-4b31-b547-a0c3ed783bfc.png,synthetic,poloclub/diffusiondb,16ddc700-a21e-4b31-b547-a0c3ed783bfc.png,diffusiondb:16ddc700-a21e-4b31-b547-a0c3ed783bfc.png,3,0.992175281047821,0.6964707970619202,0.16603851318359375,0.8532282990439848,0.4898544513976554,0.73,0.5,edited,level2_edited,False,False
603,diffusiondb:8d4d8cca-e97d-411c-88ca-120be03a1ff5.png,synthetic,poloclub/diffusiondb,8d4d8cca-e97d-411c-88ca-120be03a1ff5.png,diffusiondb:8d4d8cca-e97d-411c-88ca-120be03a1ff5.png,3,0.9933075308799744,0.7013879418373108,0.10608577728271484,0.8188117027844242,0.40358239845793964,0.73,0.5,edited,level2_edited,False,False
604,cocoglide:000000143998:real,real,nebula/CocoGlide,000000143998,cocoglide:000000143998,1,0.9959081411361694,0.1673516035079956,0.0,0.061469945585206194,0.8632986145540656,0.73,0.5,real,level1_real,False,True
605,diffusiondb:22a5d315-f615-4637-970b-f94b3cadd668.png,synthetic,poloclub/diffusiondb,22a5d315-f615-4637-970b-f94b3cadd668.png,diffusiondb:22a5d315-f615-4637-970b-f94b3cadd668.png,4,0.9930588006973267,0.9668763279914856,0.4897935655381944,0.9956250910405126,0.5569232310814938,0.73,0.5,synthetic,level2_synthetic,False,True
606,diffusiondb:e9f69fdc-d568-43ab-ac6a-09eeb1e3641c.png,synthetic,poloclub/diffusiondb,e9f69fdc-d568-43ab-ac6a-09eeb1e3641c.png,diffusiondb:e9f69fdc-d568-43ab-ac6a-09eeb1e3641c.png,4,0.9944175481796265,0.706932783126831,0.0956390380859375,0.8555349235435661,0.38142076361205085,0.73,0.5,edited,level2_edited,False,False
607,cocoglide:000000423971:real,real,nebula/CocoGlide,000000423971,cocoglide:000000423971,2,0.9895301461219788,0.06017638370394707,0.0,0.027599411779934677,0.9223361513358004,0.73,0.5,real,level1_real,False,True
608,cocoglide:000000290592:edited,edited,nebula/CocoGlide,000000290592,cocoglide:000000290592,5,0.9959210157394409,0.9729093909263611,0.3495596053692107,0.9904025593671153,0.3392785804097656,0.73,0.5,edited,level2_edited,False,True
609,diffusiondb:119befe7-cb3b-4e98-9cb4-3075c3d5228a.png,synthetic,poloclub/diffusiondb,119befe7-cb3b-4e98-9cb4-3075c3d5228a.png,diffusiondb:119befe7-cb3b-4e98-9cb4-3075c3d5228a.png,1,0.9912949204444885,0.9995635151863098,1.0,0.9996004463263738,0.9420444829808965,0.73,0.5,synthetic,level2_synthetic,False,True
610,diffusiondb:0d2c4d30-89c7-4f50-adda-07c28be7a2a1.png,synthetic,poloclub/diffusiondb,0d2c4d30-89c7-4f50-adda-07c28be7a2a1.png,diffusiondb:0d2c4d30-89c7-4f50-adda-07c28be7a2a1.png,5,0.9948595762252808,0.867716372013092,0.5084228515625,0.9906888306231487,0.7021138645838623,0.73,0.5,synthetic,level2_synthetic,False,True
611,cocoglide:000000384513:edited,edited,nebula/CocoGlide,000000384513,cocoglide:000000384513,5,0.9957535266876221,0.647438108921051,0.01804494233988468,0.6608511168992746,0.40565345588407786,0.73,0.5,,level1_inconclusive,True,False
612,diffusiondb:3b8b0ffb-42d9-41db-864d-fae31c020ac5.png,synthetic,poloclub/diffusiondb,3b8b0ffb-42d9-41db-864d-fae31c020ac5.png,diffusiondb:3b8b0ffb-42d9-41db-864d-fae31c020ac5.png,5,0.9875801801681519,0.995100736618042,0.943695068359375,0.9995527269990989,0.9163906775008706,0.73,0.5,synthetic,level2_synthetic,False,True
613,cocoglide:000000530052:edited,edited,nebula/CocoGlide,000000530052,cocoglide:000000530052,1,0.9953604340553284,0.9954627752304077,0.4648333359166718,0.9964701627879426,0.4669169081197339,0.73,0.5,edited,level2_edited,False,True
614,diffusiondb:b48d5887-46e1-449d-9a55-384558cc521c.png,synthetic,poloclub/diffusiondb,b48d5887-46e1-449d-9a55-384558cc521c.png,diffusiondb:b48d5887-46e1-449d-9a55-384558cc521c.png,3,0.9937375783920288,0.9773462414741516,0.6046981811523438,0.9972933273909612,0.6761145318530586,0.73,0.5,synthetic,level2_synthetic,False,True
615,cocoglide:000000222863:real,real,nebula/CocoGlide,000000222863,cocoglide:000000222863,1,0.9953665733337402,0.03341630846261978,0.0,0.022368731038690044,0.9292974006425861,0.73,0.5,real,level1_real,False,True
616,diffusiondb:9dae742d-4ad2-491d-bbdf-d37bf3af9dad.png,synthetic,poloclub/diffusiondb,9dae742d-4ad2-491d-bbdf-d37bf3af9dad.png,diffusiondb:9dae742d-4ad2-491d-bbdf-d37bf3af9dad.png,4,0.9954438209533691,0.9964039325714111,1.0,0.9995792359044097,0.9494371727759355,0.73,0.5,synthetic,level2_synthetic,False,True
617,cocoglide:000000504439:real,real,nebula/CocoGlide,000000504439,cocoglide:000000504439,4,0.5462208390235901,0.27033743262290955,4.456258912517825e-05,0.05977494869108906,0.7379984297029282,0.73,0.5,real,level1_real,False,True
618,diffusiondb:5df6404f-9330-4c6c-8bd4-9081743a9f4b.png,synthetic,poloclub/diffusiondb,5df6404f-9330-4c6c-8bd4-9081743a9f4b.png,diffusiondb:5df6404f-9330-4c6c-8bd4-9081743a9f4b.png,4,0.9944157600402832,0.9214524626731873,0.2919349670410156,0.9860437735226389,0.349607747342696,0.73,0.5,edited,level2_edited,False,False
619,cocoglide:000000567825:edited,edited,nebula/CocoGlide,000000567825,cocoglide:000000567825,1,0.9918547868728638,0.9990938901901245,0.12879847634695268,0.9866837167940058,0.11910373326055664,0.73,0.5,edited,level2_edited,False,True
620,cocoglide:000000079408:edited,edited,nebula/CocoGlide,000000079408,cocoglide:000000079408,4,0.9773470759391785,0.9558365345001221,0.41126038502077006,0.9932432062113737,0.45858491553030933,0.73,0.5,edited,level2_edited,False,True
621,cocoglide:000000435299:edited,edited,nebula/CocoGlide,000000435299,cocoglide:000000435299,5,0.9925453066825867,0.9982982277870178,0.5014279403558807,0.9961668377793089,0.4978270907614844,0.73,0.5,edited,level2_edited,False,True
622,cocoglide:000000577584:edited,edited,nebula/CocoGlide,000000577584,cocoglide:000000577584,3,0.9657860398292542,0.9984664916992188,0.18731690588381178,0.9816037589115006,0.16495080891035319,0.73,0.5,edited,level2_edited,False,True
623,cocoglide:000000180798:edited,edited,nebula/CocoGlide,000000180798,cocoglide:000000180798,1,0.9916810393333435,0.8381014466285706,0.12224196323392647,0.9532923219513756,0.23940996028340533,0.73,0.5,edited,level2_edited,False,True
624,cocoglide:000000146363:real,real,nebula/CocoGlide,000000146363,cocoglide:000000146363,5,0.9948278069496155,0.016573263332247734,0.0,0.01911093466871438,0.9715405996310994,0.73,0.5,real,level1_real,False,True
625,diffusiondb:6a296c05-2500-4d0d-bf4f-b6bdd6722272.png,synthetic,poloclub/diffusiondb,6a296c05-2500-4d0d-bf4f-b6bdd6722272.png,diffusiondb:6a296c05-2500-4d0d-bf4f-b6bdd6722272.png,4,0.9936889410018921,0.964299201965332,0.4522842095822704,0.9947966313327973,0.5082727597715132,0.73,0.5,synthetic,level2_synthetic,False,True
626,cocoglide:000000355677:edited,edited,nebula/CocoGlide,000000355677,cocoglide:000000355677,5,0.9997424483299255,0.9080235958099365,0.03706057412114824,0.9331923701558137,0.12587654759141312,0.73,0.5,edited,level2_edited,False,True
627,cocoglide:000000318114:real,real,nebula/CocoGlide,000000318114,cocoglide:000000318114,5,0.9956892132759094,0.0354606956243515,0.0,0.02186776849814467,0.9680117176679023,0.73,0.5,real,level1_real,False,True
628,cocoglide:000000147518:real,real,nebula/CocoGlide,000000147518,cocoglide:000000147518,5,0.9924599528312683,0.022298725321888924,0.0,0.019763627731023935,0.9705570431125673,0.73,0.5,real,level1_real,False,True
629,cocoglide:000000471869:real,real,nebula/CocoGlide,000000471869,cocoglide:000000471869,4,0.9956329464912415,0.04957636818289757,0.0,0.023620004071473483,0.9419353754439844,0.73,0.5,real,level1_real,False,True
630,cocoglide:000000032610:edited,edited,nebula/CocoGlide,000000032610,cocoglide:000000032610,1,0.996141254901886,0.99094557762146,0.2242990110980222,0.990421025031974,0.1929772607151304,0.73,0.5,edited,level2_edited,False,True
631,diffusiondb:bf8b13c9-c67e-406c-b3ed-a7a2e8bb5bd7.png,synthetic,poloclub/diffusiondb,bf8b13c9-c67e-406c-b3ed-a7a2e8bb5bd7.png,diffusiondb:bf8b13c9-c67e-406c-b3ed-a7a2e8bb5bd7.png,3,0.995083212852478,0.5686784982681274,0.03691517223011364,0.5551854777551473,0.4960505683701148,0.73,0.5,,level1_inconclusive,True,False
632,cocoglide:000000156372:edited,edited,nebula/CocoGlide,000000156372,cocoglide:000000156372,2,0.9909261465072632,0.9994736313819885,0.3344722626945254,0.9920018049927386,0.30271220690053924,0.73,0.5,edited,level2_edited,False,True
633,cocoglide:000000164363:real,real,nebula/CocoGlide,000000164363,cocoglide:000000164363,2,0.9948744177818298,0.5423116087913513,0.015961156922313844,0.5052774729467301,0.465754951674279,0.73,0.5,,level1_inconclusive,True,False
634,diffusiondb:1f6dd471-e703-4d50-83f6-f1a39de6170a.png,synthetic,poloclub/diffusiondb,1f6dd471-e703-4d50-83f6-f1a39de6170a.png,diffusiondb:1f6dd471-e703-4d50-83f6-f1a39de6170a.png,2,0.9948186278343201,0.4686511754989624,0.00372314453125,0.3610830320411756,0.550901968478998,0.73,0.5,,level1_inconclusive,True,False
635,diffusiondb:59d29c19-aa5f-4789-a973-9296a846c2f5.png,synthetic,poloclub/diffusiondb,59d29c19-aa5f-4789-a973-9296a846c2f5.png,diffusiondb:59d29c19-aa5f-4789-a973-9296a846c2f5.png,2,0.989730954170227,0.921606719493866,0.7910118103027344,0.9983241177008914,0.9071211697069779,0.73,0.5,synthetic,level2_synthetic,False,True
636,cocoglide:000000015440:real,real,nebula/CocoGlide,000000015440,cocoglide:000000015440,1,0.996024489402771,0.20555703341960907,0.0,0.08122127390163271,0.8366995452536133,0.73,0.5,real,level1_real,False,True
637,diffusiondb:50a3f919-aef7-4320-a078-0ce1538ef398.png,synthetic,poloclub/diffusiondb,50a3f919-aef7-4320-a078-0ce1538ef398.png,diffusiondb:50a3f919-aef7-4320-a078-0ce1538ef398.png,5,0.9937804341316223,0.6636720895767212,0.07308578491210938,0.7407777472848781,0.45318734774451697,0.73,0.5,edited,level2_edited,False,False
638,cocoglide:000000377575:real,real,nebula/CocoGlide,000000377575,cocoglide:000000377575,4,0.9960301518440247,0.05339082330465317,0.0,0.02432881589721684,0.940738552649017,0.73,0.5,real,level1_real,False,True
639,cocoglide:000000452321:real,real,nebula/CocoGlide,000000452321,cocoglide:000000452321,3,0.9934030175209045,0.03296063467860222,0.0,0.02142789576357405,0.9426908009327698,0.73,0.5,real,level1_real,False,True
640,diffusiondb:497044d7-f263-40e5-aac6-8890f7776b71.png,synthetic,poloclub/diffusiondb,497044d7-f263-40e5-aac6-8890f7776b71.png,diffusiondb:497044d7-f263-40e5-aac6-8890f7776b71.png,3,0.9937031865119934,0.9866448640823364,0.5004501342773438,0.995815174021881,0.5308326770459746,0.73,0.5,synthetic,level2_synthetic,False,True
641,cocoglide:000000368684:edited,edited,nebula/CocoGlide,000000368684,cocoglide:000000368684,4,0.9954286813735962,0.9998027682304382,0.22268216411432823,0.9898634088578754,0.1879542312886068,0.73,0.5,edited,level2_edited,False,True
642,cocoglide:000000355677:real,real,nebula/CocoGlide,000000355677,cocoglide:000000355677,5,0.9997288584709167,0.1281789243221283,0.0,0.04205352593211774,0.9436570219108226,0.73,0.5,real,level1_real,False,True
643,diffusiondb:442ab6fd-f893-49ff-8272-8a3285581f16.png,synthetic,poloclub/diffusiondb,442ab6fd-f893-49ff-8272-8a3285581f16.png,diffusiondb:442ab6fd-f893-49ff-8272-8a3285581f16.png,5,0.8043358325958252,0.990807831287384,0.8648773193359375,0.9988554744389622,0.8914229907383492,0.73,0.5,synthetic,level2_synthetic,False,True
644,cocoglide:000000267940:real,real,nebula/CocoGlide,000000267940,cocoglide:000000267940,3,0.990326464176178,0.07963772118091583,0.0,0.029532320138603532,0.9267677207182398,0.73,0.5,real,level1_real,False,True
645,diffusiondb:3d61b427-172e-46db-b641-83c54b33ea83.png,synthetic,poloclub/diffusiondb,3d61b427-172e-46db-b641-83c54b33ea83.png,diffusiondb:3d61b427-172e-46db-b641-83c54b33ea83.png,2,0.9934593439102173,0.9965795874595642,0.8564109802246094,0.9992882575972294,0.9039138126534154,0.73,0.5,synthetic,level2_synthetic,False,True
646,cocoglide:000000228981:edited,edited,nebula/CocoGlide,000000228981,cocoglide:000000228981,2,0.9899348616600037,0.9986711740493774,0.2178519669539339,0.9861697372743905,0.18041709320472699,0.73,0.5,edited,level2_edited,False,True
647,cocoglide:000000530052:real,real,nebula/CocoGlide,000000530052,cocoglide:000000530052,1,0.9950414299964905,0.04450420290231705,0.0,0.024330371395978177,0.9252034324982285,0.73,0.5,real,level1_real,False,True
648,diffusiondb:59b8e170-9898-4be1-84bb-dc460d1c150c.png,synthetic,poloclub/diffusiondb,59b8e170-9898-4be1-84bb-dc460d1c150c.png,diffusiondb:59b8e170-9898-4be1-84bb-dc460d1c150c.png,5,0.9957937002182007,0.9946592450141907,0.7009048461914062,0.9985439049588888,0.7476011840966438,0.73,0.5,synthetic,level2_synthetic,False,True
649,cocoglide:000000116362:edited,edited,nebula/CocoGlide,000000116362,cocoglide:000000116362,1,0.9960318207740784,0.979210376739502,0.1013004526009052,0.9828704622830318,0.11475165883906738,0.73,0.5,edited,level2_edited,False,True
650,diffusiondb:396bf2c4-fe70-4b84-8bee-398259e43cc4.png,synthetic,poloclub/diffusiondb,396bf2c4-fe70-4b84-8bee-398259e43cc4.png,diffusiondb:396bf2c4-fe70-4b84-8bee-398259e43cc4.png,5,0.9946168065071106,0.9351388216018677,0.6006721047794118,0.9963353943633382,0.7161520448350303,0.73,0.5,synthetic,level2_synthetic,False,True
651,diffusiondb:9581811b-b4d0-4347-89df-29b08ee3cb93.png,synthetic,poloclub/diffusiondb,9581811b-b4d0-4347-89df-29b08ee3cb93.png,diffusiondb:9581811b-b4d0-4347-89df-29b08ee3cb93.png,1,0.9924747347831726,0.9569813013076782,0.711639404296875,0.9982208870848086,0.8077436528504601,0.73,0.5,synthetic,level2_synthetic,False,True
652,cocoglide:000000428280:edited,edited,nebula/CocoGlide,000000428280,cocoglide:000000428280,5,0.9928410053253174,0.8626245856285095,0.0599754324508649,0.9172707247835233,0.1791579904054192,0.73,0.5,edited,level2_edited,False,True
653,diffusiondb:008eef62-413c-4243-9f8f-30ad4a2cf79f.png,synthetic,poloclub/diffusiondb,008eef62-413c-4243-9f8f-30ad4a2cf79f.png,diffusiondb:008eef62-413c-4243-9f8f-30ad4a2cf79f.png,2,0.9928250312805176,0.959871232509613,0.8405380249023438,0.9989984779629633,0.9132851551056662,0.73,0.5,synthetic,level2_synthetic,False,True
654,cocoglide:000000377882:edited,edited,nebula/CocoGlide,000000377882,cocoglide:000000377882,3,0.9914877414703369,0.35973459482192993,0.006028543307086614,0.1912467033761601,0.7299447090830073,0.73,0.5,real,level1_real,False,False
655,diffusiondb:e0ec8764-db4a-45e9-a873-a45b9e23906c.png,synthetic,poloclub/diffusiondb,e0ec8764-db4a-45e9-a873-a45b9e23906c.png,diffusiondb:e0ec8764-db4a-45e9-a873-a45b9e23906c.png,3,0.9945639371871948,0.8414379954338074,0.39524078369140625,0.980524232535544,0.592675830621916,0.73,0.5,synthetic,level2_synthetic,False,True
656,diffusiondb:744980f1-b1e5-411a-91cc-b793bc411a30.png,synthetic,poloclub/diffusiondb,744980f1-b1e5-411a-91cc-b793bc411a30.png,diffusiondb:744980f1-b1e5-411a-91cc-b793bc411a30.png,4,0.9951744675636292,0.8933405876159668,0.6753590901692709,0.9964170401309431,0.8457340486274105,0.73,0.5,synthetic,level2_synthetic,False,True
657,diffusiondb:211dccb2-6acc-4d6c-a6b5-29275e1f76bb.png,synthetic,poloclub/diffusiondb,211dccb2-6acc-4d6c-a6b5-29275e1f76bb.png,diffusiondb:211dccb2-6acc-4d6c-a6b5-29275e1f76bb.png,3,0.9960548877716064,0.9577248096466064,0.6515846252441406,0.9975277340315198,0.7498850992790552,0.73,0.5,synthetic,level2_synthetic,False,True
658,cocoglide:000000476787:real,real,nebula/CocoGlide,000000476787,cocoglide:000000476787,3,0.9960307478904724,0.013540365733206272,0.0,0.0187958032333154,0.9482987931488929,0.73,0.5,real,level1_real,False,True
659,cocoglide:000000416330:edited,edited,nebula/CocoGlide,000000416330,cocoglide:000000416330,2,0.9936635494232178,0.9765883684158325,0.2325508401016802,0.9849753308048722,0.21353599766540732,0.73,0.5,edited,level2_edited,False,True
660,cocoglide:000000044652:real,real,nebula/CocoGlide,000000044652,cocoglide:000000044652,3,0.9901440143585205,0.0300800409168005,0.0,0.020839365753209646,0.9435837029573665,0.73,0.5,real,level1_real,False,True
661,cocoglide:000000085911:real,real,nebula/CocoGlide,000000085911,cocoglide:000000085911,5,0.9957731366157532,0.015369035303592682,0.0,0.018999991725866274,0.9717361406194928,0.73,0.5,real,level1_real,False,True
662,cocoglide:000000241319:edited,edited,nebula/CocoGlide,000000241319,cocoglide:000000241319,5,0.9958427548408508,0.37586894631385803,0.0029653496806993614,0.20584500506464423,0.7794679240179576,0.73,0.5,real,level1_real,False,False
663,cocoglide:000000125952:edited,edited,nebula/CocoGlide,000000125952,cocoglide:000000125952,2,0.9949589967727661,0.9989230036735535,0.31418175336350673,0.9912467152430079,0.2787680321007614,0.73,0.5,edited,level2_edited,False,True
664,cocoglide:000000030213:edited,edited,nebula/CocoGlide,000000030213,cocoglide:000000030213,5,0.9956552982330322,0.7242205142974854,0.020668322586645173,0.7736634096178522,0.2982355570760052,0.73,0.5,edited,level2_edited,False,True
665,diffusiondb:4e9c8377-f6fc-46f0-b6e6-f287c030aeaf.png,synthetic,poloclub/diffusiondb,4e9c8377-f6fc-46f0-b6e6-f287c030aeaf.png,diffusiondb:4e9c8377-f6fc-46f0-b6e6-f287c030aeaf.png,3,0.979247510433197,0.8887898325920105,0.2507171630859375,0.9713925154687088,0.33941599047552096,0.73,0.5,edited,level2_edited,False,False
666,diffusiondb:9cd9ccef-194d-457a-8b94-30b59970e8d6.png,synthetic,poloclub/diffusiondb,9cd9ccef-194d-457a-8b94-30b59970e8d6.png,diffusiondb:9cd9ccef-194d-457a-8b94-30b59970e8d6.png,4,0.9951266050338745,0.7154268026351929,0.2173919677734375,0.9129257835940893,0.538300088091254,0.73,0.5,synthetic,level2_synthetic,False,True
667,diffusiondb:2f548cca-d361-4ee4-83ff-f230b0b46674.png,synthetic,poloclub/diffusiondb,2f548cca-d361-4ee4-83ff-f230b0b46674.png,diffusiondb:2f548cca-d361-4ee4-83ff-f230b0b46674.png,3,0.9910944104194641,0.9929074645042419,0.9975433349609375,0.9996349353755901,0.9404593035160971,0.73,0.5,synthetic,level2_synthetic,False,True
668,cocoglide:000000001675:real,real,nebula/CocoGlide,000000001675,cocoglide:000000001675,4,0.9929218888282776,0.19043637812137604,0.0,0.06710507299432628,0.8773681886756103,0.73,0.5,real,level1_real,False,True
669,cocoglide:000000508482:edited,edited,nebula/CocoGlide,000000508482,cocoglide:000000508482,2,0.9950167536735535,0.9903713464736938,0.8403264306528613,0.9991998015969114,0.8986128770402784,0.73,0.5,synthetic,level2_synthetic,False,False
670,cocoglide:000000450439:edited,edited,nebula/CocoGlide,000000450439,cocoglide:000000450439,4,0.9968858361244202,0.9902732372283936,0.17438503627007254,0.9867428472807511,0.1572876301208302,0.73,0.5,edited,level2_edited,False,True
671,cocoglide:000000456394:edited,edited,nebula/CocoGlide,000000456394,cocoglide:000000456394,4,0.9922009706497192,0.9511449337005615,0.182122457994916,0.9825384272685295,0.19571374796314792,0.73,0.5,edited,level2_edited,False,True
672,cocoglide:000000485972:edited,edited,nebula/CocoGlide,000000485972,cocoglide:000000485972,3,0.994805634021759,0.875198483467102,0.030109778969557938,0.9165950896943476,0.1446790245966305,0.73,0.5,edited,level2_edited,False,True
673,cocoglide:000000095843:edited,edited,nebula/CocoGlide,000000095843,cocoglide:000000095843,2,0.9898216724395752,0.9996328353881836,0.5755655573811148,0.9973950775641701,0.6406483418328213,0.73,0.5,synthetic,level2_synthetic,False,False
674,diffusiondb:ad5adde3-7c14-47e8-8de8-644b1a5d0196.png,synthetic,poloclub/diffusiondb,ad5adde3-7c14-47e8-8de8-644b1a5d0196.png,diffusiondb:ad5adde3-7c14-47e8-8de8-644b1a5d0196.png,1,0.9949001669883728,0.7843994498252869,0.5938911437988281,0.9890966691551005,0.8497251353280484,0.73,0.5,synthetic,level2_synthetic,False,True
675,diffusiondb:ac4ebfe6-f4a0-4c9f-83fb-44aebaf1f3d8.png,synthetic,poloclub/diffusiondb,ac4ebfe6-f4a0-4c9f-83fb-44aebaf1f3d8.png,diffusiondb:ac4ebfe6-f4a0-4c9f-83fb-44aebaf1f3d8.png,4,0.9952248334884644,0.4007846415042877,0.001796722412109375,0.27156259564985485,0.6817980192442717,0.73,0.5,,level1_inconclusive,True,False
676,cocoglide:000000161820:edited,edited,nebula/CocoGlide,000000161820,cocoglide:000000161820,3,0.9956220984458923,0.9991981983184814,0.6916966333932668,0.9984867484011353,0.7465410206400936,0.73,0.5,synthetic,level2_synthetic,False,False
677,cocoglide:000000531495:edited,edited,nebula/CocoGlide,000000531495,cocoglide:000000531495,1,0.9999871253967285,0.5040974020957947,0.010134114018228037,0.491674278772709,0.5139915494255746,0.73,0.5,,level1_inconclusive,True,False
678,cocoglide:000000337498:real,real,nebula/CocoGlide,000000337498,cocoglide:000000337498,4,0.9951958060264587,0.14740197360515594,0.0,0.049146807056981615,0.9019750109215808,0.73,0.5,real,level1_real,False,True
679,cocoglide:000000269932:edited,edited,nebula/CocoGlide,000000269932,cocoglide:000000269932,3,0.9940350651741028,0.9924306273460388,0.06495675491350983,0.9679683860509088,0.09541752331324924,0.73,0.5,edited,level2_edited,False,True
680,cocoglide:000000056344:real,real,nebula/CocoGlide,000000056344,cocoglide:000000056344,3,0.993519127368927,0.01577472873032093,0.0,0.01898434165030481,0.9476958395230962,0.73,0.5,real,level1_real,False,True
681,cocoglide:000000010363:real,real,nebula/CocoGlide,000000010363,cocoglide:000000010363,1,0.9959761500358582,0.0034195121843367815,0.0,0.017792146255323302,0.9393550640190154,0.73,0.5,real,level1_real,False,True
682,diffusiondb:31e7bca6-ab1d-4d4d-900a-cc523eb0a184.png,synthetic,poloclub/diffusiondb,31e7bca6-ab1d-4d4d-900a-cc523eb0a184.png,diffusiondb:31e7bca6-ab1d-4d4d-900a-cc523eb0a184.png,3,0.9938812255859375,0.9971665740013123,0.5295333862304688,0.9966283969452602,0.5549126757000116,0.73,0.5,synthetic,level2_synthetic,False,True
683,cocoglide:000000148957:edited,edited,nebula/CocoGlide,000000148957,cocoglide:000000148957,2,0.9950658082962036,0.9972797632217407,0.6663870202740405,0.9982840453421679,0.7546239884120114,0.73,0.5,synthetic,level2_synthetic,False,False
684,cocoglide:000000183965:real,real,nebula/CocoGlide,000000183965,cocoglide:000000183965,2,0.9892443418502808,0.5354912281036377,0.011787773575547151,0.4852456222488586,0.46929453374967384,0.73,0.5,,level1_inconclusive,True,False
685,cocoglide:000000516871:real,real,nebula/CocoGlide,000000516871,cocoglide:000000516871,3,0.9928601384162903,0.025935489684343338,0.0,0.020366089346116396,0.944793084866609,0.73,0.5,real,level1_real,False,True
686,cocoglide:000000366141:real,real,nebula/CocoGlide,000000366141,cocoglide:000000366141,2,0.9956762194633484,0.005372723564505577,0.0,0.018938995932373928,0.9416690630629823,0.73,0.5,real,level1_real,False,True
687,cocoglide:000000572517:edited,edited,nebula/CocoGlide,000000572517,cocoglide:000000572517,2,0.9957112073898315,0.8138755559921265,0.07726571703143406,0.9071914090803495,0.2139302430962411,0.73,0.5,edited,level2_edited,False,True
688,cocoglide:000000330790:real,real,nebula/CocoGlide,000000330790,cocoglide:000000330790,3,0.9955228567123413,0.06578072905540466,0.0008902830305660611,0.02723659036020661,0.932144768723286,0.73,0.5,real,level1_real,False,True
689,cocoglide:000000116362:real,real,nebula/CocoGlide,000000116362,cocoglide:000000116362,1,0.9962612986564636,0.7398069500923157,0.028288525327050656,0.8674111752404305,0.2433438020019257,0.73,0.5,edited,level2_edited,False,False
690,cocoglide:000000059920:edited,edited,nebula/CocoGlide,000000059920,cocoglide:000000059920,3,0.9958393573760986,0.9970852136611938,0.1598479446958894,0.9802602259981762,0.14607136120653566,0.73,0.5,edited,level2_edited,False,True
691,cocoglide:000000267351:edited,edited,nebula/CocoGlide,000000267351,cocoglide:000000267351,3,1.0,0.45347046852111816,0.0020963791927583854,0.3174830148000357,0.6093674856877112,0.73,0.5,,level1_inconclusive,True,False
692,diffusiondb:08e3df4b-ee8e-4601-8038-5c9f4f680d67.png,synthetic,poloclub/diffusiondb,08e3df4b-ee8e-4601-8038-5c9f4f680d67.png,diffusiondb:08e3df4b-ee8e-4601-8038-5c9f4f680d67.png,5,0.9933810234069824,0.9950010776519775,0.6162834167480469,0.9977785783913555,0.652439396226632,0.73,0.5,synthetic,level2_synthetic,False,True
693,cocoglide:000000111179:edited,edited,nebula/CocoGlide,000000111179,cocoglide:000000111179,4,0.999004065990448,0.023274635896086693,0.0,0.019446311862653984,0.9498959512653243,0.73,0.5,real,level1_real,False,False
694,diffusiondb:7108fdf6-25b4-4e92-a355-83be9ffa38ec.png,synthetic,poloclub/diffusiondb,7108fdf6-25b4-4e92-a355-83be9ffa38ec.png,diffusiondb:7108fdf6-25b4-4e92-a355-83be9ffa38ec.png,5,0.9814069271087646,0.9994964599609375,0.7962532043457031,0.9990854862804133,0.8287279448416558,0.73,0.5,synthetic,level2_synthetic,False,True
695,cocoglide:000000534639:real,real,nebula/CocoGlide,000000534639,cocoglide:000000534639,4,0.990920901298523,0.2751530110836029,0.000457250914501829,0.12181323164489472,0.8142060504394923,0.73,0.5,real,level1_real,False,True
696,cocoglide:000000120853:edited,edited,nebula/CocoGlide,000000120853,cocoglide:000000120853,4,0.9954015016555786,0.9976824522018433,0.4447055769111538,0.9958646629628458,0.4498907849369276,0.73,0.5,edited,level2_edited,False,True
697,diffusiondb:a137cfcc-bb41-4aee-8351-c74953b3872e.png,synthetic,poloclub/diffusiondb,a137cfcc-bb41-4aee-8351-c74953b3872e.png,diffusiondb:a137cfcc-bb41-4aee-8351-c74953b3872e.png,2,0.9915260672569275,0.9653812646865845,0.21926116943359375,0.9826250383751111,0.21104834189058932,0.73,0.5,edited,level2_edited,False,False
698,cocoglide:000000540928:edited,edited,nebula/CocoGlide,000000540928,cocoglide:000000540928,1,0.9943365454673767,0.9979375600814819,0.6313027001054002,0.9982241342824092,0.6834138003379802,0.73,0.5,synthetic,level2_synthetic,False,False
699,cocoglide:000000255718:real,real,nebula/CocoGlide,000000255718,cocoglide:000000255718,2,0.9950549602508545,0.005370703525841236,0.0,0.01891590984942253,0.941672236549874,0.73,0.5,real,level1_real,False,True
700,diffusiondb:85457cc4-3fc2-4017-8bcb-9217e1499a7c.png,synthetic,poloclub/diffusiondb,85457cc4-3fc2-4017-8bcb-9217e1499a7c.png,diffusiondb:85457cc4-3fc2-4017-8bcb-9217e1499a7c.png,4,0.9956817626953125,0.8524407744407654,0.20196747361567982,0.9661483360034356,0.32601366660037356,0.73,0.5,edited,level2_edited,False,False
701,cocoglide:000000183965:edited,edited,nebula/CocoGlide,000000183965,cocoglide:000000183965,2,0.9898109436035156,0.851815402507782,0.05950461900923802,0.9213096720156766,0.1654905876816741,0.73,0.5,edited,level2_edited,False,True
702,diffusiondb:db3bf85d-5b70-4107-b065-6b9dcc7feaec.png,synthetic,poloclub/diffusiondb,db3bf85d-5b70-4107-b065-6b9dcc7feaec.png,diffusiondb:db3bf85d-5b70-4107-b065-6b9dcc7feaec.png,5,0.9954237341880798,0.9990039467811584,1.0,0.9996780167538344,0.9351014590878137,0.73,0.5,synthetic,level2_synthetic,False,True
703,cocoglide:000000255718:edited,edited,nebula/CocoGlide,000000255718,cocoglide:000000255718,2,0.9955005049705505,0.9879400134086609,0.3933142553785108,0.9934469379559143,0.39529910853160016,0.73,0.5,edited,level2_edited,False,True
704,cocoglide:000000369751:real,real,nebula/CocoGlide,000000369751,cocoglide:000000369751,1,0.9959633350372314,0.01959715411067009,0.0,0.020149423236674464,0.9341105976607424,0.73,0.5,real,level1_real,False,True
705,cocoglide:000000288882:real,real,nebula/CocoGlide,000000288882,cocoglide:000000288882,2,0.9958568215370178,0.19352875649929047,0.0,0.07030524558660016,0.848888518304907,0.73,0.5,real,level1_real,False,True
706,cocoglide:000000508482:real,real,nebula/CocoGlide,000000508482,cocoglide:000000508482,2,0.9921169877052307,0.1575714349746704,0.0,0.054667319040721675,0.8730188255500708,0.73,0.5,real,level1_real,False,True
707,cocoglide:000000069795:edited,edited,nebula/CocoGlide,000000069795,cocoglide:000000069795,1,0.9952463507652283,0.9534061551094055,0.07887190774381549,0.9771271964073412,0.11657311919454953,0.73,0.5,edited,level2_edited,False,True
708,cocoglide:000000534639:edited,edited,nebula/CocoGlide,000000534639,cocoglide:000000534639,4,0.9889557957649231,0.9925413727760315,0.5250955189410379,0.9968780368312594,0.5681929383998008,0.73,0.5,synthetic,level2_synthetic,False,False
709,cocoglide:000000571313:real,real,nebula/CocoGlide,000000571313,cocoglide:000000571313,3,0.9937538504600525,0.06739840656518936,0.0,0.02732087482186848,0.9312765596766291,0.73,0.5,real,level1_real,False,True
710,diffusiondb:54444813-dd7a-4015-81c8-da6af1339dfc.png,synthetic,poloclub/diffusiondb,54444813-dd7a-4015-81c8-da6af1339dfc.png,diffusiondb:54444813-dd7a-4015-81c8-da6af1339dfc.png,5,0.9949513673782349,0.9865982532501221,0.5910186767578125,0.9973398102153385,0.6332785495208926,0.73,0.5,synthetic,level2_synthetic,False,True
711,cocoglide:000000542625:edited,edited,nebula/CocoGlide,000000542625,cocoglide:000000542625,3,0.9932602047920227,0.9738324880599976,0.03884210893421787,0.9587638472045497,0.09239054079694953,0.73,0.5,edited,level2_edited,False,True
712,cocoglide:000000370900:real,real,nebula/CocoGlide,000000370900,cocoglide:000000370900,4,0.9941972494125366,0.17235079407691956,0.0,0.05894471615557391,0.8883328222612381,0.73,0.5,real,level1_real,False,True
713,cocoglide:000000313130:edited,edited,nebula/CocoGlide,000000313130,cocoglide:000000313130,3,0.9929538369178772,0.6963129043579102,0.02343701562403125,0.7448271225900092,0.30872934489145587,0.73,0.5,edited,level2_edited,False,True
714,cocoglide:000000470121:edited,edited,nebula/CocoGlide,000000470121,cocoglide:000000470121,3,0.9952137470245361,0.9637917280197144,0.11943645762291524,0.9697736184379052,0.1424008197264144,0.73,0.5,edited,level2_edited,False,True
715,diffusiondb:1fcbefb2-d406-435b-9545-a4a4a8d9bdf6.png,synthetic,poloclub/diffusiondb,1fcbefb2-d406-435b-9545-a4a4a8d9bdf6.png,diffusiondb:1fcbefb2-d406-435b-9545-a4a4a8d9bdf6.png,2,0.9961282014846802,0.7060151100158691,0.07489776611328125,0.8156344233032388,0.3295574414702637,0.73,0.5,edited,level2_edited,False,False
716,cocoglide:000000405432:real,real,nebula/CocoGlide,000000405432,cocoglide:000000405432,5,0.9911949634552002,0.03776590898633003,0.0006374387748775498,0.022015947132340247,0.9677451949895466,0.73,0.5,real,level1_real,False,True
717,diffusiondb:f9d539ba-8854-4f8e-b471-5852783ab413.png,synthetic,poloclub/diffusiondb,f9d539ba-8854-4f8e-b471-5852783ab413.png,diffusiondb:f9d539ba-8854-4f8e-b471-5852783ab413.png,1,0.9943009614944458,0.9807271361351013,0.6355257901278409,0.9980021606648676,0.7082547525247381,0.73,0.5,synthetic,level2_synthetic,False,True
718,cocoglide:000000308753:edited,edited,nebula/CocoGlide,000000308753,cocoglide:000000308753,4,0.9948943853378296,0.766815721988678,0.01668287711575423,0.8718935208479512,0.2185123802480692,0.73,0.5,edited,level2_edited,False,True
719,diffusiondb:9fe9c4e8-4593-4941-b1ee-5971957b534c.png,synthetic,poloclub/diffusiondb,9fe9c4e8-4593-4941-b1ee-5971957b534c.png,diffusiondb:9fe9c4e8-4593-4941-b1ee-5971957b534c.png,1,0.9931091070175171,0.9973578453063965,0.7912673950195312,0.9990609027433865,0.8392234614929056,0.73,0.5,synthetic,level2_synthetic,False,True
720,diffusiondb:0a6a0a91-e522-4f18-b55f-3776cafbdda4.png,synthetic,poloclub/diffusiondb,0a6a0a91-e522-4f18-b55f-3776cafbdda4.png,diffusiondb:0a6a0a91-e522-4f18-b55f-3776cafbdda4.png,3,0.993605375289917,0.3509221374988556,0.0,0.178053487424763,0.7332635030639091,0.73,0.5,real,level1_real,False,False
721,cocoglide:000000079408:real,real,nebula/CocoGlide,000000079408,cocoglide:000000079408,4,0.9871843457221985,0.13682159781455994,0.0,0.044869506301525634,0.9065498105690617,0.73,0.5,real,level1_real,False,True
722,cocoglide:000000242287:edited,edited,nebula/CocoGlide,000000242287,cocoglide:000000242287,5,0.9956888556480408,0.9895517826080322,0.1370774304048608,0.975955774261108,0.1283700445932135,0.73,0.5,edited,level2_edited,False,True
723,cocoglide:000000365385:edited,edited,nebula/CocoGlide,000000365385,cocoglide:000000365385,3,0.9928512573242188,0.926236629486084,0.06311612623225246,0.9488149003766364,0.131643875658287,0.73,0.5,edited,level2_edited,False,True
724,cocoglide:000000248980:edited,edited,nebula/CocoGlide,000000248980,cocoglide:000000248980,5,0.9957383871078491,0.2553907036781311,0.0004921259842519685,0.09756113196640138,0.8823544702845723,0.73,0.5,real,level1_real,False,False
725,cocoglide:000000542625:real,real,nebula/CocoGlide,000000542625,cocoglide:000000542625,3,0.9930332899093628,0.042535461485385895,0.0,0.022903978133833786,0.939712813555033,0.73,0.5,real,level1_real,False,True
726,cocoglide:000000022589:edited,edited,nebula/CocoGlide,000000022589,cocoglide:000000022589,4,0.9957908391952515,0.9851318001747131,0.2808140616281233,0.9910641468846183,0.25908547224916895,0.73,0.5,edited,level2_edited,False,True
727,cocoglide:000000222299:real,real,nebula/CocoGlide,000000222299,cocoglide:000000222299,3,0.995630145072937,0.837334156036377,0.030125279000558,0.8934158533002077,0.17308134701453445,0.73,0.5,edited,level2_edited,False,False
728,cocoglide:000000474164:edited,edited,nebula/CocoGlide,000000474164,cocoglide:000000474164,2,0.9924805164337158,0.9922346472740173,0.3834794857089714,0.993309862974677,0.37598726515608044,0.73,0.5,edited,level2_edited,False,True
729,cocoglide:000000156372:real,real,nebula/CocoGlide,000000156372,cocoglide:000000156372,2,0.9920600652694702,0.013755219988524914,0.0,0.019962231962675384,0.9390470846149346,0.73,0.5,real,level1_real,False,True
730,cocoglide:000000219283:edited,edited,nebula/CocoGlide,000000219283,cocoglide:000000219283,2,0.0038045067340135574,0.981356680393219,0.07745752991505983,0.8226180408403885,0.10287081821260195,0.73,0.5,edited,level2_edited,False,True
731,diffusiondb:25913066-e883-4a99-b513-3580fe857036.png,synthetic,poloclub/diffusiondb,25913066-e883-4a99-b513-3580fe857036.png,diffusiondb:25913066-e883-4a99-b513-3580fe857036.png,2,0.9943532943725586,0.9986989498138428,0.9914741516113281,0.9996280177303258,0.9535288133023476,0.73,0.5,synthetic,level2_synthetic,False,True
732,cocoglide:000000545407:real,real,nebula/CocoGlide,000000545407,cocoglide:000000545407,2,0.9900673627853394,0.0731194019317627,0.0,0.030265575742413436,0.9169695192200805,0.73,0.5,real,level1_real,False,True
733,diffusiondb:e63c6371-a680-4cb5-ba84-4ac57d1ef569.png,synthetic,poloclub/diffusiondb,e63c6371-a680-4cb5-ba84-4ac57d1ef569.png,diffusiondb:e63c6371-a680-4cb5-ba84-4ac57d1ef569.png,2,0.9956592917442322,0.8787334561347961,0.3413352966308594,0.9817654520519904,0.47074458349255843,0.73,0.5,edited,level2_edited,False,False
734,diffusiondb:a1720ad7-31e8-450a-a2e7-8aaa37db60e5.png,synthetic,poloclub/diffusiondb,a1720ad7-31e8-450a-a2e7-8aaa37db60e5.png,diffusiondb:a1720ad7-31e8-450a-a2e7-8aaa37db60e5.png,5,0.9960024952888489,0.9791494011878967,0.36193084716796875,0.9913602939993122,0.3453268025323949,0.73,0.5,edited,level2_edited,False,False
735,cocoglide:000000196754:real,real,nebula/CocoGlide,000000196754,cocoglide:000000196754,3,0.9939952492713928,0.06403963267803192,0.0,0.026699766289434185,0.9324741718689604,0.73,0.5,real,level1_real,False,True
736,diffusiondb:a681ed81-619b-42e8-8719-c2a729ea10a8.png,synthetic,poloclub/diffusiondb,a681ed81-619b-42e8-8719-c2a729ea10a8.png,diffusiondb:a681ed81-619b-42e8-8719-c2a729ea10a8.png,4,0.9953420162200928,0.9985657930374146,1.0,0.9995861701331586,0.9488275256832301,0.73,0.5,synthetic,level2_synthetic,False,True
737,cocoglide:000000382088:edited,edited,nebula/CocoGlide,000000382088,cocoglide:000000382088,5,0.9951856732368469,0.9866008162498474,0.3244679614359229,0.9901297670936193,0.29150327450788444,0.73,0.5,edited,level2_edited,False,True
738,cocoglide:000000063552:edited,edited,nebula/CocoGlide,000000063552,cocoglide:000000063552,5,0.9952822327613831,0.9840947985649109,0.4463233926467853,0.9944790911399557,0.4460729940297276,0.73,0.5,edited,level2_edited,False,True
739,cocoglide:000000182417:edited,edited,nebula/CocoGlide,000000182417,cocoglide:000000182417,5,0.995241641998291,0.9970430135726929,0.772767608035216,0.9989948892471104,0.8111826621863089,0.73,0.5,synthetic,level2_synthetic,False,False
740,cocoglide:000000375078:real,real,nebula/CocoGlide,000000375078,cocoglide:000000375078,1,0.9954149723052979,0.5822826623916626,0.02961184047368095,0.6561331306304958,0.4341131029550592,0.73,0.5,,level1_inconclusive,True,False
741,diffusiondb:672b5d9e-8831-45ab-9f67-cfcd6044fb0b.png,synthetic,poloclub/diffusiondb,672b5d9e-8831-45ab-9f67-cfcd6044fb0b.png,diffusiondb:672b5d9e-8831-45ab-9f67-cfcd6044fb0b.png,3,0.994996190071106,0.9929436445236206,0.9204179970859941,0.9994749827275609,0.9124997785105056,0.73,0.5,synthetic,level2_synthetic,False,True
742,cocoglide:000000294855:edited,edited,nebula/CocoGlide,000000294855,cocoglide:000000294855,5,0.995357096195221,0.9982424974441528,0.17005955886911775,0.9806964531293723,0.14270411930226415,0.73,0.5,edited,level2_edited,False,True
743,diffusiondb:37840d44-4153-4f8e-a8ef-df67f06dcd0d.png,synthetic,poloclub/diffusiondb,37840d44-4153-4f8e-a8ef-df67f06dcd0d.png,diffusiondb:37840d44-4153-4f8e-a8ef-df67f06dcd0d.png,1,0.9925495386123657,0.9883823990821838,0.7895736694335938,0.9989840632468516,0.8445172972018612,0.73,0.5,synthetic,level2_synthetic,False,True
744,diffusiondb:0c1c1c86-6fa4-4ad5-aeaf-302beab6805d.png,synthetic,poloclub/diffusiondb,0c1c1c86-6fa4-4ad5-aeaf-302beab6805d.png,diffusiondb:0c1c1c86-6fa4-4ad5-aeaf-302beab6805d.png,5,0.9950893521308899,0.8435823917388916,0.30179443359375,0.9698993799756384,0.4747195723993161,0.73,0.5,edited,level2_edited,False,False
745,cocoglide:000000198960:edited,edited,nebula/CocoGlide,000000198960,cocoglide:000000198960,5,0.47611480951309204,0.877862811088562,0.14028690557381115,0.8095819733041439,0.2926564534942244,0.73,0.5,edited,level2_edited,False,True
746,cocoglide:000000384651:edited,edited,nebula/CocoGlide,000000384651,cocoglide:000000384651,4,0.989798903465271,0.998306155204773,0.16096879068758138,0.986677954295833,0.14087313847018873,0.73,0.5,edited,level2_edited,False,True
747,cocoglide:000000335450:edited,edited,nebula/CocoGlide,000000335450,cocoglide:000000335450,2,0.994110643863678,0.9979234337806702,0.2568645762291525,0.9884832941549722,0.217391857420943,0.73,0.5,edited,level2_edited,False,True
748,diffusiondb:ec4c31c9-3531-436f-9f0f-8550d9842e81.png,synthetic,poloclub/diffusiondb,ec4c31c9-3531-436f-9f0f-8550d9842e81.png,diffusiondb:ec4c31c9-3531-436f-9f0f-8550d9842e81.png,4,0.9950035214424133,0.9319874048233032,0.37457275390625,0.9908308673063838,0.44623196728023734,0.73,0.5,edited,level2_edited,False,False
749,diffusiondb:aef3fe3b-361f-4493-81bc-ab02bdfccce6.png,synthetic,poloclub/diffusiondb,aef3fe3b-361f-4493-81bc-ab02bdfccce6.png,diffusiondb:aef3fe3b-361f-4493-81bc-ab02bdfccce6.png,2,0.9905794262886047,0.8272293210029602,0.28747054170971076,0.9661132910655804,0.4641597821253616,0.73,0.5,edited,level2_edited,False,False
750,cocoglide:000000333956:real,real,nebula/CocoGlide,000000333956,cocoglide:000000333956,3,0.993819534778595,0.03142132610082626,0.0,0.02121693274448422,0.9431538846770724,0.73,0.5,real,level1_real,False,True
751,cocoglide:000000393282:real,real,nebula/CocoGlide,000000393282,cocoglide:000000393282,4,0.9937970638275146,0.4082914888858795,0.0036793198586397174,0.28435126105661923,0.6742935853891863,0.73,0.5,,level1_inconclusive,True,False
752,cocoglide:000000478286:real,real,nebula/CocoGlide,000000478286,cocoglide:000000478286,4,0.9897077083587646,0.036899223923683167,0.0,0.02124600431688335,0.9455029240050002,0.73,0.5,real,level1_real,False,True
753,cocoglide:000000214200:real,real,nebula/CocoGlide,000000214200,cocoglide:000000214200,2,0.994103729724884,0.09998519718647003,0.00040009455018910037,0.03688921288935944,0.9049250920562025,0.73,0.5,real,level1_real,False,True
754,cocoglide:000000549167:edited,edited,nebula/CocoGlide,000000549167,cocoglide:000000549167,4,0.994534969329834,0.7363499999046326,0.0472750945501891,0.859021552873424,0.28372515564207346,0.73,0.5,edited,level2_edited,False,True
755,cocoglide:000000141597:real,real,nebula/CocoGlide,000000141597,cocoglide:000000141597,1,0.99381422996521,0.009346877224743366,0.0,0.0185168241243115,0.9374721454568157,0.73,0.5,real,level1_real,False,True
756,cocoglide:000000098839:edited,edited,nebula/CocoGlide,000000098839,cocoglide:000000098839,2,0.9877784848213196,0.9992245435714722,0.6051541478082956,0.9977152460244477,0.6800681964231611,0.73,0.5,synthetic,level2_synthetic,False,False
757,cocoglide:000000217614:edited,edited,nebula/CocoGlide,000000217614,cocoglide:000000217614,2,0.99524986743927,0.3185259699821472,0.0001356252712505425,0.15766052170731562,0.7360402024533137,0.73,0.5,real,level1_real,False,False
758,cocoglide:000000224051:real,real,nebula/CocoGlide,000000224051,cocoglide:000000224051,2,0.809619665145874,0.07141605764627457,0.0,0.021119374935863054,0.9187073741885017,0.73,0.5,real,level1_real,False,True
759,diffusiondb:02a2bf57-e250-40c4-880b-ce3f2a6de90b.png,synthetic,poloclub/diffusiondb,02a2bf57-e250-40c4-880b-ce3f2a6de90b.png,diffusiondb:02a2bf57-e250-40c4-880b-ce3f2a6de90b.png,5,0.9940022826194763,0.996967613697052,0.563739013671875,0.9971658951642787,0.5827779119526132,0.73,0.5,synthetic,level2_synthetic,False,True
760,cocoglide:000000172856:edited,edited,nebula/CocoGlide,000000172856,cocoglide:000000172856,4,0.9909428954124451,0.9987996816635132,0.09173015221030442,0.9824332761989607,0.0997929856740132,0.73,0.5,edited,level2_edited,False,True
761,cocoglide:000000340175:edited,edited,nebula/CocoGlide,000000340175,cocoglide:000000340175,4,0.9950399994850159,0.9478678107261658,0.03063484251968504,0.9671459352260168,0.09584961452172587,0.73,0.5,edited,level2_edited,False,True
762,cocoglide:000000192904:edited,edited,nebula/CocoGlide,000000192904,cocoglide:000000192904,5,0.9943918585777283,0.9961370229721069,0.03455731911463823,0.962298410888846,0.07528754688092489,0.73,0.5,edited,level2_edited,False,True
763,cocoglide:000000020247:real,real,nebula/CocoGlide,000000020247,cocoglide:000000020247,2,0.9945443868637085,0.047911886125802994,0.0,0.025555015720434483,0.9270985683403912,0.73,0.5,real,level1_real,False,True
764,diffusiondb:4369f164-5810-4869-9930-05b706a1291d.png,synthetic,poloclub/diffusiondb,4369f164-5810-4869-9930-05b706a1291d.png,diffusiondb:4369f164-5810-4869-9930-05b706a1291d.png,3,0.9935186505317688,0.8639028668403625,0.22922570720996732,0.9635776111854895,0.34450293042988656,0.73,0.5,edited,level2_edited,False,False
765,cocoglide:000000129135:real,real,nebula/CocoGlide,000000129135,cocoglide:000000129135,1,0.9943665862083435,0.0020539986435323954,0.0,0.0175312213055469,0.9397734075667076,0.73,0.5,real,level1_real,False,True
766,cocoglide:000000283038:real,real,nebula/CocoGlide,000000283038,cocoglide:000000283038,3,0.9953376054763794,0.12734290957450867,0.0,0.041619116298650685,0.9062746887122134,0.73,0.5,real,level1_real,False,True
767,diffusiondb:84ffaf5c-49b0-4b9e-be4c-87f6be4eac9e.png,synthetic,poloclub/diffusiondb,84ffaf5c-49b0-4b9e-be4c-87f6be4eac9e.png,diffusiondb:84ffaf5c-49b0-4b9e-be4c-87f6be4eac9e.png,4,0.9936030507087708,0.978920578956604,1.0,0.9995165765371503,0.9539977944841395,0.73,0.5,synthetic,level2_synthetic,False,True
768,cocoglide:000000244411:edited,edited,nebula/CocoGlide,000000244411,cocoglide:000000244411,1,0.9951595664024353,0.9857678413391113,0.12404384183768367,0.9850880086580986,0.12412361828686981,0.73,0.5,edited,level2_edited,False,True
