protocol_version,manifest_index,sample_id,true_class,source_dataset,source_revision,source_partition,source_id,source_root,relative_path,source_metadata_sha256,exclusion_manifest_sha256,input_sha256,width,height
diffdetect-hierarchical-calibration-v1,1,diffusiondb:9df74de5-fe24-492f-8e90-d517c9c394fc.png,synthetic,poloclub/diffusiondb,fb620fbe49fa4420e0734bd9c0df11f51176b61f,part-001800,9df74de5-fe24-492f-8e90-d517c9c394fc.png,diffusiondb,9df74de5-fe24-492f-8e90-d517c9c394fc.png,eecd341187bc91c07f5994ad0660d40228ea025616fd57a509bef8323677c68f,9dcda4b93d8c73df7b1240629bec209566cd6119bb7f800c2906b8c3826b8777,6498cafb9bc0f4458568c4a6f192560af53b0b37110a4da47a938fa26c834b82,512,768
diffdetect-hierarchical-calibration-v1,2,diffusiondb:97a6cbf1-d1fc-425a-8f5d-30d07239689e.png,synthetic,poloclub/diffusiondb,fb620fbe49fa4420e0734bd9c0df11f51176b61f,part-001800,97a6cbf1-d1fc-425a-8f5d-30d07239689e.png,diffusiondb,97a6cbf1-d1fc-425a-8f5d-30d07239689e.png,eecd341187bc91c07f5994ad0660d40228ea025616fd57a509bef8323677c68f,9dcda4b93d8c73df7b1240629bec209566cd6119bb7f800c2906b8c3826b8777,8c044bfeacff70bc9593bd68403cc62c7dca88424417d072645619ae0cd0d808,512,512
diffdetect-hierarchical-calibration-v1,3,diffusiondb:99dac20a-f960-4ebb-b78a-0f64cc0d4929.png,synthetic,poloclub/diffusiondb,fb620fbe49fa4420e0734bd9c0df11f51176b61f,part-001800,99dac20a-f960-4ebb-b78a-0f64cc0d4929.png,diffusiondb,99dac20a-f960-4ebb-b78a-0f64cc0d4929.png,eecd341187bc91c07f5994ad0660d40228ea025616fd57a509bef8323677c68f,9dcda4b93d8c73df7b1240629bec209566cd6119bb7f800c2906b8c3826b8777,46e6580aedea6e7c5d2ebb93d4a292036b6900ae8225ac9d7eef4eac0b65662c,512,512
diffdetect-hierarchical-calibration-v1,4,cocoglide:000000224051:edited,edited,nebula/CocoGlide,275f045df7caa2544dd28de7fa86b044ab661bd0,calibration,000000224051,cocoglide,000000224051_manipulated.png,6ec4fa85098466cdafcb592afdd1be59c9c474ac09679f9da557522986e86244,9dcda4b93d8c73df7b1240629bec209566cd6119bb7f800c2906b8c3826b8777,f548c7cdf3375eff8f92c49eb61bffc28e5b188bbe56d55e734b39ccdf36a9e7,256,256
diffdetect-hierarchical-calibration-v1,5,cocoglide:000000173091:edited,edited,nebula/CocoGlide,275f045df7caa2544dd28de7fa86b044ab661bd0,calibration,000000173091,cocoglide,000000173091_manipulated.png,6ec4fa85098466cdafcb592afdd1be59c9c474ac09679f9da557522986e86244,9dcda4b93d8c73df7b1240629bec209566cd6119bb7f800c2906b8c3826b8777,d05a2bf7925a24754a591abafcbf0e56491b46c57d88bd22efdbf9df229dbaf7,256,256
diffdetect-hierarchical-calibration-v1,6,diffusiondb:91167cf9-b06f-4bfa-91a6-d8a64c269ede.png,synthetic,poloclub/diffusiondb,fb620fbe49fa4420e0734bd9c0df11f51176b61f,part-001800,91167cf9-b06f-4bfa-91a6-d8a64c269ede.png,diffusiondb,91167cf9-b06f-4bfa-91a6-d8a64c269ede.png,eecd341187bc91c07f5994ad0660d40228ea025616fd57a509bef8323677c68f,9dcda4b93d8c73df7b1240629bec209566cd6119bb7f800c2906b8c3826b8777,d699ec482f09ebb800423082c5982ae36a8cf100ef31a195baccfc97469abe1a,512,512
diffdetect-hierarchical-calibration-v1,7,cocoglide:000000340175:real,real,nebula/CocoGlide,275f045df7caa2544dd28de7fa86b044ab661bd0,calibration,000000340175,cocoglide,000000340175_real.png,6ec4fa85098466cdafcb592afdd1be59c9c474ac09679f9da557522986e86244,9dcda4b93d8c73df7b1240629bec209566cd6119bb7f800c2906b8c3826b8777,a6c0cc848b5847878c3adbe0e0d34d023167ce8cac985302b68b7d2422ae26db,256,256
diffdetect-hierarchical-calibration-v1,8,cocoglide:000000284296:edited,edited,nebula/CocoGlide,275f045df7caa2544dd28de7fa86b044ab661bd0,calibration,000000284296,cocoglide,000000284296_manipulated.png,6ec4fa85098466cdafcb592afdd1be59c9c474ac09679f9da557522986e86244,9dcda4b93d8c73df7b1240629bec209566cd6119bb7f800c2906b8c3826b8777,b6d1ff52be2effe39658951165b0a152b7d2e85472880751d9e1915d1fa7da6f,256,256
diffdetect-hierarchical-calibration-v1,9,cocoglide:000000015517:real,real,nebula/CocoGlide,275f045df7caa2544dd28de7fa86b044ab661bd0,calibration,000000015517,cocoglide,000000015517_real.png,6ec4fa85098466cdafcb592afdd1be59c9c474ac09679f9da557522986e86244,9dcda4b93d8c73df7b1240629bec209566cd6119bb7f800c2906b8c3826b8777,d8f582209f09c2247f25cc2a8a2c8783b4e24b43bcc7d5f7ccf5f4c1b73d39cf,256,256
diffdetect-hierarchical-calibration-v1,10,diffusiondb:8bf50cc5-76fe-415a-92a3-a165ae1e6925.png,synthetic,poloclub/diffusiondb,fb620fbe49fa4420e0734bd9c0df11f51176b61f,part-001800,8bf50cc5-76fe-415a-92a3-a165ae1e6925.png,diffusiondb,8bf50cc5-76fe-415a-92a3-a165ae1e6925.png,eecd341187bc91c07f5994ad0660d40228ea025616fd57a509bef8323677c68f,9dcda4b93d8c73df7b1240629bec209566cd6119bb7f800c2906b8c3826b8777,c7a49a1f3f679d54f829f9abb69898694318c7e85e176d7f7b915e971c702809,768,512
diffdetect-hierarchical-calibration-v1,11,cocoglide:000000192904:real,real,nebula/CocoGlide,275f045df7caa2544dd28de7fa86b044ab661bd0,calibration,000000192904,cocoglide,000000192904_real.png,6ec4fa85098466cdafcb592afdd1be59c9c474ac09679f9da557522986e86244,9dcda4b93d8c73df7b1240629bec209566cd6119bb7f800c2906b8c3826b8777,e5a64302f58a601462f8e99d45539b94d3747755138704d13b42a4467720a02e,256,256
diffdetect-hierarchical-calibration-v1,12,cocoglide:000000044699:real,real,nebula/CocoGlide,275f045df7caa2544dd28de7fa86b044ab661bd0,calibration,000000044699,cocoglide,000000044699_real.png,6ec4fa85098466cdafcb592afdd1be59c9c474ac09679f9da557522986e86244,9dcda4b93d8c73df7b1240629bec209566cd6119bb7f800c2906b8c3826b8777,04e5b65c1d0059616df53a693942ab638fe2c7b45b1f335d45f9d56cac573342,256,256
diffdetect-hierarchical-calibration-v1,13,cocoglide:000000283038:edited,edited,nebula/CocoGlide,275f045df7caa2544dd28de7fa86b044ab661bd0,calibration,000000283038,cocoglide,000000283038_manipulated.png,6ec4fa85098466cdafcb592afdd1be59c9c474ac09679f9da557522986e86244,9dcda4b93d8c73df7b1240629bec209566cd6119bb7f800c2906b8c3826b8777,bf55acfc327c03d9155604b174ae2f2e657938d4fbb3d4a12108cf9eb0c50ebd,256,256
diffdetect-hierarchical-calibration-v1,14,cocoglide:000000261161:real,real,nebula/CocoGlide,275f045df7caa2544dd28de7fa86b044ab661bd0,calibration,000000261161,cocoglide,000000261161_real.png,6ec4fa85098466cdafcb592afdd1be59c9c474ac09679f9da557522986e86244,9dcda4b93d8c73df7b1240629bec209566cd6119bb7f800c2906b8c3826b8777,10e6befbe05f72d44940713173f276ab7bae4d98daf4618e1cd6ccda0cc195fa,256,256
diffdetect-hierarchical-calibration-v1,15,diffusiondb:f55f6fff-686c-49c3-91ca-1fb1cc791d87.png,synthetic,poloclub/diffusiondb,fb620fbe49fa4420e0734bd9c0df11f51176b61f,part-001800,f55f6fff-686c-49c3-91ca-1fb1cc791d87.png,diffusiondb,f55f6fff-686c-49c3-91ca-1fb1cc791d87.png,eecd341187bc91c07f5994ad0660d40228ea025616fd57a509bef8323677c68f,9dcda4b93d8c73df7b1240629bec209566cd6119bb7f800c2906b8c3826b8777,14ac8dacf47775bf950c6819bd1e2a3889553e97fb0988d008f8382270eb8f71,640,512
diffdetect-hierarchical-calibration-v1,16,cocoglide:000000331352:real,real,nebula/CocoGlide,275f045df7caa2544dd28de7fa86b044ab661bd0,calibration,000000331352,cocoglide,000000331352_real.png,6ec4fa85098466cdafcb592afdd1be59c9c474ac09679f9da557522986e86244,9dcda4b93d8c73df7b1240629bec209566cd6119bb7f800c2906b8c3826b8777,0407ee864e09e9e71f99ef93403b64fe80d3253044f4c32a660661ee725d028d,256,256
diffdetect-hierarchical-calibration-v1,17,cocoglide:000000344795:edited,edited,nebula/CocoGlide,275f045df7caa2544dd28de7fa86b044ab661bd0,calibration,000000344795,cocoglide,000000344795_manipulated.png,6ec4fa85098466cdafcb592afdd1be59c9c474ac09679f9da557522986e86244,9dcda4b93d8c73df7b1240629bec209566cd6119bb7f800c2906b8c3826b8777,db947aa9ae4556ff15dd6dd43c318e04d7e8f4342ef3a63567f4e3c6cf85127b,256,256
diffdetect-hierarchical-calibration-v1,18,cocoglide:000000369771:edited,edited,nebula/CocoGlide,275f045df7caa2544dd28de7fa86b044ab661bd0,calibration,000000369771,cocoglide,000000369771_manipulated.png,6ec4fa85098466cdafcb592afdd1be59c9c474ac09679f9da557522986e86244,9dcda4b93d8c73df7b1240629bec209566cd6119bb7f800c2906b8c3826b8777,365633714ad11c29444863ed77390552f15deef0f157caaf4cba2a459b68c907,256,256
diffdetect-hierarchical-calibration-v1,19,cocoglide:000000035963:edited,edited,nebula/CocoGlide,275f045df7caa2544dd28de7fa86b044ab661bd0,calibration,000000035963,cocoglide,000000035963_manipulated.png,6ec4fa85098466cdafcb592afdd1be59c9c474ac09679f9da557522986e86244,9dcda4b93d8c73df7b1240629bec209566cd6119bb7f800c2906b8c3826b8777,fbdf02ca8df73697f330b88cf5ea5c26db92ea6082403d5936eae62fa1c06714,256,256
diffdetect-hierarchical-calibration-v1,20,diffusiondb:48374975-7d56-4b7c-9ade-a0ded7fa7463.png,synthetic,poloclub/diffusiondb,fb620fbe49fa4420e0734bd9c0df11f51176b61f,part-001800,48374975-7d56-4b7c-9ade-a0ded7fa7463.png,diffusiondb,48374975-7d56-4b7c-9ade-a0ded7fa7463.png,eecd341187bc91c07f5994ad0660d40228ea025616fd57a509bef8323677c68f,9dcda4b93d8c73df7b1240629bec209566cd6119bb7f800c2906b8c3826b8777,32d5beb40c9ce5b96318e6c0f687413c107b045234748817fe05811dab3741b9,512,512
diffdetect-hierarchical-calibration-v1,21,cocoglide:000000534601:real,real,nebula/CocoGlide,275f045df7caa2544dd28de7fa86b044ab661bd0,calibration,000000534601,cocoglide,000000534601_real.png,6ec4fa85098466cdafcb592afdd1be59c9c474ac09679f9da557522986e86244,9dcda4b93d8c73df7b1240629bec209566cd6119bb7f800c2906b8c3826b8777,eadc0cc89fa576e8a8b6ec823aa1611907e5c0d6b639bb8d1d5f5040fc1aa680,256,256
diffdetect-hierarchical-calibration-v1,22,cocoglide:000000414261:edited,edited,nebula/CocoGlide,275f045df7caa2544dd28de7fa86b044ab661bd0,calibration,000000414261,cocoglide,000000414261_manipulated.png,6ec4fa85098466cdafcb592afdd1be59c9c474ac09679f9da557522986e86244,9dcda4b93d8c73df7b1240629bec209566cd6119bb7f800c2906b8c3826b8777,8aee516d1e3d95651c855e6cdba2fc5405fc18285a4b7f94764d4d8d14c5ec4a,256,256
diffdetect-hierarchical-calibration-v1,23,cocoglide:000000059920:real,real,nebula/CocoGlide,275f045df7caa2544dd28de7fa86b044ab661bd0,calibration,000000059920,cocoglide,000000059920_real.png,6ec4fa85098466cdafcb592afdd1be59c9c474ac09679f9da557522986e86244,9dcda4b93d8c73df7b1240629bec209566cd6119bb7f800c2906b8c3826b8777,eb58418ac5ff6cb263e35a14257e70db5de779a11f4004a68267feb73833a6c1,256,256
diffdetect-hierarchical-calibration-v1,24,cocoglide:000000217614:real,real,nebula/CocoGlide,275f045df7caa2544dd28de7fa86b044ab661bd0,calibration,000000217614,cocoglide,000000217614_real.png,6ec4fa85098466cdafcb592afdd1be59c9c474ac09679f9da557522986e86244,9dcda4b93d8c73df7b1240629bec209566cd6119bb7f800c2906b8c3826b8777,41529b3499542a63b7a7bfcbb080844c2e63aac0cd58c3539487877a368e2a91,256,256
diffdetect-hierarchical-calibration-v1,25,diffusiondb:e5962939-4f11-4af8-9bf0-3465fdd7018a.png,synthetic,poloclub/diffusiondb,fb620fbe49fa4420e0734bd9c0df11f51176b61f,part-001800,e5962939-4f11-4af8-9bf0-3465fdd7018a.png,diffusiondb,e5962939-4f11-4af8-9bf0-3465fdd7018a.png,eecd341187bc91c07f5994ad0660d40228ea025616fd57a509bef8323677c68f,9dcda4b93d8c73df7b1240629bec209566cd6119bb7f800c2906b8c3826b8777,ff67c31861a1784e24e52c53b5b952b4854f3b83cc6ae06bbcc412cbb6501e12,1024,512
diffdetect-hierarchical-calibration-v1,26,cocoglide:000000330790:edited,edited,nebula/CocoGlide,275f045df7caa2544dd28de7fa86b044ab661bd0,calibration,000000330790,cocoglide,000000330790_manipulated.png,6ec4fa85098466cdafcb592afdd1be59c9c474ac09679f9da557522986e86244,9dcda4b93d8c73df7b1240629bec209566cd6119bb7f800c2906b8c3826b8777,d5f5928d2d02a9ade669b2061afa6f7120dd8884159662b6aca6b29f5105be60,256,256
diffdetect-hierarchical-calibration-v1,27,cocoglide:000000394328:real,real,nebula/CocoGlide,275f045df7caa2544dd28de7fa86b044ab661bd0,calibration,000000394328,cocoglide,000000394328_real.png,6ec4fa85098466cdafcb592afdd1be59c9c474ac09679f9da557522986e86244,9dcda4b93d8c73df7b1240629bec209566cd6119bb7f800c2906b8c3826b8777,78a1c9aef1eda2a5b692bd72baa09adfb58fa6d495bebf637f254213274ba9ea,256,256
diffdetect-hierarchical-calibration-v1,28,cocoglide:000000405205:real,real,nebula/CocoGlide,275f045df7caa2544dd28de7fa86b044ab661bd0,calibration,000000405205,cocoglide,000000405205_real.png,6ec4fa85098466cdafcb592afdd1be59c9c474ac09679f9da557522986e86244,9dcda4b93d8c73df7b1240629bec209566cd6119bb7f800c2906b8c3826b8777,a5521f49529c6d357945b8c27050fc02bb0fa86ae4d797c1662f9e2c77488f1c,256,256
diffdetect-hierarchical-calibration-v1,29,cocoglide:000000029675:edited,edited,nebula/CocoGlide,275f045df7caa2544dd28de7fa86b044ab661bd0,calibration,000000029675,cocoglide,000000029675_manipulated.png,6ec4fa85098466cdafcb592afdd1be59c9c474ac09679f9da557522986e86244,9dcda4b93d8c73df7b1240629bec209566cd6119bb7f800c2906b8c3826b8777,368e9666a500bdec14d0620566fabd485b19a56bc690713fbf2eb330d94fd1d0,256,256
diffdetect-hierarchical-calibration-v1,30,cocoglide:000000524108:real,real,nebula/CocoGlide,275f045df7caa2544dd28de7fa86b044ab661bd0,calibration,000000524108,cocoglide,000000524108_real.png,6ec4fa85098466cdafcb592afdd1be59c9c474ac09679f9da557522986e86244,9dcda4b93d8c73df7b1240629bec209566cd6119bb7f800c2906b8c3826b8777,a50ec28f3108765fda8f92b326e00ecb791a546ca835cbada9bbd050ceeaec1b,256,256
diffdetect-hierarchical-calibration-v1,31,cocoglide:000000098839:real,real,nebula/CocoGlide,275f045df7caa2544dd28de7fa86b044ab661bd0,calibration,000000098839,cocoglide,000000098839_real.png,6ec4fa85098466cdafcb592afdd1be59c9c474ac09679f9da557522986e86244,9dcda4b93d8c73df7b1240629bec209566cd6119bb7f800c2906b8c3826b8777,25b9aae1d1a625ef3d300eb269149b380c5384d448d7005a1202497e8c51d284,256,256
diffdetect-hierarchical-calibration-v1,32,diffusiondb:f9b5afa1-a8b4-4102-aaa6-4dde98c2afb9.png,synthetic,poloclub/diffusiondb,fb620fbe49fa4420e0734bd9c0df11f51176b61f,part-001800,f9b5afa1-a8b4-4102-aaa6-4dde98c2afb9.png,diffusiondb,f9b5afa1-a8b4-4102-aaa6-4dde98c2afb9.png,eecd341187bc91c07f5994ad0660d40228ea025616fd57a509bef8323677c68f,9dcda4b93d8c73df7b1240629bec209566cd6119bb7f800c2906b8c3826b8777,c03d558b8c21786975c47b96019d800d37eb20fa5879ef78554b5cdf2932ab99,512,512
diffdetect-hierarchical-calibration-v1,33,cocoglide:000000308753:real,real,nebula/CocoGlide,275f045df7caa2544dd28de7fa86b044ab661bd0,calibration,000000308753,cocoglide,000000308753_real.png,6ec4fa85098466cdafcb592afdd1be59c9c474ac09679f9da557522986e86244,9dcda4b93d8c73df7b1240629bec209566cd6119bb7f800c2906b8c3826b8777,ea70a5d0e118da538e87d296d234cadb172b6fc3b819f3fc841224d4868bc94f,256,256
diffdetect-hierarchical-calibration-v1,34,cocoglide:000000272416:edited,edited,nebula/CocoGlide,275f045df7caa2544dd28de7fa86b044ab661bd0,calibration,000000272416,cocoglide,000000272416_manipulated.png,6ec4fa85098466cdafcb592afdd1be59c9c474ac09679f9da557522986e86244,9dcda4b93d8c73df7b1240629bec209566cd6119bb7f800c2906b8c3826b8777,5af221cc1b9d9fad0b398ae7eacf6d06c6241bd41c4db6982d93fcb2c6f34ce8,256,256
diffdetect-hierarchical-calibration-v1,35,cocoglide:000000323709:real,real,nebula/CocoGlide,275f045df7caa2544dd28de7fa86b044ab661bd0,calibration,000000323709,cocoglide,000000323709_real.png,6ec4fa85098466cdafcb592afdd1be59c9c474ac09679f9da557522986e86244,9dcda4b93d8c73df7b1240629bec209566cd6119bb7f800c2906b8c3826b8777,afb57e8186872304c56a57c6f57cdf21bacc6d0ac0a11a1dcf957f9132d6d7f8,256,256
diffdetect-hierarchical-calibration-v1,36,cocoglide:000000129113:edited,edited,nebula/CocoGlide,275f045df7caa2544dd28de7fa86b044ab661bd0,calibration,000000129113,cocoglide,000000129113_manipulated.png,6ec4fa85098466cdafcb592afdd1be59c9c474ac09679f9da557522986e86244,9dcda4b93d8c73df7b1240629bec209566cd6119bb7f800c2906b8c3826b8777,8e6f83e2b48847d4e5c3d1052164bbd50f16d4499973a10c3ea3a8aa42a69165,256,256
diffdetect-hierarchical-calibration-v1,37,cocoglide:000000129113:real,real,nebula/CocoGlide,275f045df7caa2544dd28de7fa86b044ab661bd0,calibration,000000129113,cocoglide,000000129113_real.png,6ec4fa85098466cdafcb592afdd1be59c9c474ac09679f9da557522986e86244,9dcda4b93d8c73df7b1240629bec209566cd6119bb7f800c2906b8c3826b8777,34eed2b1d03eb6dd3180b775cf2a45facaae83e56a33d3c5413a3c63a9e3876c,256,256
diffdetect-hierarchical-calibration-v1,38,cocoglide:000000304545:real,real,nebula/CocoGlide,275f045df7caa2544dd28de7fa86b044ab661bd0,calibration,000000304545,cocoglide,000000304545_real.png,6ec4fa85098466cdafcb592afdd1be59c9c474ac09679f9da557522986e86244,9dcda4b93d8c73df7b1240629bec209566cd6119bb7f800c2906b8c3826b8777,7fd6a61f8b7a15bec3d56433d22de79faab8bf5c1bf01b67f1f1b04b503a6df9,256,256
diffdetect-hierarchical-calibration-v1,39,cocoglide:000000057027:edited,edited,nebula/CocoGlide,275f045df7caa2544dd28de7fa86b044ab661bd0,calibration,000000057027,cocoglide,000000057027_manipulated.png,6ec4fa85098466cdafcb592afdd1be59c9c474ac09679f9da557522986e86244,9dcda4b93d8c73df7b1240629bec209566cd6119bb7f800c2906b8c3826b8777,64effc21b245fe7051cd4d94b980352743dc0269b1852b62547e3dcd999bbd04,256,256
diffdetect-hierarchical-calibration-v1,40,cocoglide:000000210502:real,real,nebula/CocoGlide,275f045df7caa2544dd28de7fa86b044ab661bd0,calibration,000000210502,cocoglide,000000210502_real.png,6ec4fa85098466cdafcb592afdd1be59c9c474ac09679f9da557522986e86244,9dcda4b93d8c73df7b1240629bec209566cd6119bb7f800c2906b8c3826b8777,4a2d912d486e5d14f5455d41a7a3577f448c61cab938967fee85238fa9bac78f,256,256
diffdetect-hierarchical-calibration-v1,41,cocoglide:000000518213:real,real,nebula/CocoGlide,275f045df7caa2544dd28de7fa86b044ab661bd0,calibration,000000518213,cocoglide,000000518213_real.png,6ec4fa85098466cdafcb592afdd1be59c9c474ac09679f9da557522986e86244,9dcda4b93d8c73df7b1240629bec209566cd6119bb7f800c2906b8c3826b8777,5c8d140197f44bc5b3d53ac6ed00554bc817f6367b154cf70679286479070626,256,256
diffdetect-hierarchical-calibration-v1,42,cocoglide:000000337498:edited,edited,nebula/CocoGlide,275f045df7caa2544dd28de7fa86b044ab661bd0,calibration,000000337498,cocoglide,000000337498_manipulated.png,6ec4fa85098466cdafcb592afdd1be59c9c474ac09679f9da557522986e86244,9dcda4b93d8c73df7b1240629bec209566cd6119bb7f800c2906b8c3826b8777,1d79f33135dc7bc850de573b3dee0c73fb76fba3cfe31c3a2b43a9f7e9f7a759,256,256
diffdetect-hierarchical-calibration-v1,43,cocoglide:000000167128:real,real,nebula/CocoGlide,275f045df7caa2544dd28de7fa86b044ab661bd0,calibration,000000167128,cocoglide,000000167128_real.png,6ec4fa85098466cdafcb592afdd1be59c9c474ac09679f9da557522986e86244,9dcda4b93d8c73df7b1240629bec209566cd6119bb7f800c2906b8c3826b8777,d46b716875a01d3a58a33d210a8eda183a6e5e0c039d87879e4af756f670ea56,256,256
diffdetect-hierarchical-calibration-v1,44,cocoglide:000000252332:edited,edited,nebula/CocoGlide,275f045df7caa2544dd28de7fa86b044ab661bd0,calibration,000000252332,cocoglide,000000252332_manipulated.png,6ec4fa85098466cdafcb592afdd1be59c9c474ac09679f9da557522986e86244,9dcda4b93d8c73df7b1240629bec209566cd6119bb7f800c2906b8c3826b8777,1c562d4793de7d0380878d77ae754d753544445a02c3ec78e0bbbdb9108ce3d1,256,256
diffdetect-hierarchical-calibration-v1,45,cocoglide:000000241319:real,real,nebula/CocoGlide,275f045df7caa2544dd28de7fa86b044ab661bd0,calibration,000000241319,cocoglide,000000241319_real.png,6ec4fa85098466cdafcb592afdd1be59c9c474ac09679f9da557522986e86244,9dcda4b93d8c73df7b1240629bec209566cd6119bb7f800c2906b8c3826b8777,5d09d7cbf20812cc5e6d62871ab4e0258c65736a7a90d55bb8bd94f1ac2344c9,256,256
diffdetect-hierarchical-calibration-v1,46,diffusiondb:078b20c0-4b2b-4728-983b-1406d7829679.png,synthetic,poloclub/diffusiondb,fb620fbe49fa4420e0734bd9c0df11f51176b61f,part-001800,078b20c0-4b2b-4728-983b-1406d7829679.png,diffusiondb,078b20c0-4b2b-4728-983b-1406d7829679.png,eecd341187bc91c07f5994ad0660d40228ea025616fd57a509bef8323677c68f,9dcda4b93d8c73df7b1240629bec209566cd6119bb7f800c2906b8c3826b8777,9316bc92be0f7d1ed881ab0c4ce5b09c0de638f376a66f4e5eb7c3ad14bceb0a,512,512
diffdetect-hierarchical-calibration-v1,47,diffusiondb:53d42f83-fa7c-4021-b5f7-ad527ab31edd.png,synthetic,poloclub/diffusiondb,fb620fbe49fa4420e0734bd9c0df11f51176b61f,part-001800,53d42f83-fa7c-4021-b5f7-ad527ab31edd.png,diffusiondb,53d42f83-fa7c-4021-b5f7-ad527ab31edd.png,eecd341187bc91c07f5994ad0660d40228ea025616fd57a509bef8323677c68f,9dcda4b93d8c73df7b1240629bec209566cd6119bb7f800c2906b8c3826b8777,cf1ab8122851f2d64242b5915eeabf2066470e6271b7a24227a6bebd088342f1,512,512
diffdetect-hierarchical-calibration-v1,48,cocoglide:000000167128:edited,edited,nebula/CocoGlide,275f045df7caa2544dd28de7fa86b044ab661bd0,calibration,000000167128,cocoglide,000000167128_manipulated.png,6ec4fa85098466cdafcb592afdd1be59c9c474ac09679f9da557522986e86244,9dcda4b93d8c73df7b1240629bec209566cd6119bb7f800c2906b8c3826b8777,3bdaad9863cad55f8f2403a1c83dc6c966698d7c6ced612fe35652cff822eecb,256,256
diffdetect-hierarchical-calibration-v1,49,cocoglide:000000534664:edited,edited,nebula/CocoGlide,275f045df7caa2544dd28de7fa86b044ab661bd0,calibration,000000534664,cocoglide,000000534664_manipulated.png,6ec4fa85098466cdafcb592afdd1be59c9c474ac09679f9da557522986e86244,9dcda4b93d8c73df7b1240629bec209566cd6119bb7f800c2906b8c3826b8777,d79e65da9efd609a8f16d4c2fa559bff7f152403c8b25d3e6c57f090812e5698,256,256
diffdetect-hierarchical-calibration-v1,50,diffusiondb:d7e68775-2ab8-49f6-a9fb-4a1782e9659f.png,synthetic,poloclub/diffusiondb,fb620fbe49fa4420e0734bd9c0df11f51176b61f,part-001800,d7e68775-2ab8-49f6-a9fb-4a1782e9659f.png,diffusiondb,d7e68775-2ab8-49f6-a9fb-4a1782e9659f.png,eecd341187bc91c07f5994ad0660d40228ea025616fd57a509bef8323677c68f,9dcda4b93d8c73df7b1240629bec209566cd6119bb7f800c2906b8c3826b8777,b8b086c173623fc54d10ac3725357682e3d738721115c92ce9d9da8898b824fd,512,512
diffdetect-hierarchical-calibration-v1,51,cocoglide:000000534601:edited,edited,nebula/CocoGlide,275f045df7caa2544dd28de7fa86b044ab661bd0,calibration,000000534601,cocoglide,000000534601_manipulated.png,6ec4fa85098466cdafcb592afdd1be59c9c474ac09679f9da557522986e86244,9dcda4b93d8c73df7b1240629bec209566cd6119bb7f800c2906b8c3826b8777,bfa27028e84e8286bc6a700bb790c7fa8d7e92bfb671b24e0f4e8ff335521fae,256,256
diffdetect-hierarchical-calibration-v1,52,cocoglide:000000485972:real,real,nebula/CocoGlide,275f045df7caa2544dd28de7fa86b044ab661bd0,calibration,000000485972,cocoglide,000000485972_real.png,6ec4fa85098466cdafcb592afdd1be59c9c474ac09679f9da557522986e86244,9dcda4b93d8c73df7b1240629bec209566cd6119bb7f800c2906b8c3826b8777,88cf015e26fda3c54d40749d506a73eca20ff6bb9d4ed9ee4460f1da43c62df9,256,256
diffdetect-hierarchical-calibration-v1,53,diffusiondb:bca49808-b625-4554-9ff3-9a75173bafc5.png,synthetic,poloclub/diffusiondb,fb620fbe49fa4420e0734bd9c0df11f51176b61f,part-001800,bca49808-b625-4554-9ff3-9a75173bafc5.png,diffusiondb,bca49808-b625-4554-9ff3-9a75173bafc5.png,eecd341187bc91c07f5994ad0660d40228ea025616fd57a509bef8323677c68f,9dcda4b93d8c73df7b1240629bec209566cd6119bb7f800c2906b8c3826b8777,ca119f400a0fd7cf5f79d8317ba39ff2e929ae195fd0cc0352a4376cb9bb90f2,512,512
diffdetect-hierarchical-calibration-v1,54,cocoglide:000000008277:edited,edited,nebula/CocoGlide,275f045df7caa2544dd28de7fa86b044ab661bd0,calibration,000000008277,cocoglide,000000008277_manipulated.png,6ec4fa85098466cdafcb592afdd1be59c9c474ac09679f9da557522986e86244,9dcda4b93d8c73df7b1240629bec209566cd6119bb7f800c2906b8c3826b8777,422d03fd7cf47dd726cd18c134dc0b0e4d65b1491774b2ff68f69f08528f1e7b,256,256
diffdetect-hierarchical-calibration-v1,55,diffusiondb:30c93460-1584-4e1c-90db-ac1b388ac3cb.png,synthetic,poloclub/diffusiondb,fb620fbe49fa4420e0734bd9c0df11f51176b61f,part-001800,30c93460-1584-4e1c-90db-ac1b388ac3cb.png,diffusiondb,30c93460-1584-4e1c-90db-ac1b388ac3cb.png,eecd341187bc91c07f5994ad0660d40228ea025616fd57a509bef8323677c68f,9dcda4b93d8c73df7b1240629bec209566cd6119bb7f800c2906b8c3826b8777,905ddd0ebaf6421e499a211ae5ef2d18dc04aa8baaef8c2b3f0e62505a2a735c,704,512
diffdetect-hierarchical-calibration-v1,56,cocoglide:000000323709:edited,edited,nebula/CocoGlide,275f045df7caa2544dd28de7fa86b044ab661bd0,calibration,000000323709,cocoglide,000000323709_manipulated.png,6ec4fa85098466cdafcb592afdd1be59c9c474ac09679f9da557522986e86244,9dcda4b93d8c73df7b1240629bec209566cd6119bb7f800c2906b8c3826b8777,340fdf149a214fbeeab59bb1fff7073c9c3f3a93c452aca8621fec267bf35122,256,256
diffdetect-hierarchical-calibration-v1,57,cocoglide:000000311909:edited,edited,nebula/CocoGlide,275f045df7caa2544dd28de7fa86b044ab661bd0,calibration,000000311909,cocoglide,000000311909_manipulated.png,6ec4fa85098466cdafcb592afdd1be59c9c474ac09679f9da557522986e86244,9dcda4b93d8c73df7b1240629bec209566cd6119bb7f800c2906b8c3826b8777,a97703ffd6eb9f675b1adf1c7e5a7fadcf8feb344499575156c1d02002b66408,256,256
diffdetect-hierarchical-calibration-v1,58,diffusiondb:a155817c-a885-47d9-8da3-87572341b203.png,synthetic,poloclub/diffusiondb,fb620fbe49fa4420e0734bd9c0df11f51176b61f,part-001800,a155817c-a885-47d9-8da3-87572341b203.png,diffusiondb,a155817c-a885-47d9-8da3-87572341b203.png,eecd341187bc91c07f5994ad0660d40228ea025616fd57a509bef8323677c68f,9dcda4b93d8c73df7b1240629bec209566cd6119bb7f800c2906b8c3826b8777,4a64a03e26c40cf5dd1c442ed372ae8e16e0404bde64a4c6be1fcc785c85804c,1280,512
diffdetect-hierarchical-calibration-v1,59,diffusiondb:1e5c19cd-2bfb-4cd2-9f78-a62c6496eb66.png,synthetic,poloclub/diffusiondb,fb620fbe49fa4420e0734bd9c0df11f51176b61f,part-001800,1e5c19cd-2bfb-4cd2-9f78-a62c6496eb66.png,diffusiondb,1e5c19cd-2bfb-4cd2-9f78-a62c6496eb66.png,eecd341187bc91c07f5994ad0660d40228ea025616fd57a509bef8323677c68f,9dcda4b93d8c73df7b1240629bec209566cd6119bb7f800c2906b8c3826b8777,2a2fc7222d8c19e336e832215fba86962451338d7e23dbc6826e43fdfe9b40fe,512,512
diffdetect-hierarchical-calibration-v1,60,cocoglide:000000031269:edited,edited,nebula/CocoGlide,275f045df7caa2544dd28de7fa86b044ab661bd0,calibration,000000031269,cocoglide,000000031269_manipulated.png,6ec4fa85098466cdafcb592afdd1be59c9c474ac09679f9da557522986e86244,9dcda4b93d8c73df7b1240629bec209566cd6119bb7f800c2906b8c3826b8777,9221a76579f96213cdf5efed24ca0c9fe0889294defc932b92db02d4f678a682,256,256
diffdetect-hierarchical-calibration-v1,61,cocoglide:000000032610:real,real,nebula/CocoGlide,275f045df7caa2544dd28de7fa86b044ab661bd0,calibration,000000032610,cocoglide,000000032610_real.png,6ec4fa85098466cdafcb592afdd1be59c9c474ac09679f9da557522986e86244,9dcda4b93d8c73df7b1240629bec209566cd6119bb7f800c2906b8c3826b8777,68648df50a0bbe978fc3ebc019d77dd268084f20ae25a072a2f19b1ca0af4ed0,256,256
diffdetect-hierarchical-calibration-v1,62,cocoglide:000000571313:edited,edited,nebula/CocoGlide,275f045df7caa2544dd28de7fa86b044ab661bd0,calibration,000000571313,cocoglide,000000571313_manipulated.png,6ec4fa85098466cdafcb592afdd1be59c9c474ac09679f9da557522986e86244,9dcda4b93d8c73df7b1240629bec209566cd6119bb7f800c2906b8c3826b8777,186bb3b2c88a9fa943420d62f494adbbb17030c3b86afa8171979bc718b8ef0f,256,256
diffdetect-hierarchical-calibration-v1,63,cocoglide:000000521405:real,real,nebula/CocoGlide,275f045df7caa2544dd28de7fa86b044ab661bd0,calibration,000000521405,cocoglide,000000521405_real.png,6ec4fa85098466cdafcb592afdd1be59c9c474ac09679f9da557522986e86244,9dcda4b93d8c73df7b1240629bec209566cd6119bb7f800c2906b8c3826b8777,e3c7f79834997de6b07c5d10a103d59c6ddeb7f9caf03130fe014e25b9b27a7c,256,256
diffdetect-hierarchical-calibration-v1,64,diffusiondb:e12cca2e-c43d-467b-aa4e-09a6cd630bed.png,synthetic,poloclub/diffusiondb,fb620fbe49fa4420e0734bd9c0df11f51176b61f,part-001800,e12cca2e-c43d-467b-aa4e-09a6cd630bed.png,diffusiondb,e12cca2e-c43d-467b-aa4e-09a6cd630bed.png,eecd341187bc91c07f5994ad0660d40228ea025616fd57a509bef8323677c68f,9dcda4b93d8c73df7b1240629bec209566cd6119bb7f800c2906b8c3826b8777,3070278e99e77305c04196818d7ef90cae147492b010331a741392d27d3ad5a6,512,512
diffdetect-hierarchical-calibration-v1,65,cocoglide:000000530457:real,real,nebula/CocoGlide,275f045df7caa2544dd28de7fa86b044ab661bd0,calibration,000000530457,cocoglide,000000530457_real.png,6ec4fa85098466cdafcb592afdd1be59c9c474ac09679f9da557522986e86244,9dcda4b93d8c73df7b1240629bec209566cd6119bb7f800c2906b8c3826b8777,00da37957956353c973469647c0ad3b0fe061be50ba6639adfafbec18865a7a4,256,256
diffdetect-hierarchical-calibration-v1,66,cocoglide:000000263860:edited,edited,nebula/CocoGlide,275f045df7caa2544dd28de7fa86b044ab661bd0,calibration,000000263860,cocoglide,000000263860_manipulated.png,6ec4fa85098466cdafcb592afdd1be59c9c474ac09679f9da557522986e86244,9dcda4b93d8c73df7b1240629bec209566cd6119bb7f800c2906b8c3826b8777,39f0cd641878c88f80963e4f0d1d71aa11aa87e44906e31af7e776b732fc6485,256,256
diffdetect-hierarchical-calibration-v1,67,cocoglide:000000423971:edited,edited,nebula/CocoGlide,275f045df7caa2544dd28de7fa86b044ab661bd0,calibration,000000423971,cocoglide,000000423971_manipulated.png,6ec4fa85098466cdafcb592afdd1be59c9c474ac09679f9da557522986e86244,9dcda4b93d8c73df7b1240629bec209566cd6119bb7f800c2906b8c3826b8777,f9bc8ee268e4687bc4ecd8b544cb6fcecde5ef98ce5ff002622f7aef714e608e,256,256
diffdetect-hierarchical-calibration-v1,68,diffusiondb:6bdac137-3e17-4efc-b63d-c463e3df7313.png,synthetic,poloclub/diffusiondb,fb620fbe49fa4420e0734bd9c0df11f51176b61f,part-001800,6bdac137-3e17-4efc-b63d-c463e3df7313.png,diffusiondb,6bdac137-3e17-4efc-b63d-c463e3df7313.png,eecd341187bc91c07f5994ad0660d40228ea025616fd57a509bef8323677c68f,9dcda4b93d8c73df7b1240629bec209566cd6119bb7f800c2906b8c3826b8777,47e87a0a9c10490a8d3d89acce04eb5e3f1a023fe642840fe803033a6723b848,512,640
diffdetect-hierarchical-calibration-v1,69,cocoglide:000000433374:edited,edited,nebula/CocoGlide,275f045df7caa2544dd28de7fa86b044ab661bd0,calibration,000000433374,cocoglide,000000433374_manipulated.png,6ec4fa85098466cdafcb592afdd1be59c9c474ac09679f9da557522986e86244,9dcda4b93d8c73df7b1240629bec209566cd6119bb7f800c2906b8c3826b8777,6c910a2759c1f6184e2838e06fa1ad471264be1bef3163d8446469af3debbfcd,256,256
diffdetect-hierarchical-calibration-v1,70,cocoglide:000000022589:real,real,nebula/CocoGlide,275f045df7caa2544dd28de7fa86b044ab661bd0,calibration,000000022589,cocoglide,000000022589_real.png,6ec4fa85098466cdafcb592afdd1be59c9c474ac09679f9da557522986e86244,9dcda4b93d8c73df7b1240629bec209566cd6119bb7f800c2906b8c3826b8777,caa81e7b957080675aecb292956e8dfc44711c592940df215c49e1aa383e69cb,256,256
diffdetect-hierarchical-calibration-v1,71,cocoglide:000000386210:real,real,nebula/CocoGlide,275f045df7caa2544dd28de7fa86b044ab661bd0,calibration,000000386210,cocoglide,000000386210_real.png,6ec4fa85098466cdafcb592afdd1be59c9c474ac09679f9da557522986e86244,9dcda4b93d8c73df7b1240629bec209566cd6119bb7f800c2906b8c3826b8777,44df6313f905df1fa195b7f02d7cde805063f5ba0d11330a48f6f9dd410d0d8f,256,256
diffdetect-hierarchical-calibration-v1,72,diffusiondb:9300fb00-59e1-4a30-8aa4-959addc2ff8e.png,synthetic,poloclub/diffusiondb,fb620fbe49fa4420e0734bd9c0df11f51176b61f,part-001800,9300fb00-59e1-4a30-8aa4-959addc2ff8e.png,diffusiondb,9300fb00-59e1-4a30-8aa4-959addc2ff8e.png,eecd341187bc91c07f5994ad0660d40228ea025616fd57a509bef8323677c68f,9dcda4b93d8c73df7b1240629bec209566cd6119bb7f800c2906b8c3826b8777,e436061a868a5078b452946f98854680b3060e6370f05cd6027782ad07e7f6fa,512,512
diffdetect-hierarchical-calibration-v1,73,cocoglide:000000346707:edited,edited,nebula/CocoGlide,275f045df7caa2544dd28de7fa86b044ab661bd0,calibration,000000346707,cocoglide,000000346707_manipulated.png,6ec4fa85098466cdafcb592afdd1be59c9c474ac09679f9da557522986e86244,9dcda4b93d8c73df7b1240629bec209566cd6119bb7f800c2906b8c3826b8777,b9f1a0cf8fdd8b72e553d6c5092c0fa4512056c5836b1319c9f26e006a28de23,256,256
diffdetect-hierarchical-calibration-v1,74,cocoglide:000000386210:edited,edited,nebula/CocoGlide,275f045df7caa2544dd28de7fa86b044ab661bd0,calibration,000000386210,cocoglide,000000386210_manipulated.png,6ec4fa85098466cdafcb592afdd1be59c9c474ac09679f9da557522986e86244,9dcda4b93d8c73df7b1240629bec209566cd6119bb7f800c2906b8c3826b8777,22921856a4e219df53d56915bd520c4dd8401d5ea7f4977a1e01f00093a18a55,256,256
diffdetect-hierarchical-calibration-v1,75,cocoglide:000000341058:real,real,nebula/CocoGlide,275f045df7caa2544dd28de7fa86b044ab661bd0,calibration,000000341058,cocoglide,000000341058_real.png,6ec4fa85098466cdafcb592afdd1be59c9c474ac09679f9da557522986e86244,9dcda4b93d8c73df7b1240629bec209566cd6119bb7f800c2906b8c3826b8777,18ccce34cd812a8f36f7157b77c8a8c3b5254fe0edaa47ef3a7a69c00cae3570,256,256
diffdetect-hierarchical-calibration-v1,76,cocoglide:000000452321:edited,edited,nebula/CocoGlide,275f045df7caa2544dd28de7fa86b044ab661bd0,calibration,000000452321,cocoglide,000000452321_manipulated.png,6ec4fa85098466cdafcb592afdd1be59c9c474ac09679f9da557522986e86244,9dcda4b93d8c73df7b1240629bec209566cd6119bb7f800c2906b8c3826b8777,5ad7fd7303d980c2accc51cab14e80ecb694226d1b8f4a0ee37802f3f0f39b93,256,256
diffdetect-hierarchical-calibration-v1,77,diffusiondb:d7055ed2-5c4a-4125-abe8-4d5eb8d24bc0.png,synthetic,poloclub/diffusiondb,fb620fbe49fa4420e0734bd9c0df11f51176b61f,part-001800,d7055ed2-5c4a-4125-abe8-4d5eb8d24bc0.png,diffusiondb,d7055ed2-5c4a-4125-abe8-4d5eb8d24bc0.png,eecd341187bc91c07f5994ad0660d40228ea025616fd57a509bef8323677c68f,9dcda4b93d8c73df7b1240629bec209566cd6119bb7f800c2906b8c3826b8777,274c0f7db3c23346eeb2de21a7996cdd0bf613f38bf0ff3c8ddf05d7c9c80429,1280,512
diffdetect-hierarchical-calibration-v1,78,diffusiondb:4935dc29-8fc1-4ba8-9b56-9af28ec96bc4.png,synthetic,poloclub/diffusiondb,fb620fbe49fa4420e0734bd9c0df11f51176b61f,part-001800,4935dc29-8fc1-4ba8-9b56-9af28ec96bc4.png,diffusiondb,4935dc29-8fc1-4ba8-9b56-9af28ec96bc4.png,eecd341187bc91c07f5994ad0660d40228ea025616fd57a509bef8323677c68f,9dcda4b93d8c73df7b1240629bec209566cd6119bb7f800c2906b8c3826b8777,165ab269983ec640bb7f4124cfd278825aa594d4b3917051a774377f29647dc2,1024,576
diffdetect-hierarchical-calibration-v1,79,cocoglide:000000520871:edited,edited,nebula/CocoGlide,275f045df7caa2544dd28de7fa86b044ab661bd0,calibration,000000520871,cocoglide,000000520871_manipulated.png,6ec4fa85098466cdafcb592afdd1be59c9c474ac09679f9da557522986e86244,9dcda4b93d8c73df7b1240629bec209566cd6119bb7f800c2906b8c3826b8777,98e2f0ec0ad945870962647176df85f6b1ac4354b9037794880cf3fe06920dd9,256,256
diffdetect-hierarchical-calibration-v1,80,diffusiondb:f80cf37f-ac22-4659-8728-0620fc195d84.png,synthetic,poloclub/diffusiondb,fb620fbe49fa4420e0734bd9c0df11f51176b61f,part-001800,f80cf37f-ac22-4659-8728-0620fc195d84.png,diffusiondb,f80cf37f-ac22-4659-8728-0620fc195d84.png,eecd341187bc91c07f5994ad0660d40228ea025616fd57a509bef8323677c68f,9dcda4b93d8c73df7b1240629bec209566cd6119bb7f800c2906b8c3826b8777,2c5022e4de1cfcabce14ca82cc97bc15e58d54a474ca711972097ad0fdc209d9,512,512
diffdetect-hierarchical-calibration-v1,81,diffusiondb:00bf4330-bbdb-4c6a-97e7-04013553ae10.png,synthetic,poloclub/diffusiondb,fb620fbe49fa4420e0734bd9c0df11f51176b61f,part-001800,00bf4330-bbdb-4c6a-97e7-04013553ae10.png,diffusiondb,00bf4330-bbdb-4c6a-97e7-04013553ae10.png,eecd341187bc91c07f5994ad0660d40228ea025616fd57a509bef8323677c68f,9dcda4b93d8c73df7b1240629bec209566cd6119bb7f800c2906b8c3826b8777,43fd9915f76467f04ef64f40ba156b9e139bbf902451c805aa6254ab910c3c0c,512,512
diffdetect-hierarchical-calibration-v1,82,cocoglide:000000182417:real,real,nebula/CocoGlide,275f045df7caa2544dd28de7fa86b044ab661bd0,calibration,000000182417,cocoglide,000000182417_real.png,6ec4fa85098466cdafcb592afdd1be59c9c474ac09679f9da557522986e86244,9dcda4b93d8c73df7b1240629bec209566cd6119bb7f800c2906b8c3826b8777,343c90901f463a6b98cbebab474a6ffae6a23419dc94e56628693817967195b8,256,256
diffdetect-hierarchical-calibration-v1,83,cocoglide:000000081061:real,real,nebula/CocoGlide,275f045df7caa2544dd28de7fa86b044ab661bd0,calibration,000000081061,cocoglide,000000081061_real.png,6ec4fa85098466cdafcb592afdd1be59c9c474ac09679f9da557522986e86244,9dcda4b93d8c73df7b1240629bec209566cd6119bb7f800c2906b8c3826b8777,91a09590fd6e465ea63a6028111f927aa206e948604a3c8304b5b957181c7d3c,256,256
diffdetect-hierarchical-calibration-v1,84,diffusiondb:894ba1cf-6e37-4f7b-a4ac-ee2317b70951.png,synthetic,poloclub/diffusiondb,fb620fbe49fa4420e0734bd9c0df11f51176b61f,part-001800,894ba1cf-6e37-4f7b-a4ac-ee2317b70951.png,diffusiondb,894ba1cf-6e37-4f7b-a4ac-ee2317b70951.png,eecd341187bc91c07f5994ad0660d40228ea025616fd57a509bef8323677c68f,9dcda4b93d8c73df7b1240629bec209566cd6119bb7f800c2906b8c3826b8777,a53d1cf340bb3b09981ce72083982ee1ccda361c4ba630432030807169b7504b,512,512
diffdetect-hierarchical-calibration-v1,85,cocoglide:000000132622:real,real,nebula/CocoGlide,275f045df7caa2544dd28de7fa86b044ab661bd0,calibration,000000132622,cocoglide,000000132622_real.png,6ec4fa85098466cdafcb592afdd1be59c9c474ac09679f9da557522986e86244,9dcda4b93d8c73df7b1240629bec209566cd6119bb7f800c2906b8c3826b8777,0ff1b33c3bb2dbeca3487f6b03d31a057799710d5b97314cd7e6380f0b5c5ed8,256,256
diffdetect-hierarchical-calibration-v1,86,cocoglide:000000312406:real,real,nebula/CocoGlide,275f045df7caa2544dd28de7fa86b044ab661bd0,calibration,000000312406,cocoglide,000000312406_real.png,6ec4fa85098466cdafcb592afdd1be59c9c474ac09679f9da557522986e86244,9dcda4b93d8c73df7b1240629bec209566cd6119bb7f800c2906b8c3826b8777,512bc0d30fa1dfaaf3a57b549cc3e60d3f12cf15c0022865a7e7e892c6bb3068,256,256
diffdetect-hierarchical-calibration-v1,87,cocoglide:000000080413:edited,edited,nebula/CocoGlide,275f045df7caa2544dd28de7fa86b044ab661bd0,calibration,000000080413,cocoglide,000000080413_manipulated.png,6ec4fa85098466cdafcb592afdd1be59c9c474ac09679f9da557522986e86244,9dcda4b93d8c73df7b1240629bec209566cd6119bb7f800c2906b8c3826b8777,9adffca8bd968f39cb8026c7b9ac685627cb16ab91e40949c9af1d4877b08b28,256,256
diffdetect-hierarchical-calibration-v1,88,cocoglide:000000304545:edited,edited,nebula/CocoGlide,275f045df7caa2544dd28de7fa86b044ab661bd0,calibration,000000304545,cocoglide,000000304545_manipulated.png,6ec4fa85098466cdafcb592afdd1be59c9c474ac09679f9da557522986e86244,9dcda4b93d8c73df7b1240629bec209566cd6119bb7f800c2906b8c3826b8777,759082bc39a79001b13100feac561dbeaf5e48685bc63693a38b33a147e49d00,256,256
diffdetect-hierarchical-calibration-v1,89,cocoglide:000000047121:edited,edited,nebula/CocoGlide,275f045df7caa2544dd28de7fa86b044ab661bd0,calibration,000000047121,cocoglide,000000047121_manipulated.png,6ec4fa85098466cdafcb592afdd1be59c9c474ac09679f9da557522986e86244,9dcda4b93d8c73df7b1240629bec209566cd6119bb7f800c2906b8c3826b8777,cc5d2b58d54960b2adaa3f490b2a53b4ee9eeadcaf85bde29f30487b9bae85c0,256,256
diffdetect-hierarchical-calibration-v1,90,cocoglide:000000368684:real,real,nebula/CocoGlide,275f045df7caa2544dd28de7fa86b044ab661bd0,calibration,000000368684,cocoglide,000000368684_real.png,6ec4fa85098466cdafcb592afdd1be59c9c474ac09679f9da557522986e86244,9dcda4b93d8c73df7b1240629bec209566cd6119bb7f800c2906b8c3826b8777,861bf0dab1da50dce58617846128810389f8fa85eb72b9183679581a8fd3eda8,256,256
diffdetect-hierarchical-calibration-v1,91,diffusiondb:4194670e-254c-4b31-93ec-f219bf9eda7d.png,synthetic,poloclub/diffusiondb,fb620fbe49fa4420e0734bd9c0df11f51176b61f,part-001800,4194670e-254c-4b31-93ec-f219bf9eda7d.png,diffusiondb,4194670e-254c-4b31-93ec-f219bf9eda7d.png,eecd341187bc91c07f5994ad0660d40228ea025616fd57a509bef8323677c68f,9dcda4b93d8c73df7b1240629bec209566cd6119bb7f800c2906b8c3826b8777,99bb8d63fc83ba7c26b779c8bd1ee09dcd45685f2235b8f45d62a7eb1e388ff0,512,512
diffdetect-hierarchical-calibration-v1,92,diffusiondb:b954783c-6e97-42ad-95fd-e02092fe7c02.png,synthetic,poloclub/diffusiondb,fb620fbe49fa4420e0734bd9c0df11f51176b61f,part-001800,b954783c-6e97-42ad-95fd-e02092fe7c02.png,diffusiondb,b954783c-6e97-42ad-95fd-e02092fe7c02.png,eecd341187bc91c07f5994ad0660d40228ea025616fd57a509bef8323677c68f,9dcda4b93d8c73df7b1240629bec209566cd6119bb7f800c2906b8c3826b8777,ed9d4a0722f1c9f6e7ce083ec326746c68c1269959efe9ea4ff080e5235574ec,512,512
diffdetect-hierarchical-calibration-v1,93,diffusiondb:1a7ec8b0-e7c9-4b4f-ac7c-0e44ed222633.png,synthetic,poloclub/diffusiondb,fb620fbe49fa4420e0734bd9c0df11f51176b61f,part-001800,1a7ec8b0-e7c9-4b4f-ac7c-0e44ed222633.png,diffusiondb,1a7ec8b0-e7c9-4b4f-ac7c-0e44ed222633.png,eecd341187bc91c07f5994ad0660d40228ea025616fd57a509bef8323677c68f,9dcda4b93d8c73df7b1240629bec209566cd6119bb7f800c2906b8c3826b8777,93ff3f706d4faf8f32641d076e7d4289b37e971001c83564e383628c465b2fea,512,512
diffdetect-hierarchical-calibration-v1,94,cocoglide:000000270402:edited,edited,nebula/CocoGlide,275f045df7caa2544dd28de7fa86b044ab661bd0,calibration,000000270402,cocoglide,000000270402_manipulated.png,6ec4fa85098466cdafcb592afdd1be59c9c474ac09679f9da557522986e86244,9dcda4b93d8c73df7b1240629bec209566cd6119bb7f800c2906b8c3826b8777,c26779affe8b4d09c3b7de4fe2651664a70653f3e1ec848b934332a88463fa69,256,256
diffdetect-hierarchical-calibration-v1,95,cocoglide:000000030213:real,real,nebula/CocoGlide,275f045df7caa2544dd28de7fa86b044ab661bd0,calibration,000000030213,cocoglide,000000030213_real.png,6ec4fa85098466cdafcb592afdd1be59c9c474ac09679f9da557522986e86244,9dcda4b93d8c73df7b1240629bec209566cd6119bb7f800c2906b8c3826b8777,87e8ecad8d8a574c7f1f40895131c08c95b7e61e63086b92105c9d9b0effdb49,256,256
diffdetect-hierarchical-calibration-v1,96,cocoglide:000000567825:real,real,nebula/CocoGlide,275f045df7caa2544dd28de7fa86b044ab661bd0,calibration,000000567825,cocoglide,000000567825_real.png,6ec4fa85098466cdafcb592afdd1be59c9c474ac09679f9da557522986e86244,9dcda4b93d8c73df7b1240629bec209566cd6119bb7f800c2906b8c3826b8777,cb2fbb4d5198139245d9b93b0e5c5f091626b3d2c141a8f9ed96bc8fa59ec66f,256,256
diffdetect-hierarchical-calibration-v1,97,diffusiondb:0468f6cf-b591-4607-8495-012f96f8cba5.png,synthetic,poloclub/diffusiondb,fb620fbe49fa4420e0734bd9c0df11f51176b61f,part-001800,0468f6cf-b591-4607-8495-012f96f8cba5.png,diffusiondb,0468f6cf-b591-4607-8495-012f96f8cba5.png,eecd341187bc91c07f5994ad0660d40228ea025616fd57a509bef8323677c68f,9dcda4b93d8c73df7b1240629bec209566cd6119bb7f800c2906b8c3826b8777,58f02fe063a0cf47b4fee3dfc55797dfc5867d9959d30ff9cc07253268ce7132,1280,512
diffdetect-hierarchical-calibration-v1,98,cocoglide:000000493284:edited,edited,nebula/CocoGlide,275f045df7caa2544dd28de7fa86b044ab661bd0,calibration,000000493284,cocoglide,000000493284_manipulated.png,6ec4fa85098466cdafcb592afdd1be59c9c474ac09679f9da557522986e86244,9dcda4b93d8c73df7b1240629bec209566cd6119bb7f800c2906b8c3826b8777,a07df36f9160a2185d473492240b31a0e2efb60870ffa468915bdeecc9cacce8,256,256
diffdetect-hierarchical-calibration-v1,99,diffusiondb:6c8b15cf-af4b-4351-86bf-072452a51c9b.png,synthetic,poloclub/diffusiondb,fb620fbe49fa4420e0734bd9c0df11f51176b61f,part-001800,6c8b15cf-af4b-4351-86bf-072452a51c9b.png,diffusiondb,6c8b15cf-af4b-4351-86bf-072452a51c9b.png,eecd341187bc91c07f5994ad0660d40228ea025616fd57a509bef8323677c68f,9dcda4b93d8c73df7b1240629bec209566cd6119bb7f800c2906b8c3826b8777,458a675e1d5969a51f580d0e3601f7cef30f87fcfe56cf12709e5d6faa18546f,512,512
diffdetect-hierarchical-calibration-v1,100,cocoglide:000000139883:real,real,nebula/CocoGlide,275f045df7caa2544dd28de7fa86b044ab661bd0,calibration,000000139883,cocoglide,000000139883_real.png,6ec4fa85098466cdafcb592afdd1be59c9c474ac09679f9da557522986e86244,9dcda4b93d8c73df7b1240629bec209566cd6119bb7f800c2906b8c3826b8777,fb90dca499b633ae597a7f2378bf0b38cc3bfcee07bca884a892d227ebafb38b,256,256
diffdetect-hierarchical-calibration-v1,101,cocoglide:000000270402:real,real,nebula/CocoGlide,275f045df7caa2544dd28de7fa86b044ab661bd0,calibration,000000270402,cocoglide,000000270402_real.png,6ec4fa85098466cdafcb592afdd1be59c9c474ac09679f9da557522986e86244,9dcda4b93d8c73df7b1240629bec209566cd6119bb7f800c2906b8c3826b8777,db7e3db61fc445d7df31eec7cd5ea108079796adde4f7e429f3b8854dfafb3d5,256,256
diffdetect-hierarchical-calibration-v1,102,cocoglide:000000335450:real,real,nebula/CocoGlide,275f045df7caa2544dd28de7fa86b044ab661bd0,calibration,000000335450,cocoglide,000000335450_real.png,6ec4fa85098466cdafcb592afdd1be59c9c474ac09679f9da557522986e86244,9dcda4b93d8c73df7b1240629bec209566cd6119bb7f800c2906b8c3826b8777,17bb4195a411883c8ce31d0b546932cd20537f0889d01defaaf34a39197360a3,256,256
diffdetect-hierarchical-calibration-v1,103,cocoglide:000000546829:real,real,nebula/CocoGlide,275f045df7caa2544dd28de7fa86b044ab661bd0,calibration,000000546829,cocoglide,000000546829_real.png,6ec4fa85098466cdafcb592afdd1be59c9c474ac09679f9da557522986e86244,9dcda4b93d8c73df7b1240629bec209566cd6119bb7f800c2906b8c3826b8777,122beb916bd9c591739cd410646a5e54e65022713abfce2e0be5f5ba72b03ba6,256,256
diffdetect-hierarchical-calibration-v1,104,cocoglide:000000331352:edited,edited,nebula/CocoGlide,275f045df7caa2544dd28de7fa86b044ab661bd0,calibration,000000331352,cocoglide,000000331352_manipulated.png,6ec4fa85098466cdafcb592afdd1be59c9c474ac09679f9da557522986e86244,9dcda4b93d8c73df7b1240629bec209566cd6119bb7f800c2906b8c3826b8777,87a195cefaa2839f0540ee800b759df36f4e0dbeb3cdd088f9b65ee9bc49f272,256,256
diffdetect-hierarchical-calibration-v1,105,diffusiondb:d3796e7b-861d-4b16-8aa2-136449dba49e.png,synthetic,poloclub/diffusiondb,fb620fbe49fa4420e0734bd9c0df11f51176b61f,part-001800,d3796e7b-861d-4b16-8aa2-136449dba49e.png,diffusiondb,d3796e7b-861d-4b16-8aa2-136449dba49e.png,eecd341187bc91c07f5994ad0660d40228ea025616fd57a509bef8323677c68f,9dcda4b93d8c73df7b1240629bec209566cd6119bb7f800c2906b8c3826b8777,bd6d8307e52c475ceb1ace07107042e56dc41e46f6b11b1e64a4e585ae12a7b8,512,512
diffdetect-hierarchical-calibration-v1,106,diffusiondb:adfaf9bf-2c79-4828-b329-0b00e8ed8cc8.png,synthetic,poloclub/diffusiondb,fb620fbe49fa4420e0734bd9c0df11f51176b61f,part-001800,adfaf9bf-2c79-4828-b329-0b00e8ed8cc8.png,diffusiondb,adfaf9bf-2c79-4828-b329-0b00e8ed8cc8.png,eecd341187bc91c07f5994ad0660d40228ea025616fd57a509bef8323677c68f,9dcda4b93d8c73df7b1240629bec209566cd6119bb7f800c2906b8c3826b8777,b2f836e835cd08f3c211a35b71afc392530345ed2ca4df9d3f12ce1556fa3b28,1024,768
diffdetect-hierarchical-calibration-v1,107,diffusiondb:ba5f364f-ba0b-4b34-8cb4-ca461bc60891.png,synthetic,poloclub/diffusiondb,fb620fbe49fa4420e0734bd9c0df11f51176b61f,part-001800,ba5f364f-ba0b-4b34-8cb4-ca461bc60891.png,diffusiondb,ba5f364f-ba0b-4b34-8cb4-ca461bc60891.png,eecd341187bc91c07f5994ad0660d40228ea025616fd57a509bef8323677c68f,9dcda4b93d8c73df7b1240629bec209566cd6119bb7f800c2906b8c3826b8777,f9e9dc4655daa773f3a5d8b9859e1332c57804aa63b46d6ff136ca16987f3eb8,512,512
diffdetect-hierarchical-calibration-v1,108,diffusiondb:3a5d8eb9-c0ad-43a8-8f6a-418decf97867.png,synthetic,poloclub/diffusiondb,fb620fbe49fa4420e0734bd9c0df11f51176b61f,part-001800,3a5d8eb9-c0ad-43a8-8f6a-418decf97867.png,diffusiondb,3a5d8eb9-c0ad-43a8-8f6a-418decf97867.png,eecd341187bc91c07f5994ad0660d40228ea025616fd57a509bef8323677c68f,9dcda4b93d8c73df7b1240629bec209566cd6119bb7f800c2906b8c3826b8777,3ec26608915448c77be89770d1d26fc12583ba854d3b1cffa715eb04df611fdf,512,512
diffdetect-hierarchical-calibration-v1,109,diffusiondb:67afc638-9900-4999-aeac-4e2559bad8f5.png,synthetic,poloclub/diffusiondb,fb620fbe49fa4420e0734bd9c0df11f51176b61f,part-001800,67afc638-9900-4999-aeac-4e2559bad8f5.png,diffusiondb,67afc638-9900-4999-aeac-4e2559bad8f5.png,eecd341187bc91c07f5994ad0660d40228ea025616fd57a509bef8323677c68f,9dcda4b93d8c73df7b1240629bec209566cd6119bb7f800c2906b8c3826b8777,1081a7ba6999eb7f1365d3d8402b06c1b4acfdf9868b7f4b64da0ed86ad00494,512,512
diffdetect-hierarchical-calibration-v1,110,diffusiondb:a8b4a821-61b7-4808-ba6b-387cb7163dec.png,synthetic,poloclub/diffusiondb,fb620fbe49fa4420e0734bd9c0df11f51176b61f,part-001800,a8b4a821-61b7-4808-ba6b-387cb7163dec.png,diffusiondb,a8b4a821-61b7-4808-ba6b-387cb7163dec.png,eecd341187bc91c07f5994ad0660d40228ea025616fd57a509bef8323677c68f,9dcda4b93d8c73df7b1240629bec209566cd6119bb7f800c2906b8c3826b8777,b48a378ae124e727a537560e29fbb5b00cadbcf91d273094efccf402ad5309e4,512,704
diffdetect-hierarchical-calibration-v1,111,diffusiondb:0b1a039e-5f36-4911-b9cc-12ce84f14c0c.png,synthetic,poloclub/diffusiondb,fb620fbe49fa4420e0734bd9c0df11f51176b61f,part-001800,0b1a039e-5f36-4911-b9cc-12ce84f14c0c.png,diffusiondb,0b1a039e-5f36-4911-b9cc-12ce84f14c0c.png,eecd341187bc91c07f5994ad0660d40228ea025616fd57a509bef8323677c68f,9dcda4b93d8c73df7b1240629bec209566cd6119bb7f800c2906b8c3826b8777,e7041f4d672f456ae5122f76d661f9e6a70e3bea64473af75b632881eeca8978,512,512
diffdetect-hierarchical-calibration-v1,112,diffusiondb:42e5f52e-a98e-4294-b78e-ef31f537783c.png,synthetic,poloclub/diffusiondb,fb620fbe49fa4420e0734bd9c0df11f51176b61f,part-001800,42e5f52e-a98e-4294-b78e-ef31f537783c.png,diffusiondb,42e5f52e-a98e-4294-b78e-ef31f537783c.png,eecd341187bc91c07f5994ad0660d40228ea025616fd57a509bef8323677c68f,9dcda4b93d8c73df7b1240629bec209566cd6119bb7f800c2906b8c3826b8777,1daff7718d467039c5db3f6b72c7a178125fb6bd1330a748b258f292600380c2,512,512
diffdetect-hierarchical-calibration-v1,113,cocoglide:000000478286:edited,edited,nebula/CocoGlide,275f045df7caa2544dd28de7fa86b044ab661bd0,calibration,000000478286,cocoglide,000000478286_manipulated.png,6ec4fa85098466cdafcb592afdd1be59c9c474ac09679f9da557522986e86244,9dcda4b93d8c73df7b1240629bec209566cd6119bb7f800c2906b8c3826b8777,cdb18fd06789cbe552c74910e8e8ccfe141043c5d91f4156a78bf502be37c68f,256,256
diffdetect-hierarchical-calibration-v1,114,cocoglide:000000416885:real,real,nebula/CocoGlide,275f045df7caa2544dd28de7fa86b044ab661bd0,calibration,000000416885,cocoglide,000000416885_real.png,6ec4fa85098466cdafcb592afdd1be59c9c474ac09679f9da557522986e86244,9dcda4b93d8c73df7b1240629bec209566cd6119bb7f800c2906b8c3826b8777,67f8389059d6614c772c5f91706d29597afd1bed6c08e7a5243e98d73534858a,256,256
diffdetect-hierarchical-calibration-v1,115,cocoglide:000000091654:edited,edited,nebula/CocoGlide,275f045df7caa2544dd28de7fa86b044ab661bd0,calibration,000000091654,cocoglide,000000091654_manipulated.png,6ec4fa85098466cdafcb592afdd1be59c9c474ac09679f9da557522986e86244,9dcda4b93d8c73df7b1240629bec209566cd6119bb7f800c2906b8c3826b8777,4302a885ce475874b0f5fc586c7f30af8f78f695d2c163fa1276de44ba10303b,256,256
diffdetect-hierarchical-calibration-v1,116,cocoglide:000000333956:edited,edited,nebula/CocoGlide,275f045df7caa2544dd28de7fa86b044ab661bd0,calibration,000000333956,cocoglide,000000333956_manipulated.png,6ec4fa85098466cdafcb592afdd1be59c9c474ac09679f9da557522986e86244,9dcda4b93d8c73df7b1240629bec209566cd6119bb7f800c2906b8c3826b8777,3a5a8ec9809b968b55ea9d2fe3aae545fdec506768bb605a0a8b37791fe430f0,256,256
diffdetect-hierarchical-calibration-v1,117,diffusiondb:531860dd-5762-425e-be03-74b5f46432ce.png,synthetic,poloclub/diffusiondb,fb620fbe49fa4420e0734bd9c0df11f51176b61f,part-001800,531860dd-5762-425e-be03-74b5f46432ce.png,diffusiondb,531860dd-5762-425e-be03-74b5f46432ce.png,eecd341187bc91c07f5994ad0660d40228ea025616fd57a509bef8323677c68f,9dcda4b93d8c73df7b1240629bec209566cd6119bb7f800c2906b8c3826b8777,fdcac39cc0d8367872073bcf1f98b961fe5998da2c62b62e192fcdf0b3cccd57,1024,512
diffdetect-hierarchical-calibration-v1,118,diffusiondb:b2960c71-be6b-4ad2-a171-e7a687547a75.png,synthetic,poloclub/diffusiondb,fb620fbe49fa4420e0734bd9c0df11f51176b61f,part-001800,b2960c71-be6b-4ad2-a171-e7a687547a75.png,diffusiondb,b2960c71-be6b-4ad2-a171-e7a687547a75.png,eecd341187bc91c07f5994ad0660d40228ea025616fd57a509bef8323677c68f,9dcda4b93d8c73df7b1240629bec209566cd6119bb7f800c2906b8c3826b8777,566ecb16f1b5f3dd2d1e7c0f9e9bfaaa68b23ff2f4524ac46ef5f414fb68f243,704,512
diffdetect-hierarchical-calibration-v1,119,diffusiondb:e8b89cbf-3f7a-4934-bca1-6d2f0ef41820.png,synthetic,poloclub/diffusiondb,fb620fbe49fa4420e0734bd9c0df11f51176b61f,part-001800,e8b89cbf-3f7a-4934-bca1-6d2f0ef41820.png,diffusiondb,e8b89cbf-3f7a-4934-bca1-6d2f0ef41820.png,eecd341187bc91c07f5994ad0660d40228ea025616fd57a509bef8323677c68f,9dcda4b93d8c73df7b1240629bec209566cd6119bb7f800c2906b8c3826b8777,c99870c188cfc300c0fb21fdf1dae4021c5812823b05c3569be895f45bb4cdd5,512,512
diffdetect-hierarchical-calibration-v1,120,cocoglide:000000184400:edited,edited,nebula/CocoGlide,275f045df7caa2544dd28de7fa86b044ab661bd0,calibration,000000184400,cocoglide,000000184400_manipulated.png,6ec4fa85098466cdafcb592afdd1be59c9c474ac09679f9da557522986e86244,9dcda4b93d8c73df7b1240629bec209566cd6119bb7f800c2906b8c3826b8777,d20000bd1603f3b00210ad1de90e2669a3914fc9ccb5b69869f8547a60a8462a,256,256
diffdetect-hierarchical-calibration-v1,121,cocoglide:000000180296:real,real,nebula/CocoGlide,275f045df7caa2544dd28de7fa86b044ab661bd0,calibration,000000180296,cocoglide,000000180296_real.png,6ec4fa85098466cdafcb592afdd1be59c9c474ac09679f9da557522986e86244,9dcda4b93d8c73df7b1240629bec209566cd6119bb7f800c2906b8c3826b8777,78f9e56aee3afe341d8a964d65e39a0243c2c3036d355b8090eab44e0bea26b4,256,256
diffdetect-hierarchical-calibration-v1,122,cocoglide:000000080413:real,real,nebula/CocoGlide,275f045df7caa2544dd28de7fa86b044ab661bd0,calibration,000000080413,cocoglide,000000080413_real.png,6ec4fa85098466cdafcb592afdd1be59c9c474ac09679f9da557522986e86244,9dcda4b93d8c73df7b1240629bec209566cd6119bb7f800c2906b8c3826b8777,f316da920455e17e73deaad8f6ee7fc020d6906cb15e1c3df518a6879302a4c0,256,256
diffdetect-hierarchical-calibration-v1,123,cocoglide:000000031269:real,real,nebula/CocoGlide,275f045df7caa2544dd28de7fa86b044ab661bd0,calibration,000000031269,cocoglide,000000031269_real.png,6ec4fa85098466cdafcb592afdd1be59c9c474ac09679f9da557522986e86244,9dcda4b93d8c73df7b1240629bec209566cd6119bb7f800c2906b8c3826b8777,7956cdf52b3a7a33d607591198f042996c83bd19401073e79ec144c270e06429,256,256
diffdetect-hierarchical-calibration-v1,124,cocoglide:000000341058:edited,edited,nebula/CocoGlide,275f045df7caa2544dd28de7fa86b044ab661bd0,calibration,000000341058,cocoglide,000000341058_manipulated.png,6ec4fa85098466cdafcb592afdd1be59c9c474ac09679f9da557522986e86244,9dcda4b93d8c73df7b1240629bec209566cd6119bb7f800c2906b8c3826b8777,7e1b042b65c5ddfb3cb8a21ee449e118528e8f327a1bef51ef15de260348108c,256,256
diffdetect-hierarchical-calibration-v1,125,cocoglide:000000076417:edited,edited,nebula/CocoGlide,275f045df7caa2544dd28de7fa86b044ab661bd0,calibration,000000076417,cocoglide,000000076417_manipulated.png,6ec4fa85098466cdafcb592afdd1be59c9c474ac09679f9da557522986e86244,9dcda4b93d8c73df7b1240629bec209566cd6119bb7f800c2906b8c3826b8777,868d491f8dfaabb470f408287b2a962bc7112065af4c5849a670616b97a3a521,256,256
diffdetect-hierarchical-calibration-v1,126,diffusiondb:6c813cdb-85ae-4318-a425-9289fc758504.png,synthetic,poloclub/diffusiondb,fb620fbe49fa4420e0734bd9c0df11f51176b61f,part-001800,6c813cdb-85ae-4318-a425-9289fc758504.png,diffusiondb,6c813cdb-85ae-4318-a425-9289fc758504.png,eecd341187bc91c07f5994ad0660d40228ea025616fd57a509bef8323677c68f,9dcda4b93d8c73df7b1240629bec209566cd6119bb7f800c2906b8c3826b8777,9fd4d04154722b0e574722cda504c525299103326c71d7f838d03d008e81b501,512,1024
diffdetect-hierarchical-calibration-v1,127,cocoglide:000000035963:real,real,nebula/CocoGlide,275f045df7caa2544dd28de7fa86b044ab661bd0,calibration,000000035963,cocoglide,000000035963_real.png,6ec4fa85098466cdafcb592afdd1be59c9c474ac09679f9da557522986e86244,9dcda4b93d8c73df7b1240629bec209566cd6119bb7f800c2906b8c3826b8777,09df8582c3f32d25a7c1d96dfdadb1655e01120c8c01395040a25f3b27b2fe00,256,256
diffdetect-hierarchical-calibration-v1,128,cocoglide:000000213224:edited,edited,nebula/CocoGlide,275f045df7caa2544dd28de7fa86b044ab661bd0,calibration,000000213224,cocoglide,000000213224_manipulated.png,6ec4fa85098466cdafcb592afdd1be59c9c474ac09679f9da557522986e86244,9dcda4b93d8c73df7b1240629bec209566cd6119bb7f800c2906b8c3826b8777,d661c3ac0f441fc3b3795665c6ebf7d8fc4d56267529d6213a20043d147bec2e,256,256
diffdetect-hierarchical-calibration-v1,129,cocoglide:000000063552:real,real,nebula/CocoGlide,275f045df7caa2544dd28de7fa86b044ab661bd0,calibration,000000063552,cocoglide,000000063552_real.png,6ec4fa85098466cdafcb592afdd1be59c9c474ac09679f9da557522986e86244,9dcda4b93d8c73df7b1240629bec209566cd6119bb7f800c2906b8c3826b8777,9ae9b1cdc7479e6e5502d317f581691ebd0596f8351d9dc69ca413ee17bf76c4,256,256
diffdetect-hierarchical-calibration-v1,130,cocoglide:000000364322:edited,edited,nebula/CocoGlide,275f045df7caa2544dd28de7fa86b044ab661bd0,calibration,000000364322,cocoglide,000000364322_manipulated.png,6ec4fa85098466cdafcb592afdd1be59c9c474ac09679f9da557522986e86244,9dcda4b93d8c73df7b1240629bec209566cd6119bb7f800c2906b8c3826b8777,0df6c575d6ae101dba0ffb4a48650cef91a9bfba464b17b1d2539accb029182b,256,256
diffdetect-hierarchical-calibration-v1,131,diffusiondb:e3f97857-6486-407c-9dab-7960505a4672.png,synthetic,poloclub/diffusiondb,fb620fbe49fa4420e0734bd9c0df11f51176b61f,part-001800,e3f97857-6486-407c-9dab-7960505a4672.png,diffusiondb,e3f97857-6486-407c-9dab-7960505a4672.png,eecd341187bc91c07f5994ad0660d40228ea025616fd57a509bef8323677c68f,9dcda4b93d8c73df7b1240629bec209566cd6119bb7f800c2906b8c3826b8777,9fb1c0f24d74150b9b986098eaba388e465022dc6e6288a95eabf05068583e50,512,768
diffdetect-hierarchical-calibration-v1,132,cocoglide:000000070774:edited,edited,nebula/CocoGlide,275f045df7caa2544dd28de7fa86b044ab661bd0,calibration,000000070774,cocoglide,000000070774_manipulated.png,6ec4fa85098466cdafcb592afdd1be59c9c474ac09679f9da557522986e86244,9dcda4b93d8c73df7b1240629bec209566cd6119bb7f800c2906b8c3826b8777,9b46ecaa8112b9fd2719c76a4dfad70cf6ce42b8cca9f858f3b79a2a14b5e3a3,256,256
diffdetect-hierarchical-calibration-v1,133,diffusiondb:3027f79b-3946-428a-bb2b-2ea418df0684.png,synthetic,poloclub/diffusiondb,fb620fbe49fa4420e0734bd9c0df11f51176b61f,part-001800,3027f79b-3946-428a-bb2b-2ea418df0684.png,diffusiondb,3027f79b-3946-428a-bb2b-2ea418df0684.png,eecd341187bc91c07f5994ad0660d40228ea025616fd57a509bef8323677c68f,9dcda4b93d8c73df7b1240629bec209566cd6119bb7f800c2906b8c3826b8777,d3df8494cab5db485fd7ee6dacd7f81b366078ff0c252609a477639ad9ef49f8,1280,512
diffdetect-hierarchical-calibration-v1,134,cocoglide:000000156278:edited,edited,nebula/CocoGlide,275f045df7caa2544dd28de7fa86b044ab661bd0,calibration,000000156278,cocoglide,000000156278_manipulated.png,6ec4fa85098466cdafcb592afdd1be59c9c474ac09679f9da557522986e86244,9dcda4b93d8c73df7b1240629bec209566cd6119bb7f800c2906b8c3826b8777,2808af199d8ac8efa1453e5961f651159702972e7206ead0887dcba6906ee705,256,256
diffdetect-hierarchical-calibration-v1,135,diffusiondb:637d9e4b-757a-405d-906c-2b7682b46cf8.png,synthetic,poloclub/diffusiondb,fb620fbe49fa4420e0734bd9c0df11f51176b61f,part-001800,637d9e4b-757a-405d-906c-2b7682b46cf8.png,diffusiondb,637d9e4b-757a-405d-906c-2b7682b46cf8.png,eecd341187bc91c07f5994ad0660d40228ea025616fd57a509bef8323677c68f,9dcda4b93d8c73df7b1240629bec209566cd6119bb7f800c2906b8c3826b8777,3f0fa282bb4eb302d92ea623861fa9d53f28263ea2b135c1c7e3259590e26287,512,512
diffdetect-hierarchical-calibration-v1,136,diffusiondb:5239759f-ec60-452f-9db8-b29f60415a1f.png,synthetic,poloclub/diffusiondb,fb620fbe49fa4420e0734bd9c0df11f51176b61f,part-001800,5239759f-ec60-452f-9db8-b29f60415a1f.png,diffusiondb,5239759f-ec60-452f-9db8-b29f60415a1f.png,eecd341187bc91c07f5994ad0660d40228ea025616fd57a509bef8323677c68f,9dcda4b93d8c73df7b1240629bec209566cd6119bb7f800c2906b8c3826b8777,a0601177ca98e0b47154ff5b23a61eb26f55c3b3c859ffee389a2a2fe8c3169c,512,512
diffdetect-hierarchical-calibration-v1,137,diffusiondb:6420a030-1f31-47f9-a82a-85998cdbfa67.png,synthetic,poloclub/diffusiondb,fb620fbe49fa4420e0734bd9c0df11f51176b61f,part-001800,6420a030-1f31-47f9-a82a-85998cdbfa67.png,diffusiondb,6420a030-1f31-47f9-a82a-85998cdbfa67.png,eecd341187bc91c07f5994ad0660d40228ea025616fd57a509bef8323677c68f,9dcda4b93d8c73df7b1240629bec209566cd6119bb7f800c2906b8c3826b8777,ed78ba8dfccbac37e7fa1bcf9878fdde51e0eaeab93c58eae504ae30fd248adc,512,512
diffdetect-hierarchical-calibration-v1,138,diffusiondb:aebb493a-0fa1-44e4-a372-0aea1421beba.png,synthetic,poloclub/diffusiondb,fb620fbe49fa4420e0734bd9c0df11f51176b61f,part-001800,aebb493a-0fa1-44e4-a372-0aea1421beba.png,diffusiondb,aebb493a-0fa1-44e4-a372-0aea1421beba.png,eecd341187bc91c07f5994ad0660d40228ea025616fd57a509bef8323677c68f,9dcda4b93d8c73df7b1240629bec209566cd6119bb7f800c2906b8c3826b8777,5aad464e7dd5653870a335b305e13c94f9428a33bb5373fd3227aca0e494b82d,704,512
diffdetect-hierarchical-calibration-v1,139,cocoglide:000000418961:real,real,nebula/CocoGlide,275f045df7caa2544dd28de7fa86b044ab661bd0,calibration,000000418961,cocoglide,000000418961_real.png,6ec4fa85098466cdafcb592afdd1be59c9c474ac09679f9da557522986e86244,9dcda4b93d8c73df7b1240629bec209566cd6119bb7f800c2906b8c3826b8777,5717302258bfcb516181dabddacde0d068bc810cea4ae174d4bc00a1f53b0dfc,256,256
diffdetect-hierarchical-calibration-v1,140,cocoglide:000000312406:edited,edited,nebula/CocoGlide,275f045df7caa2544dd28de7fa86b044ab661bd0,calibration,000000312406,cocoglide,000000312406_manipulated.png,6ec4fa85098466cdafcb592afdd1be59c9c474ac09679f9da557522986e86244,9dcda4b93d8c73df7b1240629bec209566cd6119bb7f800c2906b8c3826b8777,4b70c183e6b03428b70ac9d80b2b446820bf6647fab00523674674ad44f55493,256,256
diffdetect-hierarchical-calibration-v1,141,diffusiondb:58e63b48-72b8-43b7-a9a0-fadce7afaed9.png,synthetic,poloclub/diffusiondb,fb620fbe49fa4420e0734bd9c0df11f51176b61f,part-001800,58e63b48-72b8-43b7-a9a0-fadce7afaed9.png,diffusiondb,58e63b48-72b8-43b7-a9a0-fadce7afaed9.png,eecd341187bc91c07f5994ad0660d40228ea025616fd57a509bef8323677c68f,9dcda4b93d8c73df7b1240629bec209566cd6119bb7f800c2906b8c3826b8777,e45ef9f6342a10b7ae5c6ad65851524f47e00ea91bd51016da5a105366ded1fb,512,512
diffdetect-hierarchical-calibration-v1,142,cocoglide:000000222863:edited,edited,nebula/CocoGlide,275f045df7caa2544dd28de7fa86b044ab661bd0,calibration,000000222863,cocoglide,000000222863_manipulated.png,6ec4fa85098466cdafcb592afdd1be59c9c474ac09679f9da557522986e86244,9dcda4b93d8c73df7b1240629bec209566cd6119bb7f800c2906b8c3826b8777,6f1aa5c881f49ab1d20a1b76f290a827ec20beabd4b45ca4e073767c24185a54,256,256
diffdetect-hierarchical-calibration-v1,143,diffusiondb:4004deec-77ea-4f01-9fcd-78d0ea8376cd.png,synthetic,poloclub/diffusiondb,fb620fbe49fa4420e0734bd9c0df11f51176b61f,part-001800,4004deec-77ea-4f01-9fcd-78d0ea8376cd.png,diffusiondb,4004deec-77ea-4f01-9fcd-78d0ea8376cd.png,eecd341187bc91c07f5994ad0660d40228ea025616fd57a509bef8323677c68f,9dcda4b93d8c73df7b1240629bec209566cd6119bb7f800c2906b8c3826b8777,3091172e1723f382e845d3d8d8553d58ae1726b5ea66154d957f15c95862984b,512,512
diffdetect-hierarchical-calibration-v1,144,cocoglide:000000550322:real,real,nebula/CocoGlide,275f045df7caa2544dd28de7fa86b044ab661bd0,calibration,000000550322,cocoglide,000000550322_real.png,6ec4fa85098466cdafcb592afdd1be59c9c474ac09679f9da557522986e86244,9dcda4b93d8c73df7b1240629bec209566cd6119bb7f800c2906b8c3826b8777,c7ddabd792446a46efe838988b8ed0570c258c6082ec395304bbf6b43a63a4ba,256,256
diffdetect-hierarchical-calibration-v1,145,cocoglide:000000219283:real,real,nebula/CocoGlide,275f045df7caa2544dd28de7fa86b044ab661bd0,calibration,000000219283,cocoglide,000000219283_real.png,6ec4fa85098466cdafcb592afdd1be59c9c474ac09679f9da557522986e86244,9dcda4b93d8c73df7b1240629bec209566cd6119bb7f800c2906b8c3826b8777,e4aa72e5ebf50e69a7530fb80835639df1bb86b993a13b814ea4a426f0f943c4,256,256
diffdetect-hierarchical-calibration-v1,146,diffusiondb:827047c1-11d8-4852-acc9-38410b25e0e5.png,synthetic,poloclub/diffusiondb,fb620fbe49fa4420e0734bd9c0df11f51176b61f,part-001800,827047c1-11d8-4852-acc9-38410b25e0e5.png,diffusiondb,827047c1-11d8-4852-acc9-38410b25e0e5.png,eecd341187bc91c07f5994ad0660d40228ea025616fd57a509bef8323677c68f,9dcda4b93d8c73df7b1240629bec209566cd6119bb7f800c2906b8c3826b8777,c41f0dfeac849b513fff0d36bd0d0eeff4d1761e1686a9d63f88caa60317ff76,512,512
diffdetect-hierarchical-calibration-v1,147,diffusiondb:be4d2c88-80f7-441f-98c8-f01940a903f3.png,synthetic,poloclub/diffusiondb,fb620fbe49fa4420e0734bd9c0df11f51176b61f,part-001800,be4d2c88-80f7-441f-98c8-f01940a903f3.png,diffusiondb,be4d2c88-80f7-441f-98c8-f01940a903f3.png,eecd341187bc91c07f5994ad0660d40228ea025616fd57a509bef8323677c68f,9dcda4b93d8c73df7b1240629bec209566cd6119bb7f800c2906b8c3826b8777,1387266a313d62febd5def00556376c68bf4253dd0879d1d2518af5dfa47d41d,512,512
diffdetect-hierarchical-calibration-v1,148,diffusiondb:e3caec81-20c6-4840-bd48-4a4b030d7c0d.png,synthetic,poloclub/diffusiondb,fb620fbe49fa4420e0734bd9c0df11f51176b61f,part-001800,e3caec81-20c6-4840-bd48-4a4b030d7c0d.png,diffusiondb,e3caec81-20c6-4840-bd48-4a4b030d7c0d.png,eecd341187bc91c07f5994ad0660d40228ea025616fd57a509bef8323677c68f,9dcda4b93d8c73df7b1240629bec209566cd6119bb7f800c2906b8c3826b8777,4183cb95a1c12bcbdf7101be3b758f288e3fe2b032819e1c8e0cd0b45c69e40f,1024,512
diffdetect-hierarchical-calibration-v1,149,cocoglide:000000348012:edited,edited,nebula/CocoGlide,275f045df7caa2544dd28de7fa86b044ab661bd0,calibration,000000348012,cocoglide,000000348012_manipulated.png,6ec4fa85098466cdafcb592afdd1be59c9c474ac09679f9da557522986e86244,9dcda4b93d8c73df7b1240629bec209566cd6119bb7f800c2906b8c3826b8777,0eb8973cdc51f0d4b23984a11d9bb7c1cecf93aa0b24ed2cc61a43d3b4a534ec,256,256
diffdetect-hierarchical-calibration-v1,150,diffusiondb:ebe75a37-e31e-41fa-8ca5-8d75f9099149.png,synthetic,poloclub/diffusiondb,fb620fbe49fa4420e0734bd9c0df11f51176b61f,part-001800,ebe75a37-e31e-41fa-8ca5-8d75f9099149.png,diffusiondb,ebe75a37-e31e-41fa-8ca5-8d75f9099149.png,eecd341187bc91c07f5994ad0660d40228ea025616fd57a509bef8323677c68f,9dcda4b93d8c73df7b1240629bec209566cd6119bb7f800c2906b8c3826b8777,e749c8a9708781dd1849c13bff4da23e71088ff51f9249b0fe72d4b810731ca5,512,512
diffdetect-hierarchical-calibration-v1,151,cocoglide:000000047121:real,real,nebula/CocoGlide,275f045df7caa2544dd28de7fa86b044ab661bd0,calibration,000000047121,cocoglide,000000047121_real.png,6ec4fa85098466cdafcb592afdd1be59c9c474ac09679f9da557522986e86244,9dcda4b93d8c73df7b1240629bec209566cd6119bb7f800c2906b8c3826b8777,719eeeb4aa84b891e12d1ed48e6f9c48560132f55b614caec506c4000db1345a,256,256
diffdetect-hierarchical-calibration-v1,152,diffusiondb:aacff5a9-0317-4c6e-a25a-588591e6cb45.png,synthetic,poloclub/diffusiondb,fb620fbe49fa4420e0734bd9c0df11f51176b61f,part-001800,aacff5a9-0317-4c6e-a25a-588591e6cb45.png,diffusiondb,aacff5a9-0317-4c6e-a25a-588591e6cb45.png,eecd341187bc91c07f5994ad0660d40228ea025616fd57a509bef8323677c68f,9dcda4b93d8c73df7b1240629bec209566cd6119bb7f800c2906b8c3826b8777,f2e0a505f9fa8ff1b03f1e2e33859791dd76d3d4566dd2d548af89096a5a338f,512,896
diffdetect-hierarchical-calibration-v1,153,cocoglide:000000418961:edited,edited,nebula/CocoGlide,275f045df7caa2544dd28de7fa86b044ab661bd0,calibration,000000418961,cocoglide,000000418961_manipulated.png,6ec4fa85098466cdafcb592afdd1be59c9c474ac09679f9da557522986e86244,9dcda4b93d8c73df7b1240629bec209566cd6119bb7f800c2906b8c3826b8777,56f9c5a9478b883b08ab6913b141e0539729d0dbfc2f3200bc0f69da76218cc0,256,256
diffdetect-hierarchical-calibration-v1,154,diffusiondb:6dd1f44a-748f-4348-80cb-d513cee4d9f0.png,synthetic,poloclub/diffusiondb,fb620fbe49fa4420e0734bd9c0df11f51176b61f,part-001800,6dd1f44a-748f-4348-80cb-d513cee4d9f0.png,diffusiondb,6dd1f44a-748f-4348-80cb-d513cee4d9f0.png,eecd341187bc91c07f5994ad0660d40228ea025616fd57a509bef8323677c68f,9dcda4b93d8c73df7b1240629bec209566cd6119bb7f800c2906b8c3826b8777,640782deb494a7ce3de1b6fcaaf7102439a5f6a41aea0e5dc15a599dbb27345d,512,512
diffdetect-hierarchical-calibration-v1,155,cocoglide:000000095899:real,real,nebula/CocoGlide,275f045df7caa2544dd28de7fa86b044ab661bd0,calibration,000000095899,cocoglide,000000095899_real.png,6ec4fa85098466cdafcb592afdd1be59c9c474ac09679f9da557522986e86244,9dcda4b93d8c73df7b1240629bec209566cd6119bb7f800c2906b8c3826b8777,434a4fbeff2c79937f82acf50dae7ed908f3ccc87ca974027d563b4cb6acd2ce,256,256
diffdetect-hierarchical-calibration-v1,156,cocoglide:000000304817:edited,edited,nebula/CocoGlide,275f045df7caa2544dd28de7fa86b044ab661bd0,calibration,000000304817,cocoglide,000000304817_manipulated.png,6ec4fa85098466cdafcb592afdd1be59c9c474ac09679f9da557522986e86244,9dcda4b93d8c73df7b1240629bec209566cd6119bb7f800c2906b8c3826b8777,784319c1a3ae3f137a285ea075dba19de507b588232d7c0c100b0bd62f989d94,256,256
diffdetect-hierarchical-calibration-v1,157,diffusiondb:b221d077-4286-44f6-b074-7617ad424632.png,synthetic,poloclub/diffusiondb,fb620fbe49fa4420e0734bd9c0df11f51176b61f,part-001800,b221d077-4286-44f6-b074-7617ad424632.png,diffusiondb,b221d077-4286-44f6-b074-7617ad424632.png,eecd341187bc91c07f5994ad0660d40228ea025616fd57a509bef8323677c68f,9dcda4b93d8c73df7b1240629bec209566cd6119bb7f800c2906b8c3826b8777,3af7f0c37cf1e4756c8e62498260c7a1f0e9c6295631b65206e9c6c4b9297345,512,640
diffdetect-hierarchical-calibration-v1,158,diffusiondb:8e2f35ec-4db9-48b4-b27c-91c839b29a76.png,synthetic,poloclub/diffusiondb,fb620fbe49fa4420e0734bd9c0df11f51176b61f,part-001800,8e2f35ec-4db9-48b4-b27c-91c839b29a76.png,diffusiondb,8e2f35ec-4db9-48b4-b27c-91c839b29a76.png,eecd341187bc91c07f5994ad0660d40228ea025616fd57a509bef8323677c68f,9dcda4b93d8c73df7b1240629bec209566cd6119bb7f800c2906b8c3826b8777,e8cdf1da6736aab3daeba1d71238f1db87302a9246f8bdc15b932266820ee312,512,768
diffdetect-hierarchical-calibration-v1,159,cocoglide:000000416991:real,real,nebula/CocoGlide,275f045df7caa2544dd28de7fa86b044ab661bd0,calibration,000000416991,cocoglide,000000416991_real.png,6ec4fa85098466cdafcb592afdd1be59c9c474ac09679f9da557522986e86244,9dcda4b93d8c73df7b1240629bec209566cd6119bb7f800c2906b8c3826b8777,ab1cf8158bbb65bf156a6f1403fea8a6659927164324cb58e9e29352c11b336e,256,256
diffdetect-hierarchical-calibration-v1,160,cocoglide:000000475678:edited,edited,nebula/CocoGlide,275f045df7caa2544dd28de7fa86b044ab661bd0,calibration,000000475678,cocoglide,000000475678_manipulated.png,6ec4fa85098466cdafcb592afdd1be59c9c474ac09679f9da557522986e86244,9dcda4b93d8c73df7b1240629bec209566cd6119bb7f800c2906b8c3826b8777,3e754325cd29506a929add7c529cb977f08a92e328875d8bcb2c23c6043ee55e,256,256
diffdetect-hierarchical-calibration-v1,161,cocoglide:000000288882:edited,edited,nebula/CocoGlide,275f045df7caa2544dd28de7fa86b044ab661bd0,calibration,000000288882,cocoglide,000000288882_manipulated.png,6ec4fa85098466cdafcb592afdd1be59c9c474ac09679f9da557522986e86244,9dcda4b93d8c73df7b1240629bec209566cd6119bb7f800c2906b8c3826b8777,dbc9b7e5825e17842ee2fc0702bd0a4c2c7d830cae3250ceaa4185923baca3b2,256,256
diffdetect-hierarchical-calibration-v1,162,diffusiondb:b5d90fd9-0f44-44ec-a01c-318c5b2167a1.png,synthetic,poloclub/diffusiondb,fb620fbe49fa4420e0734bd9c0df11f51176b61f,part-001800,b5d90fd9-0f44-44ec-a01c-318c5b2167a1.png,diffusiondb,b5d90fd9-0f44-44ec-a01c-318c5b2167a1.png,eecd341187bc91c07f5994ad0660d40228ea025616fd57a509bef8323677c68f,9dcda4b93d8c73df7b1240629bec209566cd6119bb7f800c2906b8c3826b8777,d0fa6b8ad73132e531ca974887d1536591e1973d9a42215df8b69cea5c93ae68,512,512
diffdetect-hierarchical-calibration-v1,163,cocoglide:000000085195:edited,edited,nebula/CocoGlide,275f045df7caa2544dd28de7fa86b044ab661bd0,calibration,000000085195,cocoglide,000000085195_manipulated.png,6ec4fa85098466cdafcb592afdd1be59c9c474ac09679f9da557522986e86244,9dcda4b93d8c73df7b1240629bec209566cd6119bb7f800c2906b8c3826b8777,cb9aa275df0c99cbc6dcbe6619ee8f0a3018c834cb223efe818176333bf99fa7,256,256
diffdetect-hierarchical-calibration-v1,164,cocoglide:000000255912:edited,edited,nebula/CocoGlide,275f045df7caa2544dd28de7fa86b044ab661bd0,calibration,000000255912,cocoglide,000000255912_manipulated.png,6ec4fa85098466cdafcb592afdd1be59c9c474ac09679f9da557522986e86244,9dcda4b93d8c73df7b1240629bec209566cd6119bb7f800c2906b8c3826b8777,9c1389701a2f80e49f9db0c46833ff94395183fa6ed0953766b551ab69fed92d,256,256
diffdetect-hierarchical-calibration-v1,165,cocoglide:000000294855:real,real,nebula/CocoGlide,275f045df7caa2544dd28de7fa86b044ab661bd0,calibration,000000294855,cocoglide,000000294855_real.png,6ec4fa85098466cdafcb592afdd1be59c9c474ac09679f9da557522986e86244,9dcda4b93d8c73df7b1240629bec209566cd6119bb7f800c2906b8c3826b8777,94fa3f20a4b484afb4efb12eea2d275f5631c619e76d45fad69770b5e31adaa9,256,256
diffdetect-hierarchical-calibration-v1,166,diffusiondb:3b6db398-c493-4389-93b1-3b465886a495.png,synthetic,poloclub/diffusiondb,fb620fbe49fa4420e0734bd9c0df11f51176b61f,part-001800,3b6db398-c493-4389-93b1-3b465886a495.png,diffusiondb,3b6db398-c493-4389-93b1-3b465886a495.png,eecd341187bc91c07f5994ad0660d40228ea025616fd57a509bef8323677c68f,9dcda4b93d8c73df7b1240629bec209566cd6119bb7f800c2906b8c3826b8777,b9c14d833b916086bb1a8b08483b1c21e0de11efeb491a85b82d7b8c8d540c60,704,512
diffdetect-hierarchical-calibration-v1,167,cocoglide:000000546829:edited,edited,nebula/CocoGlide,275f045df7caa2544dd28de7fa86b044ab661bd0,calibration,000000546829,cocoglide,000000546829_manipulated.png,6ec4fa85098466cdafcb592afdd1be59c9c474ac09679f9da557522986e86244,9dcda4b93d8c73df7b1240629bec209566cd6119bb7f800c2906b8c3826b8777,cf2ba28e67cf2deaacd0c656b76e2c14be7698d60d0696b03ec86bcf1dfd1d7a,256,256
diffdetect-hierarchical-calibration-v1,168,cocoglide:000000069795:real,real,nebula/CocoGlide,275f045df7caa2544dd28de7fa86b044ab661bd0,calibration,000000069795,cocoglide,000000069795_real.png,6ec4fa85098466cdafcb592afdd1be59c9c474ac09679f9da557522986e86244,9dcda4b93d8c73df7b1240629bec209566cd6119bb7f800c2906b8c3826b8777,2b01e15d4b2390967b38ac67da5a6fa624bb3971dc2479a05247394692cc0b55,256,256
diffdetect-hierarchical-calibration-v1,169,diffusiondb:4fc4db37-8353-4557-affa-9e351a1e691e.png,synthetic,poloclub/diffusiondb,fb620fbe49fa4420e0734bd9c0df11f51176b61f,part-001800,4fc4db37-8353-4557-affa-9e351a1e691e.png,diffusiondb,4fc4db37-8353-4557-affa-9e351a1e691e.png,eecd341187bc91c07f5994ad0660d40228ea025616fd57a509bef8323677c68f,9dcda4b93d8c73df7b1240629bec209566cd6119bb7f800c2906b8c3826b8777,17716a17614e5cf67a10259f9931ac7be90888616804cba01e645d07f5eb27db,1024,576
diffdetect-hierarchical-calibration-v1,170,cocoglide:000000369751:edited,edited,nebula/CocoGlide,275f045df7caa2544dd28de7fa86b044ab661bd0,calibration,000000369751,cocoglide,000000369751_manipulated.png,6ec4fa85098466cdafcb592afdd1be59c9c474ac09679f9da557522986e86244,9dcda4b93d8c73df7b1240629bec209566cd6119bb7f800c2906b8c3826b8777,d46456d7c23ac485a96b55ffdb4d97740f7e2ceade02edefc4247c1501ffdfce,256,256
diffdetect-hierarchical-calibration-v1,171,cocoglide:000000129054:real,real,nebula/CocoGlide,275f045df7caa2544dd28de7fa86b044ab661bd0,calibration,000000129054,cocoglide,000000129054_real.png,6ec4fa85098466cdafcb592afdd1be59c9c474ac09679f9da557522986e86244,9dcda4b93d8c73df7b1240629bec209566cd6119bb7f800c2906b8c3826b8777,0919730d89a9596dfe99a8a467456f9d043d95c3e2e1c569abdb93780b5bc010,256,256
diffdetect-hierarchical-calibration-v1,172,cocoglide:000000456394:real,real,nebula/CocoGlide,275f045df7caa2544dd28de7fa86b044ab661bd0,calibration,000000456394,cocoglide,000000456394_real.png,6ec4fa85098466cdafcb592afdd1be59c9c474ac09679f9da557522986e86244,9dcda4b93d8c73df7b1240629bec209566cd6119bb7f800c2906b8c3826b8777,f21d37f2ade6a13e248d748f4c7f85f7cefe0c25ab93e1a612d85ba3cdd4feae,256,256
diffdetect-hierarchical-calibration-v1,173,cocoglide:000000020247:edited,edited,nebula/CocoGlide,275f045df7caa2544dd28de7fa86b044ab661bd0,calibration,000000020247,cocoglide,000000020247_manipulated.png,6ec4fa85098466cdafcb592afdd1be59c9c474ac09679f9da557522986e86244,9dcda4b93d8c73df7b1240629bec209566cd6119bb7f800c2906b8c3826b8777,a83dd7738ad168248d07a3ca032378c063e6a38a207531c8a7367c252e193cee,256,256
diffdetect-hierarchical-calibration-v1,174,cocoglide:000000414261:real,real,nebula/CocoGlide,275f045df7caa2544dd28de7fa86b044ab661bd0,calibration,000000414261,cocoglide,000000414261_real.png,6ec4fa85098466cdafcb592afdd1be59c9c474ac09679f9da557522986e86244,9dcda4b93d8c73df7b1240629bec209566cd6119bb7f800c2906b8c3826b8777,dad40371f40f0fa0f64d22b282fe90162d22508793236e001eaa2ec1e886921a,256,256
diffdetect-hierarchical-calibration-v1,175,diffusiondb:6445f01d-0d98-4945-9e71-9bd58210bb8e.png,synthetic,poloclub/diffusiondb,fb620fbe49fa4420e0734bd9c0df11f51176b61f,part-001800,6445f01d-0d98-4945-9e71-9bd58210bb8e.png,diffusiondb,6445f01d-0d98-4945-9e71-9bd58210bb8e.png,eecd341187bc91c07f5994ad0660d40228ea025616fd57a509bef8323677c68f,9dcda4b93d8c73df7b1240629bec209566cd6119bb7f800c2906b8c3826b8777,acf7ce5058293a77c267b113f2ad459e2562878796a352551693c8572291c141,512,512
diffdetect-hierarchical-calibration-v1,176,diffusiondb:0187b70c-2549-4c1b-be1f-74ec432bd399.png,synthetic,poloclub/diffusiondb,fb620fbe49fa4420e0734bd9c0df11f51176b61f,part-001800,0187b70c-2549-4c1b-be1f-74ec432bd399.png,diffusiondb,0187b70c-2549-4c1b-be1f-74ec432bd399.png,eecd341187bc91c07f5994ad0660d40228ea025616fd57a509bef8323677c68f,9dcda4b93d8c73df7b1240629bec209566cd6119bb7f800c2906b8c3826b8777,1b821362c892acc93c41200cf7f1f700daa9e45c62fe4a076a2e2531a194991a,512,512
diffdetect-hierarchical-calibration-v1,177,cocoglide:000000255912:real,real,nebula/CocoGlide,275f045df7caa2544dd28de7fa86b044ab661bd0,calibration,000000255912,cocoglide,000000255912_real.png,6ec4fa85098466cdafcb592afdd1be59c9c474ac09679f9da557522986e86244,9dcda4b93d8c73df7b1240629bec209566cd6119bb7f800c2906b8c3826b8777,c7a27129ca0401fdac868befffb9247599aaf009a8785ab26bf7d09fdd12fefe,256,256
diffdetect-hierarchical-calibration-v1,178,diffusiondb:b6454eee-4139-4cea-b8cf-5da45540ae35.png,synthetic,poloclub/diffusiondb,fb620fbe49fa4420e0734bd9c0df11f51176b61f,part-001800,b6454eee-4139-4cea-b8cf-5da45540ae35.png,diffusiondb,b6454eee-4139-4cea-b8cf-5da45540ae35.png,eecd341187bc91c07f5994ad0660d40228ea025616fd57a509bef8323677c68f,9dcda4b93d8c73df7b1240629bec209566cd6119bb7f800c2906b8c3826b8777,85b5f79d72ce1ced5dd676e2832dacab50c4a80740f9285eff4ab4a4c0ee58d9,512,512
diffdetect-hierarchical-calibration-v1,179,cocoglide:000000269942:real,real,nebula/CocoGlide,275f045df7caa2544dd28de7fa86b044ab661bd0,calibration,000000269942,cocoglide,000000269942_real.png,6ec4fa85098466cdafcb592afdd1be59c9c474ac09679f9da557522986e86244,9dcda4b93d8c73df7b1240629bec209566cd6119bb7f800c2906b8c3826b8777,f564f701b246b8dd48dce0f6876313c8ee8b3cbc1aa5643b3aac6cb8b1dc3172,256,256
diffdetect-hierarchical-calibration-v1,180,diffusiondb:81de97b7-94a3-4bfa-8619-d6f9b21c663d.png,synthetic,poloclub/diffusiondb,fb620fbe49fa4420e0734bd9c0df11f51176b61f,part-001800,81de97b7-94a3-4bfa-8619-d6f9b21c663d.png,diffusiondb,81de97b7-94a3-4bfa-8619-d6f9b21c663d.png,eecd341187bc91c07f5994ad0660d40228ea025616fd57a509bef8323677c68f,9dcda4b93d8c73df7b1240629bec209566cd6119bb7f800c2906b8c3826b8777,ec99fa84016e5f412123d5718d1b558ef07a92a34e7c2c5457b90b96eada5d59,512,512
diffdetect-hierarchical-calibration-v1,181,cocoglide:000000083113:edited,edited,nebula/CocoGlide,275f045df7caa2544dd28de7fa86b044ab661bd0,calibration,000000083113,cocoglide,000000083113_manipulated.png,6ec4fa85098466cdafcb592afdd1be59c9c474ac09679f9da557522986e86244,9dcda4b93d8c73df7b1240629bec209566cd6119bb7f800c2906b8c3826b8777,0f38132ac96271dd602a7ec18c71d3bfa10135e92cadeb82704f60dcfb29e45c,256,256
diffdetect-hierarchical-calibration-v1,182,diffusiondb:a78a80fa-29f2-4c58-9e3b-fe5d80bc2950.png,synthetic,poloclub/diffusiondb,fb620fbe49fa4420e0734bd9c0df11f51176b61f,part-001800,a78a80fa-29f2-4c58-9e3b-fe5d80bc2950.png,diffusiondb,a78a80fa-29f2-4c58-9e3b-fe5d80bc2950.png,eecd341187bc91c07f5994ad0660d40228ea025616fd57a509bef8323677c68f,9dcda4b93d8c73df7b1240629bec209566cd6119bb7f800c2906b8c3826b8777,af6deabd45a938943c7023baa0d0af5e8b29c4b02750884f97b62112d19a8a81,512,512
diffdetect-hierarchical-calibration-v1,183,cocoglide:000000416330:real,real,nebula/CocoGlide,275f045df7caa2544dd28de7fa86b044ab661bd0,calibration,000000416330,cocoglide,000000416330_real.png,6ec4fa85098466cdafcb592afdd1be59c9c474ac09679f9da557522986e86244,9dcda4b93d8c73df7b1240629bec209566cd6119bb7f800c2906b8c3826b8777,4d54772f847b07c29b099695d780c5e348ee95d76bba7216d275e6b1595343c3,256,256
diffdetect-hierarchical-calibration-v1,184,diffusiondb:2efb6d91-1458-43e8-90fd-f337cbd267c0.png,synthetic,poloclub/diffusiondb,fb620fbe49fa4420e0734bd9c0df11f51176b61f,part-001800,2efb6d91-1458-43e8-90fd-f337cbd267c0.png,diffusiondb,2efb6d91-1458-43e8-90fd-f337cbd267c0.png,eecd341187bc91c07f5994ad0660d40228ea025616fd57a509bef8323677c68f,9dcda4b93d8c73df7b1240629bec209566cd6119bb7f800c2906b8c3826b8777,4ecc045cb9a1a097d9136db9e6217b747ebc1238bb91f250228ab42b2571acda,512,512
diffdetect-hierarchical-calibration-v1,185,cocoglide:000000416269:edited,edited,nebula/CocoGlide,275f045df7caa2544dd28de7fa86b044ab661bd0,calibration,000000416269,cocoglide,000000416269_manipulated.png,6ec4fa85098466cdafcb592afdd1be59c9c474ac09679f9da557522986e86244,9dcda4b93d8c73df7b1240629bec209566cd6119bb7f800c2906b8c3826b8777,905ffc9b34f23d444da72e672645c0d4846d32b524878c090050af0e8a8af4a7,256,256
diffdetect-hierarchical-calibration-v1,186,cocoglide:000000184400:real,real,nebula/CocoGlide,275f045df7caa2544dd28de7fa86b044ab661bd0,calibration,000000184400,cocoglide,000000184400_real.png,6ec4fa85098466cdafcb592afdd1be59c9c474ac09679f9da557522986e86244,9dcda4b93d8c73df7b1240629bec209566cd6119bb7f800c2906b8c3826b8777,ddd33129170d38a912d43bbfb45d1b3e8acc5d8f5461a72e609127a83e85b352,256,256
diffdetect-hierarchical-calibration-v1,187,cocoglide:000000402433:real,real,nebula/CocoGlide,275f045df7caa2544dd28de7fa86b044ab661bd0,calibration,000000402433,cocoglide,000000402433_real.png,6ec4fa85098466cdafcb592afdd1be59c9c474ac09679f9da557522986e86244,9dcda4b93d8c73df7b1240629bec209566cd6119bb7f800c2906b8c3826b8777,ca3647825cc7eb838f010e1d6a7440b225891666fe34cec077ddf6fb2e773325,256,256
diffdetect-hierarchical-calibration-v1,188,diffusiondb:1e0a1bb6-be49-434d-b463-12a311e6750d.png,synthetic,poloclub/diffusiondb,fb620fbe49fa4420e0734bd9c0df11f51176b61f,part-001800,1e0a1bb6-be49-434d-b463-12a311e6750d.png,diffusiondb,1e0a1bb6-be49-434d-b463-12a311e6750d.png,eecd341187bc91c07f5994ad0660d40228ea025616fd57a509bef8323677c68f,9dcda4b93d8c73df7b1240629bec209566cd6119bb7f800c2906b8c3826b8777,e1864c4c7a2bce06844b624ef14fa37322c7e237fa1d4850f9441a4093441b20,1024,640
diffdetect-hierarchical-calibration-v1,189,cocoglide:000000159282:edited,edited,nebula/CocoGlide,275f045df7caa2544dd28de7fa86b044ab661bd0,calibration,000000159282,cocoglide,000000159282_manipulated.png,6ec4fa85098466cdafcb592afdd1be59c9c474ac09679f9da557522986e86244,9dcda4b93d8c73df7b1240629bec209566cd6119bb7f800c2906b8c3826b8777,efab2fc89ef8f87ae642925afc2698c64c77cec16a082e33763a0b6094794e7e,256,256
diffdetect-hierarchical-calibration-v1,190,cocoglide:000000474164:real,real,nebula/CocoGlide,275f045df7caa2544dd28de7fa86b044ab661bd0,calibration,000000474164,cocoglide,000000474164_real.png,6ec4fa85098466cdafcb592afdd1be59c9c474ac09679f9da557522986e86244,9dcda4b93d8c73df7b1240629bec209566cd6119bb7f800c2906b8c3826b8777,56d8e08a613cd7178ede69f301ccadb537bd2049295627f6a55829c56b3f9e8d,256,256
diffdetect-hierarchical-calibration-v1,191,diffusiondb:0d919989-aa97-4666-ba79-f0ee54c71e33.png,synthetic,poloclub/diffusiondb,fb620fbe49fa4420e0734bd9c0df11f51176b61f,part-001800,0d919989-aa97-4666-ba79-f0ee54c71e33.png,diffusiondb,0d919989-aa97-4666-ba79-f0ee54c71e33.png,eecd341187bc91c07f5994ad0660d40228ea025616fd57a509bef8323677c68f,9dcda4b93d8c73df7b1240629bec209566cd6119bb7f800c2906b8c3826b8777,0750ce8720191421c8f5712ca060d8fce4781722661848b2ee848e8dcca3f3fc,512,512
diffdetect-hierarchical-calibration-v1,192,cocoglide:000000311909:real,real,nebula/CocoGlide,275f045df7caa2544dd28de7fa86b044ab661bd0,calibration,000000311909,cocoglide,000000311909_real.png,6ec4fa85098466cdafcb592afdd1be59c9c474ac09679f9da557522986e86244,9dcda4b93d8c73df7b1240629bec209566cd6119bb7f800c2906b8c3826b8777,a0a486cd6debc07ea4c05240f9dbd2abc94ba65825de5b39269d358b22af86b8,256,256
diffdetect-hierarchical-calibration-v1,193,diffusiondb:975787f0-bfcf-461f-bb9f-8e76db50c6f9.png,synthetic,poloclub/diffusiondb,fb620fbe49fa4420e0734bd9c0df11f51176b61f,part-001800,975787f0-bfcf-461f-bb9f-8e76db50c6f9.png,diffusiondb,975787f0-bfcf-461f-bb9f-8e76db50c6f9.png,eecd341187bc91c07f5994ad0660d40228ea025616fd57a509bef8323677c68f,9dcda4b93d8c73df7b1240629bec209566cd6119bb7f800c2906b8c3826b8777,e752dd949f330e716c9c8eb6d3be8f6fc6b891d074aeb2353a3687b17f83003c,512,512
diffdetect-hierarchical-calibration-v1,194,diffusiondb:96d57eb1-8468-414e-bf71-c922049f3026.png,synthetic,poloclub/diffusiondb,fb620fbe49fa4420e0734bd9c0df11f51176b61f,part-001800,96d57eb1-8468-414e-bf71-c922049f3026.png,diffusiondb,96d57eb1-8468-414e-bf71-c922049f3026.png,eecd341187bc91c07f5994ad0660d40228ea025616fd57a509bef8323677c68f,9dcda4b93d8c73df7b1240629bec209566cd6119bb7f800c2906b8c3826b8777,25765fb52f1c9ae6ad541a525c59e532b852d5caefce73dcdea84b1e74a958d6,512,512
diffdetect-hierarchical-calibration-v1,195,cocoglide:000000572517:real,real,nebula/CocoGlide,275f045df7caa2544dd28de7fa86b044ab661bd0,calibration,000000572517,cocoglide,000000572517_real.png,6ec4fa85098466cdafcb592afdd1be59c9c474ac09679f9da557522986e86244,9dcda4b93d8c73df7b1240629bec209566cd6119bb7f800c2906b8c3826b8777,b6c938cd524792d2827f9ae89b2a46212f9cf5393b412fff273d5a9ee215e449,256,256
diffdetect-hierarchical-calibration-v1,196,diffusiondb:1447c995-8093-42a9-b20d-0507c287a55b.png,synthetic,poloclub/diffusiondb,fb620fbe49fa4420e0734bd9c0df11f51176b61f,part-001800,1447c995-8093-42a9-b20d-0507c287a55b.png,diffusiondb,1447c995-8093-42a9-b20d-0507c287a55b.png,eecd341187bc91c07f5994ad0660d40228ea025616fd57a509bef8323677c68f,9dcda4b93d8c73df7b1240629bec209566cd6119bb7f800c2906b8c3826b8777,ed8476e696bc70dead8f81d5edee4704f9c6d8027817815a81a639040f7334d1,768,1024
diffdetect-hierarchical-calibration-v1,197,diffusiondb:17203239-da04-42b8-b9dc-5c3ccc0308c4.png,synthetic,poloclub/diffusiondb,fb620fbe49fa4420e0734bd9c0df11f51176b61f,part-001800,17203239-da04-42b8-b9dc-5c3ccc0308c4.png,diffusiondb,17203239-da04-42b8-b9dc-5c3ccc0308c4.png,eecd341187bc91c07f5994ad0660d40228ea025616fd57a509bef8323677c68f,9dcda4b93d8c73df7b1240629bec209566cd6119bb7f800c2906b8c3826b8777,2a3418ddbc241964079e6e2b78a90e4e9a80a4ac1e980051fb28d8625e8d5773,512,512
diffdetect-hierarchical-calibration-v1,198,diffusiondb:4b5aa741-4d5d-4d01-8327-191f030e5cd6.png,synthetic,poloclub/diffusiondb,fb620fbe49fa4420e0734bd9c0df11f51176b61f,part-001800,4b5aa741-4d5d-4d01-8327-191f030e5cd6.png,diffusiondb,4b5aa741-4d5d-4d01-8327-191f030e5cd6.png,eecd341187bc91c07f5994ad0660d40228ea025616fd57a509bef8323677c68f,9dcda4b93d8c73df7b1240629bec209566cd6119bb7f800c2906b8c3826b8777,c25ef03110876894714709effbed3b3e8fd7a661e93ca3738b640ec2786c63ed,512,512
diffdetect-hierarchical-calibration-v1,199,cocoglide:000000416256:real,real,nebula/CocoGlide,275f045df7caa2544dd28de7fa86b044ab661bd0,calibration,000000416256,cocoglide,000000416256_real.png,6ec4fa85098466cdafcb592afdd1be59c9c474ac09679f9da557522986e86244,9dcda4b93d8c73df7b1240629bec209566cd6119bb7f800c2906b8c3826b8777,42795eefd582c764775bd76585715d83eada040785860caa495eac54769490e5,256,256
diffdetect-hierarchical-calibration-v1,200,diffusiondb:e1c3013f-82a7-4acc-89a7-f3651391f43d.png,synthetic,poloclub/diffusiondb,fb620fbe49fa4420e0734bd9c0df11f51176b61f,part-001800,e1c3013f-82a7-4acc-89a7-f3651391f43d.png,diffusiondb,e1c3013f-82a7-4acc-89a7-f3651391f43d.png,eecd341187bc91c07f5994ad0660d40228ea025616fd57a509bef8323677c68f,9dcda4b93d8c73df7b1240629bec209566cd6119bb7f800c2906b8c3826b8777,bb6f1775ac0d6ac7167070545becb9d93160bc89d73496c7ce6197c7428b1c00,1024,512
diffdetect-hierarchical-calibration-v1,201,cocoglide:000000132622:edited,edited,nebula/CocoGlide,275f045df7caa2544dd28de7fa86b044ab661bd0,calibration,000000132622,cocoglide,000000132622_manipulated.png,6ec4fa85098466cdafcb592afdd1be59c9c474ac09679f9da557522986e86244,9dcda4b93d8c73df7b1240629bec209566cd6119bb7f800c2906b8c3826b8777,a4a8e5dbabd920c8b488ca006d0970125414c7c6d26e4777cbc222c01898b5cb,256,256
diffdetect-hierarchical-calibration-v1,202,cocoglide:000000083113:real,real,nebula/CocoGlide,275f045df7caa2544dd28de7fa86b044ab661bd0,calibration,000000083113,cocoglide,000000083113_real.png,6ec4fa85098466cdafcb592afdd1be59c9c474ac09679f9da557522986e86244,9dcda4b93d8c73df7b1240629bec209566cd6119bb7f800c2906b8c3826b8777,312b8816def61443fb77468eacd67a78a837944d384313eef93ff1f8fb36b56f,256,256
diffdetect-hierarchical-calibration-v1,203,diffusiondb:f75ea412-6afd-4bc6-a36b-007ff29ed210.png,synthetic,poloclub/diffusiondb,fb620fbe49fa4420e0734bd9c0df11f51176b61f,part-001800,f75ea412-6afd-4bc6-a36b-007ff29ed210.png,diffusiondb,f75ea412-6afd-4bc6-a36b-007ff29ed210.png,eecd341187bc91c07f5994ad0660d40228ea025616fd57a509bef8323677c68f,9dcda4b93d8c73df7b1240629bec209566cd6119bb7f800c2906b8c3826b8777,8de39e6532446bdf691e2fb171fd61de4e1dd526a4752804f02a3caa75097688,512,512
diffdetect-hierarchical-calibration-v1,204,cocoglide:000000125952:real,real,nebula/CocoGlide,275f045df7caa2544dd28de7fa86b044ab661bd0,calibration,000000125952,cocoglide,000000125952_real.png,6ec4fa85098466cdafcb592afdd1be59c9c474ac09679f9da557522986e86244,9dcda4b93d8c73df7b1240629bec209566cd6119bb7f800c2906b8c3826b8777,f4ebc701e90acdcab4a575853852ca0995513979045fdbeff922bb1c1dc78e27,256,256
diffdetect-hierarchical-calibration-v1,205,cocoglide:000000228436:real,real,nebula/CocoGlide,275f045df7caa2544dd28de7fa86b044ab661bd0,calibration,000000228436,cocoglide,000000228436_real.png,6ec4fa85098466cdafcb592afdd1be59c9c474ac09679f9da557522986e86244,9dcda4b93d8c73df7b1240629bec209566cd6119bb7f800c2906b8c3826b8777,ccc840b6bf43c594cf56dd0514c7306b3ae3a4f5b5f9567ba41c3a7f47dda3ea,256,256
diffdetect-hierarchical-calibration-v1,206,cocoglide:000000146363:edited,edited,nebula/CocoGlide,275f045df7caa2544dd28de7fa86b044ab661bd0,calibration,000000146363,cocoglide,000000146363_manipulated.png,6ec4fa85098466cdafcb592afdd1be59c9c474ac09679f9da557522986e86244,9dcda4b93d8c73df7b1240629bec209566cd6119bb7f800c2906b8c3826b8777,13ee42b240d83196f4b1a378baf6a2f9aed69dbe7375ebc9d14f6c57d38d31bf,256,256
diffdetect-hierarchical-calibration-v1,207,cocoglide:000000233033:real,real,nebula/CocoGlide,275f045df7caa2544dd28de7fa86b044ab661bd0,calibration,000000233033,cocoglide,000000233033_real.png,6ec4fa85098466cdafcb592afdd1be59c9c474ac09679f9da557522986e86244,9dcda4b93d8c73df7b1240629bec209566cd6119bb7f800c2906b8c3826b8777,4f3d6d1090246f667ae4036f1d70a05a56bf3f599e3f3384796ea8c17e855344,256,256
diffdetect-hierarchical-calibration-v1,208,diffusiondb:54d56bc8-b05a-4920-b4ca-b6450d01d89d.png,synthetic,poloclub/diffusiondb,fb620fbe49fa4420e0734bd9c0df11f51176b61f,part-001800,54d56bc8-b05a-4920-b4ca-b6450d01d89d.png,diffusiondb,54d56bc8-b05a-4920-b4ca-b6450d01d89d.png,eecd341187bc91c07f5994ad0660d40228ea025616fd57a509bef8323677c68f,9dcda4b93d8c73df7b1240629bec209566cd6119bb7f800c2906b8c3826b8777,4af9b11bdc2e38b908602cf49c2bad5759ddc4a6faa950bf5aa9acd3fe7d6de4,512,512
diffdetect-hierarchical-calibration-v1,209,cocoglide:000000284296:real,real,nebula/CocoGlide,275f045df7caa2544dd28de7fa86b044ab661bd0,calibration,000000284296,cocoglide,000000284296_real.png,6ec4fa85098466cdafcb592afdd1be59c9c474ac09679f9da557522986e86244,9dcda4b93d8c73df7b1240629bec209566cd6119bb7f800c2906b8c3826b8777,f1fcb93e8e5c1ec7576637cc2651d77352cb620814d1b2c511c68626136bccdd,256,256
diffdetect-hierarchical-calibration-v1,210,cocoglide:000000180296:edited,edited,nebula/CocoGlide,275f045df7caa2544dd28de7fa86b044ab661bd0,calibration,000000180296,cocoglide,000000180296_manipulated.png,6ec4fa85098466cdafcb592afdd1be59c9c474ac09679f9da557522986e86244,9dcda4b93d8c73df7b1240629bec209566cd6119bb7f800c2906b8c3826b8777,a8c7ee075279a9a16cf1d3c5008bfad13e63564adc58e5465ccc4af2ad1e1a85,256,256
diffdetect-hierarchical-calibration-v1,211,cocoglide:000000544052:edited,edited,nebula/CocoGlide,275f045df7caa2544dd28de7fa86b044ab661bd0,calibration,000000544052,cocoglide,000000544052_manipulated.png,6ec4fa85098466cdafcb592afdd1be59c9c474ac09679f9da557522986e86244,9dcda4b93d8c73df7b1240629bec209566cd6119bb7f800c2906b8c3826b8777,ba77d6aef4312d9853e0b3f0a16a6fcd381a52aae51c2546961912dbdb742f72,256,256
diffdetect-hierarchical-calibration-v1,212,cocoglide:000000099428:real,real,nebula/CocoGlide,275f045df7caa2544dd28de7fa86b044ab661bd0,calibration,000000099428,cocoglide,000000099428_real.png,6ec4fa85098466cdafcb592afdd1be59c9c474ac09679f9da557522986e86244,9dcda4b93d8c73df7b1240629bec209566cd6119bb7f800c2906b8c3826b8777,ecb47fc817372d801c6c240240b130f88974ae8335401dcd80057ab8c764feac,256,256
diffdetect-hierarchical-calibration-v1,213,cocoglide:000000402473:real,real,nebula/CocoGlide,275f045df7caa2544dd28de7fa86b044ab661bd0,calibration,000000402473,cocoglide,000000402473_real.png,6ec4fa85098466cdafcb592afdd1be59c9c474ac09679f9da557522986e86244,9dcda4b93d8c73df7b1240629bec209566cd6119bb7f800c2906b8c3826b8777,239447b32221ef371d8eb753f47773a6e37d0e409e5e909583298169daf89965,256,256
diffdetect-hierarchical-calibration-v1,214,cocoglide:000000143998:edited,edited,nebula/CocoGlide,275f045df7caa2544dd28de7fa86b044ab661bd0,calibration,000000143998,cocoglide,000000143998_manipulated.png,6ec4fa85098466cdafcb592afdd1be59c9c474ac09679f9da557522986e86244,9dcda4b93d8c73df7b1240629bec209566cd6119bb7f800c2906b8c3826b8777,bfb099abd45d383c6336664bbfa344728265436ed699d7625f382a3e84becd4d,256,256
diffdetect-hierarchical-calibration-v1,215,cocoglide:000000416991:edited,edited,nebula/CocoGlide,275f045df7caa2544dd28de7fa86b044ab661bd0,calibration,000000416991,cocoglide,000000416991_manipulated.png,6ec4fa85098466cdafcb592afdd1be59c9c474ac09679f9da557522986e86244,9dcda4b93d8c73df7b1240629bec209566cd6119bb7f800c2906b8c3826b8777,e4bb9dc1c584642fb7f119bd7a23700e32aa0feab96b15e6be885cf2345abadd,256,256
diffdetect-hierarchical-calibration-v1,216,cocoglide:000000095899:edited,edited,nebula/CocoGlide,275f045df7caa2544dd28de7fa86b044ab661bd0,calibration,000000095899,cocoglide,000000095899_manipulated.png,6ec4fa85098466cdafcb592afdd1be59c9c474ac09679f9da557522986e86244,9dcda4b93d8c73df7b1240629bec209566cd6119bb7f800c2906b8c3826b8777,b36b514957eeb35c47f4c30e3fdf533f91bf3d0b65da77ac0170931ddfab6cfe,256,256
diffdetect-hierarchical-calibration-v1,217,cocoglide:000000156278:real,real,nebula/CocoGlide,275f045df7caa2544dd28de7fa86b044ab661bd0,calibration,000000156278,cocoglide,000000156278_real.png,6ec4fa85098466cdafcb592afdd1be59c9c474ac09679f9da557522986e86244,9dcda4b93d8c73df7b1240629bec209566cd6119bb7f800c2906b8c3826b8777,65b3af3ab447f5e3b35ffb8d2ba0549acfe0aac665e0a2348c1ba05900cfac35,256,256
diffdetect-hierarchical-calibration-v1,218,diffusiondb:a4fe8337-b473-4a49-bf44-ad7c1eafc8cc.png,synthetic,poloclub/diffusiondb,fb620fbe49fa4420e0734bd9c0df11f51176b61f,part-001800,a4fe8337-b473-4a49-bf44-ad7c1eafc8cc.png,diffusiondb,a4fe8337-b473-4a49-bf44-ad7c1eafc8cc.png,eecd341187bc91c07f5994ad0660d40228ea025616fd57a509bef8323677c68f,9dcda4b93d8c73df7b1240629bec209566cd6119bb7f800c2906b8c3826b8777,a64f527ec28bfbc296c6f881527a3734e6f0525f83fa040cb88e902f23db678e,704,704
diffdetect-hierarchical-calibration-v1,219,cocoglide:000000127182:edited,edited,nebula/CocoGlide,275f045df7caa2544dd28de7fa86b044ab661bd0,calibration,000000127182,cocoglide,000000127182_manipulated.png,6ec4fa85098466cdafcb592afdd1be59c9c474ac09679f9da557522986e86244,9dcda4b93d8c73df7b1240629bec209566cd6119bb7f800c2906b8c3826b8777,10e2e4a4e9767c8cfe17ff0f5f6c405e0f1494a8754801d5f5ee0b872f841849,256,256
diffdetect-hierarchical-calibration-v1,220,cocoglide:000000285788:real,real,nebula/CocoGlide,275f045df7caa2544dd28de7fa86b044ab661bd0,calibration,000000285788,cocoglide,000000285788_real.png,6ec4fa85098466cdafcb592afdd1be59c9c474ac09679f9da557522986e86244,9dcda4b93d8c73df7b1240629bec209566cd6119bb7f800c2906b8c3826b8777,b7bc2f9035913441ad421b291701d202dad39113708fa849fbfbb1dedfc3246c,256,256
diffdetect-hierarchical-calibration-v1,221,cocoglide:000000451150:real,real,nebula/CocoGlide,275f045df7caa2544dd28de7fa86b044ab661bd0,calibration,000000451150,cocoglide,000000451150_real.png,6ec4fa85098466cdafcb592afdd1be59c9c474ac09679f9da557522986e86244,9dcda4b93d8c73df7b1240629bec209566cd6119bb7f800c2906b8c3826b8777,ea05a6d918e4cc2e55061fd630af8094627e30c204f2b8af729c13ac809504ea,256,256
diffdetect-hierarchical-calibration-v1,222,cocoglide:000000228436:edited,edited,nebula/CocoGlide,275f045df7caa2544dd28de7fa86b044ab661bd0,calibration,000000228436,cocoglide,000000228436_manipulated.png,6ec4fa85098466cdafcb592afdd1be59c9c474ac09679f9da557522986e86244,9dcda4b93d8c73df7b1240629bec209566cd6119bb7f800c2906b8c3826b8777,07db7b4dc977c5630000e2294265e97c87ccb0308602168f19dd5e409c8b12e2,256,256
diffdetect-hierarchical-calibration-v1,223,cocoglide:000000269942:edited,edited,nebula/CocoGlide,275f045df7caa2544dd28de7fa86b044ab661bd0,calibration,000000269942,cocoglide,000000269942_manipulated.png,6ec4fa85098466cdafcb592afdd1be59c9c474ac09679f9da557522986e86244,9dcda4b93d8c73df7b1240629bec209566cd6119bb7f800c2906b8c3826b8777,ff4d871e9418c9b52ffb47687768f64b322ab625d2b28ef52ce3bdec7a24ef28,256,256
diffdetect-hierarchical-calibration-v1,224,diffusiondb:0bdcbf71-0a32-496e-a988-188a576a500c.png,synthetic,poloclub/diffusiondb,fb620fbe49fa4420e0734bd9c0df11f51176b61f,part-001800,0bdcbf71-0a32-496e-a988-188a576a500c.png,diffusiondb,0bdcbf71-0a32-496e-a988-188a576a500c.png,eecd341187bc91c07f5994ad0660d40228ea025616fd57a509bef8323677c68f,9dcda4b93d8c73df7b1240629bec209566cd6119bb7f800c2906b8c3826b8777,311470d431d29cc4b9924ab83b9c5f9001af0b0217b9fd5132cbc9607c290b68,512,512
diffdetect-hierarchical-calibration-v1,225,diffusiondb:937a7942-a537-45a3-9a38-3354c7a76187.png,synthetic,poloclub/diffusiondb,fb620fbe49fa4420e0734bd9c0df11f51176b61f,part-001800,937a7942-a537-45a3-9a38-3354c7a76187.png,diffusiondb,937a7942-a537-45a3-9a38-3354c7a76187.png,eecd341187bc91c07f5994ad0660d40228ea025616fd57a509bef8323677c68f,9dcda4b93d8c73df7b1240629bec209566cd6119bb7f800c2906b8c3826b8777,e187293409bdb5813da10120ac4d2fcd55d6c9f6fbef7ec7d2f2276e9714423c,512,896
diffdetect-hierarchical-calibration-v1,226,cocoglide:000000210030:edited,edited,nebula/CocoGlide,275f045df7caa2544dd28de7fa86b044ab661bd0,calibration,000000210030,cocoglide,000000210030_manipulated.png,6ec4fa85098466cdafcb592afdd1be59c9c474ac09679f9da557522986e86244,9dcda4b93d8c73df7b1240629bec209566cd6119bb7f800c2906b8c3826b8777,c702ee8bbbe9fb339caac21e479cf4f9f1f6d0d51f1fcdab1d8868a1f92164c4,256,256
diffdetect-hierarchical-calibration-v1,227,cocoglide:000000231822:edited,edited,nebula/CocoGlide,275f045df7caa2544dd28de7fa86b044ab661bd0,calibration,000000231822,cocoglide,000000231822_manipulated.png,6ec4fa85098466cdafcb592afdd1be59c9c474ac09679f9da557522986e86244,9dcda4b93d8c73df7b1240629bec209566cd6119bb7f800c2906b8c3826b8777,67bace99b7a0ad426f1822bb2d4647966811100838060c63d13f8240611e04b2,256,256
diffdetect-hierarchical-calibration-v1,228,cocoglide:000000189451:real,real,nebula/CocoGlide,275f045df7caa2544dd28de7fa86b044ab661bd0,calibration,000000189451,cocoglide,000000189451_real.png,6ec4fa85098466cdafcb592afdd1be59c9c474ac09679f9da557522986e86244,9dcda4b93d8c73df7b1240629bec209566cd6119bb7f800c2906b8c3826b8777,23f66adccade3c8a3cfad5b895b496b7096b5935f517fe60ac8341613506e44b,256,256
diffdetect-hierarchical-calibration-v1,229,cocoglide:000000213224:real,real,nebula/CocoGlide,275f045df7caa2544dd28de7fa86b044ab661bd0,calibration,000000213224,cocoglide,000000213224_real.png,6ec4fa85098466cdafcb592afdd1be59c9c474ac09679f9da557522986e86244,9dcda4b93d8c73df7b1240629bec209566cd6119bb7f800c2906b8c3826b8777,5cb959a8479ceac4b3f1af74068f340a46c8a8b9588462e468e7041440bb89a5,256,256
diffdetect-hierarchical-calibration-v1,230,cocoglide:000000084650:edited,edited,nebula/CocoGlide,275f045df7caa2544dd28de7fa86b044ab661bd0,calibration,000000084650,cocoglide,000000084650_manipulated.png,6ec4fa85098466cdafcb592afdd1be59c9c474ac09679f9da557522986e86244,9dcda4b93d8c73df7b1240629bec209566cd6119bb7f800c2906b8c3826b8777,6ffbbfcab52e8cd9c54927d4ba0828aa5936e82cc8787d089a189d8e5d06ca93,256,256
diffdetect-hierarchical-calibration-v1,231,cocoglide:000000001675:edited,edited,nebula/CocoGlide,275f045df7caa2544dd28de7fa86b044ab661bd0,calibration,000000001675,cocoglide,000000001675_manipulated.png,6ec4fa85098466cdafcb592afdd1be59c9c474ac09679f9da557522986e86244,9dcda4b93d8c73df7b1240629bec209566cd6119bb7f800c2906b8c3826b8777,c16a5cc370e5992215cf712732a1be44c40e0b93a264f2c85818ae2cad4342f3,256,256
diffdetect-hierarchical-calibration-v1,232,cocoglide:000000394328:edited,edited,nebula/CocoGlide,275f045df7caa2544dd28de7fa86b044ab661bd0,calibration,000000394328,cocoglide,000000394328_manipulated.png,6ec4fa85098466cdafcb592afdd1be59c9c474ac09679f9da557522986e86244,9dcda4b93d8c73df7b1240629bec209566cd6119bb7f800c2906b8c3826b8777,051f1d2c783b33125b50cb6a75658b4a48e82e99258eb29d08bd46cb0f4af270,256,256
diffdetect-hierarchical-calibration-v1,233,diffusiondb:e13b0391-1c65-40b2-9060-f257f9c55cc8.png,synthetic,poloclub/diffusiondb,fb620fbe49fa4420e0734bd9c0df11f51176b61f,part-001800,e13b0391-1c65-40b2-9060-f257f9c55cc8.png,diffusiondb,e13b0391-1c65-40b2-9060-f257f9c55cc8.png,eecd341187bc91c07f5994ad0660d40228ea025616fd57a509bef8323677c68f,9dcda4b93d8c73df7b1240629bec209566cd6119bb7f800c2906b8c3826b8777,3fd888d62ec77bb64e066627f7bd121b43288f148dcbf9a1158308d5ba1bf2c3,1024,512
diffdetect-hierarchical-calibration-v1,234,cocoglide:000000382088:real,real,nebula/CocoGlide,275f045df7caa2544dd28de7fa86b044ab661bd0,calibration,000000382088,cocoglide,000000382088_real.png,6ec4fa85098466cdafcb592afdd1be59c9c474ac09679f9da557522986e86244,9dcda4b93d8c73df7b1240629bec209566cd6119bb7f800c2906b8c3826b8777,b250cbb7ce8e18fb84503e46c8c7010af1b3ed69b8488a65c81b4cc1da05b64d,256,256
diffdetect-hierarchical-calibration-v1,235,diffusiondb:2eca5f1c-03f8-4560-a61a-bf78927dae8f.png,synthetic,poloclub/diffusiondb,fb620fbe49fa4420e0734bd9c0df11f51176b61f,part-001800,2eca5f1c-03f8-4560-a61a-bf78927dae8f.png,diffusiondb,2eca5f1c-03f8-4560-a61a-bf78927dae8f.png,eecd341187bc91c07f5994ad0660d40228ea025616fd57a509bef8323677c68f,9dcda4b93d8c73df7b1240629bec209566cd6119bb7f800c2906b8c3826b8777,a18a0a927303e0f4a2285bc66508b0f916d9d6d222d966bb5178398e0eff97d7,512,512
diffdetect-hierarchical-calibration-v1,236,diffusiondb:09c751ce-f24d-42d4-bb3f-168d85047671.png,synthetic,poloclub/diffusiondb,fb620fbe49fa4420e0734bd9c0df11f51176b61f,part-001800,09c751ce-f24d-42d4-bb3f-168d85047671.png,diffusiondb,09c751ce-f24d-42d4-bb3f-168d85047671.png,eecd341187bc91c07f5994ad0660d40228ea025616fd57a509bef8323677c68f,9dcda4b93d8c73df7b1240629bec209566cd6119bb7f800c2906b8c3826b8777,4ac45d06f45ae157dd6388c563b0d83dba3c1dcfd13e3a907066cfa8ed745760,512,512
diffdetect-hierarchical-calibration-v1,237,diffusiondb:7f3d7e1e-9edf-4698-9079-f6e1e7e7f0e0.png,synthetic,poloclub/diffusiondb,fb620fbe49fa4420e0734bd9c0df11f51176b61f,part-001800,7f3d7e1e-9edf-4698-9079-f6e1e7e7f0e0.png,diffusiondb,7f3d7e1e-9edf-4698-9079-f6e1e7e7f0e0.png,eecd341187bc91c07f5994ad0660d40228ea025616fd57a509bef8323677c68f,9dcda4b93d8c73df7b1240629bec209566cd6119bb7f800c2906b8c3826b8777,bc7deb41961b23721a2d546cd875021fc4f13a37238ff5079b5d56730203da9b,512,512
diffdetect-hierarchical-calibration-v1,238,diffusiondb:79272d54-ff06-46f6-bb45-b6efe8436917.png,synthetic,poloclub/diffusiondb,fb620fbe49fa4420e0734bd9c0df11f51176b61f,part-001800,79272d54-ff06-46f6-bb45-b6efe8436917.png,diffusiondb,79272d54-ff06-46f6-bb45-b6efe8436917.png,eecd341187bc91c07f5994ad0660d40228ea025616fd57a509bef8323677c68f,9dcda4b93d8c73df7b1240629bec209566cd6119bb7f800c2906b8c3826b8777,0de76310771adf4bb99481ada895df31c02a1ffcdab412d1ed12bc31f90927dc,512,640
diffdetect-hierarchical-calibration-v1,239,diffusiondb:0f2a62f6-a579-45ea-8a74-15db101908e2.png,synthetic,poloclub/diffusiondb,fb620fbe49fa4420e0734bd9c0df11f51176b61f,part-001800,0f2a62f6-a579-45ea-8a74-15db101908e2.png,diffusiondb,0f2a62f6-a579-45ea-8a74-15db101908e2.png,eecd341187bc91c07f5994ad0660d40228ea025616fd57a509bef8323677c68f,9dcda4b93d8c73df7b1240629bec209566cd6119bb7f800c2906b8c3826b8777,c028129a4cdbc10b991b6332c15ec550996a1b0e393c58d8ccfa87e893d5e150,1280,512
diffdetect-hierarchical-calibration-v1,240,diffusiondb:716af4bc-01a2-449a-9fbe-868f41670f3f.png,synthetic,poloclub/diffusiondb,fb620fbe49fa4420e0734bd9c0df11f51176b61f,part-001800,716af4bc-01a2-449a-9fbe-868f41670f3f.png,diffusiondb,716af4bc-01a2-449a-9fbe-868f41670f3f.png,eecd341187bc91c07f5994ad0660d40228ea025616fd57a509bef8323677c68f,9dcda4b93d8c73df7b1240629bec209566cd6119bb7f800c2906b8c3826b8777,c22178a32d6c72242b14b0e16492151acb3962749d53ae1b0614ef9c1575eba3,512,512
diffdetect-hierarchical-calibration-v1,241,cocoglide:000000426166:real,real,nebula/CocoGlide,275f045df7caa2544dd28de7fa86b044ab661bd0,calibration,000000426166,cocoglide,000000426166_real.png,6ec4fa85098466cdafcb592afdd1be59c9c474ac09679f9da557522986e86244,9dcda4b93d8c73df7b1240629bec209566cd6119bb7f800c2906b8c3826b8777,7a970049fd5e9f16a3a6c9168775cd0764b2a2f6728a18b52c23d0e242fc0506,256,256
diffdetect-hierarchical-calibration-v1,242,cocoglide:000000433192:real,real,nebula/CocoGlide,275f045df7caa2544dd28de7fa86b044ab661bd0,calibration,000000433192,cocoglide,000000433192_real.png,6ec4fa85098466cdafcb592afdd1be59c9c474ac09679f9da557522986e86244,9dcda4b93d8c73df7b1240629bec209566cd6119bb7f800c2906b8c3826b8777,51480304e0fee35418985b695197ee8b4f0fb0a1692e4f732679350f8238b3c5,256,256
diffdetect-hierarchical-calibration-v1,243,diffusiondb:e3f5958d-65cd-4774-952e-722f577f368e.png,synthetic,poloclub/diffusiondb,fb620fbe49fa4420e0734bd9c0df11f51176b61f,part-001800,e3f5958d-65cd-4774-952e-722f577f368e.png,diffusiondb,e3f5958d-65cd-4774-952e-722f577f368e.png,eecd341187bc91c07f5994ad0660d40228ea025616fd57a509bef8323677c68f,9dcda4b93d8c73df7b1240629bec209566cd6119bb7f800c2906b8c3826b8777,5dba78d174d6818801b84e97d81c42e262127c18751887647d62b1a62a3ff9d9,1024,576
diffdetect-hierarchical-calibration-v1,244,diffusiondb:a4701a54-d9e4-4b21-b32b-1c8240c26efb.png,synthetic,poloclub/diffusiondb,fb620fbe49fa4420e0734bd9c0df11f51176b61f,part-001800,a4701a54-d9e4-4b21-b32b-1c8240c26efb.png,diffusiondb,a4701a54-d9e4-4b21-b32b-1c8240c26efb.png,eecd341187bc91c07f5994ad0660d40228ea025616fd57a509bef8323677c68f,9dcda4b93d8c73df7b1240629bec209566cd6119bb7f800c2906b8c3826b8777,cd96de490f2e7fd095d08d14d6d704a95b8b882f140d10cb95b3b26cab7834bc,512,512
diffdetect-hierarchical-calibration-v1,245,cocoglide:000000318114:edited,edited,nebula/CocoGlide,275f045df7caa2544dd28de7fa86b044ab661bd0,calibration,000000318114,cocoglide,000000318114_manipulated.png,6ec4fa85098466cdafcb592afdd1be59c9c474ac09679f9da557522986e86244,9dcda4b93d8c73df7b1240629bec209566cd6119bb7f800c2906b8c3826b8777,7aa53e07d464ef8a16d6b192e08594f5b345c3a53612ccd903e3a25084dbf627,256,256
diffdetect-hierarchical-calibration-v1,246,cocoglide:000000166563:edited,edited,nebula/CocoGlide,275f045df7caa2544dd28de7fa86b044ab661bd0,calibration,000000166563,cocoglide,000000166563_manipulated.png,6ec4fa85098466cdafcb592afdd1be59c9c474ac09679f9da557522986e86244,9dcda4b93d8c73df7b1240629bec209566cd6119bb7f800c2906b8c3826b8777,5c22b30b36cc5e30b6d56534d9456158137351d6103f77e34db03c3089ac71c6,256,256
diffdetect-hierarchical-calibration-v1,247,diffusiondb:e6a6017c-99a1-46ed-9486-5872023a793b.png,synthetic,poloclub/diffusiondb,fb620fbe49fa4420e0734bd9c0df11f51176b61f,part-001800,e6a6017c-99a1-46ed-9486-5872023a793b.png,diffusiondb,e6a6017c-99a1-46ed-9486-5872023a793b.png,eecd341187bc91c07f5994ad0660d40228ea025616fd57a509bef8323677c68f,9dcda4b93d8c73df7b1240629bec209566cd6119bb7f800c2906b8c3826b8777,4fdfca298310b3f743ba8f0a29e5ba1da8b3309299bf1ce8e56c081575468b14,512,512
diffdetect-hierarchical-calibration-v1,248,diffusiondb:0b64a2d2-8163-405f-94ac-c6c410c2c991.png,synthetic,poloclub/diffusiondb,fb620fbe49fa4420e0734bd9c0df11f51176b61f,part-001800,0b64a2d2-8163-405f-94ac-c6c410c2c991.png,diffusiondb,0b64a2d2-8163-405f-94ac-c6c410c2c991.png,eecd341187bc91c07f5994ad0660d40228ea025616fd57a509bef8323677c68f,9dcda4b93d8c73df7b1240629bec209566cd6119bb7f800c2906b8c3826b8777,9c6b83567b9760359cd5c2470120677154647ad15e6ad637967250e77cef4fc0,512,768
diffdetect-hierarchical-calibration-v1,249,diffusiondb:5da22109-44ae-4f15-8901-e6ae4690c269.png,synthetic,poloclub/diffusiondb,fb620fbe49fa4420e0734bd9c0df11f51176b61f,part-001800,5da22109-44ae-4f15-8901-e6ae4690c269.png,diffusiondb,5da22109-44ae-4f15-8901-e6ae4690c269.png,eecd341187bc91c07f5994ad0660d40228ea025616fd57a509bef8323677c68f,9dcda4b93d8c73df7b1240629bec209566cd6119bb7f800c2906b8c3826b8777,ded096cb486f14f7ec4138e19be5bafcc2e1f9cdce906a8ad2100264009d39b5,512,512
diffdetect-hierarchical-calibration-v1,250,cocoglide:000000408830:real,real,nebula/CocoGlide,275f045df7caa2544dd28de7fa86b044ab661bd0,calibration,000000408830,cocoglide,000000408830_real.png,6ec4fa85098466cdafcb592afdd1be59c9c474ac09679f9da557522986e86244,9dcda4b93d8c73df7b1240629bec209566cd6119bb7f800c2906b8c3826b8777,cb55ddc4e92148d75221dfe89600b0dcdba6e22574f4ee21d3817330f5149115,256,256
diffdetect-hierarchical-calibration-v1,251,cocoglide:000000209972:edited,edited,nebula/CocoGlide,275f045df7caa2544dd28de7fa86b044ab661bd0,calibration,000000209972,cocoglide,000000209972_manipulated.png,6ec4fa85098466cdafcb592afdd1be59c9c474ac09679f9da557522986e86244,9dcda4b93d8c73df7b1240629bec209566cd6119bb7f800c2906b8c3826b8777,f09d9b507bb1582accb4e6287dd5522b6edfaee41901b7aa098916c8f0d429de,256,256
diffdetect-hierarchical-calibration-v1,252,cocoglide:000000577584:real,real,nebula/CocoGlide,275f045df7caa2544dd28de7fa86b044ab661bd0,calibration,000000577584,cocoglide,000000577584_real.png,6ec4fa85098466cdafcb592afdd1be59c9c474ac09679f9da557522986e86244,9dcda4b93d8c73df7b1240629bec209566cd6119bb7f800c2906b8c3826b8777,f98e73a8da17440aa93c519f2708b5956176cb200e2a1a9f313a66c61a16547d,256,256
diffdetect-hierarchical-calibration-v1,253,cocoglide:000000544052:real,real,nebula/CocoGlide,275f045df7caa2544dd28de7fa86b044ab661bd0,calibration,000000544052,cocoglide,000000544052_real.png,6ec4fa85098466cdafcb592afdd1be59c9c474ac09679f9da557522986e86244,9dcda4b93d8c73df7b1240629bec209566cd6119bb7f800c2906b8c3826b8777,f0ba3bc2625a774eae3b5577a92b59f144b964022c1f27844aeb86a3bb221941,256,256
diffdetect-hierarchical-calibration-v1,254,cocoglide:000000348012:real,real,nebula/CocoGlide,275f045df7caa2544dd28de7fa86b044ab661bd0,calibration,000000348012,cocoglide,000000348012_real.png,6ec4fa85098466cdafcb592afdd1be59c9c474ac09679f9da557522986e86244,9dcda4b93d8c73df7b1240629bec209566cd6119bb7f800c2906b8c3826b8777,c785f07f03ce852bae50b380c60fd01a8f2b6cfcaa03a7d754177d47d637c8b7,256,256
diffdetect-hierarchical-calibration-v1,255,diffusiondb:f55c85db-d090-40b9-b35c-e04f47f72184.png,synthetic,poloclub/diffusiondb,fb620fbe49fa4420e0734bd9c0df11f51176b61f,part-001800,f55c85db-d090-40b9-b35c-e04f47f72184.png,diffusiondb,f55c85db-d090-40b9-b35c-e04f47f72184.png,eecd341187bc91c07f5994ad0660d40228ea025616fd57a509bef8323677c68f,9dcda4b93d8c73df7b1240629bec209566cd6119bb7f800c2906b8c3826b8777,e2a8814d3eacda3a5ffd821b9817b29535bc86200cb21fdaf92459411d6c3416,512,640
diffdetect-hierarchical-calibration-v1,256,diffusiondb:b53af112-f78d-4c3a-a663-563cd69b1c2e.png,synthetic,poloclub/diffusiondb,fb620fbe49fa4420e0734bd9c0df11f51176b61f,part-001800,b53af112-f78d-4c3a-a663-563cd69b1c2e.png,diffusiondb,b53af112-f78d-4c3a-a663-563cd69b1c2e.png,eecd341187bc91c07f5994ad0660d40228ea025616fd57a509bef8323677c68f,9dcda4b93d8c73df7b1240629bec209566cd6119bb7f800c2906b8c3826b8777,0522d4ce886928bb7ff6432648c815a11ae47e04497ed4777ba096b2e7edaefe,512,512
diffdetect-hierarchical-calibration-v1,257,cocoglide:000000480842:real,real,nebula/CocoGlide,275f045df7caa2544dd28de7fa86b044ab661bd0,calibration,000000480842,cocoglide,000000480842_real.png,6ec4fa85098466cdafcb592afdd1be59c9c474ac09679f9da557522986e86244,9dcda4b93d8c73df7b1240629bec209566cd6119bb7f800c2906b8c3826b8777,8654dea6c4ce3ffbbc5042692fbaf50ceb9ad5eec877659bae567b30d166dd00,256,256
diffdetect-hierarchical-calibration-v1,258,diffusiondb:c7e9e7c3-f27a-4c83-b44f-18b303c4f39b.png,synthetic,poloclub/diffusiondb,fb620fbe49fa4420e0734bd9c0df11f51176b61f,part-001800,c7e9e7c3-f27a-4c83-b44f-18b303c4f39b.png,diffusiondb,c7e9e7c3-f27a-4c83-b44f-18b303c4f39b.png,eecd341187bc91c07f5994ad0660d40228ea025616fd57a509bef8323677c68f,9dcda4b93d8c73df7b1240629bec209566cd6119bb7f800c2906b8c3826b8777,0bcdd620b5f925d60d6e33b7091bdda85df9318c2857140e0c34c4dbf6a132bf,512,512
diffdetect-hierarchical-calibration-v1,259,diffusiondb:533c258e-4de1-4ad7-8653-9114b1c31a01.png,synthetic,poloclub/diffusiondb,fb620fbe49fa4420e0734bd9c0df11f51176b61f,part-001800,533c258e-4de1-4ad7-8653-9114b1c31a01.png,diffusiondb,533c258e-4de1-4ad7-8653-9114b1c31a01.png,eecd341187bc91c07f5994ad0660d40228ea025616fd57a509bef8323677c68f,9dcda4b93d8c73df7b1240629bec209566cd6119bb7f800c2906b8c3826b8777,55cb12406b77a7ed50e08dc1412233644f7b4ec4b89ceaa2af4ff35d23538b3b,512,512
diffdetect-hierarchical-calibration-v1,260,cocoglide:000000025139:real,real,nebula/CocoGlide,275f045df7caa2544dd28de7fa86b044ab661bd0,calibration,000000025139,cocoglide,000000025139_real.png,6ec4fa85098466cdafcb592afdd1be59c9c474ac09679f9da557522986e86244,9dcda4b93d8c73df7b1240629bec209566cd6119bb7f800c2906b8c3826b8777,dce2573aba09dcff885cd31557499e76056bab4905f99be4209322cc965bbef5,256,256
diffdetect-hierarchical-calibration-v1,261,cocoglide:000000147518:edited,edited,nebula/CocoGlide,275f045df7caa2544dd28de7fa86b044ab661bd0,calibration,000000147518,cocoglide,000000147518_manipulated.png,6ec4fa85098466cdafcb592afdd1be59c9c474ac09679f9da557522986e86244,9dcda4b93d8c73df7b1240629bec209566cd6119bb7f800c2906b8c3826b8777,ef86b04f4ebb164d476342d78c2960494da6047a80106e33d44fc42639cd3fab,256,256
diffdetect-hierarchical-calibration-v1,262,cocoglide:000000521405:edited,edited,nebula/CocoGlide,275f045df7caa2544dd28de7fa86b044ab661bd0,calibration,000000521405,cocoglide,000000521405_manipulated.png,6ec4fa85098466cdafcb592afdd1be59c9c474ac09679f9da557522986e86244,9dcda4b93d8c73df7b1240629bec209566cd6119bb7f800c2906b8c3826b8777,2c1578d14448e2b272e1f6124f490c76214d443f3549dc7ef236b7b7e989357f,256,256
diffdetect-hierarchical-calibration-v1,263,cocoglide:000000338986:real,real,nebula/CocoGlide,275f045df7caa2544dd28de7fa86b044ab661bd0,calibration,000000338986,cocoglide,000000338986_real.png,6ec4fa85098466cdafcb592afdd1be59c9c474ac09679f9da557522986e86244,9dcda4b93d8c73df7b1240629bec209566cd6119bb7f800c2906b8c3826b8777,7d4e929f7263f50e1ec06a292232b3d809cef2033d201508e310d2ab3b443a10,256,256
diffdetect-hierarchical-calibration-v1,264,cocoglide:000000290592:real,real,nebula/CocoGlide,275f045df7caa2544dd28de7fa86b044ab661bd0,calibration,000000290592,cocoglide,000000290592_real.png,6ec4fa85098466cdafcb592afdd1be59c9c474ac09679f9da557522986e86244,9dcda4b93d8c73df7b1240629bec209566cd6119bb7f800c2906b8c3826b8777,cfe3cbaa03517a0568ce9bb7367ba68c51a867403e88cbf848924c17c3834cd8,256,256
diffdetect-hierarchical-calibration-v1,265,diffusiondb:b27f704d-4704-4fba-b94a-bd252a7c9e10.png,synthetic,poloclub/diffusiondb,fb620fbe49fa4420e0734bd9c0df11f51176b61f,part-001800,b27f704d-4704-4fba-b94a-bd252a7c9e10.png,diffusiondb,b27f704d-4704-4fba-b94a-bd252a7c9e10.png,eecd341187bc91c07f5994ad0660d40228ea025616fd57a509bef8323677c68f,9dcda4b93d8c73df7b1240629bec209566cd6119bb7f800c2906b8c3826b8777,e42b9e2f8251946d18b1638c298834fa1f32902636bd2a6ca10bf126c01f26fa,512,512
diffdetect-hierarchical-calibration-v1,266,diffusiondb:ba2df51f-f5cd-4821-868a-63f6c70c59aa.png,synthetic,poloclub/diffusiondb,fb620fbe49fa4420e0734bd9c0df11f51176b61f,part-001800,ba2df51f-f5cd-4821-868a-63f6c70c59aa.png,diffusiondb,ba2df51f-f5cd-4821-868a-63f6c70c59aa.png,eecd341187bc91c07f5994ad0660d40228ea025616fd57a509bef8323677c68f,9dcda4b93d8c73df7b1240629bec209566cd6119bb7f800c2906b8c3826b8777,f8c73600f8eebcb674d36c3e9d46d58776205ab8297d670c54a7ff6fa9e12cdc,1024,576
diffdetect-hierarchical-calibration-v1,267,cocoglide:000000248314:edited,edited,nebula/CocoGlide,275f045df7caa2544dd28de7fa86b044ab661bd0,calibration,000000248314,cocoglide,000000248314_manipulated.png,6ec4fa85098466cdafcb592afdd1be59c9c474ac09679f9da557522986e86244,9dcda4b93d8c73df7b1240629bec209566cd6119bb7f800c2906b8c3826b8777,efd0d31e7b394d79347c754ac7c6ba9149b4f56bd8e1f228e8bd0520c04fb1c3,256,256
diffdetect-hierarchical-calibration-v1,268,diffusiondb:8f712ecf-c706-495d-acd4-fd6c4e13850f.png,synthetic,poloclub/diffusiondb,fb620fbe49fa4420e0734bd9c0df11f51176b61f,part-001800,8f712ecf-c706-495d-acd4-fd6c4e13850f.png,diffusiondb,8f712ecf-c706-495d-acd4-fd6c4e13850f.png,eecd341187bc91c07f5994ad0660d40228ea025616fd57a509bef8323677c68f,9dcda4b93d8c73df7b1240629bec209566cd6119bb7f800c2906b8c3826b8777,eef188628da1105c87b0216cb904e7d24f86b9bad691c7a250153fa1ee664390,1280,512
diffdetect-hierarchical-calibration-v1,269,cocoglide:000000320632:edited,edited,nebula/CocoGlide,275f045df7caa2544dd28de7fa86b044ab661bd0,calibration,000000320632,cocoglide,000000320632_manipulated.png,6ec4fa85098466cdafcb592afdd1be59c9c474ac09679f9da557522986e86244,9dcda4b93d8c73df7b1240629bec209566cd6119bb7f800c2906b8c3826b8777,4373d2caf7c6fcd017878599bb3928c516c231823483b64334edf287319fbf58,256,256
diffdetect-hierarchical-calibration-v1,270,diffusiondb:7e113110-0809-48c5-9477-ee22bab0f7e3.png,synthetic,poloclub/diffusiondb,fb620fbe49fa4420e0734bd9c0df11f51176b61f,part-001800,7e113110-0809-48c5-9477-ee22bab0f7e3.png,diffusiondb,7e113110-0809-48c5-9477-ee22bab0f7e3.png,eecd341187bc91c07f5994ad0660d40228ea025616fd57a509bef8323677c68f,9dcda4b93d8c73df7b1240629bec209566cd6119bb7f800c2906b8c3826b8777,b191933ba13753e7554a306e2231cb41032a3fcf2f4062f1c5c09083e92981a5,512,512
diffdetect-hierarchical-calibration-v1,271,diffusiondb:7974025b-1c7f-49d6-befe-833ac25aa415.png,synthetic,poloclub/diffusiondb,fb620fbe49fa4420e0734bd9c0df11f51176b61f,part-001800,7974025b-1c7f-49d6-befe-833ac25aa415.png,diffusiondb,7974025b-1c7f-49d6-befe-833ac25aa415.png,eecd341187bc91c07f5994ad0660d40228ea025616fd57a509bef8323677c68f,9dcda4b93d8c73df7b1240629bec209566cd6119bb7f800c2906b8c3826b8777,ea8a883b3c99d9c5250ac3072b396c6f2e7339a81a5cddef7854df5979fd91a2,512,512
diffdetect-hierarchical-calibration-v1,272,diffusiondb:44fa7bfe-88c1-46e2-8b97-3ae30b93dcb8.png,synthetic,poloclub/diffusiondb,fb620fbe49fa4420e0734bd9c0df11f51176b61f,part-001800,44fa7bfe-88c1-46e2-8b97-3ae30b93dcb8.png,diffusiondb,44fa7bfe-88c1-46e2-8b97-3ae30b93dcb8.png,eecd341187bc91c07f5994ad0660d40228ea025616fd57a509bef8323677c68f,9dcda4b93d8c73df7b1240629bec209566cd6119bb7f800c2906b8c3826b8777,a3467b39d0247f476b392c4a14e54d28ce34ce212060fb44c5970e330173bf86,512,512
diffdetect-hierarchical-calibration-v1,273,cocoglide:000000293474:real,real,nebula/CocoGlide,275f045df7caa2544dd28de7fa86b044ab661bd0,calibration,000000293474,cocoglide,000000293474_real.png,6ec4fa85098466cdafcb592afdd1be59c9c474ac09679f9da557522986e86244,9dcda4b93d8c73df7b1240629bec209566cd6119bb7f800c2906b8c3826b8777,4bc6595382634e4da9c95dcc83b85f6ee338f994be39511aea40945b2db0a24a,256,256
diffdetect-hierarchical-calibration-v1,274,cocoglide:000000050896:real,real,nebula/CocoGlide,275f045df7caa2544dd28de7fa86b044ab661bd0,calibration,000000050896,cocoglide,000000050896_real.png,6ec4fa85098466cdafcb592afdd1be59c9c474ac09679f9da557522986e86244,9dcda4b93d8c73df7b1240629bec209566cd6119bb7f800c2906b8c3826b8777,ef0dee5e62721658f75007ec082fda22d478e06d4cd93c1e833f148f0daaa559,256,256
diffdetect-hierarchical-calibration-v1,275,diffusiondb:bdf4c0b0-6392-4c01-88c8-d7d209bd42a7.png,synthetic,poloclub/diffusiondb,fb620fbe49fa4420e0734bd9c0df11f51176b61f,part-001800,bdf4c0b0-6392-4c01-88c8-d7d209bd42a7.png,diffusiondb,bdf4c0b0-6392-4c01-88c8-d7d209bd42a7.png,eecd341187bc91c07f5994ad0660d40228ea025616fd57a509bef8323677c68f,9dcda4b93d8c73df7b1240629bec209566cd6119bb7f800c2906b8c3826b8777,333534ea29b942b9fa68151b2954799115dbbbd307c2f6380ee192eac2542f94,512,512
diffdetect-hierarchical-calibration-v1,276,diffusiondb:73ff4e0e-b175-42d5-b08a-5884672011d1.png,synthetic,poloclub/diffusiondb,fb620fbe49fa4420e0734bd9c0df11f51176b61f,part-001800,73ff4e0e-b175-42d5-b08a-5884672011d1.png,diffusiondb,73ff4e0e-b175-42d5-b08a-5884672011d1.png,eecd341187bc91c07f5994ad0660d40228ea025616fd57a509bef8323677c68f,9dcda4b93d8c73df7b1240629bec209566cd6119bb7f800c2906b8c3826b8777,7b5d203e7435f0a04cc3b374da1e76a6badcf35c1e17d2b1e85b7cb1c1b4cdf1,512,512
diffdetect-hierarchical-calibration-v1,277,cocoglide:000000114871:real,real,nebula/CocoGlide,275f045df7caa2544dd28de7fa86b044ab661bd0,calibration,000000114871,cocoglide,000000114871_real.png,6ec4fa85098466cdafcb592afdd1be59c9c474ac09679f9da557522986e86244,9dcda4b93d8c73df7b1240629bec209566cd6119bb7f800c2906b8c3826b8777,1fc52238e7faa51d01f702dbbb5a9ebbe8260aeff772e84f484b5b1783598480,256,256
diffdetect-hierarchical-calibration-v1,278,diffusiondb:41b887bd-d3b6-4ba9-9cb4-da576623df02.png,synthetic,poloclub/diffusiondb,fb620fbe49fa4420e0734bd9c0df11f51176b61f,part-001800,41b887bd-d3b6-4ba9-9cb4-da576623df02.png,diffusiondb,41b887bd-d3b6-4ba9-9cb4-da576623df02.png,eecd341187bc91c07f5994ad0660d40228ea025616fd57a509bef8323677c68f,9dcda4b93d8c73df7b1240629bec209566cd6119bb7f800c2906b8c3826b8777,baa21dce33d7271c4b252b557cf1ca18f66d3b41751e3b5709c85f11eb08515a,704,704
diffdetect-hierarchical-calibration-v1,279,diffusiondb:b2860b1b-8051-4809-ae3a-6a703ce47c6a.png,synthetic,poloclub/diffusiondb,fb620fbe49fa4420e0734bd9c0df11f51176b61f,part-001800,b2860b1b-8051-4809-ae3a-6a703ce47c6a.png,diffusiondb,b2860b1b-8051-4809-ae3a-6a703ce47c6a.png,eecd341187bc91c07f5994ad0660d40228ea025616fd57a509bef8323677c68f,9dcda4b93d8c73df7b1240629bec209566cd6119bb7f800c2906b8c3826b8777,a0ccfe32d820174204fc06d9ae28f07a5ae3b219f192773535b89ae94ebad2fb,512,768
diffdetect-hierarchical-calibration-v1,280,diffusiondb:0698d2e2-c8d4-4404-8da7-34b511a1e24d.png,synthetic,poloclub/diffusiondb,fb620fbe49fa4420e0734bd9c0df11f51176b61f,part-001800,0698d2e2-c8d4-4404-8da7-34b511a1e24d.png,diffusiondb,0698d2e2-c8d4-4404-8da7-34b511a1e24d.png,eecd341187bc91c07f5994ad0660d40228ea025616fd57a509bef8323677c68f,9dcda4b93d8c73df7b1240629bec209566cd6119bb7f800c2906b8c3826b8777,b2dde8b552157ecfee21d25d870c8b5efedb941d5579e3d12e92607913f4ae04,512,512
diffdetect-hierarchical-calibration-v1,281,diffusiondb:1a2569d4-8ced-422b-8252-50aeceed464f.png,synthetic,poloclub/diffusiondb,fb620fbe49fa4420e0734bd9c0df11f51176b61f,part-001800,1a2569d4-8ced-422b-8252-50aeceed464f.png,diffusiondb,1a2569d4-8ced-422b-8252-50aeceed464f.png,eecd341187bc91c07f5994ad0660d40228ea025616fd57a509bef8323677c68f,9dcda4b93d8c73df7b1240629bec209566cd6119bb7f800c2906b8c3826b8777,d64fc10871839c0982d88b0f81e377a533f2ae8c5998a74c43f469769ae43e69,512,640
diffdetect-hierarchical-calibration-v1,282,cocoglide:000000344614:real,real,nebula/CocoGlide,275f045df7caa2544dd28de7fa86b044ab661bd0,calibration,000000344614,cocoglide,000000344614_real.png,6ec4fa85098466cdafcb592afdd1be59c9c474ac09679f9da557522986e86244,9dcda4b93d8c73df7b1240629bec209566cd6119bb7f800c2906b8c3826b8777,b73ca16651f2fe3c46f75a85fc6961f35f5a0151f19b8047c6968614ad21ecd1,256,256
diffdetect-hierarchical-calibration-v1,283,diffusiondb:aa713fb5-92dc-4f14-9186-733757977f1c.png,synthetic,poloclub/diffusiondb,fb620fbe49fa4420e0734bd9c0df11f51176b61f,part-001800,aa713fb5-92dc-4f14-9186-733757977f1c.png,diffusiondb,aa713fb5-92dc-4f14-9186-733757977f1c.png,eecd341187bc91c07f5994ad0660d40228ea025616fd57a509bef8323677c68f,9dcda4b93d8c73df7b1240629bec209566cd6119bb7f800c2906b8c3826b8777,35eec26d385ee45e5e2c33059c90d18203a1fc5ca495b71742ebe5557950b9db,512,512
diffdetect-hierarchical-calibration-v1,284,cocoglide:000000267940:edited,edited,nebula/CocoGlide,275f045df7caa2544dd28de7fa86b044ab661bd0,calibration,000000267940,cocoglide,000000267940_manipulated.png,6ec4fa85098466cdafcb592afdd1be59c9c474ac09679f9da557522986e86244,9dcda4b93d8c73df7b1240629bec209566cd6119bb7f800c2906b8c3826b8777,99a61657d2a96914423a31e064c71aa300580a290f41087214924ed907ddb4b6,256,256
diffdetect-hierarchical-calibration-v1,285,cocoglide:000000252332:real,real,nebula/CocoGlide,275f045df7caa2544dd28de7fa86b044ab661bd0,calibration,000000252332,cocoglide,000000252332_real.png,6ec4fa85098466cdafcb592afdd1be59c9c474ac09679f9da557522986e86244,9dcda4b93d8c73df7b1240629bec209566cd6119bb7f800c2906b8c3826b8777,a7507819bee8884c9472f94915a40c6cda0dea4ba5c3ffe0b203394cf0e8708a,256,256
diffdetect-hierarchical-calibration-v1,286,diffusiondb:a8bc3cb9-eeb9-43ff-be92-15fc42697fb6.png,synthetic,poloclub/diffusiondb,fb620fbe49fa4420e0734bd9c0df11f51176b61f,part-001800,a8bc3cb9-eeb9-43ff-be92-15fc42697fb6.png,diffusiondb,a8bc3cb9-eeb9-43ff-be92-15fc42697fb6.png,eecd341187bc91c07f5994ad0660d40228ea025616fd57a509bef8323677c68f,9dcda4b93d8c73df7b1240629bec209566cd6119bb7f800c2906b8c3826b8777,b77e89db040f6e2c3d92c563f192fcfe227d68a0a6a06c6a6359b4394607b5ff,512,512
diffdetect-hierarchical-calibration-v1,287,cocoglide:000000066135:edited,edited,nebula/CocoGlide,275f045df7caa2544dd28de7fa86b044ab661bd0,calibration,000000066135,cocoglide,000000066135_manipulated.png,6ec4fa85098466cdafcb592afdd1be59c9c474ac09679f9da557522986e86244,9dcda4b93d8c73df7b1240629bec209566cd6119bb7f800c2906b8c3826b8777,e5316413ea452bbc2417d69d963078e9c8c973bf60f3b03c9aac5c6f6a393300,256,256
diffdetect-hierarchical-calibration-v1,288,diffusiondb:98de2204-07d3-4739-b059-44c0a3f79b17.png,synthetic,poloclub/diffusiondb,fb620fbe49fa4420e0734bd9c0df11f51176b61f,part-001800,98de2204-07d3-4739-b059-44c0a3f79b17.png,diffusiondb,98de2204-07d3-4739-b059-44c0a3f79b17.png,eecd341187bc91c07f5994ad0660d40228ea025616fd57a509bef8323677c68f,9dcda4b93d8c73df7b1240629bec209566cd6119bb7f800c2906b8c3826b8777,e952b42244f273dc9f6b61fe0d2a35d2abb2c00ef419e79e131bb0b04261c042,512,768
diffdetect-hierarchical-calibration-v1,289,diffusiondb:c5b3dbed-38a5-475f-b736-6beee44b8f7b.png,synthetic,poloclub/diffusiondb,fb620fbe49fa4420e0734bd9c0df11f51176b61f,part-001800,c5b3dbed-38a5-475f-b736-6beee44b8f7b.png,diffusiondb,c5b3dbed-38a5-475f-b736-6beee44b8f7b.png,eecd341187bc91c07f5994ad0660d40228ea025616fd57a509bef8323677c68f,9dcda4b93d8c73df7b1240629bec209566cd6119bb7f800c2906b8c3826b8777,9a306d729be66c3fe51eb6fcb305f7794962bd581430b153b057a7156a96b93c,1024,512
diffdetect-hierarchical-calibration-v1,290,diffusiondb:aadf3d4c-7041-4fb2-8e87-208961c9b6a2.png,synthetic,poloclub/diffusiondb,fb620fbe49fa4420e0734bd9c0df11f51176b61f,part-001800,aadf3d4c-7041-4fb2-8e87-208961c9b6a2.png,diffusiondb,aadf3d4c-7041-4fb2-8e87-208961c9b6a2.png,eecd341187bc91c07f5994ad0660d40228ea025616fd57a509bef8323677c68f,9dcda4b93d8c73df7b1240629bec209566cd6119bb7f800c2906b8c3826b8777,ed0f1445a661e8de03aeb17f96265cd4ef1b15c80cdaff4c92ed3c2071a4a3f3,512,512
diffdetect-hierarchical-calibration-v1,291,cocoglide:000000580757:edited,edited,nebula/CocoGlide,275f045df7caa2544dd28de7fa86b044ab661bd0,calibration,000000580757,cocoglide,000000580757_manipulated.png,6ec4fa85098466cdafcb592afdd1be59c9c474ac09679f9da557522986e86244,9dcda4b93d8c73df7b1240629bec209566cd6119bb7f800c2906b8c3826b8777,41b6bedd0e1009922fb9e95ba3086f4b8826e7cfa06ab8262706b11936174500,256,256
diffdetect-hierarchical-calibration-v1,292,cocoglide:000000559707:edited,edited,nebula/CocoGlide,275f045df7caa2544dd28de7fa86b044ab661bd0,calibration,000000559707,cocoglide,000000559707_manipulated.png,6ec4fa85098466cdafcb592afdd1be59c9c474ac09679f9da557522986e86244,9dcda4b93d8c73df7b1240629bec209566cd6119bb7f800c2906b8c3826b8777,dd237a37955811b58b1512baeb4ef90cdde9689661ad0dc9d3f54a8c8f4260c9,256,256
diffdetect-hierarchical-calibration-v1,293,cocoglide:000000233033:edited,edited,nebula/CocoGlide,275f045df7caa2544dd28de7fa86b044ab661bd0,calibration,000000233033,cocoglide,000000233033_manipulated.png,6ec4fa85098466cdafcb592afdd1be59c9c474ac09679f9da557522986e86244,9dcda4b93d8c73df7b1240629bec209566cd6119bb7f800c2906b8c3826b8777,1fc20c1f6f556bd03b3c0cf3c42ff8e64ac8fa0d493972b8c91c6bfd0f3ed989,256,256
diffdetect-hierarchical-calibration-v1,294,cocoglide:000000377882:real,real,nebula/CocoGlide,275f045df7caa2544dd28de7fa86b044ab661bd0,calibration,000000377882,cocoglide,000000377882_real.png,6ec4fa85098466cdafcb592afdd1be59c9c474ac09679f9da557522986e86244,9dcda4b93d8c73df7b1240629bec209566cd6119bb7f800c2906b8c3826b8777,f1d6b273b0f4ea00211391f087248e66590466e742aa8ee1ba428e283f9bc9be,256,256
diffdetect-hierarchical-calibration-v1,295,diffusiondb:90788952-bd3d-4f23-9cfb-9397864130fc.png,synthetic,poloclub/diffusiondb,fb620fbe49fa4420e0734bd9c0df11f51176b61f,part-001800,90788952-bd3d-4f23-9cfb-9397864130fc.png,diffusiondb,90788952-bd3d-4f23-9cfb-9397864130fc.png,eecd341187bc91c07f5994ad0660d40228ea025616fd57a509bef8323677c68f,9dcda4b93d8c73df7b1240629bec209566cd6119bb7f800c2906b8c3826b8777,d807502bf716deacc16beeb0209ea98ebd64a347ba4631fb95537be0328f9af7,512,512
diffdetect-hierarchical-calibration-v1,296,cocoglide:000000066841:real,real,nebula/CocoGlide,275f045df7caa2544dd28de7fa86b044ab661bd0,calibration,000000066841,cocoglide,000000066841_real.png,6ec4fa85098466cdafcb592afdd1be59c9c474ac09679f9da557522986e86244,9dcda4b93d8c73df7b1240629bec209566cd6119bb7f800c2906b8c3826b8777,a482bf88f6345b9a5c6d942f4e22b80e32f2dc3e9bd6a8cad28d12907d371913,256,256
diffdetect-hierarchical-calibration-v1,297,cocoglide:000000424721:real,real,nebula/CocoGlide,275f045df7caa2544dd28de7fa86b044ab661bd0,calibration,000000424721,cocoglide,000000424721_real.png,6ec4fa85098466cdafcb592afdd1be59c9c474ac09679f9da557522986e86244,9dcda4b93d8c73df7b1240629bec209566cd6119bb7f800c2906b8c3826b8777,af5e286341f1726ed7d5147bcc7fc2d33fd4a7f992313935b5f9496eb339c71c,256,256
diffdetect-hierarchical-calibration-v1,298,cocoglide:000000198960:real,real,nebula/CocoGlide,275f045df7caa2544dd28de7fa86b044ab661bd0,calibration,000000198960,cocoglide,000000198960_real.png,6ec4fa85098466cdafcb592afdd1be59c9c474ac09679f9da557522986e86244,9dcda4b93d8c73df7b1240629bec209566cd6119bb7f800c2906b8c3826b8777,3cf3633c09b40e680e471ed137c5aaeb3098c6556daeb6cd94e15d6700d18e34,256,256
diffdetect-hierarchical-calibration-v1,299,diffusiondb:6a0161b3-8a03-4d92-89fe-839a6bf166a6.png,synthetic,poloclub/diffusiondb,fb620fbe49fa4420e0734bd9c0df11f51176b61f,part-001800,6a0161b3-8a03-4d92-89fe-839a6bf166a6.png,diffusiondb,6a0161b3-8a03-4d92-89fe-839a6bf166a6.png,eecd341187bc91c07f5994ad0660d40228ea025616fd57a509bef8323677c68f,9dcda4b93d8c73df7b1240629bec209566cd6119bb7f800c2906b8c3826b8777,c4cc711a9e2209a17044fa2bf54fe6e1282898f07a3978377201c3e8caf8e861,1024,512
diffdetect-hierarchical-calibration-v1,300,cocoglide:000000338191:edited,edited,nebula/CocoGlide,275f045df7caa2544dd28de7fa86b044ab661bd0,calibration,000000338191,cocoglide,000000338191_manipulated.png,6ec4fa85098466cdafcb592afdd1be59c9c474ac09679f9da557522986e86244,9dcda4b93d8c73df7b1240629bec209566cd6119bb7f800c2906b8c3826b8777,6ea96d9b30d8c6b357d683d6956f4a47cb83b0e819be7bfb985d633bd568d1d6,256,256
diffdetect-hierarchical-calibration-v1,301,cocoglide:000000293071:real,real,nebula/CocoGlide,275f045df7caa2544dd28de7fa86b044ab661bd0,calibration,000000293071,cocoglide,000000293071_real.png,6ec4fa85098466cdafcb592afdd1be59c9c474ac09679f9da557522986e86244,9dcda4b93d8c73df7b1240629bec209566cd6119bb7f800c2906b8c3826b8777,f04ff97f6a1d5d4afa136091daba0158b8f5296a61a213358483c954f0491be3,256,256
diffdetect-hierarchical-calibration-v1,302,cocoglide:000000313130:real,real,nebula/CocoGlide,275f045df7caa2544dd28de7fa86b044ab661bd0,calibration,000000313130,cocoglide,000000313130_real.png,6ec4fa85098466cdafcb592afdd1be59c9c474ac09679f9da557522986e86244,9dcda4b93d8c73df7b1240629bec209566cd6119bb7f800c2906b8c3826b8777,320ddde4ee443722b284feed6e7a345e6147831ad16e4262636e114181e70571,256,256
diffdetect-hierarchical-calibration-v1,303,cocoglide:000000015517:edited,edited,nebula/CocoGlide,275f045df7caa2544dd28de7fa86b044ab661bd0,calibration,000000015517,cocoglide,000000015517_manipulated.png,6ec4fa85098466cdafcb592afdd1be59c9c474ac09679f9da557522986e86244,9dcda4b93d8c73df7b1240629bec209566cd6119bb7f800c2906b8c3826b8777,943b7f2dd1ffeb0788b4335082b8a90dc5c52ff2518342305d481e949479fd19,256,256
diffdetect-hierarchical-calibration-v1,304,cocoglide:000000416269:real,real,nebula/CocoGlide,275f045df7caa2544dd28de7fa86b044ab661bd0,calibration,000000416269,cocoglide,000000416269_real.png,6ec4fa85098466cdafcb592afdd1be59c9c474ac09679f9da557522986e86244,9dcda4b93d8c73df7b1240629bec209566cd6119bb7f800c2906b8c3826b8777,47458615382181e739e9fdf492053189a1fe5cfe8aaff0c9150195e100bf75a6,256,256
diffdetect-hierarchical-calibration-v1,305,cocoglide:000000173091:real,real,nebula/CocoGlide,275f045df7caa2544dd28de7fa86b044ab661bd0,calibration,000000173091,cocoglide,000000173091_real.png,6ec4fa85098466cdafcb592afdd1be59c9c474ac09679f9da557522986e86244,9dcda4b93d8c73df7b1240629bec209566cd6119bb7f800c2906b8c3826b8777,9c688f6107bf2c941d48f16509b87fdd3bb3689df98c323d6e546e016f1fe4ff,256,256
diffdetect-hierarchical-calibration-v1,306,cocoglide:000000043581:edited,edited,nebula/CocoGlide,275f045df7caa2544dd28de7fa86b044ab661bd0,calibration,000000043581,cocoglide,000000043581_manipulated.png,6ec4fa85098466cdafcb592afdd1be59c9c474ac09679f9da557522986e86244,9dcda4b93d8c73df7b1240629bec209566cd6119bb7f800c2906b8c3826b8777,30c6ad2983c0082bf6bd1acc8aa4696272dc461700043e121700b1eced7a5518,256,256
diffdetect-hierarchical-calibration-v1,307,diffusiondb:54e908b8-3e70-4e3c-9456-b0f13fac1ccf.png,synthetic,poloclub/diffusiondb,fb620fbe49fa4420e0734bd9c0df11f51176b61f,part-001800,54e908b8-3e70-4e3c-9456-b0f13fac1ccf.png,diffusiondb,54e908b8-3e70-4e3c-9456-b0f13fac1ccf.png,eecd341187bc91c07f5994ad0660d40228ea025616fd57a509bef8323677c68f,9dcda4b93d8c73df7b1240629bec209566cd6119bb7f800c2906b8c3826b8777,586b3b15cab20a07d7b639ae0fbb1716d297557a57a8220717e96387a35f8566,704,704
diffdetect-hierarchical-calibration-v1,308,cocoglide:000000377575:edited,edited,nebula/CocoGlide,275f045df7caa2544dd28de7fa86b044ab661bd0,calibration,000000377575,cocoglide,000000377575_manipulated.png,6ec4fa85098466cdafcb592afdd1be59c9c474ac09679f9da557522986e86244,9dcda4b93d8c73df7b1240629bec209566cd6119bb7f800c2906b8c3826b8777,e8cc58064d6300332252ff805af065288b1554ca06a191a4061a5dca82b3519f,256,256
diffdetect-hierarchical-calibration-v1,309,cocoglide:000000008277:real,real,nebula/CocoGlide,275f045df7caa2544dd28de7fa86b044ab661bd0,calibration,000000008277,cocoglide,000000008277_real.png,6ec4fa85098466cdafcb592afdd1be59c9c474ac09679f9da557522986e86244,9dcda4b93d8c73df7b1240629bec209566cd6119bb7f800c2906b8c3826b8777,fb7a49e44d5342beecedf3e15cd6e361088f61108f7dc04a2a069865624f2baa,256,256
diffdetect-hierarchical-calibration-v1,310,diffusiondb:8a4d1cf5-23f5-448f-b110-7df92b4397b0.png,synthetic,poloclub/diffusiondb,fb620fbe49fa4420e0734bd9c0df11f51176b61f,part-001800,8a4d1cf5-23f5-448f-b110-7df92b4397b0.png,diffusiondb,8a4d1cf5-23f5-448f-b110-7df92b4397b0.png,eecd341187bc91c07f5994ad0660d40228ea025616fd57a509bef8323677c68f,9dcda4b93d8c73df7b1240629bec209566cd6119bb7f800c2906b8c3826b8777,046b1a6cdb1bee80e285cb9912bca68331d2801109eb59402739a669bafe827a,768,512
diffdetect-hierarchical-calibration-v1,311,cocoglide:000000201934:real,real,nebula/CocoGlide,275f045df7caa2544dd28de7fa86b044ab661bd0,calibration,000000201934,cocoglide,000000201934_real.png,6ec4fa85098466cdafcb592afdd1be59c9c474ac09679f9da557522986e86244,9dcda4b93d8c73df7b1240629bec209566cd6119bb7f800c2906b8c3826b8777,c97979f414981c59102c26755fd8563765fbf771108371eb909f194c28245d4a,256,256
diffdetect-hierarchical-calibration-v1,312,cocoglide:000000499768:edited,edited,nebula/CocoGlide,275f045df7caa2544dd28de7fa86b044ab661bd0,calibration,000000499768,cocoglide,000000499768_manipulated.png,6ec4fa85098466cdafcb592afdd1be59c9c474ac09679f9da557522986e86244,9dcda4b93d8c73df7b1240629bec209566cd6119bb7f800c2906b8c3826b8777,0f4dcbc60269fff57e7847087933e79a3a45b0b75a086f0bad0a3c97b0f97286,256,256
diffdetect-hierarchical-calibration-v1,313,diffusiondb:56550262-8782-4c09-9b10-2da45d1504aa.png,synthetic,poloclub/diffusiondb,fb620fbe49fa4420e0734bd9c0df11f51176b61f,part-001800,56550262-8782-4c09-9b10-2da45d1504aa.png,diffusiondb,56550262-8782-4c09-9b10-2da45d1504aa.png,eecd341187bc91c07f5994ad0660d40228ea025616fd57a509bef8323677c68f,9dcda4b93d8c73df7b1240629bec209566cd6119bb7f800c2906b8c3826b8777,329c5a0aeed1bb0ad9c67401c3e9ebb3923174321624590000373c39ddcd3e46,512,512
diffdetect-hierarchical-calibration-v1,314,cocoglide:000000493284:real,real,nebula/CocoGlide,275f045df7caa2544dd28de7fa86b044ab661bd0,calibration,000000493284,cocoglide,000000493284_real.png,6ec4fa85098466cdafcb592afdd1be59c9c474ac09679f9da557522986e86244,9dcda4b93d8c73df7b1240629bec209566cd6119bb7f800c2906b8c3826b8777,4343fc7038e2601a6f181807dc5c509526dc8b717d397258b1fbfe31d34644d2,256,256
diffdetect-hierarchical-calibration-v1,315,cocoglide:000000025139:edited,edited,nebula/CocoGlide,275f045df7caa2544dd28de7fa86b044ab661bd0,calibration,000000025139,cocoglide,000000025139_manipulated.png,6ec4fa85098466cdafcb592afdd1be59c9c474ac09679f9da557522986e86244,9dcda4b93d8c73df7b1240629bec209566cd6119bb7f800c2906b8c3826b8777,9b0e792f2f43d1c39c67d8157b84c16d4dd0c45bfc9598944c4fa95cbb00b4d5,256,256
diffdetect-hierarchical-calibration-v1,316,cocoglide:000000201934:edited,edited,nebula/CocoGlide,275f045df7caa2544dd28de7fa86b044ab661bd0,calibration,000000201934,cocoglide,000000201934_manipulated.png,6ec4fa85098466cdafcb592afdd1be59c9c474ac09679f9da557522986e86244,9dcda4b93d8c73df7b1240629bec209566cd6119bb7f800c2906b8c3826b8777,db44938ca35cfe354b1ba1d9a0047798a738f0eeefef78dbaeb317194e8ccc0f,256,256
diffdetect-hierarchical-calibration-v1,317,diffusiondb:450bc48b-df72-47f9-94cd-a8eecab001bc.png,synthetic,poloclub/diffusiondb,fb620fbe49fa4420e0734bd9c0df11f51176b61f,part-001800,450bc48b-df72-47f9-94cd-a8eecab001bc.png,diffusiondb,450bc48b-df72-47f9-94cd-a8eecab001bc.png,eecd341187bc91c07f5994ad0660d40228ea025616fd57a509bef8323677c68f,9dcda4b93d8c73df7b1240629bec209566cd6119bb7f800c2906b8c3826b8777,130ec672b79bc3ac899f1bfb1888f691c0a83b07ee53d6e42dd3967ae8f3fa7c,512,512
diffdetect-hierarchical-calibration-v1,318,diffusiondb:cc07af25-370c-4f0c-b1ef-3eee19cdd405.png,synthetic,poloclub/diffusiondb,fb620fbe49fa4420e0734bd9c0df11f51176b61f,part-001800,cc07af25-370c-4f0c-b1ef-3eee19cdd405.png,diffusiondb,cc07af25-370c-4f0c-b1ef-3eee19cdd405.png,eecd341187bc91c07f5994ad0660d40228ea025616fd57a509bef8323677c68f,9dcda4b93d8c73df7b1240629bec209566cd6119bb7f800c2906b8c3826b8777,425945556e572e617e64c58a03083db662356bfe0e8a2c0ecea49d3c2a7c1bf7,512,512
diffdetect-hierarchical-calibration-v1,319,diffusiondb:f074ba22-f341-4605-aa83-ead2eacade78.png,synthetic,poloclub/diffusiondb,fb620fbe49fa4420e0734bd9c0df11f51176b61f,part-001800,f074ba22-f341-4605-aa83-ead2eacade78.png,diffusiondb,f074ba22-f341-4605-aa83-ead2eacade78.png,eecd341187bc91c07f5994ad0660d40228ea025616fd57a509bef8323677c68f,9dcda4b93d8c73df7b1240629bec209566cd6119bb7f800c2906b8c3826b8777,e879785b051055426eff808af8cf41b8a23f6f92954069a70173f8470707d7b0,512,512
diffdetect-hierarchical-calibration-v1,320,cocoglide:000000248314:real,real,nebula/CocoGlide,275f045df7caa2544dd28de7fa86b044ab661bd0,calibration,000000248314,cocoglide,000000248314_real.png,6ec4fa85098466cdafcb592afdd1be59c9c474ac09679f9da557522986e86244,9dcda4b93d8c73df7b1240629bec209566cd6119bb7f800c2906b8c3826b8777,cc48f612417f2cd1ea0d3ba4aff83d494bdb0de47264c2c2cb8104cfd66fe3f3,256,256
diffdetect-hierarchical-calibration-v1,321,cocoglide:000000499768:real,real,nebula/CocoGlide,275f045df7caa2544dd28de7fa86b044ab661bd0,calibration,000000499768,cocoglide,000000499768_real.png,6ec4fa85098466cdafcb592afdd1be59c9c474ac09679f9da557522986e86244,9dcda4b93d8c73df7b1240629bec209566cd6119bb7f800c2906b8c3826b8777,69a702b40175b689ae3c636e479074d9edef13bf681ed7ea89cb89801797dfc1,256,256
diffdetect-hierarchical-calibration-v1,322,diffusiondb:a0662d07-2ac5-4f74-a2a7-9d657fb52f80.png,synthetic,poloclub/diffusiondb,fb620fbe49fa4420e0734bd9c0df11f51176b61f,part-001800,a0662d07-2ac5-4f74-a2a7-9d657fb52f80.png,diffusiondb,a0662d07-2ac5-4f74-a2a7-9d657fb52f80.png,eecd341187bc91c07f5994ad0660d40228ea025616fd57a509bef8323677c68f,9dcda4b93d8c73df7b1240629bec209566cd6119bb7f800c2906b8c3826b8777,1a29a33314d7a845bd0313cc3247cac64fedb5fa630c45b468793fc526e25368,512,768
diffdetect-hierarchical-calibration-v1,323,cocoglide:000000438226:edited,edited,nebula/CocoGlide,275f045df7caa2544dd28de7fa86b044ab661bd0,calibration,000000438226,cocoglide,000000438226_manipulated.png,6ec4fa85098466cdafcb592afdd1be59c9c474ac09679f9da557522986e86244,9dcda4b93d8c73df7b1240629bec209566cd6119bb7f800c2906b8c3826b8777,b647b46c7a98b086a217d2aed669aad509669bbcc9de32f687bdec8152d356bf,256,256
diffdetect-hierarchical-calibration-v1,324,cocoglide:000000244411:real,real,nebula/CocoGlide,275f045df7caa2544dd28de7fa86b044ab661bd0,calibration,000000244411,cocoglide,000000244411_real.png,6ec4fa85098466cdafcb592afdd1be59c9c474ac09679f9da557522986e86244,9dcda4b93d8c73df7b1240629bec209566cd6119bb7f800c2906b8c3826b8777,6afcae72870b188d8d6a96fb5ea2504f11e8b4b409e9315942434892589edfe9,256,256
diffdetect-hierarchical-calibration-v1,325,diffusiondb:21ad8e74-d0ba-4191-b37c-a1d515c6715a.png,synthetic,poloclub/diffusiondb,fb620fbe49fa4420e0734bd9c0df11f51176b61f,part-001800,21ad8e74-d0ba-4191-b37c-a1d515c6715a.png,diffusiondb,21ad8e74-d0ba-4191-b37c-a1d515c6715a.png,eecd341187bc91c07f5994ad0660d40228ea025616fd57a509bef8323677c68f,9dcda4b93d8c73df7b1240629bec209566cd6119bb7f800c2906b8c3826b8777,68fda07ca2e6a2b2529f4d9ee2de4f7ab1171e1fe953dd248cededfa661db423,768,512
diffdetect-hierarchical-calibration-v1,326,diffusiondb:6f2309cb-de70-4cbe-9eef-04c58accd5ff.png,synthetic,poloclub/diffusiondb,fb620fbe49fa4420e0734bd9c0df11f51176b61f,part-001800,6f2309cb-de70-4cbe-9eef-04c58accd5ff.png,diffusiondb,6f2309cb-de70-4cbe-9eef-04c58accd5ff.png,eecd341187bc91c07f5994ad0660d40228ea025616fd57a509bef8323677c68f,9dcda4b93d8c73df7b1240629bec209566cd6119bb7f800c2906b8c3826b8777,6cdbaf66464a0eccc6330272dea6a79c07e44ec7059dbc385fc2509fb5bf619d,512,512
diffdetect-hierarchical-calibration-v1,327,cocoglide:000000393282:edited,edited,nebula/CocoGlide,275f045df7caa2544dd28de7fa86b044ab661bd0,calibration,000000393282,cocoglide,000000393282_manipulated.png,6ec4fa85098466cdafcb592afdd1be59c9c474ac09679f9da557522986e86244,9dcda4b93d8c73df7b1240629bec209566cd6119bb7f800c2906b8c3826b8777,48762cf240b5c562b12327b0feda97d148da125de028ae020dde1b893caad6ed,256,256
diffdetect-hierarchical-calibration-v1,328,cocoglide:000000085911:edited,edited,nebula/CocoGlide,275f045df7caa2544dd28de7fa86b044ab661bd0,calibration,000000085911,cocoglide,000000085911_manipulated.png,6ec4fa85098466cdafcb592afdd1be59c9c474ac09679f9da557522986e86244,9dcda4b93d8c73df7b1240629bec209566cd6119bb7f800c2906b8c3826b8777,18a9c8e03154883f3c94c2fb884931a629bec0d195e34b766bbc31ecbfb0c578,256,256
diffdetect-hierarchical-calibration-v1,329,cocoglide:000000451090:edited,edited,nebula/CocoGlide,275f045df7caa2544dd28de7fa86b044ab661bd0,calibration,000000451090,cocoglide,000000451090_manipulated.png,6ec4fa85098466cdafcb592afdd1be59c9c474ac09679f9da557522986e86244,9dcda4b93d8c73df7b1240629bec209566cd6119bb7f800c2906b8c3826b8777,88644d6bba67eac01b9b7a643ce0bf41ecfe71ad497ce8b9902970451ae9dd49,256,256
diffdetect-hierarchical-calibration-v1,330,diffusiondb:8898c026-8009-4cd8-be16-07f4c34d6c9b.png,synthetic,poloclub/diffusiondb,fb620fbe49fa4420e0734bd9c0df11f51176b61f,part-001800,8898c026-8009-4cd8-be16-07f4c34d6c9b.png,diffusiondb,8898c026-8009-4cd8-be16-07f4c34d6c9b.png,eecd341187bc91c07f5994ad0660d40228ea025616fd57a509bef8323677c68f,9dcda4b93d8c73df7b1240629bec209566cd6119bb7f800c2906b8c3826b8777,8d1aa4e9e00fd2570782584de4c359be4be5697d341fb8dd3103bc1254edda24,512,512
diffdetect-hierarchical-calibration-v1,331,cocoglide:000000366141:edited,edited,nebula/CocoGlide,275f045df7caa2544dd28de7fa86b044ab661bd0,calibration,000000366141,cocoglide,000000366141_manipulated.png,6ec4fa85098466cdafcb592afdd1be59c9c474ac09679f9da557522986e86244,9dcda4b93d8c73df7b1240629bec209566cd6119bb7f800c2906b8c3826b8777,c4d2cec924c8cdb366017a7916bb3bd63c5002a70f0e725c432d1bb9d1b52dc3,256,256
diffdetect-hierarchical-calibration-v1,332,cocoglide:000000531495:real,real,nebula/CocoGlide,275f045df7caa2544dd28de7fa86b044ab661bd0,calibration,000000531495,cocoglide,000000531495_real.png,6ec4fa85098466cdafcb592afdd1be59c9c474ac09679f9da557522986e86244,9dcda4b93d8c73df7b1240629bec209566cd6119bb7f800c2906b8c3826b8777,24c58986c84222cfec90f862ad3b2ecd11e2490bc0ec3dbfc774a4d9c480d196,256,256
diffdetect-hierarchical-calibration-v1,333,cocoglide:000000231088:edited,edited,nebula/CocoGlide,275f045df7caa2544dd28de7fa86b044ab661bd0,calibration,000000231088,cocoglide,000000231088_manipulated.png,6ec4fa85098466cdafcb592afdd1be59c9c474ac09679f9da557522986e86244,9dcda4b93d8c73df7b1240629bec209566cd6119bb7f800c2906b8c3826b8777,6702b4149b965ad18ff71fa09493afc6410d4462685b7b04df12cf1c438c7ab9,256,256
diffdetect-hierarchical-calibration-v1,334,diffusiondb:4573f6fe-2c15-4c19-9b69-563d0f55c056.png,synthetic,poloclub/diffusiondb,fb620fbe49fa4420e0734bd9c0df11f51176b61f,part-001800,4573f6fe-2c15-4c19-9b69-563d0f55c056.png,diffusiondb,4573f6fe-2c15-4c19-9b69-563d0f55c056.png,eecd341187bc91c07f5994ad0660d40228ea025616fd57a509bef8323677c68f,9dcda4b93d8c73df7b1240629bec209566cd6119bb7f800c2906b8c3826b8777,e354ee610b587034cf4bb64dc9f7489fb00e96e373806fd00319cfe66eb03f80,512,512
diffdetect-hierarchical-calibration-v1,335,diffusiondb:3530ce75-dd35-46b1-867f-428ebc4ca2a7.png,synthetic,poloclub/diffusiondb,fb620fbe49fa4420e0734bd9c0df11f51176b61f,part-001800,3530ce75-dd35-46b1-867f-428ebc4ca2a7.png,diffusiondb,3530ce75-dd35-46b1-867f-428ebc4ca2a7.png,eecd341187bc91c07f5994ad0660d40228ea025616fd57a509bef8323677c68f,9dcda4b93d8c73df7b1240629bec209566cd6119bb7f800c2906b8c3826b8777,8ccdf420463defdd0057e91e8709b735da0cb71e173cd40eb425df3efaece149,512,512
diffdetect-hierarchical-calibration-v1,336,cocoglide:000000044652:edited,edited,nebula/CocoGlide,275f045df7caa2544dd28de7fa86b044ab661bd0,calibration,000000044652,cocoglide,000000044652_manipulated.png,6ec4fa85098466cdafcb592afdd1be59c9c474ac09679f9da557522986e86244,9dcda4b93d8c73df7b1240629bec209566cd6119bb7f800c2906b8c3826b8777,04f43f4f56728011efab1c85f8b5e6432d01d5821ff75fba7b30f06cb1981822,256,256
diffdetect-hierarchical-calibration-v1,337,cocoglide:000000451090:real,real,nebula/CocoGlide,275f045df7caa2544dd28de7fa86b044ab661bd0,calibration,000000451090,cocoglide,000000451090_real.png,6ec4fa85098466cdafcb592afdd1be59c9c474ac09679f9da557522986e86244,9dcda4b93d8c73df7b1240629bec209566cd6119bb7f800c2906b8c3826b8777,0d17d88b6c5735da7d60cc6298003edf7218a66d66515dd17ee9b5b49211ac7d,256,256
diffdetect-hierarchical-calibration-v1,338,cocoglide:000000261161:edited,edited,nebula/CocoGlide,275f045df7caa2544dd28de7fa86b044ab661bd0,calibration,000000261161,cocoglide,000000261161_manipulated.png,6ec4fa85098466cdafcb592afdd1be59c9c474ac09679f9da557522986e86244,9dcda4b93d8c73df7b1240629bec209566cd6119bb7f800c2906b8c3826b8777,d58ab3dbd5cf35f4eec8d4bf0192238bd7cc7bd8f02e58a05adf3dba81f452b3,256,256
diffdetect-hierarchical-calibration-v1,339,cocoglide:000000120853:real,real,nebula/CocoGlide,275f045df7caa2544dd28de7fa86b044ab661bd0,calibration,000000120853,cocoglide,000000120853_real.png,6ec4fa85098466cdafcb592afdd1be59c9c474ac09679f9da557522986e86244,9dcda4b93d8c73df7b1240629bec209566cd6119bb7f800c2906b8c3826b8777,44939bd43139abc19a54530fd1ca72eb8785bb6ec007e832010c24bb06c8c6e8,256,256
diffdetect-hierarchical-calibration-v1,340,diffusiondb:f07364da-dc95-4bac-94cf-d0bf0cc53404.png,synthetic,poloclub/diffusiondb,fb620fbe49fa4420e0734bd9c0df11f51176b61f,part-001800,f07364da-dc95-4bac-94cf-d0bf0cc53404.png,diffusiondb,f07364da-dc95-4bac-94cf-d0bf0cc53404.png,eecd341187bc91c07f5994ad0660d40228ea025616fd57a509bef8323677c68f,9dcda4b93d8c73df7b1240629bec209566cd6119bb7f800c2906b8c3826b8777,6d852a60239290207b9067cb849b8e146c252f30dff962fe7fe64fcb449a2e68,512,512
diffdetect-hierarchical-calibration-v1,341,cocoglide:000000534664:real,real,nebula/CocoGlide,275f045df7caa2544dd28de7fa86b044ab661bd0,calibration,000000534664,cocoglide,000000534664_real.png,6ec4fa85098466cdafcb592afdd1be59c9c474ac09679f9da557522986e86244,9dcda4b93d8c73df7b1240629bec209566cd6119bb7f800c2906b8c3826b8777,b063571b19530192e40fca33687fc2d6a36b01664cb67921e410dc2bc8f4385c,256,256
diffdetect-hierarchical-calibration-v1,342,cocoglide:000000377814:real,real,nebula/CocoGlide,275f045df7caa2544dd28de7fa86b044ab661bd0,calibration,000000377814,cocoglide,000000377814_real.png,6ec4fa85098466cdafcb592afdd1be59c9c474ac09679f9da557522986e86244,9dcda4b93d8c73df7b1240629bec209566cd6119bb7f800c2906b8c3826b8777,c0dc2b4eb79eb2a123da07d77d7fbf47139ae88f75dc6d353079801287a39f88,256,256
diffdetect-hierarchical-calibration-v1,343,cocoglide:000000060449:real,real,nebula/CocoGlide,275f045df7caa2544dd28de7fa86b044ab661bd0,calibration,000000060449,cocoglide,000000060449_real.png,6ec4fa85098466cdafcb592afdd1be59c9c474ac09679f9da557522986e86244,9dcda4b93d8c73df7b1240629bec209566cd6119bb7f800c2906b8c3826b8777,a13465992cf9f4116a8cacd3ca111b897bfa0a9001c40c6f634b6c13475ae2e2,256,256
diffdetect-hierarchical-calibration-v1,344,diffusiondb:83b64fe3-955e-4f9b-9fd4-620061ac62a0.png,synthetic,poloclub/diffusiondb,fb620fbe49fa4420e0734bd9c0df11f51176b61f,part-001800,83b64fe3-955e-4f9b-9fd4-620061ac62a0.png,diffusiondb,83b64fe3-955e-4f9b-9fd4-620061ac62a0.png,eecd341187bc91c07f5994ad0660d40228ea025616fd57a509bef8323677c68f,9dcda4b93d8c73df7b1240629bec209566cd6119bb7f800c2906b8c3826b8777,052fc8869488c07d81b670c228cd44a365781196bcd29898def8c22c83b55bde,704,512
diffdetect-hierarchical-calibration-v1,345,cocoglide:000000540928:real,real,nebula/CocoGlide,275f045df7caa2544dd28de7fa86b044ab661bd0,calibration,000000540928,cocoglide,000000540928_real.png,6ec4fa85098466cdafcb592afdd1be59c9c474ac09679f9da557522986e86244,9dcda4b93d8c73df7b1240629bec209566cd6119bb7f800c2906b8c3826b8777,54f1e6d248613262b175eefb96836b4c324fdd477b9ae5e0e324396482d3b76c,256,256
diffdetect-hierarchical-calibration-v1,346,diffusiondb:912c090c-bf7c-47c5-97e4-1bce6252a14d.png,synthetic,poloclub/diffusiondb,fb620fbe49fa4420e0734bd9c0df11f51176b61f,part-001800,912c090c-bf7c-47c5-97e4-1bce6252a14d.png,diffusiondb,912c090c-bf7c-47c5-97e4-1bce6252a14d.png,eecd341187bc91c07f5994ad0660d40228ea025616fd57a509bef8323677c68f,9dcda4b93d8c73df7b1240629bec209566cd6119bb7f800c2906b8c3826b8777,ae406480bbead09d6443eeb55e1e2bb69185388bfda3e8d29f990b02ba77f2d1,512,768
diffdetect-hierarchical-calibration-v1,347,diffusiondb:d68607e6-554f-4746-a284-9aae71b89d42.png,synthetic,poloclub/diffusiondb,fb620fbe49fa4420e0734bd9c0df11f51176b61f,part-001800,d68607e6-554f-4746-a284-9aae71b89d42.png,diffusiondb,d68607e6-554f-4746-a284-9aae71b89d42.png,eecd341187bc91c07f5994ad0660d40228ea025616fd57a509bef8323677c68f,9dcda4b93d8c73df7b1240629bec209566cd6119bb7f800c2906b8c3826b8777,f87024d913a6eeb2ee6dba1ad0c6b05c03cdd65962317247026b541a9f3e2d7e,768,512
diffdetect-hierarchical-calibration-v1,348,diffusiondb:ae011ee5-e52e-424d-a9ec-05cd014ab068.png,synthetic,poloclub/diffusiondb,fb620fbe49fa4420e0734bd9c0df11f51176b61f,part-001800,ae011ee5-e52e-424d-a9ec-05cd014ab068.png,diffusiondb,ae011ee5-e52e-424d-a9ec-05cd014ab068.png,eecd341187bc91c07f5994ad0660d40228ea025616fd57a509bef8323677c68f,9dcda4b93d8c73df7b1240629bec209566cd6119bb7f800c2906b8c3826b8777,27abfbb56f31a4008ff70108ff73b42eb67b1631b1daa59dde7e4b140bca8e24,512,512
diffdetect-hierarchical-calibration-v1,349,cocoglide:000000259625:edited,edited,nebula/CocoGlide,275f045df7caa2544dd28de7fa86b044ab661bd0,calibration,000000259625,cocoglide,000000259625_manipulated.png,6ec4fa85098466cdafcb592afdd1be59c9c474ac09679f9da557522986e86244,9dcda4b93d8c73df7b1240629bec209566cd6119bb7f800c2906b8c3826b8777,c6c95484e0d11e14f68e92b45d4c48b457f4b7f7d5d8bde977e2a241466b14f8,256,256
diffdetect-hierarchical-calibration-v1,350,cocoglide:000000099428:edited,edited,nebula/CocoGlide,275f045df7caa2544dd28de7fa86b044ab661bd0,calibration,000000099428,cocoglide,000000099428_manipulated.png,6ec4fa85098466cdafcb592afdd1be59c9c474ac09679f9da557522986e86244,9dcda4b93d8c73df7b1240629bec209566cd6119bb7f800c2906b8c3826b8777,d3151dc29031474340a8d388e91a1fcbd365f53790e22b88dd63a76e89757df9,256,256
diffdetect-hierarchical-calibration-v1,351,cocoglide:000000470121:real,real,nebula/CocoGlide,275f045df7caa2544dd28de7fa86b044ab661bd0,calibration,000000470121,cocoglide,000000470121_real.png,6ec4fa85098466cdafcb592afdd1be59c9c474ac09679f9da557522986e86244,9dcda4b93d8c73df7b1240629bec209566cd6119bb7f800c2906b8c3826b8777,05a5925c31f76b9e45d4d59eacc398b33aa9e45a18d201d96c23d0be7750dc4d,256,256
diffdetect-hierarchical-calibration-v1,352,cocoglide:000000196754:edited,edited,nebula/CocoGlide,275f045df7caa2544dd28de7fa86b044ab661bd0,calibration,000000196754,cocoglide,000000196754_manipulated.png,6ec4fa85098466cdafcb592afdd1be59c9c474ac09679f9da557522986e86244,9dcda4b93d8c73df7b1240629bec209566cd6119bb7f800c2906b8c3826b8777,478fe057c81919d0584e4660f818088488abbfd52ed1fbd1df8959e92d210201,256,256
diffdetect-hierarchical-calibration-v1,353,cocoglide:000000530457:edited,edited,nebula/CocoGlide,275f045df7caa2544dd28de7fa86b044ab661bd0,calibration,000000530457,cocoglide,000000530457_manipulated.png,6ec4fa85098466cdafcb592afdd1be59c9c474ac09679f9da557522986e86244,9dcda4b93d8c73df7b1240629bec209566cd6119bb7f800c2906b8c3826b8777,5d0ac8a9ed864b8cfd75740017e2858a38248d3ec89f987edfdaa13a3e353842,256,256
diffdetect-hierarchical-calibration-v1,354,diffusiondb:dc7a750f-7bea-4e4c-aef4-933040e5ce96.png,synthetic,poloclub/diffusiondb,fb620fbe49fa4420e0734bd9c0df11f51176b61f,part-001800,dc7a750f-7bea-4e4c-aef4-933040e5ce96.png,diffusiondb,dc7a750f-7bea-4e4c-aef4-933040e5ce96.png,eecd341187bc91c07f5994ad0660d40228ea025616fd57a509bef8323677c68f,9dcda4b93d8c73df7b1240629bec209566cd6119bb7f800c2906b8c3826b8777,cb8cca0984cb44696d94fd91177b1dca3a0dccc0622cc06a184df8ff32de603b,512,512
diffdetect-hierarchical-calibration-v1,355,cocoglide:000000384651:real,real,nebula/CocoGlide,275f045df7caa2544dd28de7fa86b044ab661bd0,calibration,000000384651,cocoglide,000000384651_real.png,6ec4fa85098466cdafcb592afdd1be59c9c474ac09679f9da557522986e86244,9dcda4b93d8c73df7b1240629bec209566cd6119bb7f800c2906b8c3826b8777,cdb9a504fcefceabf2525ac43219e3926ebeda200008eb69f1162b1c34647cd4,256,256
diffdetect-hierarchical-calibration-v1,356,cocoglide:000000344795:real,real,nebula/CocoGlide,275f045df7caa2544dd28de7fa86b044ab661bd0,calibration,000000344795,cocoglide,000000344795_real.png,6ec4fa85098466cdafcb592afdd1be59c9c474ac09679f9da557522986e86244,9dcda4b93d8c73df7b1240629bec209566cd6119bb7f800c2906b8c3826b8777,af7688b7252411b64af7a81f6fb305915ec8b7a2adf47dac4703efb7963ae6c4,256,256
diffdetect-hierarchical-calibration-v1,357,cocoglide:000000000285:real,real,nebula/CocoGlide,275f045df7caa2544dd28de7fa86b044ab661bd0,calibration,000000000285,cocoglide,000000000285_real.png,6ec4fa85098466cdafcb592afdd1be59c9c474ac09679f9da557522986e86244,9dcda4b93d8c73df7b1240629bec209566cd6119bb7f800c2906b8c3826b8777,bdecd7a899cb856029b6808b97ea448d906ded1c5dff51e4132d1ecc66c3d92f,256,256
diffdetect-hierarchical-calibration-v1,358,diffusiondb:64e75a46-5c5c-4329-b587-7bf66f75b38f.png,synthetic,poloclub/diffusiondb,fb620fbe49fa4420e0734bd9c0df11f51176b61f,part-001800,64e75a46-5c5c-4329-b587-7bf66f75b38f.png,diffusiondb,64e75a46-5c5c-4329-b587-7bf66f75b38f.png,eecd341187bc91c07f5994ad0660d40228ea025616fd57a509bef8323677c68f,9dcda4b93d8c73df7b1240629bec209566cd6119bb7f800c2906b8c3826b8777,d3cc2c59b70a19eccdc0e2e9cb2b8d189be3c069f1a095645962eff73dd14420,512,704
diffdetect-hierarchical-calibration-v1,359,diffusiondb:4a39826a-eefd-4687-884c-db28b6c8e04a.png,synthetic,poloclub/diffusiondb,fb620fbe49fa4420e0734bd9c0df11f51176b61f,part-001800,4a39826a-eefd-4687-884c-db28b6c8e04a.png,diffusiondb,4a39826a-eefd-4687-884c-db28b6c8e04a.png,eecd341187bc91c07f5994ad0660d40228ea025616fd57a509bef8323677c68f,9dcda4b93d8c73df7b1240629bec209566cd6119bb7f800c2906b8c3826b8777,8e68930fbbdfb8ecf9a350dc774b193936d6905588b73ee41b636061a60a284b,512,512
diffdetect-hierarchical-calibration-v1,360,diffusiondb:229aa6e6-0400-47ce-be98-b2948c2fb68a.png,synthetic,poloclub/diffusiondb,fb620fbe49fa4420e0734bd9c0df11f51176b61f,part-001800,229aa6e6-0400-47ce-be98-b2948c2fb68a.png,diffusiondb,229aa6e6-0400-47ce-be98-b2948c2fb68a.png,eecd341187bc91c07f5994ad0660d40228ea025616fd57a509bef8323677c68f,9dcda4b93d8c73df7b1240629bec209566cd6119bb7f800c2906b8c3826b8777,d0cb84f4dc2e6824b43cdbb0fca7f77103545140916f618d74ce8dda734dd792,512,512
diffdetect-hierarchical-calibration-v1,361,cocoglide:000000029675:real,real,nebula/CocoGlide,275f045df7caa2544dd28de7fa86b044ab661bd0,calibration,000000029675,cocoglide,000000029675_real.png,6ec4fa85098466cdafcb592afdd1be59c9c474ac09679f9da557522986e86244,9dcda4b93d8c73df7b1240629bec209566cd6119bb7f800c2906b8c3826b8777,32c38cf4dae3322cb089904c9b91a16bb54dee95d6485b5933ac14fcdf9e6a22,256,256
diffdetect-hierarchical-calibration-v1,362,cocoglide:000000433374:real,real,nebula/CocoGlide,275f045df7caa2544dd28de7fa86b044ab661bd0,calibration,000000433374,cocoglide,000000433374_real.png,6ec4fa85098466cdafcb592afdd1be59c9c474ac09679f9da557522986e86244,9dcda4b93d8c73df7b1240629bec209566cd6119bb7f800c2906b8c3826b8777,c939f30abf8db91f9139ed5cafe4bd525bf8cc6f0b2a5c82644c7055e3b2f979,256,256
diffdetect-hierarchical-calibration-v1,363,cocoglide:000000489046:real,real,nebula/CocoGlide,275f045df7caa2544dd28de7fa86b044ab661bd0,calibration,000000489046,cocoglide,000000489046_real.png,6ec4fa85098466cdafcb592afdd1be59c9c474ac09679f9da557522986e86244,9dcda4b93d8c73df7b1240629bec209566cd6119bb7f800c2906b8c3826b8777,cd85b231a46cc9adaffa7b11b225669978b04c2bbe9349f65b096d07452180cf,256,256
diffdetect-hierarchical-calibration-v1,364,cocoglide:000000060449:edited,edited,nebula/CocoGlide,275f045df7caa2544dd28de7fa86b044ab661bd0,calibration,000000060449,cocoglide,000000060449_manipulated.png,6ec4fa85098466cdafcb592afdd1be59c9c474ac09679f9da557522986e86244,9dcda4b93d8c73df7b1240629bec209566cd6119bb7f800c2906b8c3826b8777,a61f76b6e3a30cfa0332bb2fa48a937826fe764e144535c0d9700aead4e1964c,256,256
diffdetect-hierarchical-calibration-v1,365,cocoglide:000000304984:real,real,nebula/CocoGlide,275f045df7caa2544dd28de7fa86b044ab661bd0,calibration,000000304984,cocoglide,000000304984_real.png,6ec4fa85098466cdafcb592afdd1be59c9c474ac09679f9da557522986e86244,9dcda4b93d8c73df7b1240629bec209566cd6119bb7f800c2906b8c3826b8777,3e104ca78d1aff95321c076c7675f068258efde9c41752ae323a371c90d81c79,256,256
diffdetect-hierarchical-calibration-v1,366,diffusiondb:3c38b34c-9f6b-447e-8421-df3c8c9d8391.png,synthetic,poloclub/diffusiondb,fb620fbe49fa4420e0734bd9c0df11f51176b61f,part-001800,3c38b34c-9f6b-447e-8421-df3c8c9d8391.png,diffusiondb,3c38b34c-9f6b-447e-8421-df3c8c9d8391.png,eecd341187bc91c07f5994ad0660d40228ea025616fd57a509bef8323677c68f,9dcda4b93d8c73df7b1240629bec209566cd6119bb7f800c2906b8c3826b8777,8b5cd1f727018e9edd7c4dfcbec599f6fbd0bdf002a0be2648db30092e768080,512,512
diffdetect-hierarchical-calibration-v1,367,diffusiondb:8b5442c4-a782-4b0c-8915-e4a28a2f7dc9.png,synthetic,poloclub/diffusiondb,fb620fbe49fa4420e0734bd9c0df11f51176b61f,part-001800,8b5442c4-a782-4b0c-8915-e4a28a2f7dc9.png,diffusiondb,8b5442c4-a782-4b0c-8915-e4a28a2f7dc9.png,eecd341187bc91c07f5994ad0660d40228ea025616fd57a509bef8323677c68f,9dcda4b93d8c73df7b1240629bec209566cd6119bb7f800c2906b8c3826b8777,f6d77fa9565f474afcfb455feb4ae74104b5d6cdcd266001627181e81286c229,512,512
diffdetect-hierarchical-calibration-v1,368,cocoglide:000000408830:edited,edited,nebula/CocoGlide,275f045df7caa2544dd28de7fa86b044ab661bd0,calibration,000000408830,cocoglide,000000408830_manipulated.png,6ec4fa85098466cdafcb592afdd1be59c9c474ac09679f9da557522986e86244,9dcda4b93d8c73df7b1240629bec209566cd6119bb7f800c2906b8c3826b8777,4ff12cfeb0e040f84ca1a72f9bf01f7fa6a91879632e2123f097bd02ac148e4b,256,256
diffdetect-hierarchical-calibration-v1,369,cocoglide:000000338986:edited,edited,nebula/CocoGlide,275f045df7caa2544dd28de7fa86b044ab661bd0,calibration,000000338986,cocoglide,000000338986_manipulated.png,6ec4fa85098466cdafcb592afdd1be59c9c474ac09679f9da557522986e86244,9dcda4b93d8c73df7b1240629bec209566cd6119bb7f800c2906b8c3826b8777,b230b73453d3faaec2e2e5fb2698ab8e68fb3e5b0df77ab43f1fdea079af3d9c,256,256
diffdetect-hierarchical-calibration-v1,370,diffusiondb:408b0c84-326c-4244-965a-04ff5ddc71de.png,synthetic,poloclub/diffusiondb,fb620fbe49fa4420e0734bd9c0df11f51176b61f,part-001800,408b0c84-326c-4244-965a-04ff5ddc71de.png,diffusiondb,408b0c84-326c-4244-965a-04ff5ddc71de.png,eecd341187bc91c07f5994ad0660d40228ea025616fd57a509bef8323677c68f,9dcda4b93d8c73df7b1240629bec209566cd6119bb7f800c2906b8c3826b8777,b48c7c8308ec2fff0846224446ae88853ec1e93325e3d9c36d78f1f69d44f4a7,512,512
diffdetect-hierarchical-calibration-v1,371,diffusiondb:4a06aebd-4f11-4f96-a8e2-d38907495a1f.png,synthetic,poloclub/diffusiondb,fb620fbe49fa4420e0734bd9c0df11f51176b61f,part-001800,4a06aebd-4f11-4f96-a8e2-d38907495a1f.png,diffusiondb,4a06aebd-4f11-4f96-a8e2-d38907495a1f.png,eecd341187bc91c07f5994ad0660d40228ea025616fd57a509bef8323677c68f,9dcda4b93d8c73df7b1240629bec209566cd6119bb7f800c2906b8c3826b8777,920bae1d697ba5abbdb46b61beca908212272c1be5afc2e1b707ce43806be81f,512,512
diffdetect-hierarchical-calibration-v1,372,cocoglide:000000293858:edited,edited,nebula/CocoGlide,275f045df7caa2544dd28de7fa86b044ab661bd0,calibration,000000293858,cocoglide,000000293858_manipulated.png,6ec4fa85098466cdafcb592afdd1be59c9c474ac09679f9da557522986e86244,9dcda4b93d8c73df7b1240629bec209566cd6119bb7f800c2906b8c3826b8777,97a3d0baa7bf9541c91159d5fad1afe3b8249cae2d1d08edade4fed3efb295c2,256,256
diffdetect-hierarchical-calibration-v1,373,cocoglide:000000141597:edited,edited,nebula/CocoGlide,275f045df7caa2544dd28de7fa86b044ab661bd0,calibration,000000141597,cocoglide,000000141597_manipulated.png,6ec4fa85098466cdafcb592afdd1be59c9c474ac09679f9da557522986e86244,9dcda4b93d8c73df7b1240629bec209566cd6119bb7f800c2906b8c3826b8777,cbd8dbcdc66a274570acb131d1e5de798bc2ac08f91e1977a96ccea7dd5d33af,256,256
diffdetect-hierarchical-calibration-v1,374,cocoglide:000000471869:edited,edited,nebula/CocoGlide,275f045df7caa2544dd28de7fa86b044ab661bd0,calibration,000000471869,cocoglide,000000471869_manipulated.png,6ec4fa85098466cdafcb592afdd1be59c9c474ac09679f9da557522986e86244,9dcda4b93d8c73df7b1240629bec209566cd6119bb7f800c2906b8c3826b8777,a9a1ab0a2855b5d023bdd2307f00ae6167f4e398ad53bf4550eec103835a13ad,256,256
diffdetect-hierarchical-calibration-v1,375,cocoglide:000000084650:real,real,nebula/CocoGlide,275f045df7caa2544dd28de7fa86b044ab661bd0,calibration,000000084650,cocoglide,000000084650_real.png,6ec4fa85098466cdafcb592afdd1be59c9c474ac09679f9da557522986e86244,9dcda4b93d8c73df7b1240629bec209566cd6119bb7f800c2906b8c3826b8777,b4f429ccf19bc3db1ecb099cdfd01785d28d74b08085d0c6feceb503e5fff9ce,256,256
diffdetect-hierarchical-calibration-v1,376,cocoglide:000000559707:real,real,nebula/CocoGlide,275f045df7caa2544dd28de7fa86b044ab661bd0,calibration,000000559707,cocoglide,000000559707_real.png,6ec4fa85098466cdafcb592afdd1be59c9c474ac09679f9da557522986e86244,9dcda4b93d8c73df7b1240629bec209566cd6119bb7f800c2906b8c3826b8777,5473a14044527079f7bc3b16dee90eb853e7ea68a258b4e78d4c3b4099e43771,256,256
diffdetect-hierarchical-calibration-v1,377,diffusiondb:bdcac1c7-3983-4481-93f7-c61af46d6816.png,synthetic,poloclub/diffusiondb,fb620fbe49fa4420e0734bd9c0df11f51176b61f,part-001800,bdcac1c7-3983-4481-93f7-c61af46d6816.png,diffusiondb,bdcac1c7-3983-4481-93f7-c61af46d6816.png,eecd341187bc91c07f5994ad0660d40228ea025616fd57a509bef8323677c68f,9dcda4b93d8c73df7b1240629bec209566cd6119bb7f800c2906b8c3826b8777,b841b7311499729f9ab37e19b92c39c000adad67e70988060d95452718cf1cc1,512,512
diffdetect-hierarchical-calibration-v1,378,cocoglide:000000369370:edited,edited,nebula/CocoGlide,275f045df7caa2544dd28de7fa86b044ab661bd0,calibration,000000369370,cocoglide,000000369370_manipulated.png,6ec4fa85098466cdafcb592afdd1be59c9c474ac09679f9da557522986e86244,9dcda4b93d8c73df7b1240629bec209566cd6119bb7f800c2906b8c3826b8777,5d6b66a865ef10d30c5288dde2ca8bb4917941fcf9b152021160cf2bc22b4562,256,256
diffdetect-hierarchical-calibration-v1,379,cocoglide:000000122969:real,real,nebula/CocoGlide,275f045df7caa2544dd28de7fa86b044ab661bd0,calibration,000000122969,cocoglide,000000122969_real.png,6ec4fa85098466cdafcb592afdd1be59c9c474ac09679f9da557522986e86244,9dcda4b93d8c73df7b1240629bec209566cd6119bb7f800c2906b8c3826b8777,7f79f57bc829dd479397da89dbbb9cb2a4ea060e5e199935072f15bd7f1e6de2,256,256
diffdetect-hierarchical-calibration-v1,380,cocoglide:000000335427:edited,edited,nebula/CocoGlide,275f045df7caa2544dd28de7fa86b044ab661bd0,calibration,000000335427,cocoglide,000000335427_manipulated.png,6ec4fa85098466cdafcb592afdd1be59c9c474ac09679f9da557522986e86244,9dcda4b93d8c73df7b1240629bec209566cd6119bb7f800c2906b8c3826b8777,454ff2a8bdb6ed77849f73c9759c956717bd1e32c995af4caeddd67c88fe4ef3,256,256
diffdetect-hierarchical-calibration-v1,381,cocoglide:000000168593:edited,edited,nebula/CocoGlide,275f045df7caa2544dd28de7fa86b044ab661bd0,calibration,000000168593,cocoglide,000000168593_manipulated.png,6ec4fa85098466cdafcb592afdd1be59c9c474ac09679f9da557522986e86244,9dcda4b93d8c73df7b1240629bec209566cd6119bb7f800c2906b8c3826b8777,02ad01ccfa878269c255995be21acf76fea1871c75d71c7ba5ecb06c95f64d10,256,256
diffdetect-hierarchical-calibration-v1,382,cocoglide:000000335427:real,real,nebula/CocoGlide,275f045df7caa2544dd28de7fa86b044ab661bd0,calibration,000000335427,cocoglide,000000335427_real.png,6ec4fa85098466cdafcb592afdd1be59c9c474ac09679f9da557522986e86244,9dcda4b93d8c73df7b1240629bec209566cd6119bb7f800c2906b8c3826b8777,d989df377e5dc638c553b87ee80bf1599f0b42eeaf386cc1fe9c095ec93852e1,256,256
diffdetect-hierarchical-calibration-v1,383,cocoglide:000000504439:edited,edited,nebula/CocoGlide,275f045df7caa2544dd28de7fa86b044ab661bd0,calibration,000000504439,cocoglide,000000504439_manipulated.png,6ec4fa85098466cdafcb592afdd1be59c9c474ac09679f9da557522986e86244,9dcda4b93d8c73df7b1240629bec209566cd6119bb7f800c2906b8c3826b8777,d302509bf2038f9f1f26cf394c64972f978ec0ac7a1e530a44234a59c1772117,256,256
diffdetect-hierarchical-calibration-v1,384,cocoglide:000000384616:edited,edited,nebula/CocoGlide,275f045df7caa2544dd28de7fa86b044ab661bd0,calibration,000000384616,cocoglide,000000384616_manipulated.png,6ec4fa85098466cdafcb592afdd1be59c9c474ac09679f9da557522986e86244,9dcda4b93d8c73df7b1240629bec209566cd6119bb7f800c2906b8c3826b8777,3382955a98f2d37e9bec134a04700f34c1c72ce2d473758ce8e27f8e8193e83d,256,256
diffdetect-hierarchical-calibration-v1,385,diffusiondb:ef287977-5da5-4864-b6c4-a42214ca59f3.png,synthetic,poloclub/diffusiondb,fb620fbe49fa4420e0734bd9c0df11f51176b61f,part-001800,ef287977-5da5-4864-b6c4-a42214ca59f3.png,diffusiondb,ef287977-5da5-4864-b6c4-a42214ca59f3.png,eecd341187bc91c07f5994ad0660d40228ea025616fd57a509bef8323677c68f,9dcda4b93d8c73df7b1240629bec209566cd6119bb7f800c2906b8c3826b8777,9c8796de0bec2edb3da52c7f5f263b6b36849a8d91e46c13b0eb987b30274bd9,512,512
diffdetect-hierarchical-calibration-v1,386,cocoglide:000000139883:edited,edited,nebula/CocoGlide,275f045df7caa2544dd28de7fa86b044ab661bd0,calibration,000000139883,cocoglide,000000139883_manipulated.png,6ec4fa85098466cdafcb592afdd1be59c9c474ac09679f9da557522986e86244,9dcda4b93d8c73df7b1240629bec209566cd6119bb7f800c2906b8c3826b8777,155067a9636c7e910504d6ca60f47c17089c4935bf27b9214da22236978981b7,256,256
diffdetect-hierarchical-calibration-v1,387,cocoglide:000000223789:edited,edited,nebula/CocoGlide,275f045df7caa2544dd28de7fa86b044ab661bd0,calibration,000000223789,cocoglide,000000223789_manipulated.png,6ec4fa85098466cdafcb592afdd1be59c9c474ac09679f9da557522986e86244,9dcda4b93d8c73df7b1240629bec209566cd6119bb7f800c2906b8c3826b8777,e29e3c2ecbd8408fa0941335cb7fd9ee12ec57f7d9c44a2519de17c1e523139a,256,256
diffdetect-hierarchical-calibration-v1,388,cocoglide:000000223789:real,real,nebula/CocoGlide,275f045df7caa2544dd28de7fa86b044ab661bd0,calibration,000000223789,cocoglide,000000223789_real.png,6ec4fa85098466cdafcb592afdd1be59c9c474ac09679f9da557522986e86244,9dcda4b93d8c73df7b1240629bec209566cd6119bb7f800c2906b8c3826b8777,fedbcc20878e707789117128e7ab7bc3f0ce83fd4027fbbdd2e634c64b47f98b,256,256
diffdetect-hierarchical-calibration-v1,389,diffusiondb:cccb797a-8b34-45ca-a1c0-fdc093b38eb4.png,synthetic,poloclub/diffusiondb,fb620fbe49fa4420e0734bd9c0df11f51176b61f,part-001800,cccb797a-8b34-45ca-a1c0-fdc093b38eb4.png,diffusiondb,cccb797a-8b34-45ca-a1c0-fdc093b38eb4.png,eecd341187bc91c07f5994ad0660d40228ea025616fd57a509bef8323677c68f,9dcda4b93d8c73df7b1240629bec209566cd6119bb7f800c2906b8c3826b8777,41a62f8c9c462d8df629eb97abbb45e8f9f991c09347df55d3322457d0da6339,512,640
diffdetect-hierarchical-calibration-v1,390,cocoglide:000000048924:real,real,nebula/CocoGlide,275f045df7caa2544dd28de7fa86b044ab661bd0,calibration,000000048924,cocoglide,000000048924_real.png,6ec4fa85098466cdafcb592afdd1be59c9c474ac09679f9da557522986e86244,9dcda4b93d8c73df7b1240629bec209566cd6119bb7f800c2906b8c3826b8777,9ca408888a7cb78f08024f71e9a6dcce7b5cb6b3d83991c2b4d2dda337f489a2,256,256
diffdetect-hierarchical-calibration-v1,391,cocoglide:000000475678:real,real,nebula/CocoGlide,275f045df7caa2544dd28de7fa86b044ab661bd0,calibration,000000475678,cocoglide,000000475678_real.png,6ec4fa85098466cdafcb592afdd1be59c9c474ac09679f9da557522986e86244,9dcda4b93d8c73df7b1240629bec209566cd6119bb7f800c2906b8c3826b8777,050b0fa8e1c8f578f11636244bf0eaa2089f0cc372021933e71892cd9e058fb7,256,256
diffdetect-hierarchical-calibration-v1,392,cocoglide:000000034205:real,real,nebula/CocoGlide,275f045df7caa2544dd28de7fa86b044ab661bd0,calibration,000000034205,cocoglide,000000034205_real.png,6ec4fa85098466cdafcb592afdd1be59c9c474ac09679f9da557522986e86244,9dcda4b93d8c73df7b1240629bec209566cd6119bb7f800c2906b8c3826b8777,4b993c23ca891b103f86e5c5d22e47f88ea072885bdad19273b4f65a0a8fe9a1,256,256
diffdetect-hierarchical-calibration-v1,393,cocoglide:000000211069:real,real,nebula/CocoGlide,275f045df7caa2544dd28de7fa86b044ab661bd0,calibration,000000211069,cocoglide,000000211069_real.png,6ec4fa85098466cdafcb592afdd1be59c9c474ac09679f9da557522986e86244,9dcda4b93d8c73df7b1240629bec209566cd6119bb7f800c2906b8c3826b8777,bb9a4a565d9c51640137ec31e7e2c2bf3434f097d4417b066eaa0e6198e67714,256,256
diffdetect-hierarchical-calibration-v1,394,cocoglide:000000369771:real,real,nebula/CocoGlide,275f045df7caa2544dd28de7fa86b044ab661bd0,calibration,000000369771,cocoglide,000000369771_real.png,6ec4fa85098466cdafcb592afdd1be59c9c474ac09679f9da557522986e86244,9dcda4b93d8c73df7b1240629bec209566cd6119bb7f800c2906b8c3826b8777,f457ccf0ee99a9f47d81c6d92fa939e2093aa7c68dec2b1eae3930519f98c1ef,256,256
diffdetect-hierarchical-calibration-v1,395,cocoglide:000000476787:edited,edited,nebula/CocoGlide,275f045df7caa2544dd28de7fa86b044ab661bd0,calibration,000000476787,cocoglide,000000476787_manipulated.png,6ec4fa85098466cdafcb592afdd1be59c9c474ac09679f9da557522986e86244,9dcda4b93d8c73df7b1240629bec209566cd6119bb7f800c2906b8c3826b8777,5ae472b4a1434ff01b2c740fcadb39c9d71ed86f3e67826943fab972f9e283a6,256,256
diffdetect-hierarchical-calibration-v1,396,cocoglide:000000537802:real,real,nebula/CocoGlide,275f045df7caa2544dd28de7fa86b044ab661bd0,calibration,000000537802,cocoglide,000000537802_real.png,6ec4fa85098466cdafcb592afdd1be59c9c474ac09679f9da557522986e86244,9dcda4b93d8c73df7b1240629bec209566cd6119bb7f800c2906b8c3826b8777,36b0af712a4cb42a9bc39ed13a23e7053bf8005afdf03c6c165f4e939dc1c9e8,256,256
diffdetect-hierarchical-calibration-v1,397,diffusiondb:8df1a636-9f2b-44ae-951f-07ec6a072469.png,synthetic,poloclub/diffusiondb,fb620fbe49fa4420e0734bd9c0df11f51176b61f,part-001800,8df1a636-9f2b-44ae-951f-07ec6a072469.png,diffusiondb,8df1a636-9f2b-44ae-951f-07ec6a072469.png,eecd341187bc91c07f5994ad0660d40228ea025616fd57a509bef8323677c68f,9dcda4b93d8c73df7b1240629bec209566cd6119bb7f800c2906b8c3826b8777,897a05016dbb47d5087ae92254e3371606d5ac6607e8bad8b23716a69afe95e4,1024,576
diffdetect-hierarchical-calibration-v1,398,diffusiondb:d8d7a899-3d38-45c9-af0d-3ca0cae33b19.png,synthetic,poloclub/diffusiondb,fb620fbe49fa4420e0734bd9c0df11f51176b61f,part-001800,d8d7a899-3d38-45c9-af0d-3ca0cae33b19.png,diffusiondb,d8d7a899-3d38-45c9-af0d-3ca0cae33b19.png,eecd341187bc91c07f5994ad0660d40228ea025616fd57a509bef8323677c68f,9dcda4b93d8c73df7b1240629bec209566cd6119bb7f800c2906b8c3826b8777,edb5d02cdba96040ef6f265751d20cef9db818b4486d88e3d24745af1df6e97b,512,512
diffdetect-hierarchical-calibration-v1,399,cocoglide:000000446522:real,real,nebula/CocoGlide,275f045df7caa2544dd28de7fa86b044ab661bd0,calibration,000000446522,cocoglide,000000446522_real.png,6ec4fa85098466cdafcb592afdd1be59c9c474ac09679f9da557522986e86244,9dcda4b93d8c73df7b1240629bec209566cd6119bb7f800c2906b8c3826b8777,e23536c9948b4c951c43100ea822bd61eb2726a380c777aba92a57000a8cb4b2,256,256
diffdetect-hierarchical-calibration-v1,400,cocoglide:000000002149:edited,edited,nebula/CocoGlide,275f045df7caa2544dd28de7fa86b044ab661bd0,calibration,000000002149,cocoglide,000000002149_manipulated.png,6ec4fa85098466cdafcb592afdd1be59c9c474ac09679f9da557522986e86244,9dcda4b93d8c73df7b1240629bec209566cd6119bb7f800c2906b8c3826b8777,707d0db8231dc509aa4c38fe0b27dbb95f55eb593814d8b09d7059ca41ddc123,256,256
diffdetect-hierarchical-calibration-v1,401,cocoglide:000000122969:edited,edited,nebula/CocoGlide,275f045df7caa2544dd28de7fa86b044ab661bd0,calibration,000000122969,cocoglide,000000122969_manipulated.png,6ec4fa85098466cdafcb592afdd1be59c9c474ac09679f9da557522986e86244,9dcda4b93d8c73df7b1240629bec209566cd6119bb7f800c2906b8c3826b8777,121d62bce8f08bc19c5a06b4025a0b1365be807e7ceeb008be97b434af06cdac,256,256
diffdetect-hierarchical-calibration-v1,402,cocoglide:000000189451:edited,edited,nebula/CocoGlide,275f045df7caa2544dd28de7fa86b044ab661bd0,calibration,000000189451,cocoglide,000000189451_manipulated.png,6ec4fa85098466cdafcb592afdd1be59c9c474ac09679f9da557522986e86244,9dcda4b93d8c73df7b1240629bec209566cd6119bb7f800c2906b8c3826b8777,c039026318c87843dbfde6ceeb6da3b30195de487eb1fc54df3ee76a999013a6,256,256
diffdetect-hierarchical-calibration-v1,403,cocoglide:000000180798:real,real,nebula/CocoGlide,275f045df7caa2544dd28de7fa86b044ab661bd0,calibration,000000180798,cocoglide,000000180798_real.png,6ec4fa85098466cdafcb592afdd1be59c9c474ac09679f9da557522986e86244,9dcda4b93d8c73df7b1240629bec209566cd6119bb7f800c2906b8c3826b8777,ad194d91c1a62b43cdd9bab8516040d5d36a89202271ecaef661f70e7fed1457,256,256
diffdetect-hierarchical-calibration-v1,404,cocoglide:000000050896:edited,edited,nebula/CocoGlide,275f045df7caa2544dd28de7fa86b044ab661bd0,calibration,000000050896,cocoglide,000000050896_manipulated.png,6ec4fa85098466cdafcb592afdd1be59c9c474ac09679f9da557522986e86244,9dcda4b93d8c73df7b1240629bec209566cd6119bb7f800c2906b8c3826b8777,7984b86089f0e9a86871138ef6785d7582a1630f5610b826be48abccf85edfe1,256,256
diffdetect-hierarchical-calibration-v1,405,cocoglide:000000221213:edited,edited,nebula/CocoGlide,275f045df7caa2544dd28de7fa86b044ab661bd0,calibration,000000221213,cocoglide,000000221213_manipulated.png,6ec4fa85098466cdafcb592afdd1be59c9c474ac09679f9da557522986e86244,9dcda4b93d8c73df7b1240629bec209566cd6119bb7f800c2906b8c3826b8777,6a427942626ad756626a851d3ed9f8d700e1a43fda02bd33c5c64034b55dcb99,256,256
diffdetect-hierarchical-calibration-v1,406,diffusiondb:492b70da-7224-4ed2-96a4-66e8e709ac8f.png,synthetic,poloclub/diffusiondb,fb620fbe49fa4420e0734bd9c0df11f51176b61f,part-001800,492b70da-7224-4ed2-96a4-66e8e709ac8f.png,diffusiondb,492b70da-7224-4ed2-96a4-66e8e709ac8f.png,eecd341187bc91c07f5994ad0660d40228ea025616fd57a509bef8323677c68f,9dcda4b93d8c73df7b1240629bec209566cd6119bb7f800c2906b8c3826b8777,d89f091468d83c38f0fd5c98f0da8f46938f55d1a4dc082e8e96c06c4601da89,512,512
diffdetect-hierarchical-calibration-v1,407,cocoglide:000000392818:real,real,nebula/CocoGlide,275f045df7caa2544dd28de7fa86b044ab661bd0,calibration,000000392818,cocoglide,000000392818_real.png,6ec4fa85098466cdafcb592afdd1be59c9c474ac09679f9da557522986e86244,9dcda4b93d8c73df7b1240629bec209566cd6119bb7f800c2906b8c3826b8777,f6cb556c4bffabcb7c1dc9df49f80a88293db86132aac522f8297a1bd770b6f1,256,256
diffdetect-hierarchical-calibration-v1,408,cocoglide:000000085195:real,real,nebula/CocoGlide,275f045df7caa2544dd28de7fa86b044ab661bd0,calibration,000000085195,cocoglide,000000085195_real.png,6ec4fa85098466cdafcb592afdd1be59c9c474ac09679f9da557522986e86244,9dcda4b93d8c73df7b1240629bec209566cd6119bb7f800c2906b8c3826b8777,ca9bb94684de9a1a9b33cfe286badcbd64a506d0e8aa4a4501959fa68a8b952a,256,256
diffdetect-hierarchical-calibration-v1,409,diffusiondb:6d83c096-1552-4075-9fdd-d9aec1d1fc8f.png,synthetic,poloclub/diffusiondb,fb620fbe49fa4420e0734bd9c0df11f51176b61f,part-001800,6d83c096-1552-4075-9fdd-d9aec1d1fc8f.png,diffusiondb,6d83c096-1552-4075-9fdd-d9aec1d1fc8f.png,eecd341187bc91c07f5994ad0660d40228ea025616fd57a509bef8323677c68f,9dcda4b93d8c73df7b1240629bec209566cd6119bb7f800c2906b8c3826b8777,56f7ac23f4a2235e17d3ea5d0e83a3b6aee35d89144f47cd2af7976555141b26,512,512
diffdetect-hierarchical-calibration-v1,410,cocoglide:000000365766:edited,edited,nebula/CocoGlide,275f045df7caa2544dd28de7fa86b044ab661bd0,calibration,000000365766,cocoglide,000000365766_manipulated.png,6ec4fa85098466cdafcb592afdd1be59c9c474ac09679f9da557522986e86244,9dcda4b93d8c73df7b1240629bec209566cd6119bb7f800c2906b8c3826b8777,81c13bb9e34bf83dda62ec36e6efb9f56a6945ef0b6919151221e4947237a079,256,256
diffdetect-hierarchical-calibration-v1,411,diffusiondb:108f3046-8619-4dc8-b339-584d91277488.png,synthetic,poloclub/diffusiondb,fb620fbe49fa4420e0734bd9c0df11f51176b61f,part-001800,108f3046-8619-4dc8-b339-584d91277488.png,diffusiondb,108f3046-8619-4dc8-b339-584d91277488.png,eecd341187bc91c07f5994ad0660d40228ea025616fd57a509bef8323677c68f,9dcda4b93d8c73df7b1240629bec209566cd6119bb7f800c2906b8c3826b8777,e1c98216db7c7333d0f802271eee4bcb030e067f4a5d2389fa2dfe7f29243303,512,512
diffdetect-hierarchical-calibration-v1,412,cocoglide:000000420472:real,real,nebula/CocoGlide,275f045df7caa2544dd28de7fa86b044ab661bd0,calibration,000000420472,cocoglide,000000420472_real.png,6ec4fa85098466cdafcb592afdd1be59c9c474ac09679f9da557522986e86244,9dcda4b93d8c73df7b1240629bec209566cd6119bb7f800c2906b8c3826b8777,687204a4f7c4d56cfaf4d1748a9a7f8343713432f9af9f89bddc5e748bdd192a,256,256
diffdetect-hierarchical-calibration-v1,413,cocoglide:000000148957:real,real,nebula/CocoGlide,275f045df7caa2544dd28de7fa86b044ab661bd0,calibration,000000148957,cocoglide,000000148957_real.png,6ec4fa85098466cdafcb592afdd1be59c9c474ac09679f9da557522986e86244,9dcda4b93d8c73df7b1240629bec209566cd6119bb7f800c2906b8c3826b8777,3967294015d137fef50a02c3e0bc4b966c946983218bbcadfc0a0811d5ecd354,256,256
diffdetect-hierarchical-calibration-v1,414,diffusiondb:80883fc4-6d23-417a-9c21-81e76387fd85.png,synthetic,poloclub/diffusiondb,fb620fbe49fa4420e0734bd9c0df11f51176b61f,part-001800,80883fc4-6d23-417a-9c21-81e76387fd85.png,diffusiondb,80883fc4-6d23-417a-9c21-81e76387fd85.png,eecd341187bc91c07f5994ad0660d40228ea025616fd57a509bef8323677c68f,9dcda4b93d8c73df7b1240629bec209566cd6119bb7f800c2906b8c3826b8777,4f330e82eb31e5fbf46da330d78be061caf44bfa7a1ba88ada3a885bb353b1f0,512,512
diffdetect-hierarchical-calibration-v1,415,cocoglide:000000424721:edited,edited,nebula/CocoGlide,275f045df7caa2544dd28de7fa86b044ab661bd0,calibration,000000424721,cocoglide,000000424721_manipulated.png,6ec4fa85098466cdafcb592afdd1be59c9c474ac09679f9da557522986e86244,9dcda4b93d8c73df7b1240629bec209566cd6119bb7f800c2906b8c3826b8777,dc4934824175e720024daab7edea673beb3558d4139eb952433bf0106b8ffc2a,256,256
diffdetect-hierarchical-calibration-v1,416,diffusiondb:285b67ce-f752-4590-80c7-8224e6797fcc.png,synthetic,poloclub/diffusiondb,fb620fbe49fa4420e0734bd9c0df11f51176b61f,part-001800,285b67ce-f752-4590-80c7-8224e6797fcc.png,diffusiondb,285b67ce-f752-4590-80c7-8224e6797fcc.png,eecd341187bc91c07f5994ad0660d40228ea025616fd57a509bef8323677c68f,9dcda4b93d8c73df7b1240629bec209566cd6119bb7f800c2906b8c3826b8777,abcb261a98d08c868fac6518e5c7672ce571e93cd8aad1aac761e9621bdb70ab,704,512
diffdetect-hierarchical-calibration-v1,417,cocoglide:000000561335:real,real,nebula/CocoGlide,275f045df7caa2544dd28de7fa86b044ab661bd0,calibration,000000561335,cocoglide,000000561335_real.png,6ec4fa85098466cdafcb592afdd1be59c9c474ac09679f9da557522986e86244,9dcda4b93d8c73df7b1240629bec209566cd6119bb7f800c2906b8c3826b8777,5979056605d8e24e4c520387573c1bdb6f0806ca7ac6bf757f3862df4d9aee28,256,256
diffdetect-hierarchical-calibration-v1,418,cocoglide:000000548506:edited,edited,nebula/CocoGlide,275f045df7caa2544dd28de7fa86b044ab661bd0,calibration,000000548506,cocoglide,000000548506_manipulated.png,6ec4fa85098466cdafcb592afdd1be59c9c474ac09679f9da557522986e86244,9dcda4b93d8c73df7b1240629bec209566cd6119bb7f800c2906b8c3826b8777,75194ae7eebc7fb37209cdb885121df8f9cc402f22aab13e485422abcea45481,256,256
diffdetect-hierarchical-calibration-v1,419,diffusiondb:fe3c0a17-492d-46c7-9fb5-bcffca348ba9.png,synthetic,poloclub/diffusiondb,fb620fbe49fa4420e0734bd9c0df11f51176b61f,part-001800,fe3c0a17-492d-46c7-9fb5-bcffca348ba9.png,diffusiondb,fe3c0a17-492d-46c7-9fb5-bcffca348ba9.png,eecd341187bc91c07f5994ad0660d40228ea025616fd57a509bef8323677c68f,9dcda4b93d8c73df7b1240629bec209566cd6119bb7f800c2906b8c3826b8777,0dcd136311cfb6dbffa140013866a5c93cdc35c2d0f528ea3813a52173970e96,512,512
diffdetect-hierarchical-calibration-v1,420,cocoglide:000000480842:edited,edited,nebula/CocoGlide,275f045df7caa2544dd28de7fa86b044ab661bd0,calibration,000000480842,cocoglide,000000480842_manipulated.png,6ec4fa85098466cdafcb592afdd1be59c9c474ac09679f9da557522986e86244,9dcda4b93d8c73df7b1240629bec209566cd6119bb7f800c2906b8c3826b8777,61bae9bded9c1ba34d81433fde5b81e0c4db7bf2781a23a78ce66929dd2d8fec,256,256
diffdetect-hierarchical-calibration-v1,421,diffusiondb:041da770-1eb9-493b-b51c-ce33fd1e7108.png,synthetic,poloclub/diffusiondb,fb620fbe49fa4420e0734bd9c0df11f51176b61f,part-001800,041da770-1eb9-493b-b51c-ce33fd1e7108.png,diffusiondb,041da770-1eb9-493b-b51c-ce33fd1e7108.png,eecd341187bc91c07f5994ad0660d40228ea025616fd57a509bef8323677c68f,9dcda4b93d8c73df7b1240629bec209566cd6119bb7f800c2906b8c3826b8777,95e9a570a0c9fba87ac4bdb913c705a97ba49fa95c5ac5ded089230187d76ae5,1024,512
diffdetect-hierarchical-calibration-v1,422,diffusiondb:6a84f9bf-18e2-4708-af12-ff4260737221.png,synthetic,poloclub/diffusiondb,fb620fbe49fa4420e0734bd9c0df11f51176b61f,part-001800,6a84f9bf-18e2-4708-af12-ff4260737221.png,diffusiondb,6a84f9bf-18e2-4708-af12-ff4260737221.png,eecd341187bc91c07f5994ad0660d40228ea025616fd57a509bef8323677c68f,9dcda4b93d8c73df7b1240629bec209566cd6119bb7f800c2906b8c3826b8777,b49f1f946217e2176305324699303f834729cf5053d14b511054338c2efdc15a,512,768
diffdetect-hierarchical-calibration-v1,423,cocoglide:000000416256:edited,edited,nebula/CocoGlide,275f045df7caa2544dd28de7fa86b044ab661bd0,calibration,000000416256,cocoglide,000000416256_manipulated.png,6ec4fa85098466cdafcb592afdd1be59c9c474ac09679f9da557522986e86244,9dcda4b93d8c73df7b1240629bec209566cd6119bb7f800c2906b8c3826b8777,e2842d21f8353835dc3ebbe0ea6b61a63d57ed1f40f8d60150b450ffed9d655b,256,256
diffdetect-hierarchical-calibration-v1,424,diffusiondb:a75aa3db-6fca-4ffa-a132-f57ada7a91de.png,synthetic,poloclub/diffusiondb,fb620fbe49fa4420e0734bd9c0df11f51176b61f,part-001800,a75aa3db-6fca-4ffa-a132-f57ada7a91de.png,diffusiondb,a75aa3db-6fca-4ffa-a132-f57ada7a91de.png,eecd341187bc91c07f5994ad0660d40228ea025616fd57a509bef8323677c68f,9dcda4b93d8c73df7b1240629bec209566cd6119bb7f800c2906b8c3826b8777,7f2d7eb323cacd738f9152e4305af297cd984560ecda65b09e8c48495ed23a33,512,512
diffdetect-hierarchical-calibration-v1,425,diffusiondb:3e949498-7789-42c4-afaa-09ac8fc04a31.png,synthetic,poloclub/diffusiondb,fb620fbe49fa4420e0734bd9c0df11f51176b61f,part-001800,3e949498-7789-42c4-afaa-09ac8fc04a31.png,diffusiondb,3e949498-7789-42c4-afaa-09ac8fc04a31.png,eecd341187bc91c07f5994ad0660d40228ea025616fd57a509bef8323677c68f,9dcda4b93d8c73df7b1240629bec209566cd6119bb7f800c2906b8c3826b8777,c82bce6ab0202d50979c53a76fa2f34205d9da03e9642399355c27ee9401e60a,832,512
diffdetect-hierarchical-calibration-v1,426,diffusiondb:7d09bea2-3b08-4b2d-bf0b-23cbc68876e7.png,synthetic,poloclub/diffusiondb,fb620fbe49fa4420e0734bd9c0df11f51176b61f,part-001800,7d09bea2-3b08-4b2d-bf0b-23cbc68876e7.png,diffusiondb,7d09bea2-3b08-4b2d-bf0b-23cbc68876e7.png,eecd341187bc91c07f5994ad0660d40228ea025616fd57a509bef8323677c68f,9dcda4b93d8c73df7b1240629bec209566cd6119bb7f800c2906b8c3826b8777,b2cc83ca231546d1b2f9470129914818fd45247f930aac8e11b71256d1f8234f,512,512
diffdetect-hierarchical-calibration-v1,427,cocoglide:000000044699:edited,edited,nebula/CocoGlide,275f045df7caa2544dd28de7fa86b044ab661bd0,calibration,000000044699,cocoglide,000000044699_manipulated.png,6ec4fa85098466cdafcb592afdd1be59c9c474ac09679f9da557522986e86244,9dcda4b93d8c73df7b1240629bec209566cd6119bb7f800c2906b8c3826b8777,2b1f310d35307a4fc2728c100c51dff19d78a551ec3e2d779b045d8204208b29,256,256
diffdetect-hierarchical-calibration-v1,428,diffusiondb:98d090c9-b113-4698-87ee-894b35029b39.png,synthetic,poloclub/diffusiondb,fb620fbe49fa4420e0734bd9c0df11f51176b61f,part-001800,98d090c9-b113-4698-87ee-894b35029b39.png,diffusiondb,98d090c9-b113-4698-87ee-894b35029b39.png,eecd341187bc91c07f5994ad0660d40228ea025616fd57a509bef8323677c68f,9dcda4b93d8c73df7b1240629bec209566cd6119bb7f800c2906b8c3826b8777,4bfd8d086bd543cdeeb658ec1eb778941cfd2983da169c88012b7bec20fac3ea,512,512
diffdetect-hierarchical-calibration-v1,429,cocoglide:000000498286:edited,edited,nebula/CocoGlide,275f045df7caa2544dd28de7fa86b044ab661bd0,calibration,000000498286,cocoglide,000000498286_manipulated.png,6ec4fa85098466cdafcb592afdd1be59c9c474ac09679f9da557522986e86244,9dcda4b93d8c73df7b1240629bec209566cd6119bb7f800c2906b8c3826b8777,8bcd26bf37f69181f7cca6945c5b367735ec17f7a0b0eabb8b365e2f005f4248,256,256
diffdetect-hierarchical-calibration-v1,430,cocoglide:000000000285:edited,edited,nebula/CocoGlide,275f045df7caa2544dd28de7fa86b044ab661bd0,calibration,000000000285,cocoglide,000000000285_manipulated.png,6ec4fa85098466cdafcb592afdd1be59c9c474ac09679f9da557522986e86244,9dcda4b93d8c73df7b1240629bec209566cd6119bb7f800c2906b8c3826b8777,7ce66d4e0442f43205dd68043af23d214d8077c8299feec69f652dfc8bcae8c7,256,256
diffdetect-hierarchical-calibration-v1,431,cocoglide:000000375078:edited,edited,nebula/CocoGlide,275f045df7caa2544dd28de7fa86b044ab661bd0,calibration,000000375078,cocoglide,000000375078_manipulated.png,6ec4fa85098466cdafcb592afdd1be59c9c474ac09679f9da557522986e86244,9dcda4b93d8c73df7b1240629bec209566cd6119bb7f800c2906b8c3826b8777,6982a1da65f43f63d36f8aae2f29b0a74702a068ddd6ade35c00d01b4991d0ef,256,256
diffdetect-hierarchical-calibration-v1,432,cocoglide:000000304817:real,real,nebula/CocoGlide,275f045df7caa2544dd28de7fa86b044ab661bd0,calibration,000000304817,cocoglide,000000304817_real.png,6ec4fa85098466cdafcb592afdd1be59c9c474ac09679f9da557522986e86244,9dcda4b93d8c73df7b1240629bec209566cd6119bb7f800c2906b8c3826b8777,7ed9b64a043a6b5ab795c85889a93b980ea80fbe7910fd393bfb1947b2b8b787,256,256
diffdetect-hierarchical-calibration-v1,433,cocoglide:000000111179:real,real,nebula/CocoGlide,275f045df7caa2544dd28de7fa86b044ab661bd0,calibration,000000111179,cocoglide,000000111179_real.png,6ec4fa85098466cdafcb592afdd1be59c9c474ac09679f9da557522986e86244,9dcda4b93d8c73df7b1240629bec209566cd6119bb7f800c2906b8c3826b8777,db615743c5bfdcbfd077df1f6242b3e4edf3a6a02349594e71916a38f7727fc4,256,256
diffdetect-hierarchical-calibration-v1,434,cocoglide:000000095786:edited,edited,nebula/CocoGlide,275f045df7caa2544dd28de7fa86b044ab661bd0,calibration,000000095786,cocoglide,000000095786_manipulated.png,6ec4fa85098466cdafcb592afdd1be59c9c474ac09679f9da557522986e86244,9dcda4b93d8c73df7b1240629bec209566cd6119bb7f800c2906b8c3826b8777,89540c06cb45941f61a0c2f3ffc72de2dda372f7891be92ce2a6f8d87ade61cd,256,256
diffdetect-hierarchical-calibration-v1,435,cocoglide:000000168593:real,real,nebula/CocoGlide,275f045df7caa2544dd28de7fa86b044ab661bd0,calibration,000000168593,cocoglide,000000168593_real.png,6ec4fa85098466cdafcb592afdd1be59c9c474ac09679f9da557522986e86244,9dcda4b93d8c73df7b1240629bec209566cd6119bb7f800c2906b8c3826b8777,cccef53e2b850cbadc32d1b604be021afd407968c0ac500085bcc2915846fc7d,256,256
diffdetect-hierarchical-calibration-v1,436,cocoglide:000000114871:edited,edited,nebula/CocoGlide,275f045df7caa2544dd28de7fa86b044ab661bd0,calibration,000000114871,cocoglide,000000114871_manipulated.png,6ec4fa85098466cdafcb592afdd1be59c9c474ac09679f9da557522986e86244,9dcda4b93d8c73df7b1240629bec209566cd6119bb7f800c2906b8c3826b8777,3f83c6b99205dfae876846870ab1d7f9928c572bbf4fca7172fda29067e2e162,256,256
diffdetect-hierarchical-calibration-v1,437,cocoglide:000000526103:edited,edited,nebula/CocoGlide,275f045df7caa2544dd28de7fa86b044ab661bd0,calibration,000000526103,cocoglide,000000526103_manipulated.png,6ec4fa85098466cdafcb592afdd1be59c9c474ac09679f9da557522986e86244,9dcda4b93d8c73df7b1240629bec209566cd6119bb7f800c2906b8c3826b8777,8ed455f3b2e42ad53d69ec0c2346c5e2a5cf69ea8658f3e129776ac07c99b004,256,256
diffdetect-hierarchical-calibration-v1,438,cocoglide:000000498286:real,real,nebula/CocoGlide,275f045df7caa2544dd28de7fa86b044ab661bd0,calibration,000000498286,cocoglide,000000498286_real.png,6ec4fa85098466cdafcb592afdd1be59c9c474ac09679f9da557522986e86244,9dcda4b93d8c73df7b1240629bec209566cd6119bb7f800c2906b8c3826b8777,a367f993703d1c10c38a9e5b9108482ee43547db21bef8bc56a8cef96566af1f,256,256
diffdetect-hierarchical-calibration-v1,439,cocoglide:000000164363:edited,edited,nebula/CocoGlide,275f045df7caa2544dd28de7fa86b044ab661bd0,calibration,000000164363,cocoglide,000000164363_manipulated.png,6ec4fa85098466cdafcb592afdd1be59c9c474ac09679f9da557522986e86244,9dcda4b93d8c73df7b1240629bec209566cd6119bb7f800c2906b8c3826b8777,211345f9e3a6bbd34b8bf6c0b2c013a5f2f94625f10836793608dce43ad5521d,256,256
diffdetect-hierarchical-calibration-v1,440,diffusiondb:e4c8b8da-b23f-4149-93c4-64af6ab2bdd8.png,synthetic,poloclub/diffusiondb,fb620fbe49fa4420e0734bd9c0df11f51176b61f,part-001800,e4c8b8da-b23f-4149-93c4-64af6ab2bdd8.png,diffusiondb,e4c8b8da-b23f-4149-93c4-64af6ab2bdd8.png,eecd341187bc91c07f5994ad0660d40228ea025616fd57a509bef8323677c68f,9dcda4b93d8c73df7b1240629bec209566cd6119bb7f800c2906b8c3826b8777,981760568338bf742aa9696c27a8634026cac9f5ef69c31aa19aad847a3ea40f,512,640
diffdetect-hierarchical-calibration-v1,441,diffusiondb:4400ee1a-cb7c-41fb-93f9-6e46de98d511.png,synthetic,poloclub/diffusiondb,fb620fbe49fa4420e0734bd9c0df11f51176b61f,part-001800,4400ee1a-cb7c-41fb-93f9-6e46de98d511.png,diffusiondb,4400ee1a-cb7c-41fb-93f9-6e46de98d511.png,eecd341187bc91c07f5994ad0660d40228ea025616fd57a509bef8323677c68f,9dcda4b93d8c73df7b1240629bec209566cd6119bb7f800c2906b8c3826b8777,1c064b8408220232fe8ef62731e930ef29b8e34aff53a9bade919c2da5b6f13a,512,512
diffdetect-hierarchical-calibration-v1,442,cocoglide:000000221213:real,real,nebula/CocoGlide,275f045df7caa2544dd28de7fa86b044ab661bd0,calibration,000000221213,cocoglide,000000221213_real.png,6ec4fa85098466cdafcb592afdd1be59c9c474ac09679f9da557522986e86244,9dcda4b93d8c73df7b1240629bec209566cd6119bb7f800c2906b8c3826b8777,3c1a76bc7e58e6499cce72b3fdb7d666d3ac94244279508f318de36dc05b4ffb,256,256
diffdetect-hierarchical-calibration-v1,443,diffusiondb:b58f49f9-f8b0-4c21-a967-113d5d6b9b4f.png,synthetic,poloclub/diffusiondb,fb620fbe49fa4420e0734bd9c0df11f51176b61f,part-001800,b58f49f9-f8b0-4c21-a967-113d5d6b9b4f.png,diffusiondb,b58f49f9-f8b0-4c21-a967-113d5d6b9b4f.png,eecd341187bc91c07f5994ad0660d40228ea025616fd57a509bef8323677c68f,9dcda4b93d8c73df7b1240629bec209566cd6119bb7f800c2906b8c3826b8777,84eae5a03e25b1f52dfd7b7303b7ba812cd480de5289d8a8ed7af7c14d0d4cfe,512,512
diffdetect-hierarchical-calibration-v1,444,cocoglide:000000049269:edited,edited,nebula/CocoGlide,275f045df7caa2544dd28de7fa86b044ab661bd0,calibration,000000049269,cocoglide,000000049269_manipulated.png,6ec4fa85098466cdafcb592afdd1be59c9c474ac09679f9da557522986e86244,9dcda4b93d8c73df7b1240629bec209566cd6119bb7f800c2906b8c3826b8777,96a799d0d62ad769851685d6ee82e3c1e631ec4827c25f21b2c04491750e57dc,256,256
diffdetect-hierarchical-calibration-v1,445,cocoglide:000000210502:edited,edited,nebula/CocoGlide,275f045df7caa2544dd28de7fa86b044ab661bd0,calibration,000000210502,cocoglide,000000210502_manipulated.png,6ec4fa85098466cdafcb592afdd1be59c9c474ac09679f9da557522986e86244,9dcda4b93d8c73df7b1240629bec209566cd6119bb7f800c2906b8c3826b8777,e435b5530c51f54b4e9bcd0806719eb8fa3548ab35d9eefe37faec72e0af9c9f,256,256
diffdetect-hierarchical-calibration-v1,446,cocoglide:000000377814:edited,edited,nebula/CocoGlide,275f045df7caa2544dd28de7fa86b044ab661bd0,calibration,000000377814,cocoglide,000000377814_manipulated.png,6ec4fa85098466cdafcb592afdd1be59c9c474ac09679f9da557522986e86244,9dcda4b93d8c73df7b1240629bec209566cd6119bb7f800c2906b8c3826b8777,521c193718ddfbda1a5347d7331bcd7f4f0b0f892c6925a8fda592492fd1d043,256,256
diffdetect-hierarchical-calibration-v1,447,cocoglide:000000131938:real,real,nebula/CocoGlide,275f045df7caa2544dd28de7fa86b044ab661bd0,calibration,000000131938,cocoglide,000000131938_real.png,6ec4fa85098466cdafcb592afdd1be59c9c474ac09679f9da557522986e86244,9dcda4b93d8c73df7b1240629bec209566cd6119bb7f800c2906b8c3826b8777,98c11bbd7658ce8d7c034a27c6440c004e95f4d0ef215e6b5121ad4994393b2e,256,256
diffdetect-hierarchical-calibration-v1,448,cocoglide:000000105014:real,real,nebula/CocoGlide,275f045df7caa2544dd28de7fa86b044ab661bd0,calibration,000000105014,cocoglide,000000105014_real.png,6ec4fa85098466cdafcb592afdd1be59c9c474ac09679f9da557522986e86244,9dcda4b93d8c73df7b1240629bec209566cd6119bb7f800c2906b8c3826b8777,44dfe878a6a20bc1581053ade35c7aabe28ba69ea83a06b95804ab0ec8b64453,256,256
diffdetect-hierarchical-calibration-v1,449,cocoglide:000000166563:real,real,nebula/CocoGlide,275f045df7caa2544dd28de7fa86b044ab661bd0,calibration,000000166563,cocoglide,000000166563_real.png,6ec4fa85098466cdafcb592afdd1be59c9c474ac09679f9da557522986e86244,9dcda4b93d8c73df7b1240629bec209566cd6119bb7f800c2906b8c3826b8777,ae73e6022d7dd886351a2a5b1a4926a47e69ad5ec41b3bc6bc39d9aa3a8d4416,256,256
diffdetect-hierarchical-calibration-v1,450,cocoglide:000000402473:edited,edited,nebula/CocoGlide,275f045df7caa2544dd28de7fa86b044ab661bd0,calibration,000000402473,cocoglide,000000402473_manipulated.png,6ec4fa85098466cdafcb592afdd1be59c9c474ac09679f9da557522986e86244,9dcda4b93d8c73df7b1240629bec209566cd6119bb7f800c2906b8c3826b8777,7ae629664b9a9b3cca0ee2601a9e5053e7ae1754de8346b18f6359ab45b2764b,256,256
diffdetect-hierarchical-calibration-v1,451,diffusiondb:55184eb8-1008-4021-a88d-10d0ce95d63d.png,synthetic,poloclub/diffusiondb,fb620fbe49fa4420e0734bd9c0df11f51176b61f,part-001800,55184eb8-1008-4021-a88d-10d0ce95d63d.png,diffusiondb,55184eb8-1008-4021-a88d-10d0ce95d63d.png,eecd341187bc91c07f5994ad0660d40228ea025616fd57a509bef8323677c68f,9dcda4b93d8c73df7b1240629bec209566cd6119bb7f800c2906b8c3826b8777,9090ab4769ece5b14d615a2970c2c18748126320f9212491613d02f706123132,1024,576
diffdetect-hierarchical-calibration-v1,452,diffusiondb:6fad9180-d909-432a-9bc6-6304e84b9f51.png,synthetic,poloclub/diffusiondb,fb620fbe49fa4420e0734bd9c0df11f51176b61f,part-001800,6fad9180-d909-432a-9bc6-6304e84b9f51.png,diffusiondb,6fad9180-d909-432a-9bc6-6304e84b9f51.png,eecd341187bc91c07f5994ad0660d40228ea025616fd57a509bef8323677c68f,9dcda4b93d8c73df7b1240629bec209566cd6119bb7f800c2906b8c3826b8777,ef1483d8c5b63e9032c7893ae3c53d3cbe9b58bf20b8ed5d77b00b222a212d9f,512,512
diffdetect-hierarchical-calibration-v1,453,cocoglide:000000320632:real,real,nebula/CocoGlide,275f045df7caa2544dd28de7fa86b044ab661bd0,calibration,000000320632,cocoglide,000000320632_real.png,6ec4fa85098466cdafcb592afdd1be59c9c474ac09679f9da557522986e86244,9dcda4b93d8c73df7b1240629bec209566cd6119bb7f800c2906b8c3826b8777,9dc31b81420da09d3a55662029d331c8eee75613b3c8df2f1769a305f8830943,256,256
diffdetect-hierarchical-calibration-v1,454,cocoglide:000000172856:real,real,nebula/CocoGlide,275f045df7caa2544dd28de7fa86b044ab661bd0,calibration,000000172856,cocoglide,000000172856_real.png,6ec4fa85098466cdafcb592afdd1be59c9c474ac09679f9da557522986e86244,9dcda4b93d8c73df7b1240629bec209566cd6119bb7f800c2906b8c3826b8777,b786bc2636e2ae7257eada24c4c1c3a2e8d055342ae2a9a53d8c72fe8813a7e4,256,256
diffdetect-hierarchical-calibration-v1,455,cocoglide:000000238866:real,real,nebula/CocoGlide,275f045df7caa2544dd28de7fa86b044ab661bd0,calibration,000000238866,cocoglide,000000238866_real.png,6ec4fa85098466cdafcb592afdd1be59c9c474ac09679f9da557522986e86244,9dcda4b93d8c73df7b1240629bec209566cd6119bb7f800c2906b8c3826b8777,190b5aa6f28f41ba4741df0294dce3f875f8503f40468993c4363f14c2ef78a1,256,256
diffdetect-hierarchical-calibration-v1,456,diffusiondb:ab73e48c-2993-406c-af59-5f37add1f1e5.png,synthetic,poloclub/diffusiondb,fb620fbe49fa4420e0734bd9c0df11f51176b61f,part-001800,ab73e48c-2993-406c-af59-5f37add1f1e5.png,diffusiondb,ab73e48c-2993-406c-af59-5f37add1f1e5.png,eecd341187bc91c07f5994ad0660d40228ea025616fd57a509bef8323677c68f,9dcda4b93d8c73df7b1240629bec209566cd6119bb7f800c2906b8c3826b8777,8c5bc28c27d1cf54cdfc93713a91a447f97e7741e2e957f5b1aedd7b74549480,512,512
diffdetect-hierarchical-calibration-v1,457,diffusiondb:0e2c9a96-d7ae-4a7c-83fe-4e5dc769a3db.png,synthetic,poloclub/diffusiondb,fb620fbe49fa4420e0734bd9c0df11f51176b61f,part-001800,0e2c9a96-d7ae-4a7c-83fe-4e5dc769a3db.png,diffusiondb,0e2c9a96-d7ae-4a7c-83fe-4e5dc769a3db.png,eecd341187bc91c07f5994ad0660d40228ea025616fd57a509bef8323677c68f,9dcda4b93d8c73df7b1240629bec209566cd6119bb7f800c2906b8c3826b8777,239f617db0dd6a8d3b66c584f64c4029c1395e3ca9d923a0bec75172a5db8f0d,512,512
diffdetect-hierarchical-calibration-v1,458,diffusiondb:590588ac-99ac-4ebb-9bd6-e2e50587bd3b.png,synthetic,poloclub/diffusiondb,fb620fbe49fa4420e0734bd9c0df11f51176b61f,part-001800,590588ac-99ac-4ebb-9bd6-e2e50587bd3b.png,diffusiondb,590588ac-99ac-4ebb-9bd6-e2e50587bd3b.png,eecd341187bc91c07f5994ad0660d40228ea025616fd57a509bef8323677c68f,9dcda4b93d8c73df7b1240629bec209566cd6119bb7f800c2906b8c3826b8777,26eaa43e98bc408c4c6395c0f590dbd03c0abeb18615fa495545000a197d2bf5,512,512
diffdetect-hierarchical-calibration-v1,459,cocoglide:000000435299:real,real,nebula/CocoGlide,275f045df7caa2544dd28de7fa86b044ab661bd0,calibration,000000435299,cocoglide,000000435299_real.png,6ec4fa85098466cdafcb592afdd1be59c9c474ac09679f9da557522986e86244,9dcda4b93d8c73df7b1240629bec209566cd6119bb7f800c2906b8c3826b8777,6a91ea14e8f5e6dd1ca8422e5a140e7428192bc39c03e6ece85901487ebd4320,256,256
diffdetect-hierarchical-calibration-v1,460,diffusiondb:547c7764-3a83-48d3-938f-57e96def847a.png,synthetic,poloclub/diffusiondb,fb620fbe49fa4420e0734bd9c0df11f51176b61f,part-001800,547c7764-3a83-48d3-938f-57e96def847a.png,diffusiondb,547c7764-3a83-48d3-938f-57e96def847a.png,eecd341187bc91c07f5994ad0660d40228ea025616fd57a509bef8323677c68f,9dcda4b93d8c73df7b1240629bec209566cd6119bb7f800c2906b8c3826b8777,7680d7d06a6dacf88e1ba9fe03bc25845b2a8d664c7528eba0b70aaa6afcceda,512,512
diffdetect-hierarchical-calibration-v1,461,cocoglide:000000002149:real,real,nebula/CocoGlide,275f045df7caa2544dd28de7fa86b044ab661bd0,calibration,000000002149,cocoglide,000000002149_real.png,6ec4fa85098466cdafcb592afdd1be59c9c474ac09679f9da557522986e86244,9dcda4b93d8c73df7b1240629bec209566cd6119bb7f800c2906b8c3826b8777,8e160132b0d140d2cc589281a06b06945f4f87b90c48bc8303f0401e9bf084ae,256,256
diffdetect-hierarchical-calibration-v1,462,cocoglide:000000017178:real,real,nebula/CocoGlide,275f045df7caa2544dd28de7fa86b044ab661bd0,calibration,000000017178,cocoglide,000000017178_real.png,6ec4fa85098466cdafcb592afdd1be59c9c474ac09679f9da557522986e86244,9dcda4b93d8c73df7b1240629bec209566cd6119bb7f800c2906b8c3826b8777,272190cbd3f7fb17b3eb439b949b5e63d86e498b05589f14eb1e7b7163c5ffb2,256,256
diffdetect-hierarchical-calibration-v1,463,cocoglide:000000088265:real,real,nebula/CocoGlide,275f045df7caa2544dd28de7fa86b044ab661bd0,calibration,000000088265,cocoglide,000000088265_real.png,6ec4fa85098466cdafcb592afdd1be59c9c474ac09679f9da557522986e86244,9dcda4b93d8c73df7b1240629bec209566cd6119bb7f800c2906b8c3826b8777,a78cbb1f48b20ff56636bfc71ec76506503a3fe6e002d1cc031c63fd7d7d025d,256,256
diffdetect-hierarchical-calibration-v1,464,cocoglide:000000269196:real,real,nebula/CocoGlide,275f045df7caa2544dd28de7fa86b044ab661bd0,calibration,000000269196,cocoglide,000000269196_real.png,6ec4fa85098466cdafcb592afdd1be59c9c474ac09679f9da557522986e86244,9dcda4b93d8c73df7b1240629bec209566cd6119bb7f800c2906b8c3826b8777,051e16595d759e5180ed9ba5855087d4046ace08e13ccba6bedd97d2629aa627,256,256
diffdetect-hierarchical-calibration-v1,465,cocoglide:000000520871:real,real,nebula/CocoGlide,275f045df7caa2544dd28de7fa86b044ab661bd0,calibration,000000520871,cocoglide,000000520871_real.png,6ec4fa85098466cdafcb592afdd1be59c9c474ac09679f9da557522986e86244,9dcda4b93d8c73df7b1240629bec209566cd6119bb7f800c2906b8c3826b8777,6d1c9a11910773cf192cdefd26e3199b4f4a8004209c574ec879672cebc102d6,256,256
diffdetect-hierarchical-calibration-v1,466,cocoglide:000000450439:real,real,nebula/CocoGlide,275f045df7caa2544dd28de7fa86b044ab661bd0,calibration,000000450439,cocoglide,000000450439_real.png,6ec4fa85098466cdafcb592afdd1be59c9c474ac09679f9da557522986e86244,9dcda4b93d8c73df7b1240629bec209566cd6119bb7f800c2906b8c3826b8777,5d87d74e70240bd4dc752d0df7943560c6b90e5ab34e166671f045218c533cf3,256,256
diffdetect-hierarchical-calibration-v1,467,cocoglide:000000267351:real,real,nebula/CocoGlide,275f045df7caa2544dd28de7fa86b044ab661bd0,calibration,000000267351,cocoglide,000000267351_real.png,6ec4fa85098466cdafcb592afdd1be59c9c474ac09679f9da557522986e86244,9dcda4b93d8c73df7b1240629bec209566cd6119bb7f800c2906b8c3826b8777,b66cac7be5deb480cb1418323348ed49fccae1189dec1c0f2fdf72d7f879ccff,256,256
diffdetect-hierarchical-calibration-v1,468,cocoglide:000000088218:real,real,nebula/CocoGlide,275f045df7caa2544dd28de7fa86b044ab661bd0,calibration,000000088218,cocoglide,000000088218_real.png,6ec4fa85098466cdafcb592afdd1be59c9c474ac09679f9da557522986e86244,9dcda4b93d8c73df7b1240629bec209566cd6119bb7f800c2906b8c3826b8777,cb84147d26bf9d3232e1f3b8d974b2f024dad2e46813b70475d13f4fc530b6f6,256,256
diffdetect-hierarchical-calibration-v1,469,cocoglide:000000034205:edited,edited,nebula/CocoGlide,275f045df7caa2544dd28de7fa86b044ab661bd0,calibration,000000034205,cocoglide,000000034205_manipulated.png,6ec4fa85098466cdafcb592afdd1be59c9c474ac09679f9da557522986e86244,9dcda4b93d8c73df7b1240629bec209566cd6119bb7f800c2906b8c3826b8777,bd54ce5c0c1dc0dfe3cb13aca93db446d0735d4951895622273e1c1243e5250a,256,256
diffdetect-hierarchical-calibration-v1,470,cocoglide:000000129054:edited,edited,nebula/CocoGlide,275f045df7caa2544dd28de7fa86b044ab661bd0,calibration,000000129054,cocoglide,000000129054_manipulated.png,6ec4fa85098466cdafcb592afdd1be59c9c474ac09679f9da557522986e86244,9dcda4b93d8c73df7b1240629bec209566cd6119bb7f800c2906b8c3826b8777,0a05b47e306a333aed0f4e1742b46f7e91b7cb65bb9754ddad6b2f8b1b8a21b6,256,256
diffdetect-hierarchical-calibration-v1,471,cocoglide:000000015440:edited,edited,nebula/CocoGlide,275f045df7caa2544dd28de7fa86b044ab661bd0,calibration,000000015440,cocoglide,000000015440_manipulated.png,6ec4fa85098466cdafcb592afdd1be59c9c474ac09679f9da557522986e86244,9dcda4b93d8c73df7b1240629bec209566cd6119bb7f800c2906b8c3826b8777,94584c2a66db8670a8ea2cfda904da85cff277ef480bb41bc0fe54734633643a,256,256
diffdetect-hierarchical-calibration-v1,472,cocoglide:000000402433:edited,edited,nebula/CocoGlide,275f045df7caa2544dd28de7fa86b044ab661bd0,calibration,000000402433,cocoglide,000000402433_manipulated.png,6ec4fa85098466cdafcb592afdd1be59c9c474ac09679f9da557522986e86244,9dcda4b93d8c73df7b1240629bec209566cd6119bb7f800c2906b8c3826b8777,0aa7a585569000ae4ac35d292e1ec1f5c323f0bfed1c9b3e3a323068d9ab42ad,256,256
diffdetect-hierarchical-calibration-v1,473,cocoglide:000000259625:real,real,nebula/CocoGlide,275f045df7caa2544dd28de7fa86b044ab661bd0,calibration,000000259625,cocoglide,000000259625_real.png,6ec4fa85098466cdafcb592afdd1be59c9c474ac09679f9da557522986e86244,9dcda4b93d8c73df7b1240629bec209566cd6119bb7f800c2906b8c3826b8777,58c6aa83c0aede756d045d76eb1bf9dfd1c4a5da1f2da6836c522ba8f445668e,256,256
diffdetect-hierarchical-calibration-v1,474,cocoglide:000000228981:real,real,nebula/CocoGlide,275f045df7caa2544dd28de7fa86b044ab661bd0,calibration,000000228981,cocoglide,000000228981_real.png,6ec4fa85098466cdafcb592afdd1be59c9c474ac09679f9da557522986e86244,9dcda4b93d8c73df7b1240629bec209566cd6119bb7f800c2906b8c3826b8777,44b4ef6478679c2ed30e75c51edec036edca6f29dc1380d9e0ee7954b9650517,256,256
diffdetect-hierarchical-calibration-v1,475,cocoglide:000000426166:edited,edited,nebula/CocoGlide,275f045df7caa2544dd28de7fa86b044ab661bd0,calibration,000000426166,cocoglide,000000426166_manipulated.png,6ec4fa85098466cdafcb592afdd1be59c9c474ac09679f9da557522986e86244,9dcda4b93d8c73df7b1240629bec209566cd6119bb7f800c2906b8c3826b8777,3ca512d725ee0354eb7bb5c92fa1c8e515bdf2296998fc2ba0b21b56856bd34b,256,256
diffdetect-hierarchical-calibration-v1,476,cocoglide:000000518213:edited,edited,nebula/CocoGlide,275f045df7caa2544dd28de7fa86b044ab661bd0,calibration,000000518213,cocoglide,000000518213_manipulated.png,6ec4fa85098466cdafcb592afdd1be59c9c474ac09679f9da557522986e86244,9dcda4b93d8c73df7b1240629bec209566cd6119bb7f800c2906b8c3826b8777,ce1642eccc0e1900f79836185417614ad7e47c05809c86f2e96c3892acaf6730,256,256
diffdetect-hierarchical-calibration-v1,477,cocoglide:000000293071:edited,edited,nebula/CocoGlide,275f045df7caa2544dd28de7fa86b044ab661bd0,calibration,000000293071,cocoglide,000000293071_manipulated.png,6ec4fa85098466cdafcb592afdd1be59c9c474ac09679f9da557522986e86244,9dcda4b93d8c73df7b1240629bec209566cd6119bb7f800c2906b8c3826b8777,6d45b869119eb8ea161f73cc4469034d179a74c5b94df1b188dcb287e083e526,256,256
diffdetect-hierarchical-calibration-v1,478,diffusiondb:e2ad8e1a-c0e2-48b9-bac2-482bb76490ff.png,synthetic,poloclub/diffusiondb,fb620fbe49fa4420e0734bd9c0df11f51176b61f,part-001800,e2ad8e1a-c0e2-48b9-bac2-482bb76490ff.png,diffusiondb,e2ad8e1a-c0e2-48b9-bac2-482bb76490ff.png,eecd341187bc91c07f5994ad0660d40228ea025616fd57a509bef8323677c68f,9dcda4b93d8c73df7b1240629bec209566cd6119bb7f800c2906b8c3826b8777,e0302bdfd4e19b4fe40f69b0eca53920176ada9f5b6956516546b75357a7d0b6,512,768
diffdetect-hierarchical-calibration-v1,479,diffusiondb:0067c566-32a1-43a2-99b4-c8df579aefd2.png,synthetic,poloclub/diffusiondb,fb620fbe49fa4420e0734bd9c0df11f51176b61f,part-001800,0067c566-32a1-43a2-99b4-c8df579aefd2.png,diffusiondb,0067c566-32a1-43a2-99b4-c8df579aefd2.png,eecd341187bc91c07f5994ad0660d40228ea025616fd57a509bef8323677c68f,9dcda4b93d8c73df7b1240629bec209566cd6119bb7f800c2906b8c3826b8777,c6a447eddfcc8f551780862cea9bcd834466dab06ac1e82e42b65a15ab63253b,512,512
diffdetect-hierarchical-calibration-v1,480,diffusiondb:85bda307-f890-49c4-8a14-40a7953878ee.png,synthetic,poloclub/diffusiondb,fb620fbe49fa4420e0734bd9c0df11f51176b61f,part-001800,85bda307-f890-49c4-8a14-40a7953878ee.png,diffusiondb,85bda307-f890-49c4-8a14-40a7953878ee.png,eecd341187bc91c07f5994ad0660d40228ea025616fd57a509bef8323677c68f,9dcda4b93d8c73df7b1240629bec209566cd6119bb7f800c2906b8c3826b8777,45140e3a1a00722e85bd99e45444cfcbb4a89975a893df312993636477651b50,1024,576
diffdetect-hierarchical-calibration-v1,481,diffusiondb:991cfb94-6f66-4b0e-9702-7388d385575c.png,synthetic,poloclub/diffusiondb,fb620fbe49fa4420e0734bd9c0df11f51176b61f,part-001800,991cfb94-6f66-4b0e-9702-7388d385575c.png,diffusiondb,991cfb94-6f66-4b0e-9702-7388d385575c.png,eecd341187bc91c07f5994ad0660d40228ea025616fd57a509bef8323677c68f,9dcda4b93d8c73df7b1240629bec209566cd6119bb7f800c2906b8c3826b8777,94c4040c45f749b42d6dc13302ae1c0737bd4d768a9d5fda3aee24759efdf484,512,1024
diffdetect-hierarchical-calibration-v1,482,cocoglide:000000231822:real,real,nebula/CocoGlide,275f045df7caa2544dd28de7fa86b044ab661bd0,calibration,000000231822,cocoglide,000000231822_real.png,6ec4fa85098466cdafcb592afdd1be59c9c474ac09679f9da557522986e86244,9dcda4b93d8c73df7b1240629bec209566cd6119bb7f800c2906b8c3826b8777,975999a430aa12145b256154fe60fb44ba1e13390313f90d24f5d72dc2a1957f,256,256
diffdetect-hierarchical-calibration-v1,483,cocoglide:000000081061:edited,edited,nebula/CocoGlide,275f045df7caa2544dd28de7fa86b044ab661bd0,calibration,000000081061,cocoglide,000000081061_manipulated.png,6ec4fa85098466cdafcb592afdd1be59c9c474ac09679f9da557522986e86244,9dcda4b93d8c73df7b1240629bec209566cd6119bb7f800c2906b8c3826b8777,51018470825d9f8998c0e1bb0a6a43e18e890633c925e1fdf7dc71dd68893261,256,256
diffdetect-hierarchical-calibration-v1,484,diffusiondb:2767d6c3-4542-432d-b32c-f9388795b461.png,synthetic,poloclub/diffusiondb,fb620fbe49fa4420e0734bd9c0df11f51176b61f,part-001800,2767d6c3-4542-432d-b32c-f9388795b461.png,diffusiondb,2767d6c3-4542-432d-b32c-f9388795b461.png,eecd341187bc91c07f5994ad0660d40228ea025616fd57a509bef8323677c68f,9dcda4b93d8c73df7b1240629bec209566cd6119bb7f800c2906b8c3826b8777,e9bba1f7141e1dc69fe3b929ee2fcd5a92a979b2c192ae028ce811d2632232ea,512,704
diffdetect-hierarchical-calibration-v1,485,diffusiondb:eb9cd069-63c9-4365-96bf-09c83167b54a.png,synthetic,poloclub/diffusiondb,fb620fbe49fa4420e0734bd9c0df11f51176b61f,part-001800,eb9cd069-63c9-4365-96bf-09c83167b54a.png,diffusiondb,eb9cd069-63c9-4365-96bf-09c83167b54a.png,eecd341187bc91c07f5994ad0660d40228ea025616fd57a509bef8323677c68f,9dcda4b93d8c73df7b1240629bec209566cd6119bb7f800c2906b8c3826b8777,9e398435c6ea9bf0a1d3f866020c54b058130ce892002170728f459c51682b11,512,640
diffdetect-hierarchical-calibration-v1,486,cocoglide:000000231088:real,real,nebula/CocoGlide,275f045df7caa2544dd28de7fa86b044ab661bd0,calibration,000000231088,cocoglide,000000231088_real.png,6ec4fa85098466cdafcb592afdd1be59c9c474ac09679f9da557522986e86244,9dcda4b93d8c73df7b1240629bec209566cd6119bb7f800c2906b8c3826b8777,a9f12811088bb50ba494571b17007c4c9a6df041b0296628f1504cc42c85fde1,256,256
diffdetect-hierarchical-calibration-v1,487,cocoglide:000000066135:real,real,nebula/CocoGlide,275f045df7caa2544dd28de7fa86b044ab661bd0,calibration,000000066135,cocoglide,000000066135_real.png,6ec4fa85098466cdafcb592afdd1be59c9c474ac09679f9da557522986e86244,9dcda4b93d8c73df7b1240629bec209566cd6119bb7f800c2906b8c3826b8777,c2a9e86574a6941e4a6f88005d6f1cd5b0f0c66a3aa39549b9b5ce2dec09fac4,256,256
diffdetect-hierarchical-calibration-v1,488,diffusiondb:01242810-3f06-4a9a-a674-2a5910246ef8.png,synthetic,poloclub/diffusiondb,fb620fbe49fa4420e0734bd9c0df11f51176b61f,part-001800,01242810-3f06-4a9a-a674-2a5910246ef8.png,diffusiondb,01242810-3f06-4a9a-a674-2a5910246ef8.png,eecd341187bc91c07f5994ad0660d40228ea025616fd57a509bef8323677c68f,9dcda4b93d8c73df7b1240629bec209566cd6119bb7f800c2906b8c3826b8777,16be2349dfc978765f216d357bc50f9c2d9bb786bb3f95a37ccfc62c4f5afa4f,512,704
diffdetect-hierarchical-calibration-v1,489,cocoglide:000000344614:edited,edited,nebula/CocoGlide,275f045df7caa2544dd28de7fa86b044ab661bd0,calibration,000000344614,cocoglide,000000344614_manipulated.png,6ec4fa85098466cdafcb592afdd1be59c9c474ac09679f9da557522986e86244,9dcda4b93d8c73df7b1240629bec209566cd6119bb7f800c2906b8c3826b8777,b8c1480facfb88577328df4013b585637fd4fae36eee5855088640bc37b183ad,256,256
diffdetect-hierarchical-calibration-v1,490,cocoglide:000000370900:edited,edited,nebula/CocoGlide,275f045df7caa2544dd28de7fa86b044ab661bd0,calibration,000000370900,cocoglide,000000370900_manipulated.png,6ec4fa85098466cdafcb592afdd1be59c9c474ac09679f9da557522986e86244,9dcda4b93d8c73df7b1240629bec209566cd6119bb7f800c2906b8c3826b8777,addc26f5b5e4e68268c05c1926dc6800a86279708e4319449a33849dba5d097c,256,256
diffdetect-hierarchical-calibration-v1,491,cocoglide:000000222299:edited,edited,nebula/CocoGlide,275f045df7caa2544dd28de7fa86b044ab661bd0,calibration,000000222299,cocoglide,000000222299_manipulated.png,6ec4fa85098466cdafcb592afdd1be59c9c474ac09679f9da557522986e86244,9dcda4b93d8c73df7b1240629bec209566cd6119bb7f800c2906b8c3826b8777,404766d425439a2f2f1fbca828184979732461137ee344c8b287542721433975,256,256
diffdetect-hierarchical-calibration-v1,492,cocoglide:000000451150:edited,edited,nebula/CocoGlide,275f045df7caa2544dd28de7fa86b044ab661bd0,calibration,000000451150,cocoglide,000000451150_manipulated.png,6ec4fa85098466cdafcb592afdd1be59c9c474ac09679f9da557522986e86244,9dcda4b93d8c73df7b1240629bec209566cd6119bb7f800c2906b8c3826b8777,94100d1a1be06c61936a2e95a9ad1adc0780f65de13108ccd8976cede95a3f7c,256,256
diffdetect-hierarchical-calibration-v1,493,cocoglide:000000365766:real,real,nebula/CocoGlide,275f045df7caa2544dd28de7fa86b044ab661bd0,calibration,000000365766,cocoglide,000000365766_real.png,6ec4fa85098466cdafcb592afdd1be59c9c474ac09679f9da557522986e86244,9dcda4b93d8c73df7b1240629bec209566cd6119bb7f800c2906b8c3826b8777,6b3393e0fa0a8c8174c363ce692f3a1eaa7a39377e2ba4f455863519bd7095d3,256,256
diffdetect-hierarchical-calibration-v1,494,diffusiondb:5302e3c9-e29f-4f35-9dd5-55334333ef1c.png,synthetic,poloclub/diffusiondb,fb620fbe49fa4420e0734bd9c0df11f51176b61f,part-001800,5302e3c9-e29f-4f35-9dd5-55334333ef1c.png,diffusiondb,5302e3c9-e29f-4f35-9dd5-55334333ef1c.png,eecd341187bc91c07f5994ad0660d40228ea025616fd57a509bef8323677c68f,9dcda4b93d8c73df7b1240629bec209566cd6119bb7f800c2906b8c3826b8777,ab43a1d74be7b31f8939fe4cb84d542d08c6d8fc542a049a96deaa50b7484b63,512,512
diffdetect-hierarchical-calibration-v1,495,cocoglide:000000405432:edited,edited,nebula/CocoGlide,275f045df7caa2544dd28de7fa86b044ab661bd0,calibration,000000405432,cocoglide,000000405432_manipulated.png,6ec4fa85098466cdafcb592afdd1be59c9c474ac09679f9da557522986e86244,9dcda4b93d8c73df7b1240629bec209566cd6119bb7f800c2906b8c3826b8777,1bb0a90380c351c4202ccf4520d4366b1a8dd95ec39303822a096cf537ae1a47,256,256
diffdetect-hierarchical-calibration-v1,496,cocoglide:000000580757:real,real,nebula/CocoGlide,275f045df7caa2544dd28de7fa86b044ab661bd0,calibration,000000580757,cocoglide,000000580757_real.png,6ec4fa85098466cdafcb592afdd1be59c9c474ac09679f9da557522986e86244,9dcda4b93d8c73df7b1240629bec209566cd6119bb7f800c2906b8c3826b8777,7baec47e09e274e2d60508cfa3dd3f3427a793fe3cb97d1ee889e6fe0e9939bf,256,256
diffdetect-hierarchical-calibration-v1,497,cocoglide:000000489046:edited,edited,nebula/CocoGlide,275f045df7caa2544dd28de7fa86b044ab661bd0,calibration,000000489046,cocoglide,000000489046_manipulated.png,6ec4fa85098466cdafcb592afdd1be59c9c474ac09679f9da557522986e86244,9dcda4b93d8c73df7b1240629bec209566cd6119bb7f800c2906b8c3826b8777,b51e7784e8ebb64164782809e75b2ed12e72716f1cd3f0102b17cce801b435ee,256,256
diffdetect-hierarchical-calibration-v1,498,cocoglide:000000420472:edited,edited,nebula/CocoGlide,275f045df7caa2544dd28de7fa86b044ab661bd0,calibration,000000420472,cocoglide,000000420472_manipulated.png,6ec4fa85098466cdafcb592afdd1be59c9c474ac09679f9da557522986e86244,9dcda4b93d8c73df7b1240629bec209566cd6119bb7f800c2906b8c3826b8777,a4b291e0d746cad3b4fc9d4988622d76c65ab418caf06873079baebdae673651,256,256
diffdetect-hierarchical-calibration-v1,499,cocoglide:000000285788:edited,edited,nebula/CocoGlide,275f045df7caa2544dd28de7fa86b044ab661bd0,calibration,000000285788,cocoglide,000000285788_manipulated.png,6ec4fa85098466cdafcb592afdd1be59c9c474ac09679f9da557522986e86244,9dcda4b93d8c73df7b1240629bec209566cd6119bb7f800c2906b8c3826b8777,28737b36a169b781698f29fb45887d30a2715f02fc1292c3e7609af52b90d48f,256,256
diffdetect-hierarchical-calibration-v1,500,cocoglide:000000296969:edited,edited,nebula/CocoGlide,275f045df7caa2544dd28de7fa86b044ab661bd0,calibration,000000296969,cocoglide,000000296969_manipulated.png,6ec4fa85098466cdafcb592afdd1be59c9c474ac09679f9da557522986e86244,9dcda4b93d8c73df7b1240629bec209566cd6119bb7f800c2906b8c3826b8777,cf33c70519c7ad7db767f55f4926374548e9e2998477770859813f5170a26dfd,256,256
diffdetect-hierarchical-calibration-v1,501,diffusiondb:3e05211c-7788-4a80-a91f-4dc0a46b26f4.png,synthetic,poloclub/diffusiondb,fb620fbe49fa4420e0734bd9c0df11f51176b61f,part-001800,3e05211c-7788-4a80-a91f-4dc0a46b26f4.png,diffusiondb,3e05211c-7788-4a80-a91f-4dc0a46b26f4.png,eecd341187bc91c07f5994ad0660d40228ea025616fd57a509bef8323677c68f,9dcda4b93d8c73df7b1240629bec209566cd6119bb7f800c2906b8c3826b8777,a73e9f581208cc7de1d3c3f9428fe0393c40e46ebed1f1807ebe5592f4656558,512,768
diffdetect-hierarchical-calibration-v1,502,diffusiondb:0e95d67f-9f67-46ba-b990-95ebca516482.png,synthetic,poloclub/diffusiondb,fb620fbe49fa4420e0734bd9c0df11f51176b61f,part-001800,0e95d67f-9f67-46ba-b990-95ebca516482.png,diffusiondb,0e95d67f-9f67-46ba-b990-95ebca516482.png,eecd341187bc91c07f5994ad0660d40228ea025616fd57a509bef8323677c68f,9dcda4b93d8c73df7b1240629bec209566cd6119bb7f800c2906b8c3826b8777,565437fa572f917817e885e082933dd8d9883a3dc8c277cd09d9db21e414ea92,512,512
diffdetect-hierarchical-calibration-v1,503,cocoglide:000000100582:edited,edited,nebula/CocoGlide,275f045df7caa2544dd28de7fa86b044ab661bd0,calibration,000000100582,cocoglide,000000100582_manipulated.png,6ec4fa85098466cdafcb592afdd1be59c9c474ac09679f9da557522986e86244,9dcda4b93d8c73df7b1240629bec209566cd6119bb7f800c2906b8c3826b8777,5c770629fc6dcc9d345427fde5cfed268096fd8ae27d02171bf7d9d355ccbc0f,256,256
diffdetect-hierarchical-calibration-v1,504,cocoglide:000000350388:edited,edited,nebula/CocoGlide,275f045df7caa2544dd28de7fa86b044ab661bd0,calibration,000000350388,cocoglide,000000350388_manipulated.png,6ec4fa85098466cdafcb592afdd1be59c9c474ac09679f9da557522986e86244,9dcda4b93d8c73df7b1240629bec209566cd6119bb7f800c2906b8c3826b8777,9002b873c77f3ef0234528ea12ef9759d868727cf17b87e7742c35fefabce84a,256,256
diffdetect-hierarchical-calibration-v1,505,cocoglide:000000048924:edited,edited,nebula/CocoGlide,275f045df7caa2544dd28de7fa86b044ab661bd0,calibration,000000048924,cocoglide,000000048924_manipulated.png,6ec4fa85098466cdafcb592afdd1be59c9c474ac09679f9da557522986e86244,9dcda4b93d8c73df7b1240629bec209566cd6119bb7f800c2906b8c3826b8777,ee06d8b6d6bc447c8a0e1f438bbf54ad35d1fee2f0f4192fc9dfdec8f1adc561,256,256
diffdetect-hierarchical-calibration-v1,506,cocoglide:000000549167:real,real,nebula/CocoGlide,275f045df7caa2544dd28de7fa86b044ab661bd0,calibration,000000549167,cocoglide,000000549167_real.png,6ec4fa85098466cdafcb592afdd1be59c9c474ac09679f9da557522986e86244,9dcda4b93d8c73df7b1240629bec209566cd6119bb7f800c2906b8c3826b8777,fe8b580655903e5d599661663d17c8e97c29e6fb8cb18c4c58916cb4ef22af44,256,256
diffdetect-hierarchical-calibration-v1,507,cocoglide:000000392818:edited,edited,nebula/CocoGlide,275f045df7caa2544dd28de7fa86b044ab661bd0,calibration,000000392818,cocoglide,000000392818_manipulated.png,6ec4fa85098466cdafcb592afdd1be59c9c474ac09679f9da557522986e86244,9dcda4b93d8c73df7b1240629bec209566cd6119bb7f800c2906b8c3826b8777,f5fb1ceeb018be36e4969a35f2a3d9e85fc7049b88f84319206a85bfe47484f2,256,256
diffdetect-hierarchical-calibration-v1,508,cocoglide:000000369370:real,real,nebula/CocoGlide,275f045df7caa2544dd28de7fa86b044ab661bd0,calibration,000000369370,cocoglide,000000369370_real.png,6ec4fa85098466cdafcb592afdd1be59c9c474ac09679f9da557522986e86244,9dcda4b93d8c73df7b1240629bec209566cd6119bb7f800c2906b8c3826b8777,092dd7eb9f685aca7561e6ad9b4f804ba62758e008aad42007f55814aafae028,256,256
diffdetect-hierarchical-calibration-v1,509,cocoglide:000000091654:real,real,nebula/CocoGlide,275f045df7caa2544dd28de7fa86b044ab661bd0,calibration,000000091654,cocoglide,000000091654_real.png,6ec4fa85098466cdafcb592afdd1be59c9c474ac09679f9da557522986e86244,9dcda4b93d8c73df7b1240629bec209566cd6119bb7f800c2906b8c3826b8777,5105889c16cb83bf867c63553f5ef00071e010cc8fc5c79d688fb3d38df55830,256,256
diffdetect-hierarchical-calibration-v1,510,cocoglide:000000545407:edited,edited,nebula/CocoGlide,275f045df7caa2544dd28de7fa86b044ab661bd0,calibration,000000545407,cocoglide,000000545407_manipulated.png,6ec4fa85098466cdafcb592afdd1be59c9c474ac09679f9da557522986e86244,9dcda4b93d8c73df7b1240629bec209566cd6119bb7f800c2906b8c3826b8777,4c6018acc6b446de651839bcef0c49773b65123695af71b3a5da82c475e7f2fb,256,256
diffdetect-hierarchical-calibration-v1,511,cocoglide:000000384616:real,real,nebula/CocoGlide,275f045df7caa2544dd28de7fa86b044ab661bd0,calibration,000000384616,cocoglide,000000384616_real.png,6ec4fa85098466cdafcb592afdd1be59c9c474ac09679f9da557522986e86244,9dcda4b93d8c73df7b1240629bec209566cd6119bb7f800c2906b8c3826b8777,29b67fa0cc3680179be88af458f84659c6d2fe15a55234b5c4fe096f033382ef,256,256
diffdetect-hierarchical-calibration-v1,512,diffusiondb:53c37a05-9486-47e5-ba43-db0280af7fb0.png,synthetic,poloclub/diffusiondb,fb620fbe49fa4420e0734bd9c0df11f51176b61f,part-001800,53c37a05-9486-47e5-ba43-db0280af7fb0.png,diffusiondb,53c37a05-9486-47e5-ba43-db0280af7fb0.png,eecd341187bc91c07f5994ad0660d40228ea025616fd57a509bef8323677c68f,9dcda4b93d8c73df7b1240629bec209566cd6119bb7f800c2906b8c3826b8777,9fc3ded7207d9cf240c8ffe5df49d1246d7f98fdfa72bf859189b6c42651398f,1024,512
diffdetect-hierarchical-calibration-v1,513,diffusiondb:ea71e1f7-05f6-4d24-bc88-185aab075fab.png,synthetic,poloclub/diffusiondb,fb620fbe49fa4420e0734bd9c0df11f51176b61f,part-001800,ea71e1f7-05f6-4d24-bc88-185aab075fab.png,diffusiondb,ea71e1f7-05f6-4d24-bc88-185aab075fab.png,eecd341187bc91c07f5994ad0660d40228ea025616fd57a509bef8323677c68f,9dcda4b93d8c73df7b1240629bec209566cd6119bb7f800c2906b8c3826b8777,6287ede397617461ebc056b9e47d6a62f654446df8070b056c16e7cd5a9b1956,512,512
diffdetect-hierarchical-calibration-v1,514,diffusiondb:7de7f640-0767-4e2c-a617-da1a37e7ee82.png,synthetic,poloclub/diffusiondb,fb620fbe49fa4420e0734bd9c0df11f51176b61f,part-001800,7de7f640-0767-4e2c-a617-da1a37e7ee82.png,diffusiondb,7de7f640-0767-4e2c-a617-da1a37e7ee82.png,eecd341187bc91c07f5994ad0660d40228ea025616fd57a509bef8323677c68f,9dcda4b93d8c73df7b1240629bec209566cd6119bb7f800c2906b8c3826b8777,e47f04aa589d4a7ca7ed543c1678790cc4db836b71f3fa7d740d7b45c5c7dd19,512,512
diffdetect-hierarchical-calibration-v1,515,diffusiondb:f7ae7aa2-8860-4442-8281-c25115ae51d5.png,synthetic,poloclub/diffusiondb,fb620fbe49fa4420e0734bd9c0df11f51176b61f,part-001800,f7ae7aa2-8860-4442-8281-c25115ae51d5.png,diffusiondb,f7ae7aa2-8860-4442-8281-c25115ae51d5.png,eecd341187bc91c07f5994ad0660d40228ea025616fd57a509bef8323677c68f,9dcda4b93d8c73df7b1240629bec209566cd6119bb7f800c2906b8c3826b8777,ba4c3921176bbb3e3be1048952736b4b24053d1a3d4d40774f167c2c60fd0988,512,512
diffdetect-hierarchical-calibration-v1,516,cocoglide:000000269196:edited,edited,nebula/CocoGlide,275f045df7caa2544dd28de7fa86b044ab661bd0,calibration,000000269196,cocoglide,000000269196_manipulated.png,6ec4fa85098466cdafcb592afdd1be59c9c474ac09679f9da557522986e86244,9dcda4b93d8c73df7b1240629bec209566cd6119bb7f800c2906b8c3826b8777,33d9e94449b069fd8dfc7ea1eb276354dc36b9126e561303f11669b8912df042,256,256
diffdetect-hierarchical-calibration-v1,517,cocoglide:000000347664:edited,edited,nebula/CocoGlide,275f045df7caa2544dd28de7fa86b044ab661bd0,calibration,000000347664,cocoglide,000000347664_manipulated.png,6ec4fa85098466cdafcb592afdd1be59c9c474ac09679f9da557522986e86244,9dcda4b93d8c73df7b1240629bec209566cd6119bb7f800c2906b8c3826b8777,1eb357e6eeb0cf2541a5ab263093a3bb5f86877afde30d49d7d599d04c29f646,256,256
diffdetect-hierarchical-calibration-v1,518,diffusiondb:c816dc59-f8f7-4d76-8844-ed96960732c0.png,synthetic,poloclub/diffusiondb,fb620fbe49fa4420e0734bd9c0df11f51176b61f,part-001800,c816dc59-f8f7-4d76-8844-ed96960732c0.png,diffusiondb,c816dc59-f8f7-4d76-8844-ed96960732c0.png,eecd341187bc91c07f5994ad0660d40228ea025616fd57a509bef8323677c68f,9dcda4b93d8c73df7b1240629bec209566cd6119bb7f800c2906b8c3826b8777,92f12b2ef94c8461997d523720525ea7644543ae6f4e69e4c66dab028e629479,512,768
diffdetect-hierarchical-calibration-v1,519,cocoglide:000000211069:edited,edited,nebula/CocoGlide,275f045df7caa2544dd28de7fa86b044ab661bd0,calibration,000000211069,cocoglide,000000211069_manipulated.png,6ec4fa85098466cdafcb592afdd1be59c9c474ac09679f9da557522986e86244,9dcda4b93d8c73df7b1240629bec209566cd6119bb7f800c2906b8c3826b8777,b2270621d5db43ba5fd9bf8abe11a42c8eaf908d78be46111646385b4181acba,256,256
diffdetect-hierarchical-calibration-v1,520,diffusiondb:df8544ea-e9b1-489f-ace4-6f2d706d8ea3.png,synthetic,poloclub/diffusiondb,fb620fbe49fa4420e0734bd9c0df11f51176b61f,part-001800,df8544ea-e9b1-489f-ace4-6f2d706d8ea3.png,diffusiondb,df8544ea-e9b1-489f-ace4-6f2d706d8ea3.png,eecd341187bc91c07f5994ad0660d40228ea025616fd57a509bef8323677c68f,9dcda4b93d8c73df7b1240629bec209566cd6119bb7f800c2906b8c3826b8777,e998bd66307692e0237bca5ba033010d31c5410bee86ce27ca04074eb51cbf79,512,512
diffdetect-hierarchical-calibration-v1,521,diffusiondb:9e6b2214-3021-4bcf-8c12-a1f5e88ccd4a.png,synthetic,poloclub/diffusiondb,fb620fbe49fa4420e0734bd9c0df11f51176b61f,part-001800,9e6b2214-3021-4bcf-8c12-a1f5e88ccd4a.png,diffusiondb,9e6b2214-3021-4bcf-8c12-a1f5e88ccd4a.png,eecd341187bc91c07f5994ad0660d40228ea025616fd57a509bef8323677c68f,9dcda4b93d8c73df7b1240629bec209566cd6119bb7f800c2906b8c3826b8777,8baccfa174fedb43e92d3392907cd8761e3eccf472a36ec7cabe9dbe78b19413,512,640
diffdetect-hierarchical-calibration-v1,522,cocoglide:000000095786:real,real,nebula/CocoGlide,275f045df7caa2544dd28de7fa86b044ab661bd0,calibration,000000095786,cocoglide,000000095786_real.png,6ec4fa85098466cdafcb592afdd1be59c9c474ac09679f9da557522986e86244,9dcda4b93d8c73df7b1240629bec209566cd6119bb7f800c2906b8c3826b8777,55d8d852e77fe8d0522e0a0f867e58ee9785e88fe61aedf934be1d92ae539789,256,256
diffdetect-hierarchical-calibration-v1,523,diffusiondb:a0175cba-0842-4f40-8e20-86b7819ca194.png,synthetic,poloclub/diffusiondb,fb620fbe49fa4420e0734bd9c0df11f51176b61f,part-001800,a0175cba-0842-4f40-8e20-86b7819ca194.png,diffusiondb,a0175cba-0842-4f40-8e20-86b7819ca194.png,eecd341187bc91c07f5994ad0660d40228ea025616fd57a509bef8323677c68f,9dcda4b93d8c73df7b1240629bec209566cd6119bb7f800c2906b8c3826b8777,b3a0c12bc57fdd8b80e6925e15a5e83ead64eaacaa9985e53c1c7bb7639b98a9,512,512
diffdetect-hierarchical-calibration-v1,524,diffusiondb:a1c5d57f-f0d3-4a03-b24e-04e0ebbd7496.png,synthetic,poloclub/diffusiondb,fb620fbe49fa4420e0734bd9c0df11f51176b61f,part-001800,a1c5d57f-f0d3-4a03-b24e-04e0ebbd7496.png,diffusiondb,a1c5d57f-f0d3-4a03-b24e-04e0ebbd7496.png,eecd341187bc91c07f5994ad0660d40228ea025616fd57a509bef8323677c68f,9dcda4b93d8c73df7b1240629bec209566cd6119bb7f800c2906b8c3826b8777,b1f32aa8b4e530072a49cbc1c99a63a741bedfaca467b638e26a396bca30612c,1024,576
diffdetect-hierarchical-calibration-v1,525,cocoglide:000000070774:real,real,nebula/CocoGlide,275f045df7caa2544dd28de7fa86b044ab661bd0,calibration,000000070774,cocoglide,000000070774_real.png,6ec4fa85098466cdafcb592afdd1be59c9c474ac09679f9da557522986e86244,9dcda4b93d8c73df7b1240629bec209566cd6119bb7f800c2906b8c3826b8777,ca1f311482e78cb61a614e8f8ea6108ba90fd845a28d0fb477171d9ef70d1786,256,256
diffdetect-hierarchical-calibration-v1,526,cocoglide:000000238866:edited,edited,nebula/CocoGlide,275f045df7caa2544dd28de7fa86b044ab661bd0,calibration,000000238866,cocoglide,000000238866_manipulated.png,6ec4fa85098466cdafcb592afdd1be59c9c474ac09679f9da557522986e86244,9dcda4b93d8c73df7b1240629bec209566cd6119bb7f800c2906b8c3826b8777,c573e2d9004fdb5a477c53f2d4d762bfcc505676f52c74db2072fc06bdd2633f,256,256
diffdetect-hierarchical-calibration-v1,527,cocoglide:000000161820:real,real,nebula/CocoGlide,275f045df7caa2544dd28de7fa86b044ab661bd0,calibration,000000161820,cocoglide,000000161820_real.png,6ec4fa85098466cdafcb592afdd1be59c9c474ac09679f9da557522986e86244,9dcda4b93d8c73df7b1240629bec209566cd6119bb7f800c2906b8c3826b8777,abc6cd8dbc9f6634d544f3ad6ab927a6a2f0d1eb2152798c72593c2e617020a0,256,256
diffdetect-hierarchical-calibration-v1,528,cocoglide:000000548506:real,real,nebula/CocoGlide,275f045df7caa2544dd28de7fa86b044ab661bd0,calibration,000000548506,cocoglide,000000548506_real.png,6ec4fa85098466cdafcb592afdd1be59c9c474ac09679f9da557522986e86244,9dcda4b93d8c73df7b1240629bec209566cd6119bb7f800c2906b8c3826b8777,13c4b9d9219b859d367726687591a5b237f84f003c992e06b0c009228d8103d7,256,256
diffdetect-hierarchical-calibration-v1,529,cocoglide:000000263860:real,real,nebula/CocoGlide,275f045df7caa2544dd28de7fa86b044ab661bd0,calibration,000000263860,cocoglide,000000263860_real.png,6ec4fa85098466cdafcb592afdd1be59c9c474ac09679f9da557522986e86244,9dcda4b93d8c73df7b1240629bec209566cd6119bb7f800c2906b8c3826b8777,0659f7c3969f390ce99eb5769f7b3f5bfd7e21feafc025b4efb95c341496a0c3,256,256
diffdetect-hierarchical-calibration-v1,530,cocoglide:000000550322:edited,edited,nebula/CocoGlide,275f045df7caa2544dd28de7fa86b044ab661bd0,calibration,000000550322,cocoglide,000000550322_manipulated.png,6ec4fa85098466cdafcb592afdd1be59c9c474ac09679f9da557522986e86244,9dcda4b93d8c73df7b1240629bec209566cd6119bb7f800c2906b8c3826b8777,6ce432532c93c7ab77ed5bf7a851cc8be668805a23b78b0a05e49348d2ed41b7,256,256
diffdetect-hierarchical-calibration-v1,531,diffusiondb:12253723-b840-4179-b119-b23d9b94968e.png,synthetic,poloclub/diffusiondb,fb620fbe49fa4420e0734bd9c0df11f51176b61f,part-001800,12253723-b840-4179-b119-b23d9b94968e.png,diffusiondb,12253723-b840-4179-b119-b23d9b94968e.png,eecd341187bc91c07f5994ad0660d40228ea025616fd57a509bef8323677c68f,9dcda4b93d8c73df7b1240629bec209566cd6119bb7f800c2906b8c3826b8777,a8ca8942cf68d60e9860b4990253b32bade4d08955b9db996ddf2955b64c4315,768,512
diffdetect-hierarchical-calibration-v1,532,cocoglide:000000365385:real,real,nebula/CocoGlide,275f045df7caa2544dd28de7fa86b044ab661bd0,calibration,000000365385,cocoglide,000000365385_real.png,6ec4fa85098466cdafcb592afdd1be59c9c474ac09679f9da557522986e86244,9dcda4b93d8c73df7b1240629bec209566cd6119bb7f800c2906b8c3826b8777,9dc65876310e11f31a5dd38855e26738ee4cac3c9bcccf3cea406fb98f13c26d,256,256
diffdetect-hierarchical-calibration-v1,533,cocoglide:000000347664:real,real,nebula/CocoGlide,275f045df7caa2544dd28de7fa86b044ab661bd0,calibration,000000347664,cocoglide,000000347664_real.png,6ec4fa85098466cdafcb592afdd1be59c9c474ac09679f9da557522986e86244,9dcda4b93d8c73df7b1240629bec209566cd6119bb7f800c2906b8c3826b8777,9fc9911dd6ac26cdac7dd33945ed812725f5b7449d9c8990bf77b82cf12a2c1a,256,256
diffdetect-hierarchical-calibration-v1,534,cocoglide:000000140929:edited,edited,nebula/CocoGlide,275f045df7caa2544dd28de7fa86b044ab661bd0,calibration,000000140929,cocoglide,000000140929_manipulated.png,6ec4fa85098466cdafcb592afdd1be59c9c474ac09679f9da557522986e86244,9dcda4b93d8c73df7b1240629bec209566cd6119bb7f800c2906b8c3826b8777,94e285b42fb9f9b24320cb50a4261df9b2efdacf66a5dd0e5ee0f94926eb8685,256,256
diffdetect-hierarchical-calibration-v1,535,cocoglide:000000416885:edited,edited,nebula/CocoGlide,275f045df7caa2544dd28de7fa86b044ab661bd0,calibration,000000416885,cocoglide,000000416885_manipulated.png,6ec4fa85098466cdafcb592afdd1be59c9c474ac09679f9da557522986e86244,9dcda4b93d8c73df7b1240629bec209566cd6119bb7f800c2906b8c3826b8777,5414f7ef7bda010dcfe530ec8c535d0acdae4f4de76da9c8a3560045f21db4cc,256,256
diffdetect-hierarchical-calibration-v1,536,diffusiondb:b8f4a475-bc67-4949-8856-d19366f2485f.png,synthetic,poloclub/diffusiondb,fb620fbe49fa4420e0734bd9c0df11f51176b61f,part-001800,b8f4a475-bc67-4949-8856-d19366f2485f.png,diffusiondb,b8f4a475-bc67-4949-8856-d19366f2485f.png,eecd341187bc91c07f5994ad0660d40228ea025616fd57a509bef8323677c68f,9dcda4b93d8c73df7b1240629bec209566cd6119bb7f800c2906b8c3826b8777,8a567cb62fa96b7cd2bb3d31f118d7e6606649375e0d640f06240888577bc916,512,512
diffdetect-hierarchical-calibration-v1,537,diffusiondb:e2af2334-a1bd-4a78-9028-5792a1ef4183.png,synthetic,poloclub/diffusiondb,fb620fbe49fa4420e0734bd9c0df11f51176b61f,part-001800,e2af2334-a1bd-4a78-9028-5792a1ef4183.png,diffusiondb,e2af2334-a1bd-4a78-9028-5792a1ef4183.png,eecd341187bc91c07f5994ad0660d40228ea025616fd57a509bef8323677c68f,9dcda4b93d8c73df7b1240629bec209566cd6119bb7f800c2906b8c3826b8777,6df3f549d129c482d0144fdebb27fb8f703a931fe5b450f56dcedb03004b58ef,768,512
diffdetect-hierarchical-calibration-v1,538,diffusiondb:51e0bcf9-dbd3-4e6b-898c-1a3a42a5199f.png,synthetic,poloclub/diffusiondb,fb620fbe49fa4420e0734bd9c0df11f51176b61f,part-001800,51e0bcf9-dbd3-4e6b-898c-1a3a42a5199f.png,diffusiondb,51e0bcf9-dbd3-4e6b-898c-1a3a42a5199f.png,eecd341187bc91c07f5994ad0660d40228ea025616fd57a509bef8323677c68f,9dcda4b93d8c73df7b1240629bec209566cd6119bb7f800c2906b8c3826b8777,3ec331fdd2d966d7514fe4c57cb28ba187bea3f73a93c5d36a28f324bdebb93d,512,512
diffdetect-hierarchical-calibration-v1,539,cocoglide:000000057027:real,real,nebula/CocoGlide,275f045df7caa2544dd28de7fa86b044ab661bd0,calibration,000000057027,cocoglide,000000057027_real.png,6ec4fa85098466cdafcb592afdd1be59c9c474ac09679f9da557522986e86244,9dcda4b93d8c73df7b1240629bec209566cd6119bb7f800c2906b8c3826b8777,d0ff8ea38d8a82dfc4f2e5d57db47bb1298c9e33aa26a7ff9132795361e60935,256,256
diffdetect-hierarchical-calibration-v1,540,cocoglide:000000572956:edited,edited,nebula/CocoGlide,275f045df7caa2544dd28de7fa86b044ab661bd0,calibration,000000572956,cocoglide,000000572956_manipulated.png,6ec4fa85098466cdafcb592afdd1be59c9c474ac09679f9da557522986e86244,9dcda4b93d8c73df7b1240629bec209566cd6119bb7f800c2906b8c3826b8777,88e8fa7250230869020c6f59dfbf912d4e031ced2ded18b747a5753a6cb6cc3c,256,256
diffdetect-hierarchical-calibration-v1,541,diffusiondb:1c6bd966-3f8f-431e-bb07-7bb50ea19e21.png,synthetic,poloclub/diffusiondb,fb620fbe49fa4420e0734bd9c0df11f51176b61f,part-001800,1c6bd966-3f8f-431e-bb07-7bb50ea19e21.png,diffusiondb,1c6bd966-3f8f-431e-bb07-7bb50ea19e21.png,eecd341187bc91c07f5994ad0660d40228ea025616fd57a509bef8323677c68f,9dcda4b93d8c73df7b1240629bec209566cd6119bb7f800c2906b8c3826b8777,43785a74289267b6290cbd66c685473d73839df1c3e217e8ad41477e5c835c38,512,512
diffdetect-hierarchical-calibration-v1,542,diffusiondb:ec8f5dec-ebab-4690-8676-613d079ee379.png,synthetic,poloclub/diffusiondb,fb620fbe49fa4420e0734bd9c0df11f51176b61f,part-001800,ec8f5dec-ebab-4690-8676-613d079ee379.png,diffusiondb,ec8f5dec-ebab-4690-8676-613d079ee379.png,eecd341187bc91c07f5994ad0660d40228ea025616fd57a509bef8323677c68f,9dcda4b93d8c73df7b1240629bec209566cd6119bb7f800c2906b8c3826b8777,86eaae46d30e90ef0062432ada2571bda6b146462e9a32ff802940efe3c10606,512,512
diffdetect-hierarchical-calibration-v1,543,cocoglide:000000384513:real,real,nebula/CocoGlide,275f045df7caa2544dd28de7fa86b044ab661bd0,calibration,000000384513,cocoglide,000000384513_real.png,6ec4fa85098466cdafcb592afdd1be59c9c474ac09679f9da557522986e86244,9dcda4b93d8c73df7b1240629bec209566cd6119bb7f800c2906b8c3826b8777,fc5f78f23057c849fa3cb5ac3d0c5125386be59704ee9c98cd6f7d148939cb78,256,256
diffdetect-hierarchical-calibration-v1,544,cocoglide:000000526103:real,real,nebula/CocoGlide,275f045df7caa2544dd28de7fa86b044ab661bd0,calibration,000000526103,cocoglide,000000526103_real.png,6ec4fa85098466cdafcb592afdd1be59c9c474ac09679f9da557522986e86244,9dcda4b93d8c73df7b1240629bec209566cd6119bb7f800c2906b8c3826b8777,b869fcaadcf5aba0853ba1b3d8682ff666d2ef853365516b81f8daf853283135,256,256
diffdetect-hierarchical-calibration-v1,545,cocoglide:000000131938:edited,edited,nebula/CocoGlide,275f045df7caa2544dd28de7fa86b044ab661bd0,calibration,000000131938,cocoglide,000000131938_manipulated.png,6ec4fa85098466cdafcb592afdd1be59c9c474ac09679f9da557522986e86244,9dcda4b93d8c73df7b1240629bec209566cd6119bb7f800c2906b8c3826b8777,431451feaf8cbf2775d005f8c9c3ecb641adab5c927dcd652e24779e1a4f44d7,256,256
diffdetect-hierarchical-calibration-v1,546,cocoglide:000000088218:edited,edited,nebula/CocoGlide,275f045df7caa2544dd28de7fa86b044ab661bd0,calibration,000000088218,cocoglide,000000088218_manipulated.png,6ec4fa85098466cdafcb592afdd1be59c9c474ac09679f9da557522986e86244,9dcda4b93d8c73df7b1240629bec209566cd6119bb7f800c2906b8c3826b8777,4d7cbf9a50b8d6d6dd5488c4b2e3a6e72509aec17acb86496b43ba01f48f33b1,256,256
diffdetect-hierarchical-calibration-v1,547,cocoglide:000000159282:real,real,nebula/CocoGlide,275f045df7caa2544dd28de7fa86b044ab661bd0,calibration,000000159282,cocoglide,000000159282_real.png,6ec4fa85098466cdafcb592afdd1be59c9c474ac09679f9da557522986e86244,9dcda4b93d8c73df7b1240629bec209566cd6119bb7f800c2906b8c3826b8777,b1cc4f8c3183ffce21e2938039dfe11d88862426bda7921609c0ad210133c049,256,256
diffdetect-hierarchical-calibration-v1,548,diffusiondb:2e69279f-6703-49a4-90bd-177cd44c8c66.png,synthetic,poloclub/diffusiondb,fb620fbe49fa4420e0734bd9c0df11f51176b61f,part-001800,2e69279f-6703-49a4-90bd-177cd44c8c66.png,diffusiondb,2e69279f-6703-49a4-90bd-177cd44c8c66.png,eecd341187bc91c07f5994ad0660d40228ea025616fd57a509bef8323677c68f,9dcda4b93d8c73df7b1240629bec209566cd6119bb7f800c2906b8c3826b8777,4b0fa89dc7b2d6920dfa4a5687179267df32743a81e2d899f42660f3bf7dbcef,512,512
diffdetect-hierarchical-calibration-v1,549,diffusiondb:c1183b67-0eee-4f8a-8589-76ac333cee69.png,synthetic,poloclub/diffusiondb,fb620fbe49fa4420e0734bd9c0df11f51176b61f,part-001800,c1183b67-0eee-4f8a-8589-76ac333cee69.png,diffusiondb,c1183b67-0eee-4f8a-8589-76ac333cee69.png,eecd341187bc91c07f5994ad0660d40228ea025616fd57a509bef8323677c68f,9dcda4b93d8c73df7b1240629bec209566cd6119bb7f800c2906b8c3826b8777,5789627d166dd199c44cdc613c13cc24a572a08f5f96f1cc226524f05b66b9f4,768,512
diffdetect-hierarchical-calibration-v1,550,diffusiondb:376f7106-d755-4eaf-b1fa-40fb415114c0.png,synthetic,poloclub/diffusiondb,fb620fbe49fa4420e0734bd9c0df11f51176b61f,part-001800,376f7106-d755-4eaf-b1fa-40fb415114c0.png,diffusiondb,376f7106-d755-4eaf-b1fa-40fb415114c0.png,eecd341187bc91c07f5994ad0660d40228ea025616fd57a509bef8323677c68f,9dcda4b93d8c73df7b1240629bec209566cd6119bb7f800c2906b8c3826b8777,30a38b4830ad5d7feba2b08329c6e2228f90e77f059e60154a07db6d4334438d,512,768
diffdetect-hierarchical-calibration-v1,551,cocoglide:000000248980:real,real,nebula/CocoGlide,275f045df7caa2544dd28de7fa86b044ab661bd0,calibration,000000248980,cocoglide,000000248980_real.png,6ec4fa85098466cdafcb592afdd1be59c9c474ac09679f9da557522986e86244,9dcda4b93d8c73df7b1240629bec209566cd6119bb7f800c2906b8c3826b8777,2b2136c54dcae4fe984072f259add1d55f665790e57a68df7dfaad1c8a7f53fa,256,256
diffdetect-hierarchical-calibration-v1,552,cocoglide:000000293858:real,real,nebula/CocoGlide,275f045df7caa2544dd28de7fa86b044ab661bd0,calibration,000000293858,cocoglide,000000293858_real.png,6ec4fa85098466cdafcb592afdd1be59c9c474ac09679f9da557522986e86244,9dcda4b93d8c73df7b1240629bec209566cd6119bb7f800c2906b8c3826b8777,8e1872d693253cd849643192fdf3c8b6139f47660c8675a4ec5e782ae9d80089,256,256
diffdetect-hierarchical-calibration-v1,553,cocoglide:000000209972:real,real,nebula/CocoGlide,275f045df7caa2544dd28de7fa86b044ab661bd0,calibration,000000209972,cocoglide,000000209972_real.png,6ec4fa85098466cdafcb592afdd1be59c9c474ac09679f9da557522986e86244,9dcda4b93d8c73df7b1240629bec209566cd6119bb7f800c2906b8c3826b8777,90c2d08616a3659c008a9623afd0796fdd98b5426dd81621039d1e443e5683ef,256,256
diffdetect-hierarchical-calibration-v1,554,cocoglide:000000100582:real,real,nebula/CocoGlide,275f045df7caa2544dd28de7fa86b044ab661bd0,calibration,000000100582,cocoglide,000000100582_real.png,6ec4fa85098466cdafcb592afdd1be59c9c474ac09679f9da557522986e86244,9dcda4b93d8c73df7b1240629bec209566cd6119bb7f800c2906b8c3826b8777,2062da4691c4bd80d54fba8eb61c3ade6042c8600333b27a73817bc46278bfc8,256,256
diffdetect-hierarchical-calibration-v1,555,cocoglide:000000214200:edited,edited,nebula/CocoGlide,275f045df7caa2544dd28de7fa86b044ab661bd0,calibration,000000214200,cocoglide,000000214200_manipulated.png,6ec4fa85098466cdafcb592afdd1be59c9c474ac09679f9da557522986e86244,9dcda4b93d8c73df7b1240629bec209566cd6119bb7f800c2906b8c3826b8777,385c3ad595a3e4f0d43575be2c658d2c8ba9d2ef3d10892393ae762f4e0952f2,256,256
diffdetect-hierarchical-calibration-v1,556,cocoglide:000000129135:edited,edited,nebula/CocoGlide,275f045df7caa2544dd28de7fa86b044ab661bd0,calibration,000000129135,cocoglide,000000129135_manipulated.png,6ec4fa85098466cdafcb592afdd1be59c9c474ac09679f9da557522986e86244,9dcda4b93d8c73df7b1240629bec209566cd6119bb7f800c2906b8c3826b8777,a49c5decda2036ddc5cc9f3a0e26ccb22979e668591c4ae1094b3d68afa04fe2,256,256
diffdetect-hierarchical-calibration-v1,557,cocoglide:000000095843:real,real,nebula/CocoGlide,275f045df7caa2544dd28de7fa86b044ab661bd0,calibration,000000095843,cocoglide,000000095843_real.png,6ec4fa85098466cdafcb592afdd1be59c9c474ac09679f9da557522986e86244,9dcda4b93d8c73df7b1240629bec209566cd6119bb7f800c2906b8c3826b8777,ef6e5f3f0f3e854eccec9b11fbf905b95489a4d02b4a82da48b0c0701d1c5ac9,256,256
diffdetect-hierarchical-calibration-v1,558,diffusiondb:887b30f1-2030-4dea-a678-3793ed39ad08.png,synthetic,poloclub/diffusiondb,fb620fbe49fa4420e0734bd9c0df11f51176b61f,part-001800,887b30f1-2030-4dea-a678-3793ed39ad08.png,diffusiondb,887b30f1-2030-4dea-a678-3793ed39ad08.png,eecd341187bc91c07f5994ad0660d40228ea025616fd57a509bef8323677c68f,9dcda4b93d8c73df7b1240629bec209566cd6119bb7f800c2906b8c3826b8777,bc910fc638afdbf3b52ec6a7f4a42f51798b5f959975705ca8af63b4c4d4790f,512,512
diffdetect-hierarchical-calibration-v1,559,cocoglide:000000066841:edited,edited,nebula/CocoGlide,275f045df7caa2544dd28de7fa86b044ab661bd0,calibration,000000066841,cocoglide,000000066841_manipulated.png,6ec4fa85098466cdafcb592afdd1be59c9c474ac09679f9da557522986e86244,9dcda4b93d8c73df7b1240629bec209566cd6119bb7f800c2906b8c3826b8777,951b29d7fe780a9434de03dd68ca809598906fd5a104a23b9f4c50709b7fa35c,256,256
diffdetect-hierarchical-calibration-v1,560,cocoglide:000000405205:edited,edited,nebula/CocoGlide,275f045df7caa2544dd28de7fa86b044ab661bd0,calibration,000000405205,cocoglide,000000405205_manipulated.png,6ec4fa85098466cdafcb592afdd1be59c9c474ac09679f9da557522986e86244,9dcda4b93d8c73df7b1240629bec209566cd6119bb7f800c2906b8c3826b8777,bd7b6da3bd49c927d19adc6d8939fee9041a53c9361c4520a7e8a738e8eaa212,256,256
diffdetect-hierarchical-calibration-v1,561,diffusiondb:02d5089e-1d29-4018-9f7e-294c437257a4.png,synthetic,poloclub/diffusiondb,fb620fbe49fa4420e0734bd9c0df11f51176b61f,part-001800,02d5089e-1d29-4018-9f7e-294c437257a4.png,diffusiondb,02d5089e-1d29-4018-9f7e-294c437257a4.png,eecd341187bc91c07f5994ad0660d40228ea025616fd57a509bef8323677c68f,9dcda4b93d8c73df7b1240629bec209566cd6119bb7f800c2906b8c3826b8777,9c155208965edd8e16bf48eac209a36ea37837a8e6bc50aa665040d32e13e249,512,512
diffdetect-hierarchical-calibration-v1,562,cocoglide:000000357941:edited,edited,nebula/CocoGlide,275f045df7caa2544dd28de7fa86b044ab661bd0,calibration,000000357941,cocoglide,000000357941_manipulated.png,6ec4fa85098466cdafcb592afdd1be59c9c474ac09679f9da557522986e86244,9dcda4b93d8c73df7b1240629bec209566cd6119bb7f800c2906b8c3826b8777,45364fa1e25ab6f9fc6fff5fed54f3aa8f31d4cf7d5585da185c3fb7746b55a9,256,256
diffdetect-hierarchical-calibration-v1,563,cocoglide:000000537802:edited,edited,nebula/CocoGlide,275f045df7caa2544dd28de7fa86b044ab661bd0,calibration,000000537802,cocoglide,000000537802_manipulated.png,6ec4fa85098466cdafcb592afdd1be59c9c474ac09679f9da557522986e86244,9dcda4b93d8c73df7b1240629bec209566cd6119bb7f800c2906b8c3826b8777,90c1560333da6aabe75fee1970e72a5ae7adaf40d66d9bdccee69b9a4be5b99c,256,256
diffdetect-hierarchical-calibration-v1,564,cocoglide:000000572956:real,real,nebula/CocoGlide,275f045df7caa2544dd28de7fa86b044ab661bd0,calibration,000000572956,cocoglide,000000572956_real.png,6ec4fa85098466cdafcb592afdd1be59c9c474ac09679f9da557522986e86244,9dcda4b93d8c73df7b1240629bec209566cd6119bb7f800c2906b8c3826b8777,5ee97c76c0e4b68da23ea28485fb231f6b4d0b955110642ecf0dffb8fe0680f3,256,256
diffdetect-hierarchical-calibration-v1,565,cocoglide:000000210030:real,real,nebula/CocoGlide,275f045df7caa2544dd28de7fa86b044ab661bd0,calibration,000000210030,cocoglide,000000210030_real.png,6ec4fa85098466cdafcb592afdd1be59c9c474ac09679f9da557522986e86244,9dcda4b93d8c73df7b1240629bec209566cd6119bb7f800c2906b8c3826b8777,f29ab076bec7ed2d0c7dac672c380a7986ab10c5aca3f8b9df1dc532a708c97c,256,256
diffdetect-hierarchical-calibration-v1,566,cocoglide:000000561335:edited,edited,nebula/CocoGlide,275f045df7caa2544dd28de7fa86b044ab661bd0,calibration,000000561335,cocoglide,000000561335_manipulated.png,6ec4fa85098466cdafcb592afdd1be59c9c474ac09679f9da557522986e86244,9dcda4b93d8c73df7b1240629bec209566cd6119bb7f800c2906b8c3826b8777,ddb5cc57da7c209eb742d7b208ffd6eb2f482f8e69341f59e6fc96fed82064d4,256,256
diffdetect-hierarchical-calibration-v1,567,diffusiondb:a6a3b073-4e52-470f-af00-94c0fd97fff7.png,synthetic,poloclub/diffusiondb,fb620fbe49fa4420e0734bd9c0df11f51176b61f,part-001800,a6a3b073-4e52-470f-af00-94c0fd97fff7.png,diffusiondb,a6a3b073-4e52-470f-af00-94c0fd97fff7.png,eecd341187bc91c07f5994ad0660d40228ea025616fd57a509bef8323677c68f,9dcda4b93d8c73df7b1240629bec209566cd6119bb7f800c2906b8c3826b8777,adc7ea75e00a6ab57fd6cae2e59aa1f9c4b45bd167aa27e258eda9238b0e6cb2,512,512
diffdetect-hierarchical-calibration-v1,568,cocoglide:000000338191:real,real,nebula/CocoGlide,275f045df7caa2544dd28de7fa86b044ab661bd0,calibration,000000338191,cocoglide,000000338191_real.png,6ec4fa85098466cdafcb592afdd1be59c9c474ac09679f9da557522986e86244,9dcda4b93d8c73df7b1240629bec209566cd6119bb7f800c2906b8c3826b8777,242de37517ffbb4e8e4cd225a5630c306d22f2a9f87db139ac866b2968edf175,256,256
diffdetect-hierarchical-calibration-v1,569,diffusiondb:6acdfa4b-2804-4bec-8500-fa724872efe7.png,synthetic,poloclub/diffusiondb,fb620fbe49fa4420e0734bd9c0df11f51176b61f,part-001800,6acdfa4b-2804-4bec-8500-fa724872efe7.png,diffusiondb,6acdfa4b-2804-4bec-8500-fa724872efe7.png,eecd341187bc91c07f5994ad0660d40228ea025616fd57a509bef8323677c68f,9dcda4b93d8c73df7b1240629bec209566cd6119bb7f800c2906b8c3826b8777,93fb0399a9cfdcc930dd550979aa31db158b11cce539f73e084462f4eebcf652,1024,576
diffdetect-hierarchical-calibration-v1,570,cocoglide:000000127182:real,real,nebula/CocoGlide,275f045df7caa2544dd28de7fa86b044ab661bd0,calibration,000000127182,cocoglide,000000127182_real.png,6ec4fa85098466cdafcb592afdd1be59c9c474ac09679f9da557522986e86244,9dcda4b93d8c73df7b1240629bec209566cd6119bb7f800c2906b8c3826b8777,8b49bf400e562b5fc9caed4c750b53c89f666e34cefb6a059a9b83ad994a3daf,256,256
diffdetect-hierarchical-calibration-v1,571,cocoglide:000000524108:edited,edited,nebula/CocoGlide,275f045df7caa2544dd28de7fa86b044ab661bd0,calibration,000000524108,cocoglide,000000524108_manipulated.png,6ec4fa85098466cdafcb592afdd1be59c9c474ac09679f9da557522986e86244,9dcda4b93d8c73df7b1240629bec209566cd6119bb7f800c2906b8c3826b8777,013065b469309325aeba20d178c15a7b66f1d4b0de41a22abac9707d8166ac73,256,256
diffdetect-hierarchical-calibration-v1,572,cocoglide:000000076417:real,real,nebula/CocoGlide,275f045df7caa2544dd28de7fa86b044ab661bd0,calibration,000000076417,cocoglide,000000076417_real.png,6ec4fa85098466cdafcb592afdd1be59c9c474ac09679f9da557522986e86244,9dcda4b93d8c73df7b1240629bec209566cd6119bb7f800c2906b8c3826b8777,ea9859dd33fdd663bcef9317d3e60a1bbcf8b61049a4a1192d2fcf5893929a69,256,256
diffdetect-hierarchical-calibration-v1,573,cocoglide:000000304984:edited,edited,nebula/CocoGlide,275f045df7caa2544dd28de7fa86b044ab661bd0,calibration,000000304984,cocoglide,000000304984_manipulated.png,6ec4fa85098466cdafcb592afdd1be59c9c474ac09679f9da557522986e86244,9dcda4b93d8c73df7b1240629bec209566cd6119bb7f800c2906b8c3826b8777,fafc481f2d1381265ccc71c74efb9fb27717e1bc5f0cd894038af8bf6d1034bd,256,256
diffdetect-hierarchical-calibration-v1,574,cocoglide:000000516871:edited,edited,nebula/CocoGlide,275f045df7caa2544dd28de7fa86b044ab661bd0,calibration,000000516871,cocoglide,000000516871_manipulated.png,6ec4fa85098466cdafcb592afdd1be59c9c474ac09679f9da557522986e86244,9dcda4b93d8c73df7b1240629bec209566cd6119bb7f800c2906b8c3826b8777,9ac219a167a7a438a445166ffb6ba5aabfd8b70e4694b23aaa76edb846967fed,256,256
diffdetect-hierarchical-calibration-v1,575,cocoglide:000000269932:real,real,nebula/CocoGlide,275f045df7caa2544dd28de7fa86b044ab661bd0,calibration,000000269932,cocoglide,000000269932_real.png,6ec4fa85098466cdafcb592afdd1be59c9c474ac09679f9da557522986e86244,9dcda4b93d8c73df7b1240629bec209566cd6119bb7f800c2906b8c3826b8777,f2f103d5cdf2ae1219bcb4ba309ca8957c28f6fa77d3f2ae9ea8810b04dda5aa,256,256
diffdetect-hierarchical-calibration-v1,576,cocoglide:000000293474:edited,edited,nebula/CocoGlide,275f045df7caa2544dd28de7fa86b044ab661bd0,calibration,000000293474,cocoglide,000000293474_manipulated.png,6ec4fa85098466cdafcb592afdd1be59c9c474ac09679f9da557522986e86244,9dcda4b93d8c73df7b1240629bec209566cd6119bb7f800c2906b8c3826b8777,e043bb0ddb641cea8956519a188285b71ecf51da24e7595c4a166bb7f7b2275a,256,256
diffdetect-hierarchical-calibration-v1,577,cocoglide:000000364322:real,real,nebula/CocoGlide,275f045df7caa2544dd28de7fa86b044ab661bd0,calibration,000000364322,cocoglide,000000364322_real.png,6ec4fa85098466cdafcb592afdd1be59c9c474ac09679f9da557522986e86244,9dcda4b93d8c73df7b1240629bec209566cd6119bb7f800c2906b8c3826b8777,3b9499eba7f857b25e1a91d1db48c29484655711c7ac18587f6b2df04ad80784,256,256
diffdetect-hierarchical-calibration-v1,578,cocoglide:000000105014:edited,edited,nebula/CocoGlide,275f045df7caa2544dd28de7fa86b044ab661bd0,calibration,000000105014,cocoglide,000000105014_manipulated.png,6ec4fa85098466cdafcb592afdd1be59c9c474ac09679f9da557522986e86244,9dcda4b93d8c73df7b1240629bec209566cd6119bb7f800c2906b8c3826b8777,44e08d1317a20f103867461c2982432e8db1de4955414cd1f187087737068470,256,256
diffdetect-hierarchical-calibration-v1,579,diffusiondb:3396999c-6c0f-4b9f-a41a-d375ff119e36.png,synthetic,poloclub/diffusiondb,fb620fbe49fa4420e0734bd9c0df11f51176b61f,part-001800,3396999c-6c0f-4b9f-a41a-d375ff119e36.png,diffusiondb,3396999c-6c0f-4b9f-a41a-d375ff119e36.png,eecd341187bc91c07f5994ad0660d40228ea025616fd57a509bef8323677c68f,9dcda4b93d8c73df7b1240629bec209566cd6119bb7f800c2906b8c3826b8777,77a18387854a755f57087342f68b5ece6d454561c952ff30323208f0b545bd66,512,512
diffdetect-hierarchical-calibration-v1,580,diffusiondb:ae2ce43e-5c64-4971-8ac3-df87b2c993aa.png,synthetic,poloclub/diffusiondb,fb620fbe49fa4420e0734bd9c0df11f51176b61f,part-001800,ae2ce43e-5c64-4971-8ac3-df87b2c993aa.png,diffusiondb,ae2ce43e-5c64-4971-8ac3-df87b2c993aa.png,eecd341187bc91c07f5994ad0660d40228ea025616fd57a509bef8323677c68f,9dcda4b93d8c73df7b1240629bec209566cd6119bb7f800c2906b8c3826b8777,3c6503ff15b152e50dbd68a87dd786c1e0628c5e5d4fd33acb68e71c57fe20c8,512,512
diffdetect-hierarchical-calibration-v1,581,cocoglide:000000433192:edited,edited,nebula/CocoGlide,275f045df7caa2544dd28de7fa86b044ab661bd0,calibration,000000433192,cocoglide,000000433192_manipulated.png,6ec4fa85098466cdafcb592afdd1be59c9c474ac09679f9da557522986e86244,9dcda4b93d8c73df7b1240629bec209566cd6119bb7f800c2906b8c3826b8777,757d4530655c4098501b781407341d66316c349653345a1f4e99a48ec6645229,256,256
diffdetect-hierarchical-calibration-v1,582,cocoglide:000000043581:real,real,nebula/CocoGlide,275f045df7caa2544dd28de7fa86b044ab661bd0,calibration,000000043581,cocoglide,000000043581_real.png,6ec4fa85098466cdafcb592afdd1be59c9c474ac09679f9da557522986e86244,9dcda4b93d8c73df7b1240629bec209566cd6119bb7f800c2906b8c3826b8777,38ef32009e8047cc9734fe5b9bf38b17bfc95b0541bc58338554715e270a0b6d,256,256
diffdetect-hierarchical-calibration-v1,583,cocoglide:000000049269:real,real,nebula/CocoGlide,275f045df7caa2544dd28de7fa86b044ab661bd0,calibration,000000049269,cocoglide,000000049269_real.png,6ec4fa85098466cdafcb592afdd1be59c9c474ac09679f9da557522986e86244,9dcda4b93d8c73df7b1240629bec209566cd6119bb7f800c2906b8c3826b8777,d56ccb9ff7c4f13f78af5cb5b16ac25c3dcfbd0b9a1d1e5a2ce15453b30ebba3,256,256
diffdetect-hierarchical-calibration-v1,584,cocoglide:000000010363:edited,edited,nebula/CocoGlide,275f045df7caa2544dd28de7fa86b044ab661bd0,calibration,000000010363,cocoglide,000000010363_manipulated.png,6ec4fa85098466cdafcb592afdd1be59c9c474ac09679f9da557522986e86244,9dcda4b93d8c73df7b1240629bec209566cd6119bb7f800c2906b8c3826b8777,1868461bd227c1bf2cd5ab5ef6f70607c3d6ca3fcfc63c8469d0f2d343652a51,256,256
diffdetect-hierarchical-calibration-v1,585,cocoglide:000000357941:real,real,nebula/CocoGlide,275f045df7caa2544dd28de7fa86b044ab661bd0,calibration,000000357941,cocoglide,000000357941_real.png,6ec4fa85098466cdafcb592afdd1be59c9c474ac09679f9da557522986e86244,9dcda4b93d8c73df7b1240629bec209566cd6119bb7f800c2906b8c3826b8777,0c7c050d453819478b2345c5298ab843e09b85f53532b3c2a80cbbfdedaff9a3,256,256
diffdetect-hierarchical-calibration-v1,586,cocoglide:000000296969:real,real,nebula/CocoGlide,275f045df7caa2544dd28de7fa86b044ab661bd0,calibration,000000296969,cocoglide,000000296969_real.png,6ec4fa85098466cdafcb592afdd1be59c9c474ac09679f9da557522986e86244,9dcda4b93d8c73df7b1240629bec209566cd6119bb7f800c2906b8c3826b8777,993f0209ab37c289ee6f60d1fa0caf0e77241b5b536f953f3630d7f8ba9fb7cd,256,256
diffdetect-hierarchical-calibration-v1,587,diffusiondb:8fecb1ae-9b89-4f6d-a625-4cfd5f83e542.png,synthetic,poloclub/diffusiondb,fb620fbe49fa4420e0734bd9c0df11f51176b61f,part-001800,8fecb1ae-9b89-4f6d-a625-4cfd5f83e542.png,diffusiondb,8fecb1ae-9b89-4f6d-a625-4cfd5f83e542.png,eecd341187bc91c07f5994ad0660d40228ea025616fd57a509bef8323677c68f,9dcda4b93d8c73df7b1240629bec209566cd6119bb7f800c2906b8c3826b8777,ed05cf6171dbfe8d0fd3d4f975f2b379ac76bf010199eb74e4ba24c138dfc2c9,1280,512
diffdetect-hierarchical-calibration-v1,588,cocoglide:000000346707:real,real,nebula/CocoGlide,275f045df7caa2544dd28de7fa86b044ab661bd0,calibration,000000346707,cocoglide,000000346707_real.png,6ec4fa85098466cdafcb592afdd1be59c9c474ac09679f9da557522986e86244,9dcda4b93d8c73df7b1240629bec209566cd6119bb7f800c2906b8c3826b8777,33d7200ed401ffb3925fd281481e6db667e32e4e2d046426ee029aaa9efe2365,256,256
diffdetect-hierarchical-calibration-v1,589,cocoglide:000000242287:real,real,nebula/CocoGlide,275f045df7caa2544dd28de7fa86b044ab661bd0,calibration,000000242287,cocoglide,000000242287_real.png,6ec4fa85098466cdafcb592afdd1be59c9c474ac09679f9da557522986e86244,9dcda4b93d8c73df7b1240629bec209566cd6119bb7f800c2906b8c3826b8777,d36e5b741c81b076bb719f50008d954d245b74557d8e2290809f047c15f26e78,256,256
diffdetect-hierarchical-calibration-v1,590,cocoglide:000000056344:edited,edited,nebula/CocoGlide,275f045df7caa2544dd28de7fa86b044ab661bd0,calibration,000000056344,cocoglide,000000056344_manipulated.png,6ec4fa85098466cdafcb592afdd1be59c9c474ac09679f9da557522986e86244,9dcda4b93d8c73df7b1240629bec209566cd6119bb7f800c2906b8c3826b8777,e7ee2aa54e89f8691d0d4c70c5ac10071f428cdecf17b8e0664a7095e552ba23,256,256
diffdetect-hierarchical-calibration-v1,591,cocoglide:000000017178:edited,edited,nebula/CocoGlide,275f045df7caa2544dd28de7fa86b044ab661bd0,calibration,000000017178,cocoglide,000000017178_manipulated.png,6ec4fa85098466cdafcb592afdd1be59c9c474ac09679f9da557522986e86244,9dcda4b93d8c73df7b1240629bec209566cd6119bb7f800c2906b8c3826b8777,857e8a17ffc53f8e78d454d4afd07b085e9f17270f42b9f68f460b1011c4d3c7,256,256
diffdetect-hierarchical-calibration-v1,592,cocoglide:000000438226:real,real,nebula/CocoGlide,275f045df7caa2544dd28de7fa86b044ab661bd0,calibration,000000438226,cocoglide,000000438226_real.png,6ec4fa85098466cdafcb592afdd1be59c9c474ac09679f9da557522986e86244,9dcda4b93d8c73df7b1240629bec209566cd6119bb7f800c2906b8c3826b8777,b74b14ea1f3aace5db65c1f063485da858c17e286bb19d9d14707db273fc4924,256,256
diffdetect-hierarchical-calibration-v1,593,diffusiondb:73bd6af8-762f-45c4-beca-e6beab873d44.png,synthetic,poloclub/diffusiondb,fb620fbe49fa4420e0734bd9c0df11f51176b61f,part-001800,73bd6af8-762f-45c4-beca-e6beab873d44.png,diffusiondb,73bd6af8-762f-45c4-beca-e6beab873d44.png,eecd341187bc91c07f5994ad0660d40228ea025616fd57a509bef8323677c68f,9dcda4b93d8c73df7b1240629bec209566cd6119bb7f800c2906b8c3826b8777,b6045b29b41c4f10829dcb692bfb1db1d2671b6d96565361ff242570d57c1034,1024,512
diffdetect-hierarchical-calibration-v1,594,cocoglide:000000446522:edited,edited,nebula/CocoGlide,275f045df7caa2544dd28de7fa86b044ab661bd0,calibration,000000446522,cocoglide,000000446522_manipulated.png,6ec4fa85098466cdafcb592afdd1be59c9c474ac09679f9da557522986e86244,9dcda4b93d8c73df7b1240629bec209566cd6119bb7f800c2906b8c3826b8777,112189161ce0e465e951f319d42b7341e3d5152d608a3970e80ec2c985ef6f67,256,256
diffdetect-hierarchical-calibration-v1,595,diffusiondb:d2bed9ff-0126-4529-be05-f89c3b372b5a.png,synthetic,poloclub/diffusiondb,fb620fbe49fa4420e0734bd9c0df11f51176b61f,part-001800,d2bed9ff-0126-4529-be05-f89c3b372b5a.png,diffusiondb,d2bed9ff-0126-4529-be05-f89c3b372b5a.png,eecd341187bc91c07f5994ad0660d40228ea025616fd57a509bef8323677c68f,9dcda4b93d8c73df7b1240629bec209566cd6119bb7f800c2906b8c3826b8777,51258aaedac15116d60f9ce89d834ddd5405c59d7e6876e1fc22c2dd0ccf7367,512,640
diffdetect-hierarchical-calibration-v1,596,cocoglide:000000088265:edited,edited,nebula/CocoGlide,275f045df7caa2544dd28de7fa86b044ab661bd0,calibration,000000088265,cocoglide,000000088265_manipulated.png,6ec4fa85098466cdafcb592afdd1be59c9c474ac09679f9da557522986e86244,9dcda4b93d8c73df7b1240629bec209566cd6119bb7f800c2906b8c3826b8777,4b78bee9bfa077ec1046def45c5c8648137f14e0b61d0dc227a5ca0f3d696fc2,256,256
diffdetect-hierarchical-calibration-v1,597,cocoglide:000000350388:real,real,nebula/CocoGlide,275f045df7caa2544dd28de7fa86b044ab661bd0,calibration,000000350388,cocoglide,000000350388_real.png,6ec4fa85098466cdafcb592afdd1be59c9c474ac09679f9da557522986e86244,9dcda4b93d8c73df7b1240629bec209566cd6119bb7f800c2906b8c3826b8777,8d034facc16a8e8c3969fac5ba9c5528e12eca13809b0084cb7b5d05381c90c3,256,256
diffdetect-hierarchical-calibration-v1,598,cocoglide:000000140929:real,real,nebula/CocoGlide,275f045df7caa2544dd28de7fa86b044ab661bd0,calibration,000000140929,cocoglide,000000140929_real.png,6ec4fa85098466cdafcb592afdd1be59c9c474ac09679f9da557522986e86244,9dcda4b93d8c73df7b1240629bec209566cd6119bb7f800c2906b8c3826b8777,5195fa00d7474e460ff9986ae659edb164df0d6df3370f0d2356e86ce0f2caac,256,256
diffdetect-hierarchical-calibration-v1,599,diffusiondb:40de94aa-908a-4c9d-817e-e2a686c76b36.png,synthetic,poloclub/diffusiondb,fb620fbe49fa4420e0734bd9c0df11f51176b61f,part-001800,40de94aa-908a-4c9d-817e-e2a686c76b36.png,diffusiondb,40de94aa-908a-4c9d-817e-e2a686c76b36.png,eecd341187bc91c07f5994ad0660d40228ea025616fd57a509bef8323677c68f,9dcda4b93d8c73df7b1240629bec209566cd6119bb7f800c2906b8c3826b8777,05a31f697bdf7fd917dd49abe242355faf7428a45aff968e5b01268fef84c10b,512,704
diffdetect-hierarchical-calibration-v1,600,cocoglide:000000428280:real,real,nebula/CocoGlide,275f045df7caa2544dd28de7fa86b044ab661bd0,calibration,000000428280,cocoglide,000000428280_real.png,6ec4fa85098466cdafcb592afdd1be59c9c474ac09679f9da557522986e86244,9dcda4b93d8c73df7b1240629bec209566cd6119bb7f800c2906b8c3826b8777,f75f013f63f01ce4454e0bdfb7816c7018a8652f813acb2554ef7a8776817a4c,256,256
diffdetect-hierarchical-calibration-v1,601,cocoglide:000000272416:real,real,nebula/CocoGlide,275f045df7caa2544dd28de7fa86b044ab661bd0,calibration,000000272416,cocoglide,000000272416_real.png,6ec4fa85098466cdafcb592afdd1be59c9c474ac09679f9da557522986e86244,9dcda4b93d8c73df7b1240629bec209566cd6119bb7f800c2906b8c3826b8777,5afa8e4664d94f659855e31812f6c953948e83847644938fa7dfc6f9f5165e18,256,256
diffdetect-hierarchical-calibration-v1,602,diffusiondb:16ddc700-a21e-4b31-b547-a0c3ed783bfc.png,synthetic,poloclub/diffusiondb,fb620fbe49fa4420e0734bd9c0df11f51176b61f,part-001800,16ddc700-a21e-4b31-b547-a0c3ed783bfc.png,diffusiondb,16ddc700-a21e-4b31-b547-a0c3ed783bfc.png,eecd341187bc91c07f5994ad0660d40228ea025616fd57a509bef8323677c68f,9dcda4b93d8c73df7b1240629bec209566cd6119bb7f800c2906b8c3826b8777,b4afe0e7745eeb0f90753a79092e8f66c8fa936a2ec5cd7323f4720d353e2ad5,512,768
diffdetect-hierarchical-calibration-v1,603,diffusiondb:8d4d8cca-e97d-411c-88ca-120be03a1ff5.png,synthetic,poloclub/diffusiondb,fb620fbe49fa4420e0734bd9c0df11f51176b61f,part-001800,8d4d8cca-e97d-411c-88ca-120be03a1ff5.png,diffusiondb,8d4d8cca-e97d-411c-88ca-120be03a1ff5.png,eecd341187bc91c07f5994ad0660d40228ea025616fd57a509bef8323677c68f,9dcda4b93d8c73df7b1240629bec209566cd6119bb7f800c2906b8c3826b8777,bd29620d254ff762398f97d874cb9ad01bb190a0a7229a6754efb315cb88add9,1024,1024
diffdetect-hierarchical-calibration-v1,604,cocoglide:000000143998:real,real,nebula/CocoGlide,275f045df7caa2544dd28de7fa86b044ab661bd0,calibration,000000143998,cocoglide,000000143998_real.png,6ec4fa85098466cdafcb592afdd1be59c9c474ac09679f9da557522986e86244,9dcda4b93d8c73df7b1240629bec209566cd6119bb7f800c2906b8c3826b8777,b476447f55ea11d65e2678c6ce6c0ede1e91be117170aba85ad1291a2c51aef1,256,256
diffdetect-hierarchical-calibration-v1,605,diffusiondb:22a5d315-f615-4637-970b-f94b3cadd668.png,synthetic,poloclub/diffusiondb,fb620fbe49fa4420e0734bd9c0df11f51176b61f,part-001800,22a5d315-f615-4637-970b-f94b3cadd668.png,diffusiondb,22a5d315-f615-4637-970b-f94b3cadd668.png,eecd341187bc91c07f5994ad0660d40228ea025616fd57a509bef8323677c68f,9dcda4b93d8c73df7b1240629bec209566cd6119bb7f800c2906b8c3826b8777,adfab4955650dd0d78e825afd1cc8f2cf28ac19b653d9312be4e2ae768305b51,1024,576
diffdetect-hierarchical-calibration-v1,606,diffusiondb:e9f69fdc-d568-43ab-ac6a-09eeb1e3641c.png,synthetic,poloclub/diffusiondb,fb620fbe49fa4420e0734bd9c0df11f51176b61f,part-001800,e9f69fdc-d568-43ab-ac6a-09eeb1e3641c.png,diffusiondb,e9f69fdc-d568-43ab-ac6a-09eeb1e3641c.png,eecd341187bc91c07f5994ad0660d40228ea025616fd57a509bef8323677c68f,9dcda4b93d8c73df7b1240629bec209566cd6119bb7f800c2906b8c3826b8777,a72b69ad4e35f4daf42808d39407c0a7957de9f37e1773ab6df61a0ad8712e94,1280,512
diffdetect-hierarchical-calibration-v1,607,cocoglide:000000423971:real,real,nebula/CocoGlide,275f045df7caa2544dd28de7fa86b044ab661bd0,calibration,000000423971,cocoglide,000000423971_real.png,6ec4fa85098466cdafcb592afdd1be59c9c474ac09679f9da557522986e86244,9dcda4b93d8c73df7b1240629bec209566cd6119bb7f800c2906b8c3826b8777,6dbf7a44f5e22ea43090b65d89a37746019b8ae82d1b6edadf86284cdf7f30e6,256,256
diffdetect-hierarchical-calibration-v1,608,cocoglide:000000290592:edited,edited,nebula/CocoGlide,275f045df7caa2544dd28de7fa86b044ab661bd0,calibration,000000290592,cocoglide,000000290592_manipulated.png,6ec4fa85098466cdafcb592afdd1be59c9c474ac09679f9da557522986e86244,9dcda4b93d8c73df7b1240629bec209566cd6119bb7f800c2906b8c3826b8777,2f5ce0c8c2312235524725f5df843e044bba6b0fa13b95fffe586320579ac820,256,256
diffdetect-hierarchical-calibration-v1,609,diffusiondb:119befe7-cb3b-4e98-9cb4-3075c3d5228a.png,synthetic,poloclub/diffusiondb,fb620fbe49fa4420e0734bd9c0df11f51176b61f,part-001800,119befe7-cb3b-4e98-9cb4-3075c3d5228a.png,diffusiondb,119befe7-cb3b-4e98-9cb4-3075c3d5228a.png,eecd341187bc91c07f5994ad0660d40228ea025616fd57a509bef8323677c68f,9dcda4b93d8c73df7b1240629bec209566cd6119bb7f800c2906b8c3826b8777,daeadaf2fd9620052fa9912de8e8f3c6c71cc813e03d47c3ed94de2eb9d16ed2,512,512
diffdetect-hierarchical-calibration-v1,610,diffusiondb:0d2c4d30-89c7-4f50-adda-07c28be7a2a1.png,synthetic,poloclub/diffusiondb,fb620fbe49fa4420e0734bd9c0df11f51176b61f,part-001800,0d2c4d30-89c7-4f50-adda-07c28be7a2a1.png,diffusiondb,0d2c4d30-89c7-4f50-adda-07c28be7a2a1.png,eecd341187bc91c07f5994ad0660d40228ea025616fd57a509bef8323677c68f,9dcda4b93d8c73df7b1240629bec209566cd6119bb7f800c2906b8c3826b8777,cadffa70c9d79312b3e1f78f277ecb41dfe6ad48825adfe3b24bb543d5dd532f,512,640
diffdetect-hierarchical-calibration-v1,611,cocoglide:000000384513:edited,edited,nebula/CocoGlide,275f045df7caa2544dd28de7fa86b044ab661bd0,calibration,000000384513,cocoglide,000000384513_manipulated.png,6ec4fa85098466cdafcb592afdd1be59c9c474ac09679f9da557522986e86244,9dcda4b93d8c73df7b1240629bec209566cd6119bb7f800c2906b8c3826b8777,0f1f36b8c9b7d19511b299be2a4f53e6a67ad52fecccb433d33e32cfa274bbec,256,256
diffdetect-hierarchical-calibration-v1,612,diffusiondb:3b8b0ffb-42d9-41db-864d-fae31c020ac5.png,synthetic,poloclub/diffusiondb,fb620fbe49fa4420e0734bd9c0df11f51176b61f,part-001800,3b8b0ffb-42d9-41db-864d-fae31c020ac5.png,diffusiondb,3b8b0ffb-42d9-41db-864d-fae31c020ac5.png,eecd341187bc91c07f5994ad0660d40228ea025616fd57a509bef8323677c68f,9dcda4b93d8c73df7b1240629bec209566cd6119bb7f800c2906b8c3826b8777,301648951589a7e19fb16ba7a67bab901dc884b74e4e0311a0a68fab0147dc40,512,512
diffdetect-hierarchical-calibration-v1,613,cocoglide:000000530052:edited,edited,nebula/CocoGlide,275f045df7caa2544dd28de7fa86b044ab661bd0,calibration,000000530052,cocoglide,000000530052_manipulated.png,6ec4fa85098466cdafcb592afdd1be59c9c474ac09679f9da557522986e86244,9dcda4b93d8c73df7b1240629bec209566cd6119bb7f800c2906b8c3826b8777,39433c738090108ff2353845e8aab5b73a63c08ccc94f18ea86fc840bf7e48e1,256,256
diffdetect-hierarchical-calibration-v1,614,diffusiondb:b48d5887-46e1-449d-9a55-384558cc521c.png,synthetic,poloclub/diffusiondb,fb620fbe49fa4420e0734bd9c0df11f51176b61f,part-001800,b48d5887-46e1-449d-9a55-384558cc521c.png,diffusiondb,b48d5887-46e1-449d-9a55-384558cc521c.png,eecd341187bc91c07f5994ad0660d40228ea025616fd57a509bef8323677c68f,9dcda4b93d8c73df7b1240629bec209566cd6119bb7f800c2906b8c3826b8777,8f1cf102d90965d35332f598d42079cf0a1b71c1e5f06f6130ec9eb1cddbb5c2,512,512
diffdetect-hierarchical-calibration-v1,615,cocoglide:000000222863:real,real,nebula/CocoGlide,275f045df7caa2544dd28de7fa86b044ab661bd0,calibration,000000222863,cocoglide,000000222863_real.png,6ec4fa85098466cdafcb592afdd1be59c9c474ac09679f9da557522986e86244,9dcda4b93d8c73df7b1240629bec209566cd6119bb7f800c2906b8c3826b8777,31b2d8eada0e3a5ef90af9744d12a72c5d9eb0f387480339af425f0d78bb2806,256,256
diffdetect-hierarchical-calibration-v1,616,diffusiondb:9dae742d-4ad2-491d-bbdf-d37bf3af9dad.png,synthetic,poloclub/diffusiondb,fb620fbe49fa4420e0734bd9c0df11f51176b61f,part-001800,9dae742d-4ad2-491d-bbdf-d37bf3af9dad.png,diffusiondb,9dae742d-4ad2-491d-bbdf-d37bf3af9dad.png,eecd341187bc91c07f5994ad0660d40228ea025616fd57a509bef8323677c68f,9dcda4b93d8c73df7b1240629bec209566cd6119bb7f800c2906b8c3826b8777,fadf438047c5702df493149a825525c7a8bed47a0aa7bf5a141f02cecd09156c,512,512
diffdetect-hierarchical-calibration-v1,617,cocoglide:000000504439:real,real,nebula/CocoGlide,275f045df7caa2544dd28de7fa86b044ab661bd0,calibration,000000504439,cocoglide,000000504439_real.png,6ec4fa85098466cdafcb592afdd1be59c9c474ac09679f9da557522986e86244,9dcda4b93d8c73df7b1240629bec209566cd6119bb7f800c2906b8c3826b8777,ae61cd223695b3b6cd1472664040b2941cdbb8b90306e61c4a1fdd05e13bafcf,256,256
diffdetect-hierarchical-calibration-v1,618,diffusiondb:5df6404f-9330-4c6c-8bd4-9081743a9f4b.png,synthetic,poloclub/diffusiondb,fb620fbe49fa4420e0734bd9c0df11f51176b61f,part-001800,5df6404f-9330-4c6c-8bd4-9081743a9f4b.png,diffusiondb,5df6404f-9330-4c6c-8bd4-9081743a9f4b.png,eecd341187bc91c07f5994ad0660d40228ea025616fd57a509bef8323677c68f,9dcda4b93d8c73df7b1240629bec209566cd6119bb7f800c2906b8c3826b8777,02fde70ed7b1fd6cc5fdbe86065b139757c1ef62b48dfe8ab8ecb4fa9f32ce04,512,512
diffdetect-hierarchical-calibration-v1,619,cocoglide:000000567825:edited,edited,nebula/CocoGlide,275f045df7caa2544dd28de7fa86b044ab661bd0,calibration,000000567825,cocoglide,000000567825_manipulated.png,6ec4fa85098466cdafcb592afdd1be59c9c474ac09679f9da557522986e86244,9dcda4b93d8c73df7b1240629bec209566cd6119bb7f800c2906b8c3826b8777,9321a109be54789be1a26c130d3afa8221553333aa02691f95f3f27a5e09978f,256,256
diffdetect-hierarchical-calibration-v1,620,cocoglide:000000079408:edited,edited,nebula/CocoGlide,275f045df7caa2544dd28de7fa86b044ab661bd0,calibration,000000079408,cocoglide,000000079408_manipulated.png,6ec4fa85098466cdafcb592afdd1be59c9c474ac09679f9da557522986e86244,9dcda4b93d8c73df7b1240629bec209566cd6119bb7f800c2906b8c3826b8777,4fa5958dc926d4f8a791c84d2814886a287a73e2417ce317a7346e11ccfc5f04,256,256
diffdetect-hierarchical-calibration-v1,621,cocoglide:000000435299:edited,edited,nebula/CocoGlide,275f045df7caa2544dd28de7fa86b044ab661bd0,calibration,000000435299,cocoglide,000000435299_manipulated.png,6ec4fa85098466cdafcb592afdd1be59c9c474ac09679f9da557522986e86244,9dcda4b93d8c73df7b1240629bec209566cd6119bb7f800c2906b8c3826b8777,99a23be687265d5aa1da23f00ac6a49dbc1b40b535892b600941743403cac6ac,256,256
diffdetect-hierarchical-calibration-v1,622,cocoglide:000000577584:edited,edited,nebula/CocoGlide,275f045df7caa2544dd28de7fa86b044ab661bd0,calibration,000000577584,cocoglide,000000577584_manipulated.png,6ec4fa85098466cdafcb592afdd1be59c9c474ac09679f9da557522986e86244,9dcda4b93d8c73df7b1240629bec209566cd6119bb7f800c2906b8c3826b8777,452e741f8c78c386c701bfccd665abcb98bd84ecca3610fbe2e8d770dacbca29,256,256
diffdetect-hierarchical-calibration-v1,623,cocoglide:000000180798:edited,edited,nebula/CocoGlide,275f045df7caa2544dd28de7fa86b044ab661bd0,calibration,000000180798,cocoglide,000000180798_manipulated.png,6ec4fa85098466cdafcb592afdd1be59c9c474ac09679f9da557522986e86244,9dcda4b93d8c73df7b1240629bec209566cd6119bb7f800c2906b8c3826b8777,22b4b69b9c90e781c66eeeb726de3bc59c342de1cb4316bdb992093a9b907b6a,256,256
diffdetect-hierarchical-calibration-v1,624,cocoglide:000000146363:real,real,nebula/CocoGlide,275f045df7caa2544dd28de7fa86b044ab661bd0,calibration,000000146363,cocoglide,000000146363_real.png,6ec4fa85098466cdafcb592afdd1be59c9c474ac09679f9da557522986e86244,9dcda4b93d8c73df7b1240629bec209566cd6119bb7f800c2906b8c3826b8777,be8ffcca1f1a854d339974d3c0c58651eda6d153f78637220263b8fd511db5c1,256,256
diffdetect-hierarchical-calibration-v1,625,diffusiondb:6a296c05-2500-4d0d-bf4f-b6bdd6722272.png,synthetic,poloclub/diffusiondb,fb620fbe49fa4420e0734bd9c0df11f51176b61f,part-001800,6a296c05-2500-4d0d-bf4f-b6bdd6722272.png,diffusiondb,6a296c05-2500-4d0d-bf4f-b6bdd6722272.png,eecd341187bc91c07f5994ad0660d40228ea025616fd57a509bef8323677c68f,9dcda4b93d8c73df7b1240629bec209566cd6119bb7f800c2906b8c3826b8777,b646eed17eada0ca1727f309b41953d2cab81f18cd5298e29a2b996918c3f398,896,896
diffdetect-hierarchical-calibration-v1,626,cocoglide:000000355677:edited,edited,nebula/CocoGlide,275f045df7caa2544dd28de7fa86b044ab661bd0,calibration,000000355677,cocoglide,000000355677_manipulated.png,6ec4fa85098466cdafcb592afdd1be59c9c474ac09679f9da557522986e86244,9dcda4b93d8c73df7b1240629bec209566cd6119bb7f800c2906b8c3826b8777,be6d61346f8f510cb06985c66498bfb2b7d16586278a8945941d6b86ac6683a0,256,256
diffdetect-hierarchical-calibration-v1,627,cocoglide:000000318114:real,real,nebula/CocoGlide,275f045df7caa2544dd28de7fa86b044ab661bd0,calibration,000000318114,cocoglide,000000318114_real.png,6ec4fa85098466cdafcb592afdd1be59c9c474ac09679f9da557522986e86244,9dcda4b93d8c73df7b1240629bec209566cd6119bb7f800c2906b8c3826b8777,72982c0841463b8a06cd11961ab0443ca319065f9aa4aeb7e9c66f325c16affb,256,256
diffdetect-hierarchical-calibration-v1,628,cocoglide:000000147518:real,real,nebula/CocoGlide,275f045df7caa2544dd28de7fa86b044ab661bd0,calibration,000000147518,cocoglide,000000147518_real.png,6ec4fa85098466cdafcb592afdd1be59c9c474ac09679f9da557522986e86244,9dcda4b93d8c73df7b1240629bec209566cd6119bb7f800c2906b8c3826b8777,871a915a4442e839f3f8ecd06d05ff1472867aeec3371a72148154bf4fd8596d,256,256
diffdetect-hierarchical-calibration-v1,629,cocoglide:000000471869:real,real,nebula/CocoGlide,275f045df7caa2544dd28de7fa86b044ab661bd0,calibration,000000471869,cocoglide,000000471869_real.png,6ec4fa85098466cdafcb592afdd1be59c9c474ac09679f9da557522986e86244,9dcda4b93d8c73df7b1240629bec209566cd6119bb7f800c2906b8c3826b8777,95455b3eba801cb5c9536ab77dda5c03f94aae7eba43afe6878fb474e0625840,256,256
diffdetect-hierarchical-calibration-v1,630,cocoglide:000000032610:edited,edited,nebula/CocoGlide,275f045df7caa2544dd28de7fa86b044ab661bd0,calibration,000000032610,cocoglide,000000032610_manipulated.png,6ec4fa85098466cdafcb592afdd1be59c9c474ac09679f9da557522986e86244,9dcda4b93d8c73df7b1240629bec209566cd6119bb7f800c2906b8c3826b8777,1d4ffad167aa98e573d9bbd8fa7f5f53178e5915eede980292f46fd1cc6b5fb1,256,256
diffdetect-hierarchical-calibration-v1,631,diffusiondb:bf8b13c9-c67e-406c-b3ed-a7a2e8bb5bd7.png,synthetic,poloclub/diffusiondb,fb620fbe49fa4420e0734bd9c0df11f51176b61f,part-001800,bf8b13c9-c67e-406c-b3ed-a7a2e8bb5bd7.png,diffusiondb,bf8b13c9-c67e-406c-b3ed-a7a2e8bb5bd7.png,eecd341187bc91c07f5994ad0660d40228ea025616fd57a509bef8323677c68f,9dcda4b93d8c73df7b1240629bec209566cd6119bb7f800c2906b8c3826b8777,cd544688120bb0c0d7fee5eaf053d33006326e06a5ae04ac6221aa174aae000e,512,704
diffdetect-hierarchical-calibration-v1,632,cocoglide:000000156372:edited,edited,nebula/CocoGlide,275f045df7caa2544dd28de7fa86b044ab661bd0,calibration,000000156372,cocoglide,000000156372_manipulated.png,6ec4fa85098466cdafcb592afdd1be59c9c474ac09679f9da557522986e86244,9dcda4b93d8c73df7b1240629bec209566cd6119bb7f800c2906b8c3826b8777,59264b3ae4d3333c77a7fac369ebc6b00d20933218aee15412c92e4a845f097b,256,256
diffdetect-hierarchical-calibration-v1,633,cocoglide:000000164363:real,real,nebula/CocoGlide,275f045df7caa2544dd28de7fa86b044ab661bd0,calibration,000000164363,cocoglide,000000164363_real.png,6ec4fa85098466cdafcb592afdd1be59c9c474ac09679f9da557522986e86244,9dcda4b93d8c73df7b1240629bec209566cd6119bb7f800c2906b8c3826b8777,364c2080080d45669c4c557fcb2f1d0c6a7ab93bd216263d92259dba3c9e6d81,256,256
diffdetect-hierarchical-calibration-v1,634,diffusiondb:1f6dd471-e703-4d50-83f6-f1a39de6170a.png,synthetic,poloclub/diffusiondb,fb620fbe49fa4420e0734bd9c0df11f51176b61f,part-001800,1f6dd471-e703-4d50-83f6-f1a39de6170a.png,diffusiondb,1f6dd471-e703-4d50-83f6-f1a39de6170a.png,eecd341187bc91c07f5994ad0660d40228ea025616fd57a509bef8323677c68f,9dcda4b93d8c73df7b1240629bec209566cd6119bb7f800c2906b8c3826b8777,751ff59e4c26b84dec7e585af2253a30e46383961e509adbe3c56e47db8735e7,512,512
diffdetect-hierarchical-calibration-v1,635,diffusiondb:59d29c19-aa5f-4789-a973-9296a846c2f5.png,synthetic,poloclub/diffusiondb,fb620fbe49fa4420e0734bd9c0df11f51176b61f,part-001800,59d29c19-aa5f-4789-a973-9296a846c2f5.png,diffusiondb,59d29c19-aa5f-4789-a973-9296a846c2f5.png,eecd341187bc91c07f5994ad0660d40228ea025616fd57a509bef8323677c68f,9dcda4b93d8c73df7b1240629bec209566cd6119bb7f800c2906b8c3826b8777,f3ca64780ebbd9c986901c58a039b7c728bc0bb6a2a7b6a4f18e4565b92ec0ec,512,512
diffdetect-hierarchical-calibration-v1,636,cocoglide:000000015440:real,real,nebula/CocoGlide,275f045df7caa2544dd28de7fa86b044ab661bd0,calibration,000000015440,cocoglide,000000015440_real.png,6ec4fa85098466cdafcb592afdd1be59c9c474ac09679f9da557522986e86244,9dcda4b93d8c73df7b1240629bec209566cd6119bb7f800c2906b8c3826b8777,dfdcbb0e370eb3562ad7d738267104d2d2f308797a18d50852f15d43718aef52,256,256
diffdetect-hierarchical-calibration-v1,637,diffusiondb:50a3f919-aef7-4320-a078-0ce1538ef398.png,synthetic,poloclub/diffusiondb,fb620fbe49fa4420e0734bd9c0df11f51176b61f,part-001800,50a3f919-aef7-4320-a078-0ce1538ef398.png,diffusiondb,50a3f919-aef7-4320-a078-0ce1538ef398.png,eecd341187bc91c07f5994ad0660d40228ea025616fd57a509bef8323677c68f,9dcda4b93d8c73df7b1240629bec209566cd6119bb7f800c2906b8c3826b8777,dcccc7b0190285c409125b691a793c6f2b8ba17fddab529dd070bb200cd61a57,512,512
diffdetect-hierarchical-calibration-v1,638,cocoglide:000000377575:real,real,nebula/CocoGlide,275f045df7caa2544dd28de7fa86b044ab661bd0,calibration,000000377575,cocoglide,000000377575_real.png,6ec4fa85098466cdafcb592afdd1be59c9c474ac09679f9da557522986e86244,9dcda4b93d8c73df7b1240629bec209566cd6119bb7f800c2906b8c3826b8777,69caac56558eb23b0ed9c5461e699d4544d2d1c4dbd7282f89bd45f63829ebaa,256,256
diffdetect-hierarchical-calibration-v1,639,cocoglide:000000452321:real,real,nebula/CocoGlide,275f045df7caa2544dd28de7fa86b044ab661bd0,calibration,000000452321,cocoglide,000000452321_real.png,6ec4fa85098466cdafcb592afdd1be59c9c474ac09679f9da557522986e86244,9dcda4b93d8c73df7b1240629bec209566cd6119bb7f800c2906b8c3826b8777,6fe35d20278e95566931e58cd4450284509ea34b4c71f24168c192c9db409997,256,256
diffdetect-hierarchical-calibration-v1,640,diffusiondb:497044d7-f263-40e5-aac6-8890f7776b71.png,synthetic,poloclub/diffusiondb,fb620fbe49fa4420e0734bd9c0df11f51176b61f,part-001800,497044d7-f263-40e5-aac6-8890f7776b71.png,diffusiondb,497044d7-f263-40e5-aac6-8890f7776b71.png,eecd341187bc91c07f5994ad0660d40228ea025616fd57a509bef8323677c68f,9dcda4b93d8c73df7b1240629bec209566cd6119bb7f800c2906b8c3826b8777,2a2dec92aa45047e4e48af6c2e8cc436a83c48cb206da12068d29ea2f59b450d,512,512
diffdetect-hierarchical-calibration-v1,641,cocoglide:000000368684:edited,edited,nebula/CocoGlide,275f045df7caa2544dd28de7fa86b044ab661bd0,calibration,000000368684,cocoglide,000000368684_manipulated.png,6ec4fa85098466cdafcb592afdd1be59c9c474ac09679f9da557522986e86244,9dcda4b93d8c73df7b1240629bec209566cd6119bb7f800c2906b8c3826b8777,85951ab852b02a65bb553adc20833cd4bf2df35d05c7ac17c7cb1afdda729d05,256,256
diffdetect-hierarchical-calibration-v1,642,cocoglide:000000355677:real,real,nebula/CocoGlide,275f045df7caa2544dd28de7fa86b044ab661bd0,calibration,000000355677,cocoglide,000000355677_real.png,6ec4fa85098466cdafcb592afdd1be59c9c474ac09679f9da557522986e86244,9dcda4b93d8c73df7b1240629bec209566cd6119bb7f800c2906b8c3826b8777,90b2c8d658625fae8b97ff09b7248c8edde640aeb906ac58ed930724ea7ef92b,256,256
diffdetect-hierarchical-calibration-v1,643,diffusiondb:442ab6fd-f893-49ff-8272-8a3285581f16.png,synthetic,poloclub/diffusiondb,fb620fbe49fa4420e0734bd9c0df11f51176b61f,part-001800,442ab6fd-f893-49ff-8272-8a3285581f16.png,diffusiondb,442ab6fd-f893-49ff-8272-8a3285581f16.png,eecd341187bc91c07f5994ad0660d40228ea025616fd57a509bef8323677c68f,9dcda4b93d8c73df7b1240629bec209566cd6119bb7f800c2906b8c3826b8777,23ef0b6933f82aa56fa74c916e6c36505abf7a6244c2e36230501163a2bc1670,1280,512
diffdetect-hierarchical-calibration-v1,644,cocoglide:000000267940:real,real,nebula/CocoGlide,275f045df7caa2544dd28de7fa86b044ab661bd0,calibration,000000267940,cocoglide,000000267940_real.png,6ec4fa85098466cdafcb592afdd1be59c9c474ac09679f9da557522986e86244,9dcda4b93d8c73df7b1240629bec209566cd6119bb7f800c2906b8c3826b8777,540619002fc45a1426230818bbf030c094d41b2a15af49f4d6476b5bc07505c1,256,256
diffdetect-hierarchical-calibration-v1,645,diffusiondb:3d61b427-172e-46db-b641-83c54b33ea83.png,synthetic,poloclub/diffusiondb,fb620fbe49fa4420e0734bd9c0df11f51176b61f,part-001800,3d61b427-172e-46db-b641-83c54b33ea83.png,diffusiondb,3d61b427-172e-46db-b641-83c54b33ea83.png,eecd341187bc91c07f5994ad0660d40228ea025616fd57a509bef8323677c68f,9dcda4b93d8c73df7b1240629bec209566cd6119bb7f800c2906b8c3826b8777,149f0bd3ad64f45555b00f21b575640979655a5841c5706aa44058989d1f4e73,512,512
diffdetect-hierarchical-calibration-v1,646,cocoglide:000000228981:edited,edited,nebula/CocoGlide,275f045df7caa2544dd28de7fa86b044ab661bd0,calibration,000000228981,cocoglide,000000228981_manipulated.png,6ec4fa85098466cdafcb592afdd1be59c9c474ac09679f9da557522986e86244,9dcda4b93d8c73df7b1240629bec209566cd6119bb7f800c2906b8c3826b8777,b62f0ed75574e358430330990fcc88ef2894d92ef4ea082b4730ffd00977e411,256,256
diffdetect-hierarchical-calibration-v1,647,cocoglide:000000530052:real,real,nebula/CocoGlide,275f045df7caa2544dd28de7fa86b044ab661bd0,calibration,000000530052,cocoglide,000000530052_real.png,6ec4fa85098466cdafcb592afdd1be59c9c474ac09679f9da557522986e86244,9dcda4b93d8c73df7b1240629bec209566cd6119bb7f800c2906b8c3826b8777,a1baaf6883093c3f9e1aa50a95fd0595cfc277d01337a5e8aca27b4eddea2cba,256,256
diffdetect-hierarchical-calibration-v1,648,diffusiondb:59b8e170-9898-4be1-84bb-dc460d1c150c.png,synthetic,poloclub/diffusiondb,fb620fbe49fa4420e0734bd9c0df11f51176b61f,part-001800,59b8e170-9898-4be1-84bb-dc460d1c150c.png,diffusiondb,59b8e170-9898-4be1-84bb-dc460d1c150c.png,eecd341187bc91c07f5994ad0660d40228ea025616fd57a509bef8323677c68f,9dcda4b93d8c73df7b1240629bec209566cd6119bb7f800c2906b8c3826b8777,9ca69eada1fcc16fed02c0e338c2b56e1f73a714f7f29f625381fddf1e48cd20,512,512
diffdetect-hierarchical-calibration-v1,649,cocoglide:000000116362:edited,edited,nebula/CocoGlide,275f045df7caa2544dd28de7fa86b044ab661bd0,calibration,000000116362,cocoglide,000000116362_manipulated.png,6ec4fa85098466cdafcb592afdd1be59c9c474ac09679f9da557522986e86244,9dcda4b93d8c73df7b1240629bec209566cd6119bb7f800c2906b8c3826b8777,f36aef59c10591e5ada352ad2d6f5a9d04332ff2632321b5fba1e1a33903432d,256,256
diffdetect-hierarchical-calibration-v1,650,diffusiondb:396bf2c4-fe70-4b84-8bee-398259e43cc4.png,synthetic,poloclub/diffusiondb,fb620fbe49fa4420e0734bd9c0df11f51176b61f,part-001800,396bf2c4-fe70-4b84-8bee-398259e43cc4.png,diffusiondb,396bf2c4-fe70-4b84-8bee-398259e43cc4.png,eecd341187bc91c07f5994ad0660d40228ea025616fd57a509bef8323677c68f,9dcda4b93d8c73df7b1240629bec209566cd6119bb7f800c2906b8c3826b8777,d31861a2eb9969df505430e2f537c028c26e0fb1ebe355ef32e89684bac0e81d,1088,512
diffdetect-hierarchical-calibration-v1,651,diffusiondb:9581811b-b4d0-4347-89df-29b08ee3cb93.png,synthetic,poloclub/diffusiondb,fb620fbe49fa4420e0734bd9c0df11f51176b61f,part-001800,9581811b-b4d0-4347-89df-29b08ee3cb93.png,diffusiondb,9581811b-b4d0-4347-89df-29b08ee3cb93.png,eecd341187bc91c07f5994ad0660d40228ea025616fd57a509bef8323677c68f,9dcda4b93d8c73df7b1240629bec209566cd6119bb7f800c2906b8c3826b8777,7c4ade66b61db8f1a0a3ed4e424b286dd6e1301da3132ba665c28040b2dd6477,512,512
diffdetect-hierarchical-calibration-v1,652,cocoglide:000000428280:edited,edited,nebula/CocoGlide,275f045df7caa2544dd28de7fa86b044ab661bd0,calibration,000000428280,cocoglide,000000428280_manipulated.png,6ec4fa85098466cdafcb592afdd1be59c9c474ac09679f9da557522986e86244,9dcda4b93d8c73df7b1240629bec209566cd6119bb7f800c2906b8c3826b8777,920f6c289045f33d9ae7528bf782020aedf9c8c349987749789913b087a5c5ea,256,256
diffdetect-hierarchical-calibration-v1,653,diffusiondb:008eef62-413c-4243-9f8f-30ad4a2cf79f.png,synthetic,poloclub/diffusiondb,fb620fbe49fa4420e0734bd9c0df11f51176b61f,part-001800,008eef62-413c-4243-9f8f-30ad4a2cf79f.png,diffusiondb,008eef62-413c-4243-9f8f-30ad4a2cf79f.png,eecd341187bc91c07f5994ad0660d40228ea025616fd57a509bef8323677c68f,9dcda4b93d8c73df7b1240629bec209566cd6119bb7f800c2906b8c3826b8777,06724b8fdf3008fe9d529cfda34f080e3f43498f9c7e82c92813995c51203da0,512,512
diffdetect-hierarchical-calibration-v1,654,cocoglide:000000377882:edited,edited,nebula/CocoGlide,275f045df7caa2544dd28de7fa86b044ab661bd0,calibration,000000377882,cocoglide,000000377882_manipulated.png,6ec4fa85098466cdafcb592afdd1be59c9c474ac09679f9da557522986e86244,9dcda4b93d8c73df7b1240629bec209566cd6119bb7f800c2906b8c3826b8777,1078f46d753a5182b46af15f641132a4079d44be30e253e51c0d7fae2d8fb82f,256,256
diffdetect-hierarchical-calibration-v1,655,diffusiondb:e0ec8764-db4a-45e9-a873-a45b9e23906c.png,synthetic,poloclub/diffusiondb,fb620fbe49fa4420e0734bd9c0df11f51176b61f,part-001800,e0ec8764-db4a-45e9-a873-a45b9e23906c.png,diffusiondb,e0ec8764-db4a-45e9-a873-a45b9e23906c.png,eecd341187bc91c07f5994ad0660d40228ea025616fd57a509bef8323677c68f,9dcda4b93d8c73df7b1240629bec209566cd6119bb7f800c2906b8c3826b8777,6acc38be83972e97c386c92dc8ab2a0b33fcd2b6d9513aa3f96ee6fde65be089,512,512
diffdetect-hierarchical-calibration-v1,656,diffusiondb:744980f1-b1e5-411a-91cc-b793bc411a30.png,synthetic,poloclub/diffusiondb,fb620fbe49fa4420e0734bd9c0df11f51176b61f,part-001800,744980f1-b1e5-411a-91cc-b793bc411a30.png,diffusiondb,744980f1-b1e5-411a-91cc-b793bc411a30.png,eecd341187bc91c07f5994ad0660d40228ea025616fd57a509bef8323677c68f,9dcda4b93d8c73df7b1240629bec209566cd6119bb7f800c2906b8c3826b8777,7e4196c4ac2c1670a585c7486d5a001ebadb538e72058f72611b636decae19b1,512,768
diffdetect-hierarchical-calibration-v1,657,diffusiondb:211dccb2-6acc-4d6c-a6b5-29275e1f76bb.png,synthetic,poloclub/diffusiondb,fb620fbe49fa4420e0734bd9c0df11f51176b61f,part-001800,211dccb2-6acc-4d6c-a6b5-29275e1f76bb.png,diffusiondb,211dccb2-6acc-4d6c-a6b5-29275e1f76bb.png,eecd341187bc91c07f5994ad0660d40228ea025616fd57a509bef8323677c68f,9dcda4b93d8c73df7b1240629bec209566cd6119bb7f800c2906b8c3826b8777,7030f2215e2c69d4ce279fa3961408bba3cd395bed29f8fa0646df29db07d084,512,512
diffdetect-hierarchical-calibration-v1,658,cocoglide:000000476787:real,real,nebula/CocoGlide,275f045df7caa2544dd28de7fa86b044ab661bd0,calibration,000000476787,cocoglide,000000476787_real.png,6ec4fa85098466cdafcb592afdd1be59c9c474ac09679f9da557522986e86244,9dcda4b93d8c73df7b1240629bec209566cd6119bb7f800c2906b8c3826b8777,8bee953a433c8efd44b6cf31c8d34febe44021ded1cf5d27bd4ae7cad8295225,256,256
diffdetect-hierarchical-calibration-v1,659,cocoglide:000000416330:edited,edited,nebula/CocoGlide,275f045df7caa2544dd28de7fa86b044ab661bd0,calibration,000000416330,cocoglide,000000416330_manipulated.png,6ec4fa85098466cdafcb592afdd1be59c9c474ac09679f9da557522986e86244,9dcda4b93d8c73df7b1240629bec209566cd6119bb7f800c2906b8c3826b8777,d1122678d249d0c7078374a8c5f6912d14f05dc19194d68bb558cb0537a1ade5,256,256
diffdetect-hierarchical-calibration-v1,660,cocoglide:000000044652:real,real,nebula/CocoGlide,275f045df7caa2544dd28de7fa86b044ab661bd0,calibration,000000044652,cocoglide,000000044652_real.png,6ec4fa85098466cdafcb592afdd1be59c9c474ac09679f9da557522986e86244,9dcda4b93d8c73df7b1240629bec209566cd6119bb7f800c2906b8c3826b8777,011c67b70094f5d352e92090dc6434bddd9ccf46eba75569339bddd2048d2536,256,256
diffdetect-hierarchical-calibration-v1,661,cocoglide:000000085911:real,real,nebula/CocoGlide,275f045df7caa2544dd28de7fa86b044ab661bd0,calibration,000000085911,cocoglide,000000085911_real.png,6ec4fa85098466cdafcb592afdd1be59c9c474ac09679f9da557522986e86244,9dcda4b93d8c73df7b1240629bec209566cd6119bb7f800c2906b8c3826b8777,12d3b86eff3c1363e1bb6880d961a25f94ee0837ef5b74ec146fe3568999fc40,256,256
diffdetect-hierarchical-calibration-v1,662,cocoglide:000000241319:edited,edited,nebula/CocoGlide,275f045df7caa2544dd28de7fa86b044ab661bd0,calibration,000000241319,cocoglide,000000241319_manipulated.png,6ec4fa85098466cdafcb592afdd1be59c9c474ac09679f9da557522986e86244,9dcda4b93d8c73df7b1240629bec209566cd6119bb7f800c2906b8c3826b8777,4086b9eb3597961497e4fcfd67d5e97d26faa3605a0ce4851c37250feede98be,256,256
diffdetect-hierarchical-calibration-v1,663,cocoglide:000000125952:edited,edited,nebula/CocoGlide,275f045df7caa2544dd28de7fa86b044ab661bd0,calibration,000000125952,cocoglide,000000125952_manipulated.png,6ec4fa85098466cdafcb592afdd1be59c9c474ac09679f9da557522986e86244,9dcda4b93d8c73df7b1240629bec209566cd6119bb7f800c2906b8c3826b8777,b58cbfc3be4108b609d8ea52a41438404aefdec77731a2046f79f97c123b2908,256,256
diffdetect-hierarchical-calibration-v1,664,cocoglide:000000030213:edited,edited,nebula/CocoGlide,275f045df7caa2544dd28de7fa86b044ab661bd0,calibration,000000030213,cocoglide,000000030213_manipulated.png,6ec4fa85098466cdafcb592afdd1be59c9c474ac09679f9da557522986e86244,9dcda4b93d8c73df7b1240629bec209566cd6119bb7f800c2906b8c3826b8777,e9b9e500e112e128cf907ed5e22a3f526e103b8c3b4864c3282202c23d6902d2,256,256
diffdetect-hierarchical-calibration-v1,665,diffusiondb:4e9c8377-f6fc-46f0-b6e6-f287c030aeaf.png,synthetic,poloclub/diffusiondb,fb620fbe49fa4420e0734bd9c0df11f51176b61f,part-001800,4e9c8377-f6fc-46f0-b6e6-f287c030aeaf.png,diffusiondb,4e9c8377-f6fc-46f0-b6e6-f287c030aeaf.png,eecd341187bc91c07f5994ad0660d40228ea025616fd57a509bef8323677c68f,9dcda4b93d8c73df7b1240629bec209566cd6119bb7f800c2906b8c3826b8777,71bb163961899020ec1f0df9dc478ed6a27daf05a942daee1f11b385d7ff9dd0,512,512
diffdetect-hierarchical-calibration-v1,666,diffusiondb:9cd9ccef-194d-457a-8b94-30b59970e8d6.png,synthetic,poloclub/diffusiondb,fb620fbe49fa4420e0734bd9c0df11f51176b61f,part-001800,9cd9ccef-194d-457a-8b94-30b59970e8d6.png,diffusiondb,9cd9ccef-194d-457a-8b94-30b59970e8d6.png,eecd341187bc91c07f5994ad0660d40228ea025616fd57a509bef8323677c68f,9dcda4b93d8c73df7b1240629bec209566cd6119bb7f800c2906b8c3826b8777,0314759f3f6ec37a0e366acf46495db5b56921c897ff92d109c839cc7bb6b6ea,512,512
diffdetect-hierarchical-calibration-v1,667,diffusiondb:2f548cca-d361-4ee4-83ff-f230b0b46674.png,synthetic,poloclub/diffusiondb,fb620fbe49fa4420e0734bd9c0df11f51176b61f,part-001800,2f548cca-d361-4ee4-83ff-f230b0b46674.png,diffusiondb,2f548cca-d361-4ee4-83ff-f230b0b46674.png,eecd341187bc91c07f5994ad0660d40228ea025616fd57a509bef8323677c68f,9dcda4b93d8c73df7b1240629bec209566cd6119bb7f800c2906b8c3826b8777,147dec4ae6cb5e2c48cd4d238fde686dc9c6e86206826309993ac85a547b5b18,512,512
diffdetect-hierarchical-calibration-v1,668,cocoglide:000000001675:real,real,nebula/CocoGlide,275f045df7caa2544dd28de7fa86b044ab661bd0,calibration,000000001675,cocoglide,000000001675_real.png,6ec4fa85098466cdafcb592afdd1be59c9c474ac09679f9da557522986e86244,9dcda4b93d8c73df7b1240629bec209566cd6119bb7f800c2906b8c3826b8777,fa73fc836e8d4859cf3ccbe1c8c2fa7dafdb40855eeb612237acf29ee6bdd291,256,256
diffdetect-hierarchical-calibration-v1,669,cocoglide:000000508482:edited,edited,nebula/CocoGlide,275f045df7caa2544dd28de7fa86b044ab661bd0,calibration,000000508482,cocoglide,000000508482_manipulated.png,6ec4fa85098466cdafcb592afdd1be59c9c474ac09679f9da557522986e86244,9dcda4b93d8c73df7b1240629bec209566cd6119bb7f800c2906b8c3826b8777,1a7f107d2c9441d4f82e40412d3a711a7cdc2a28815321d8237dd3608badf107,256,256
diffdetect-hierarchical-calibration-v1,670,cocoglide:000000450439:edited,edited,nebula/CocoGlide,275f045df7caa2544dd28de7fa86b044ab661bd0,calibration,000000450439,cocoglide,000000450439_manipulated.png,6ec4fa85098466cdafcb592afdd1be59c9c474ac09679f9da557522986e86244,9dcda4b93d8c73df7b1240629bec209566cd6119bb7f800c2906b8c3826b8777,d78d868ada369d1ab023e584f362d26a968b7a6c26c4fed505e7b66ab11f0127,256,256
diffdetect-hierarchical-calibration-v1,671,cocoglide:000000456394:edited,edited,nebula/CocoGlide,275f045df7caa2544dd28de7fa86b044ab661bd0,calibration,000000456394,cocoglide,000000456394_manipulated.png,6ec4fa85098466cdafcb592afdd1be59c9c474ac09679f9da557522986e86244,9dcda4b93d8c73df7b1240629bec209566cd6119bb7f800c2906b8c3826b8777,a160ed3757c66617f928350410e98076375034bca98c24e0ecba087384abbd3a,256,256
diffdetect-hierarchical-calibration-v1,672,cocoglide:000000485972:edited,edited,nebula/CocoGlide,275f045df7caa2544dd28de7fa86b044ab661bd0,calibration,000000485972,cocoglide,000000485972_manipulated.png,6ec4fa85098466cdafcb592afdd1be59c9c474ac09679f9da557522986e86244,9dcda4b93d8c73df7b1240629bec209566cd6119bb7f800c2906b8c3826b8777,a9c01caba8fa594e97547069b0b37b54c7d9dd2450b00c4233bf091edae0d822,256,256
diffdetect-hierarchical-calibration-v1,673,cocoglide:000000095843:edited,edited,nebula/CocoGlide,275f045df7caa2544dd28de7fa86b044ab661bd0,calibration,000000095843,cocoglide,000000095843_manipulated.png,6ec4fa85098466cdafcb592afdd1be59c9c474ac09679f9da557522986e86244,9dcda4b93d8c73df7b1240629bec209566cd6119bb7f800c2906b8c3826b8777,b05c0a38844be3e3d96245ddfd1459f9d18c4ff27ec2f786b4bc9f1704bdc049,256,256
diffdetect-hierarchical-calibration-v1,674,diffusiondb:ad5adde3-7c14-47e8-8de8-644b1a5d0196.png,synthetic,poloclub/diffusiondb,fb620fbe49fa4420e0734bd9c0df11f51176b61f,part-001800,ad5adde3-7c14-47e8-8de8-644b1a5d0196.png,diffusiondb,ad5adde3-7c14-47e8-8de8-644b1a5d0196.png,eecd341187bc91c07f5994ad0660d40228ea025616fd57a509bef8323677c68f,9dcda4b93d8c73df7b1240629bec209566cd6119bb7f800c2906b8c3826b8777,a4b6208cda023f3966d3da3c0e19ae72577ea58103f6269743b9011a6c9e4867,512,512
diffdetect-hierarchical-calibration-v1,675,diffusiondb:ac4ebfe6-f4a0-4c9f-83fb-44aebaf1f3d8.png,synthetic,poloclub/diffusiondb,fb620fbe49fa4420e0734bd9c0df11f51176b61f,part-001800,ac4ebfe6-f4a0-4c9f-83fb-44aebaf1f3d8.png,diffusiondb,ac4ebfe6-f4a0-4c9f-83fb-44aebaf1f3d8.png,eecd341187bc91c07f5994ad0660d40228ea025616fd57a509bef8323677c68f,9dcda4b93d8c73df7b1240629bec209566cd6119bb7f800c2906b8c3826b8777,2359bf2fb724c68e8a79798d170cf03cbb49963e1ae9a83bcecabd43d78862f6,512,512
diffdetect-hierarchical-calibration-v1,676,cocoglide:000000161820:edited,edited,nebula/CocoGlide,275f045df7caa2544dd28de7fa86b044ab661bd0,calibration,000000161820,cocoglide,000000161820_manipulated.png,6ec4fa85098466cdafcb592afdd1be59c9c474ac09679f9da557522986e86244,9dcda4b93d8c73df7b1240629bec209566cd6119bb7f800c2906b8c3826b8777,068b3bbad79dae74155c79f5222637ce54c5f72658bb15c7b604ff5c6adc16fc,256,256
diffdetect-hierarchical-calibration-v1,677,cocoglide:000000531495:edited,edited,nebula/CocoGlide,275f045df7caa2544dd28de7fa86b044ab661bd0,calibration,000000531495,cocoglide,000000531495_manipulated.png,6ec4fa85098466cdafcb592afdd1be59c9c474ac09679f9da557522986e86244,9dcda4b93d8c73df7b1240629bec209566cd6119bb7f800c2906b8c3826b8777,eaba520b52acf070274e3a07f5477b84c5c3b2f8ba96ce590c56a821adcf120b,256,256
diffdetect-hierarchical-calibration-v1,678,cocoglide:000000337498:real,real,nebula/CocoGlide,275f045df7caa2544dd28de7fa86b044ab661bd0,calibration,000000337498,cocoglide,000000337498_real.png,6ec4fa85098466cdafcb592afdd1be59c9c474ac09679f9da557522986e86244,9dcda4b93d8c73df7b1240629bec209566cd6119bb7f800c2906b8c3826b8777,16e7f0613e338a7e3086a77bec97bcaea2654b2e19ec667cfd09a5c54655e852,256,256
diffdetect-hierarchical-calibration-v1,679,cocoglide:000000269932:edited,edited,nebula/CocoGlide,275f045df7caa2544dd28de7fa86b044ab661bd0,calibration,000000269932,cocoglide,000000269932_manipulated.png,6ec4fa85098466cdafcb592afdd1be59c9c474ac09679f9da557522986e86244,9dcda4b93d8c73df7b1240629bec209566cd6119bb7f800c2906b8c3826b8777,e0a01e22756501e898b57989dedcbb5318da1079420aa0d892169dbca92d15d3,256,256
diffdetect-hierarchical-calibration-v1,680,cocoglide:000000056344:real,real,nebula/CocoGlide,275f045df7caa2544dd28de7fa86b044ab661bd0,calibration,000000056344,cocoglide,000000056344_real.png,6ec4fa85098466cdafcb592afdd1be59c9c474ac09679f9da557522986e86244,9dcda4b93d8c73df7b1240629bec209566cd6119bb7f800c2906b8c3826b8777,63a5247ffa25045666b9584a73e2f33e5181000c760a3157a0940210a18bc136,256,256
diffdetect-hierarchical-calibration-v1,681,cocoglide:000000010363:real,real,nebula/CocoGlide,275f045df7caa2544dd28de7fa86b044ab661bd0,calibration,000000010363,cocoglide,000000010363_real.png,6ec4fa85098466cdafcb592afdd1be59c9c474ac09679f9da557522986e86244,9dcda4b93d8c73df7b1240629bec209566cd6119bb7f800c2906b8c3826b8777,1b9d470e8a005c89705f0497ac89df8e5fb0779d897f5fa9652b617c56c4e6b4,256,256
diffdetect-hierarchical-calibration-v1,682,diffusiondb:31e7bca6-ab1d-4d4d-900a-cc523eb0a184.png,synthetic,poloclub/diffusiondb,fb620fbe49fa4420e0734bd9c0df11f51176b61f,part-001800,31e7bca6-ab1d-4d4d-900a-cc523eb0a184.png,diffusiondb,31e7bca6-ab1d-4d4d-900a-cc523eb0a184.png,eecd341187bc91c07f5994ad0660d40228ea025616fd57a509bef8323677c68f,9dcda4b93d8c73df7b1240629bec209566cd6119bb7f800c2906b8c3826b8777,dda125934037a75db3dec57192387fdb3664872d9417e537452fec8ec14ba2d2,512,512
diffdetect-hierarchical-calibration-v1,683,cocoglide:000000148957:edited,edited,nebula/CocoGlide,275f045df7caa2544dd28de7fa86b044ab661bd0,calibration,000000148957,cocoglide,000000148957_manipulated.png,6ec4fa85098466cdafcb592afdd1be59c9c474ac09679f9da557522986e86244,9dcda4b93d8c73df7b1240629bec209566cd6119bb7f800c2906b8c3826b8777,c182b38c35b4f2425cecd0f4875912a666e009b7cf975de2d204537ea982924d,256,256
diffdetect-hierarchical-calibration-v1,684,cocoglide:000000183965:real,real,nebula/CocoGlide,275f045df7caa2544dd28de7fa86b044ab661bd0,calibration,000000183965,cocoglide,000000183965_real.png,6ec4fa85098466cdafcb592afdd1be59c9c474ac09679f9da557522986e86244,9dcda4b93d8c73df7b1240629bec209566cd6119bb7f800c2906b8c3826b8777,abc507d0f5f7de3885cb3a342c1402a400b38874533fbd86fc4808eb4109ef60,256,256
diffdetect-hierarchical-calibration-v1,685,cocoglide:000000516871:real,real,nebula/CocoGlide,275f045df7caa2544dd28de7fa86b044ab661bd0,calibration,000000516871,cocoglide,000000516871_real.png,6ec4fa85098466cdafcb592afdd1be59c9c474ac09679f9da557522986e86244,9dcda4b93d8c73df7b1240629bec209566cd6119bb7f800c2906b8c3826b8777,35b43a4bf6a1ce8b5d35f1747816be85f511adb91bb2d7f8bf919cc7ed60efd3,256,256
diffdetect-hierarchical-calibration-v1,686,cocoglide:000000366141:real,real,nebula/CocoGlide,275f045df7caa2544dd28de7fa86b044ab661bd0,calibration,000000366141,cocoglide,000000366141_real.png,6ec4fa85098466cdafcb592afdd1be59c9c474ac09679f9da557522986e86244,9dcda4b93d8c73df7b1240629bec209566cd6119bb7f800c2906b8c3826b8777,9ad5119e9a5ee1850fa064989f0726e85ffc5c6963d6a5384811c28ddac5c4ab,256,256
diffdetect-hierarchical-calibration-v1,687,cocoglide:000000572517:edited,edited,nebula/CocoGlide,275f045df7caa2544dd28de7fa86b044ab661bd0,calibration,000000572517,cocoglide,000000572517_manipulated.png,6ec4fa85098466cdafcb592afdd1be59c9c474ac09679f9da557522986e86244,9dcda4b93d8c73df7b1240629bec209566cd6119bb7f800c2906b8c3826b8777,15d0d07f9fbed420f20af17056eb0fc3434a272c0916e42a7e003d6d62f587ba,256,256
diffdetect-hierarchical-calibration-v1,688,cocoglide:000000330790:real,real,nebula/CocoGlide,275f045df7caa2544dd28de7fa86b044ab661bd0,calibration,000000330790,cocoglide,000000330790_real.png,6ec4fa85098466cdafcb592afdd1be59c9c474ac09679f9da557522986e86244,9dcda4b93d8c73df7b1240629bec209566cd6119bb7f800c2906b8c3826b8777,4ba60010e9a67aebc5ac617c22e8bb65b2f6eec003bb92325aeddce2e83a075d,256,256
diffdetect-hierarchical-calibration-v1,689,cocoglide:000000116362:real,real,nebula/CocoGlide,275f045df7caa2544dd28de7fa86b044ab661bd0,calibration,000000116362,cocoglide,000000116362_real.png,6ec4fa85098466cdafcb592afdd1be59c9c474ac09679f9da557522986e86244,9dcda4b93d8c73df7b1240629bec209566cd6119bb7f800c2906b8c3826b8777,3cb2ec5aa16eaca265b117a37f3dd7e4eccc4f1bb7791dceaa01deb6cae55961,256,256
diffdetect-hierarchical-calibration-v1,690,cocoglide:000000059920:edited,edited,nebula/CocoGlide,275f045df7caa2544dd28de7fa86b044ab661bd0,calibration,000000059920,cocoglide,000000059920_manipulated.png,6ec4fa85098466cdafcb592afdd1be59c9c474ac09679f9da557522986e86244,9dcda4b93d8c73df7b1240629bec209566cd6119bb7f800c2906b8c3826b8777,0c9ed60e95d0ee0f6faefc526c1e54a0c6cc710f238a398f058443e43c9c790e,256,256
diffdetect-hierarchical-calibration-v1,691,cocoglide:000000267351:edited,edited,nebula/CocoGlide,275f045df7caa2544dd28de7fa86b044ab661bd0,calibration,000000267351,cocoglide,000000267351_manipulated.png,6ec4fa85098466cdafcb592afdd1be59c9c474ac09679f9da557522986e86244,9dcda4b93d8c73df7b1240629bec209566cd6119bb7f800c2906b8c3826b8777,c09b05f3cc97026e932379ebf12131f1e5277e68623cae9b2f432f8844dac9d2,256,256
diffdetect-hierarchical-calibration-v1,692,diffusiondb:08e3df4b-ee8e-4601-8038-5c9f4f680d67.png,synthetic,poloclub/diffusiondb,fb620fbe49fa4420e0734bd9c0df11f51176b61f,part-001800,08e3df4b-ee8e-4601-8038-5c9f4f680d67.png,diffusiondb,08e3df4b-ee8e-4601-8038-5c9f4f680d67.png,eecd341187bc91c07f5994ad0660d40228ea025616fd57a509bef8323677c68f,9dcda4b93d8c73df7b1240629bec209566cd6119bb7f800c2906b8c3826b8777,f505e39ef95e1353d57cd3bbb80fcae3f0cd76aa7474909bf71b9af4dc98529e,512,512
diffdetect-hierarchical-calibration-v1,693,cocoglide:000000111179:edited,edited,nebula/CocoGlide,275f045df7caa2544dd28de7fa86b044ab661bd0,calibration,000000111179,cocoglide,000000111179_manipulated.png,6ec4fa85098466cdafcb592afdd1be59c9c474ac09679f9da557522986e86244,9dcda4b93d8c73df7b1240629bec209566cd6119bb7f800c2906b8c3826b8777,558f3055fee2b98345ad65e722cde1baccd5e53d8e65f5ee8d40ee6a0ac586f6,256,256
diffdetect-hierarchical-calibration-v1,694,diffusiondb:7108fdf6-25b4-4e92-a355-83be9ffa38ec.png,synthetic,poloclub/diffusiondb,fb620fbe49fa4420e0734bd9c0df11f51176b61f,part-001800,7108fdf6-25b4-4e92-a355-83be9ffa38ec.png,diffusiondb,7108fdf6-25b4-4e92-a355-83be9ffa38ec.png,eecd341187bc91c07f5994ad0660d40228ea025616fd57a509bef8323677c68f,9dcda4b93d8c73df7b1240629bec209566cd6119bb7f800c2906b8c3826b8777,64fdb4a7a1509cd8787ca9d19e6423025a8932ec18ae80995fb651ff4b4caad2,512,512
diffdetect-hierarchical-calibration-v1,695,cocoglide:000000534639:real,real,nebula/CocoGlide,275f045df7caa2544dd28de7fa86b044ab661bd0,calibration,000000534639,cocoglide,000000534639_real.png,6ec4fa85098466cdafcb592afdd1be59c9c474ac09679f9da557522986e86244,9dcda4b93d8c73df7b1240629bec209566cd6119bb7f800c2906b8c3826b8777,09708d7458ca938b261b3e844b1eceb4e2fa9d58a61d398ef7a608e0cf9eee39,256,256
diffdetect-hierarchical-calibration-v1,696,cocoglide:000000120853:edited,edited,nebula/CocoGlide,275f045df7caa2544dd28de7fa86b044ab661bd0,calibration,000000120853,cocoglide,000000120853_manipulated.png,6ec4fa85098466cdafcb592afdd1be59c9c474ac09679f9da557522986e86244,9dcda4b93d8c73df7b1240629bec209566cd6119bb7f800c2906b8c3826b8777,fe0394a9f42190cc0124aeec680f005893e02a39968857ee0bfa6748b4592966,256,256
diffdetect-hierarchical-calibration-v1,697,diffusiondb:a137cfcc-bb41-4aee-8351-c74953b3872e.png,synthetic,poloclub/diffusiondb,fb620fbe49fa4420e0734bd9c0df11f51176b61f,part-001800,a137cfcc-bb41-4aee-8351-c74953b3872e.png,diffusiondb,a137cfcc-bb41-4aee-8351-c74953b3872e.png,eecd341187bc91c07f5994ad0660d40228ea025616fd57a509bef8323677c68f,9dcda4b93d8c73df7b1240629bec209566cd6119bb7f800c2906b8c3826b8777,d9e6984b50b5a94c8e6f48829137cd1ede56e6ce94f327e20210150e9e0a56e7,1024,512
diffdetect-hierarchical-calibration-v1,698,cocoglide:000000540928:edited,edited,nebula/CocoGlide,275f045df7caa2544dd28de7fa86b044ab661bd0,calibration,000000540928,cocoglide,000000540928_manipulated.png,6ec4fa85098466cdafcb592afdd1be59c9c474ac09679f9da557522986e86244,9dcda4b93d8c73df7b1240629bec209566cd6119bb7f800c2906b8c3826b8777,c46e6350998d55ca74332fa9f26319792161351db103e8cf4e9b3bcad2e4a472,256,256
diffdetect-hierarchical-calibration-v1,699,cocoglide:000000255718:real,real,nebula/CocoGlide,275f045df7caa2544dd28de7fa86b044ab661bd0,calibration,000000255718,cocoglide,000000255718_real.png,6ec4fa85098466cdafcb592afdd1be59c9c474ac09679f9da557522986e86244,9dcda4b93d8c73df7b1240629bec209566cd6119bb7f800c2906b8c3826b8777,89d9bb183e37698cdbe1956dda8306c7090a85e95840524d42fa46157f6f34ec,256,256
diffdetect-hierarchical-calibration-v1,700,diffusiondb:85457cc4-3fc2-4017-8bcb-9217e1499a7c.png,synthetic,poloclub/diffusiondb,fb620fbe49fa4420e0734bd9c0df11f51176b61f,part-001800,85457cc4-3fc2-4017-8bcb-9217e1499a7c.png,diffusiondb,85457cc4-3fc2-4017-8bcb-9217e1499a7c.png,eecd341187bc91c07f5994ad0660d40228ea025616fd57a509bef8323677c68f,9dcda4b93d8c73df7b1240629bec209566cd6119bb7f800c2906b8c3826b8777,6d8ca0d38aea11c05d4b5090e2459d9aabb8d7bfd0cf6423a249762131aa348c,1216,768
diffdetect-hierarchical-calibration-v1,701,cocoglide:000000183965:edited,edited,nebula/CocoGlide,275f045df7caa2544dd28de7fa86b044ab661bd0,calibration,000000183965,cocoglide,000000183965_manipulated.png,6ec4fa85098466cdafcb592afdd1be59c9c474ac09679f9da557522986e86244,9dcda4b93d8c73df7b1240629bec209566cd6119bb7f800c2906b8c3826b8777,a1b4a1c8e0af22c61839572babed45f6d9de2dd376f62fd5eabee8dd5ee9a208,256,256
diffdetect-hierarchical-calibration-v1,702,diffusiondb:db3bf85d-5b70-4107-b065-6b9dcc7feaec.png,synthetic,poloclub/diffusiondb,fb620fbe49fa4420e0734bd9c0df11f51176b61f,part-001800,db3bf85d-5b70-4107-b065-6b9dcc7feaec.png,diffusiondb,db3bf85d-5b70-4107-b065-6b9dcc7feaec.png,eecd341187bc91c07f5994ad0660d40228ea025616fd57a509bef8323677c68f,9dcda4b93d8c73df7b1240629bec209566cd6119bb7f800c2906b8c3826b8777,85719470c3b587acebc432def2fdb9039d2f91e81654ac9da876c0a318debd23,512,512
diffdetect-hierarchical-calibration-v1,703,cocoglide:000000255718:edited,edited,nebula/CocoGlide,275f045df7caa2544dd28de7fa86b044ab661bd0,calibration,000000255718,cocoglide,000000255718_manipulated.png,6ec4fa85098466cdafcb592afdd1be59c9c474ac09679f9da557522986e86244,9dcda4b93d8c73df7b1240629bec209566cd6119bb7f800c2906b8c3826b8777,9add5837b38cb26c7434501412eb4c032d16da9fd27d83372c32b9ad071f87e3,256,256
diffdetect-hierarchical-calibration-v1,704,cocoglide:000000369751:real,real,nebula/CocoGlide,275f045df7caa2544dd28de7fa86b044ab661bd0,calibration,000000369751,cocoglide,000000369751_real.png,6ec4fa85098466cdafcb592afdd1be59c9c474ac09679f9da557522986e86244,9dcda4b93d8c73df7b1240629bec209566cd6119bb7f800c2906b8c3826b8777,e992a5f2808777e346b510df4ee6d3787a3ebac82345366ad24151e6cd8b6e9c,256,256
diffdetect-hierarchical-calibration-v1,705,cocoglide:000000288882:real,real,nebula/CocoGlide,275f045df7caa2544dd28de7fa86b044ab661bd0,calibration,000000288882,cocoglide,000000288882_real.png,6ec4fa85098466cdafcb592afdd1be59c9c474ac09679f9da557522986e86244,9dcda4b93d8c73df7b1240629bec209566cd6119bb7f800c2906b8c3826b8777,5ced1f6f32c980d4653cb64ffd010063dc447845e8ff20067d670bbd2e10b176,256,256
diffdetect-hierarchical-calibration-v1,706,cocoglide:000000508482:real,real,nebula/CocoGlide,275f045df7caa2544dd28de7fa86b044ab661bd0,calibration,000000508482,cocoglide,000000508482_real.png,6ec4fa85098466cdafcb592afdd1be59c9c474ac09679f9da557522986e86244,9dcda4b93d8c73df7b1240629bec209566cd6119bb7f800c2906b8c3826b8777,fefa19c779ed88a2db5030079943a07f895fae4fb846c09b51b6fd4707ea6b10,256,256
diffdetect-hierarchical-calibration-v1,707,cocoglide:000000069795:edited,edited,nebula/CocoGlide,275f045df7caa2544dd28de7fa86b044ab661bd0,calibration,000000069795,cocoglide,000000069795_manipulated.png,6ec4fa85098466cdafcb592afdd1be59c9c474ac09679f9da557522986e86244,9dcda4b93d8c73df7b1240629bec209566cd6119bb7f800c2906b8c3826b8777,4a0b658060c2e0d65b2289dcade6fee5547fc50f0f23e9b17e3306dea7140f3d,256,256
diffdetect-hierarchical-calibration-v1,708,cocoglide:000000534639:edited,edited,nebula/CocoGlide,275f045df7caa2544dd28de7fa86b044ab661bd0,calibration,000000534639,cocoglide,000000534639_manipulated.png,6ec4fa85098466cdafcb592afdd1be59c9c474ac09679f9da557522986e86244,9dcda4b93d8c73df7b1240629bec209566cd6119bb7f800c2906b8c3826b8777,25625f62e3a19312f6de357d6b6ae19a755b3f1190af9fdaffa18500f4208fe9,256,256
diffdetect-hierarchical-calibration-v1,709,cocoglide:000000571313:real,real,nebula/CocoGlide,275f045df7caa2544dd28de7fa86b044ab661bd0,calibration,000000571313,cocoglide,000000571313_real.png,6ec4fa85098466cdafcb592afdd1be59c9c474ac09679f9da557522986e86244,9dcda4b93d8c73df7b1240629bec209566cd6119bb7f800c2906b8c3826b8777,0e4a905e841b3fec11246be7b2549447ace5721a2bf5ce847f224e421f48e10a,256,256
diffdetect-hierarchical-calibration-v1,710,diffusiondb:54444813-dd7a-4015-81c8-da6af1339dfc.png,synthetic,poloclub/diffusiondb,fb620fbe49fa4420e0734bd9c0df11f51176b61f,part-001800,54444813-dd7a-4015-81c8-da6af1339dfc.png,diffusiondb,54444813-dd7a-4015-81c8-da6af1339dfc.png,eecd341187bc91c07f5994ad0660d40228ea025616fd57a509bef8323677c68f,9dcda4b93d8c73df7b1240629bec209566cd6119bb7f800c2906b8c3826b8777,7eb174bea987167cc7be0a88808dd4cf68df027c4d4b7ca85485ec6f8ce75038,512,768
diffdetect-hierarchical-calibration-v1,711,cocoglide:000000542625:edited,edited,nebula/CocoGlide,275f045df7caa2544dd28de7fa86b044ab661bd0,calibration,000000542625,cocoglide,000000542625_manipulated.png,6ec4fa85098466cdafcb592afdd1be59c9c474ac09679f9da557522986e86244,9dcda4b93d8c73df7b1240629bec209566cd6119bb7f800c2906b8c3826b8777,681f4f799dd43325ae7ebb21d222feec6b040012ffba7dd4e780a8f5cf0bae40,256,256
diffdetect-hierarchical-calibration-v1,712,cocoglide:000000370900:real,real,nebula/CocoGlide,275f045df7caa2544dd28de7fa86b044ab661bd0,calibration,000000370900,cocoglide,000000370900_real.png,6ec4fa85098466cdafcb592afdd1be59c9c474ac09679f9da557522986e86244,9dcda4b93d8c73df7b1240629bec209566cd6119bb7f800c2906b8c3826b8777,fe053aee52242a9c5c05a4fa28ddadf640147891ceb887fac42b4c2f26f50ece,256,256
diffdetect-hierarchical-calibration-v1,713,cocoglide:000000313130:edited,edited,nebula/CocoGlide,275f045df7caa2544dd28de7fa86b044ab661bd0,calibration,000000313130,cocoglide,000000313130_manipulated.png,6ec4fa85098466cdafcb592afdd1be59c9c474ac09679f9da557522986e86244,9dcda4b93d8c73df7b1240629bec209566cd6119bb7f800c2906b8c3826b8777,c0f81a9e6d2e96f7711c3f73893dc9f7c9450e5ecf936421e623eb19e8880883,256,256
diffdetect-hierarchical-calibration-v1,714,cocoglide:000000470121:edited,edited,nebula/CocoGlide,275f045df7caa2544dd28de7fa86b044ab661bd0,calibration,000000470121,cocoglide,000000470121_manipulated.png,6ec4fa85098466cdafcb592afdd1be59c9c474ac09679f9da557522986e86244,9dcda4b93d8c73df7b1240629bec209566cd6119bb7f800c2906b8c3826b8777,2e8acf5b9f7784afba2228a34a5c96534cd2caf91da92ca4e6630fefbd377a3f,256,256
diffdetect-hierarchical-calibration-v1,715,diffusiondb:1fcbefb2-d406-435b-9545-a4a4a8d9bdf6.png,synthetic,poloclub/diffusiondb,fb620fbe49fa4420e0734bd9c0df11f51176b61f,part-001800,1fcbefb2-d406-435b-9545-a4a4a8d9bdf6.png,diffusiondb,1fcbefb2-d406-435b-9545-a4a4a8d9bdf6.png,eecd341187bc91c07f5994ad0660d40228ea025616fd57a509bef8323677c68f,9dcda4b93d8c73df7b1240629bec209566cd6119bb7f800c2906b8c3826b8777,6b1484ead65ff7d6117d4c4923ac126f3a73811d366efbf4685a24443c4a1a61,1024,640
diffdetect-hierarchical-calibration-v1,716,cocoglide:000000405432:real,real,nebula/CocoGlide,275f045df7caa2544dd28de7fa86b044ab661bd0,calibration,000000405432,cocoglide,000000405432_real.png,6ec4fa85098466cdafcb592afdd1be59c9c474ac09679f9da557522986e86244,9dcda4b93d8c73df7b1240629bec209566cd6119bb7f800c2906b8c3826b8777,11bc5a2607b1502621e0c8b5e0302e4865747bdfada98228a2360c30427e0e93,256,256
diffdetect-hierarchical-calibration-v1,717,diffusiondb:f9d539ba-8854-4f8e-b471-5852783ab413.png,synthetic,poloclub/diffusiondb,fb620fbe49fa4420e0734bd9c0df11f51176b61f,part-001800,f9d539ba-8854-4f8e-b471-5852783ab413.png,diffusiondb,f9d539ba-8854-4f8e-b471-5852783ab413.png,eecd341187bc91c07f5994ad0660d40228ea025616fd57a509bef8323677c68f,9dcda4b93d8c73df7b1240629bec209566cd6119bb7f800c2906b8c3826b8777,ee9f87b971cf4f88fc4a78555fdb1377477b5ccedcd02b56edaf94aca16400c4,704,512
diffdetect-hierarchical-calibration-v1,718,cocoglide:000000308753:edited,edited,nebula/CocoGlide,275f045df7caa2544dd28de7fa86b044ab661bd0,calibration,000000308753,cocoglide,000000308753_manipulated.png,6ec4fa85098466cdafcb592afdd1be59c9c474ac09679f9da557522986e86244,9dcda4b93d8c73df7b1240629bec209566cd6119bb7f800c2906b8c3826b8777,46b443f173dbe3013ebd7f6c43dfa13914a522741c33e6156ccf803de949dc3e,256,256
diffdetect-hierarchical-calibration-v1,719,diffusiondb:9fe9c4e8-4593-4941-b1ee-5971957b534c.png,synthetic,poloclub/diffusiondb,fb620fbe49fa4420e0734bd9c0df11f51176b61f,part-001800,9fe9c4e8-4593-4941-b1ee-5971957b534c.png,diffusiondb,9fe9c4e8-4593-4941-b1ee-5971957b534c.png,eecd341187bc91c07f5994ad0660d40228ea025616fd57a509bef8323677c68f,9dcda4b93d8c73df7b1240629bec209566cd6119bb7f800c2906b8c3826b8777,985de94872392c7ee3c9e85a559d4aba4ed441a348d30cb87eb677864869d9fa,512,512
diffdetect-hierarchical-calibration-v1,720,diffusiondb:0a6a0a91-e522-4f18-b55f-3776cafbdda4.png,synthetic,poloclub/diffusiondb,fb620fbe49fa4420e0734bd9c0df11f51176b61f,part-001800,0a6a0a91-e522-4f18-b55f-3776cafbdda4.png,diffusiondb,0a6a0a91-e522-4f18-b55f-3776cafbdda4.png,eecd341187bc91c07f5994ad0660d40228ea025616fd57a509bef8323677c68f,9dcda4b93d8c73df7b1240629bec209566cd6119bb7f800c2906b8c3826b8777,0227da7ce1f777905276c0219dcf2394b6aba5176bce9a4d5d2c963cbbb03521,512,640
diffdetect-hierarchical-calibration-v1,721,cocoglide:000000079408:real,real,nebula/CocoGlide,275f045df7caa2544dd28de7fa86b044ab661bd0,calibration,000000079408,cocoglide,000000079408_real.png,6ec4fa85098466cdafcb592afdd1be59c9c474ac09679f9da557522986e86244,9dcda4b93d8c73df7b1240629bec209566cd6119bb7f800c2906b8c3826b8777,8459e889e78569050c964fafda30d3af74e66398c6f478f48dcee0e30c6d3c9b,256,256
diffdetect-hierarchical-calibration-v1,722,cocoglide:000000242287:edited,edited,nebula/CocoGlide,275f045df7caa2544dd28de7fa86b044ab661bd0,calibration,000000242287,cocoglide,000000242287_manipulated.png,6ec4fa85098466cdafcb592afdd1be59c9c474ac09679f9da557522986e86244,9dcda4b93d8c73df7b1240629bec209566cd6119bb7f800c2906b8c3826b8777,0ba85229b1ff68a9b1cfdcf7a3b50220b45608dc38bf4fc348fa2b22e04d84f2,256,256
diffdetect-hierarchical-calibration-v1,723,cocoglide:000000365385:edited,edited,nebula/CocoGlide,275f045df7caa2544dd28de7fa86b044ab661bd0,calibration,000000365385,cocoglide,000000365385_manipulated.png,6ec4fa85098466cdafcb592afdd1be59c9c474ac09679f9da557522986e86244,9dcda4b93d8c73df7b1240629bec209566cd6119bb7f800c2906b8c3826b8777,75171a72d681a07be5aa753915b6d781c450de59b21a191de6b13fa49d93be74,256,256
diffdetect-hierarchical-calibration-v1,724,cocoglide:000000248980:edited,edited,nebula/CocoGlide,275f045df7caa2544dd28de7fa86b044ab661bd0,calibration,000000248980,cocoglide,000000248980_manipulated.png,6ec4fa85098466cdafcb592afdd1be59c9c474ac09679f9da557522986e86244,9dcda4b93d8c73df7b1240629bec209566cd6119bb7f800c2906b8c3826b8777,386aac53c48f6d60b1c900e8df90210c67d6b3a86e774ea06281953b90b3f6e2,256,256
diffdetect-hierarchical-calibration-v1,725,cocoglide:000000542625:real,real,nebula/CocoGlide,275f045df7caa2544dd28de7fa86b044ab661bd0,calibration,000000542625,cocoglide,000000542625_real.png,6ec4fa85098466cdafcb592afdd1be59c9c474ac09679f9da557522986e86244,9dcda4b93d8c73df7b1240629bec209566cd6119bb7f800c2906b8c3826b8777,e3b54895127f65d27382c70c3bb275a633412ee5fec4d77156967157988bc886,256,256
diffdetect-hierarchical-calibration-v1,726,cocoglide:000000022589:edited,edited,nebula/CocoGlide,275f045df7caa2544dd28de7fa86b044ab661bd0,calibration,000000022589,cocoglide,000000022589_manipulated.png,6ec4fa85098466cdafcb592afdd1be59c9c474ac09679f9da557522986e86244,9dcda4b93d8c73df7b1240629bec209566cd6119bb7f800c2906b8c3826b8777,637fad76bcca58b45d4f8a70bb8675f7b4b011fdc7afb54e5cf7b9ee95ea0a8f,256,256
diffdetect-hierarchical-calibration-v1,727,cocoglide:000000222299:real,real,nebula/CocoGlide,275f045df7caa2544dd28de7fa86b044ab661bd0,calibration,000000222299,cocoglide,000000222299_real.png,6ec4fa85098466cdafcb592afdd1be59c9c474ac09679f9da557522986e86244,9dcda4b93d8c73df7b1240629bec209566cd6119bb7f800c2906b8c3826b8777,a67a676c7139e5953e6687d39c52a211d2e88fa6f45014c07cebadda5edb0369,256,256
diffdetect-hierarchical-calibration-v1,728,cocoglide:000000474164:edited,edited,nebula/CocoGlide,275f045df7caa2544dd28de7fa86b044ab661bd0,calibration,000000474164,cocoglide,000000474164_manipulated.png,6ec4fa85098466cdafcb592afdd1be59c9c474ac09679f9da557522986e86244,9dcda4b93d8c73df7b1240629bec209566cd6119bb7f800c2906b8c3826b8777,e4e9e5a62dcabfee952059b1468cb9d8356bc0216f67c7764683c05c28e43a09,256,256
diffdetect-hierarchical-calibration-v1,729,cocoglide:000000156372:real,real,nebula/CocoGlide,275f045df7caa2544dd28de7fa86b044ab661bd0,calibration,000000156372,cocoglide,000000156372_real.png,6ec4fa85098466cdafcb592afdd1be59c9c474ac09679f9da557522986e86244,9dcda4b93d8c73df7b1240629bec209566cd6119bb7f800c2906b8c3826b8777,879e07d76744217f286a35e03eb7bb6a646d322cac1bb2bc949779b9593523b4,256,256
diffdetect-hierarchical-calibration-v1,730,cocoglide:000000219283:edited,edited,nebula/CocoGlide,275f045df7caa2544dd28de7fa86b044ab661bd0,calibration,000000219283,cocoglide,000000219283_manipulated.png,6ec4fa85098466cdafcb592afdd1be59c9c474ac09679f9da557522986e86244,9dcda4b93d8c73df7b1240629bec209566cd6119bb7f800c2906b8c3826b8777,f80be092a6c62d7d37e1c1c1fdb3be9b3f3c3c1cd831ffadf46c8583decae00a,256,256
diffdetect-hierarchical-calibration-v1,731,diffusiondb:25913066-e883-4a99-b513-3580fe857036.png,synthetic,poloclub/diffusiondb,fb620fbe49fa4420e0734bd9c0df11f51176b61f,part-001800,25913066-e883-4a99-b513-3580fe857036.png,diffusiondb,25913066-e883-4a99-b513-3580fe857036.png,eecd341187bc91c07f5994ad0660d40228ea025616fd57a509bef8323677c68f,9dcda4b93d8c73df7b1240629bec209566cd6119bb7f800c2906b8c3826b8777,6bc6b9fcb9d0852cbbcacc07617460601715972666d570f4030b33e0b0bb1a45,512,512
diffdetect-hierarchical-calibration-v1,732,cocoglide:000000545407:real,real,nebula/CocoGlide,275f045df7caa2544dd28de7fa86b044ab661bd0,calibration,000000545407,cocoglide,000000545407_real.png,6ec4fa85098466cdafcb592afdd1be59c9c474ac09679f9da557522986e86244,9dcda4b93d8c73df7b1240629bec209566cd6119bb7f800c2906b8c3826b8777,39b7ed5e900c7cb15ef134affba98849c6c8ca07241bc4310e348b8ff17e0b8d,256,256
diffdetect-hierarchical-calibration-v1,733,diffusiondb:e63c6371-a680-4cb5-ba84-4ac57d1ef569.png,synthetic,poloclub/diffusiondb,fb620fbe49fa4420e0734bd9c0df11f51176b61f,part-001800,e63c6371-a680-4cb5-ba84-4ac57d1ef569.png,diffusiondb,e63c6371-a680-4cb5-ba84-4ac57d1ef569.png,eecd341187bc91c07f5994ad0660d40228ea025616fd57a509bef8323677c68f,9dcda4b93d8c73df7b1240629bec209566cd6119bb7f800c2906b8c3826b8777,e19b3d0056d457aa9cca548dd3b076bddc22529f6ebcd669220097960d10fa08,512,512
diffdetect-hierarchical-calibration-v1,734,diffusiondb:a1720ad7-31e8-450a-a2e7-8aaa37db60e5.png,synthetic,poloclub/diffusiondb,fb620fbe49fa4420e0734bd9c0df11f51176b61f,part-001800,a1720ad7-31e8-450a-a2e7-8aaa37db60e5.png,diffusiondb,a1720ad7-31e8-450a-a2e7-8aaa37db60e5.png,eecd341187bc91c07f5994ad0660d40228ea025616fd57a509bef8323677c68f,9dcda4b93d8c73df7b1240629bec209566cd6119bb7f800c2906b8c3826b8777,a866430f3009ef9cb418e323c5491696996a0b308ec5bb5f9fc7824ba987c5fc,512,512
diffdetect-hierarchical-calibration-v1,735,cocoglide:000000196754:real,real,nebula/CocoGlide,275f045df7caa2544dd28de7fa86b044ab661bd0,calibration,000000196754,cocoglide,000000196754_real.png,6ec4fa85098466cdafcb592afdd1be59c9c474ac09679f9da557522986e86244,9dcda4b93d8c73df7b1240629bec209566cd6119bb7f800c2906b8c3826b8777,4bd3bf5e1dfd95fd129a97d863fcc27c66914514db349ebd17ae1a1eca3838ca,256,256
diffdetect-hierarchical-calibration-v1,736,diffusiondb:a681ed81-619b-42e8-8719-c2a729ea10a8.png,synthetic,poloclub/diffusiondb,fb620fbe49fa4420e0734bd9c0df11f51176b61f,part-001800,a681ed81-619b-42e8-8719-c2a729ea10a8.png,diffusiondb,a681ed81-619b-42e8-8719-c2a729ea10a8.png,eecd341187bc91c07f5994ad0660d40228ea025616fd57a509bef8323677c68f,9dcda4b93d8c73df7b1240629bec209566cd6119bb7f800c2906b8c3826b8777,936142e4aba2199debe11fcf7e8422462d1e55d9dbc7be7b041168b6f990ddcb,512,512
diffdetect-hierarchical-calibration-v1,737,cocoglide:000000382088:edited,edited,nebula/CocoGlide,275f045df7caa2544dd28de7fa86b044ab661bd0,calibration,000000382088,cocoglide,000000382088_manipulated.png,6ec4fa85098466cdafcb592afdd1be59c9c474ac09679f9da557522986e86244,9dcda4b93d8c73df7b1240629bec209566cd6119bb7f800c2906b8c3826b8777,0165e193cfb328e2f86fd572ccd6258223a7c840e565cbbf1284b49191480783,256,256
diffdetect-hierarchical-calibration-v1,738,cocoglide:000000063552:edited,edited,nebula/CocoGlide,275f045df7caa2544dd28de7fa86b044ab661bd0,calibration,000000063552,cocoglide,000000063552_manipulated.png,6ec4fa85098466cdafcb592afdd1be59c9c474ac09679f9da557522986e86244,9dcda4b93d8c73df7b1240629bec209566cd6119bb7f800c2906b8c3826b8777,7b34d090d52b9f57bbcfb802dd8adf4f55e70995bedcc829044f62da70216d99,256,256
diffdetect-hierarchical-calibration-v1,739,cocoglide:000000182417:edited,edited,nebula/CocoGlide,275f045df7caa2544dd28de7fa86b044ab661bd0,calibration,000000182417,cocoglide,000000182417_manipulated.png,6ec4fa85098466cdafcb592afdd1be59c9c474ac09679f9da557522986e86244,9dcda4b93d8c73df7b1240629bec209566cd6119bb7f800c2906b8c3826b8777,614cdc7d739e416aa98c331184c22ccc4c1ca85ba6f9953192d421cb92a2624e,256,256
diffdetect-hierarchical-calibration-v1,740,cocoglide:000000375078:real,real,nebula/CocoGlide,275f045df7caa2544dd28de7fa86b044ab661bd0,calibration,000000375078,cocoglide,000000375078_real.png,6ec4fa85098466cdafcb592afdd1be59c9c474ac09679f9da557522986e86244,9dcda4b93d8c73df7b1240629bec209566cd6119bb7f800c2906b8c3826b8777,8b7ec3e10875af0bba0d89b83350b8c3aae5af0c5cd1ac425ee4c1ac79bd29e6,256,256
diffdetect-hierarchical-calibration-v1,741,diffusiondb:672b5d9e-8831-45ab-9f67-cfcd6044fb0b.png,synthetic,poloclub/diffusiondb,fb620fbe49fa4420e0734bd9c0df11f51176b61f,part-001800,672b5d9e-8831-45ab-9f67-cfcd6044fb0b.png,diffusiondb,672b5d9e-8831-45ab-9f67-cfcd6044fb0b.png,eecd341187bc91c07f5994ad0660d40228ea025616fd57a509bef8323677c68f,9dcda4b93d8c73df7b1240629bec209566cd6119bb7f800c2906b8c3826b8777,f9785144ef6f4d1d0e07d555942ad9af759c80a743d7be034f730b122f58c193,256,1024
diffdetect-hierarchical-calibration-v1,742,cocoglide:000000294855:edited,edited,nebula/CocoGlide,275f045df7caa2544dd28de7fa86b044ab661bd0,calibration,000000294855,cocoglide,000000294855_manipulated.png,6ec4fa85098466cdafcb592afdd1be59c9c474ac09679f9da557522986e86244,9dcda4b93d8c73df7b1240629bec209566cd6119bb7f800c2906b8c3826b8777,778fab170d72c0c269efc99274a9e0c4d83006ac1d23d9185b9df398cbb765d3,256,256
diffdetect-hierarchical-calibration-v1,743,diffusiondb:37840d44-4153-4f8e-a8ef-df67f06dcd0d.png,synthetic,poloclub/diffusiondb,fb620fbe49fa4420e0734bd9c0df11f51176b61f,part-001800,37840d44-4153-4f8e-a8ef-df67f06dcd0d.png,diffusiondb,37840d44-4153-4f8e-a8ef-df67f06dcd0d.png,eecd341187bc91c07f5994ad0660d40228ea025616fd57a509bef8323677c68f,9dcda4b93d8c73df7b1240629bec209566cd6119bb7f800c2906b8c3826b8777,c48553b1a85dcd6cc8c6cfbf8a4f277e8b96c19e27584046bfa5ef4a17b7be37,512,512
diffdetect-hierarchical-calibration-v1,744,diffusiondb:0c1c1c86-6fa4-4ad5-aeaf-302beab6805d.png,synthetic,poloclub/diffusiondb,fb620fbe49fa4420e0734bd9c0df11f51176b61f,part-001800,0c1c1c86-6fa4-4ad5-aeaf-302beab6805d.png,diffusiondb,0c1c1c86-6fa4-4ad5-aeaf-302beab6805d.png,eecd341187bc91c07f5994ad0660d40228ea025616fd57a509bef8323677c68f,9dcda4b93d8c73df7b1240629bec209566cd6119bb7f800c2906b8c3826b8777,2c26e59204d9f35abdc364fe03af78a075ffb5a7144f58e63ecf1e18a5dc7aae,512,640
diffdetect-hierarchical-calibration-v1,745,cocoglide:000000198960:edited,edited,nebula/CocoGlide,275f045df7caa2544dd28de7fa86b044ab661bd0,calibration,000000198960,cocoglide,000000198960_manipulated.png,6ec4fa85098466cdafcb592afdd1be59c9c474ac09679f9da557522986e86244,9dcda4b93d8c73df7b1240629bec209566cd6119bb7f800c2906b8c3826b8777,0c8e61b6f11f689776ffab1dbe0ee072959d1fe1482a6b1d9b6c4730da7025d3,256,256
diffdetect-hierarchical-calibration-v1,746,cocoglide:000000384651:edited,edited,nebula/CocoGlide,275f045df7caa2544dd28de7fa86b044ab661bd0,calibration,000000384651,cocoglide,000000384651_manipulated.png,6ec4fa85098466cdafcb592afdd1be59c9c474ac09679f9da557522986e86244,9dcda4b93d8c73df7b1240629bec209566cd6119bb7f800c2906b8c3826b8777,91ffd2443fcd518dde027a7f4e0494381a4cf2fa08e215e98108f746a3f2026b,256,256
diffdetect-hierarchical-calibration-v1,747,cocoglide:000000335450:edited,edited,nebula/CocoGlide,275f045df7caa2544dd28de7fa86b044ab661bd0,calibration,000000335450,cocoglide,000000335450_manipulated.png,6ec4fa85098466cdafcb592afdd1be59c9c474ac09679f9da557522986e86244,9dcda4b93d8c73df7b1240629bec209566cd6119bb7f800c2906b8c3826b8777,bd572c2e4a1801f2719982386a603501837394735c9407e0937cd3693d59b3fa,256,256
diffdetect-hierarchical-calibration-v1,748,diffusiondb:ec4c31c9-3531-436f-9f0f-8550d9842e81.png,synthetic,poloclub/diffusiondb,fb620fbe49fa4420e0734bd9c0df11f51176b61f,part-001800,ec4c31c9-3531-436f-9f0f-8550d9842e81.png,diffusiondb,ec4c31c9-3531-436f-9f0f-8550d9842e81.png,eecd341187bc91c07f5994ad0660d40228ea025616fd57a509bef8323677c68f,9dcda4b93d8c73df7b1240629bec209566cd6119bb7f800c2906b8c3826b8777,9652fb5f0d1b8c3b91777de84cae0c2ead0f9fe02e437965343a0f64f28922a6,512,512
diffdetect-hierarchical-calibration-v1,749,diffusiondb:aef3fe3b-361f-4493-81bc-ab02bdfccce6.png,synthetic,poloclub/diffusiondb,fb620fbe49fa4420e0734bd9c0df11f51176b61f,part-001800,aef3fe3b-361f-4493-81bc-ab02bdfccce6.png,diffusiondb,aef3fe3b-361f-4493-81bc-ab02bdfccce6.png,eecd341187bc91c07f5994ad0660d40228ea025616fd57a509bef8323677c68f,9dcda4b93d8c73df7b1240629bec209566cd6119bb7f800c2906b8c3826b8777,1c38624bf2e2417061f40fb7f3f0dd106f316fb3a484cc03a812fb09343bb3c6,704,704
diffdetect-hierarchical-calibration-v1,750,cocoglide:000000333956:real,real,nebula/CocoGlide,275f045df7caa2544dd28de7fa86b044ab661bd0,calibration,000000333956,cocoglide,000000333956_real.png,6ec4fa85098466cdafcb592afdd1be59c9c474ac09679f9da557522986e86244,9dcda4b93d8c73df7b1240629bec209566cd6119bb7f800c2906b8c3826b8777,338fde4ab288416e9c6b24865a61bae1d068b742dfa52ed66f592d8c556730f9,256,256
diffdetect-hierarchical-calibration-v1,751,cocoglide:000000393282:real,real,nebula/CocoGlide,275f045df7caa2544dd28de7fa86b044ab661bd0,calibration,000000393282,cocoglide,000000393282_real.png,6ec4fa85098466cdafcb592afdd1be59c9c474ac09679f9da557522986e86244,9dcda4b93d8c73df7b1240629bec209566cd6119bb7f800c2906b8c3826b8777,b7c7212c39957fcfd844f97956c4c662ef94df28bc3e233699c2403d7e444ddd,256,256
diffdetect-hierarchical-calibration-v1,752,cocoglide:000000478286:real,real,nebula/CocoGlide,275f045df7caa2544dd28de7fa86b044ab661bd0,calibration,000000478286,cocoglide,000000478286_real.png,6ec4fa85098466cdafcb592afdd1be59c9c474ac09679f9da557522986e86244,9dcda4b93d8c73df7b1240629bec209566cd6119bb7f800c2906b8c3826b8777,b8db73d7dab254eba23dafc0c96e561eeb576b9d25291e7f0899dfcc2d4f6aa1,256,256
diffdetect-hierarchical-calibration-v1,753,cocoglide:000000214200:real,real,nebula/CocoGlide,275f045df7caa2544dd28de7fa86b044ab661bd0,calibration,000000214200,cocoglide,000000214200_real.png,6ec4fa85098466cdafcb592afdd1be59c9c474ac09679f9da557522986e86244,9dcda4b93d8c73df7b1240629bec209566cd6119bb7f800c2906b8c3826b8777,9de05e3e48b7d3b9c1aa25eef2a178c8f44ccb753fb3ce3f2d0e0dc15993e5c1,256,256
diffdetect-hierarchical-calibration-v1,754,cocoglide:000000549167:edited,edited,nebula/CocoGlide,275f045df7caa2544dd28de7fa86b044ab661bd0,calibration,000000549167,cocoglide,000000549167_manipulated.png,6ec4fa85098466cdafcb592afdd1be59c9c474ac09679f9da557522986e86244,9dcda4b93d8c73df7b1240629bec209566cd6119bb7f800c2906b8c3826b8777,1072a3cb880d52943f03ad84d32e178f5615a9bbf880531a5ec5be5d417e9b41,256,256
diffdetect-hierarchical-calibration-v1,755,cocoglide:000000141597:real,real,nebula/CocoGlide,275f045df7caa2544dd28de7fa86b044ab661bd0,calibration,000000141597,cocoglide,000000141597_real.png,6ec4fa85098466cdafcb592afdd1be59c9c474ac09679f9da557522986e86244,9dcda4b93d8c73df7b1240629bec209566cd6119bb7f800c2906b8c3826b8777,d1a592fef2bdd3bd6225d408a8a9f0df5a98aa10e60603b40f16088037635933,256,256
diffdetect-hierarchical-calibration-v1,756,cocoglide:000000098839:edited,edited,nebula/CocoGlide,275f045df7caa2544dd28de7fa86b044ab661bd0,calibration,000000098839,cocoglide,000000098839_manipulated.png,6ec4fa85098466cdafcb592afdd1be59c9c474ac09679f9da557522986e86244,9dcda4b93d8c73df7b1240629bec209566cd6119bb7f800c2906b8c3826b8777,d1752663e278a7616195df0c385b1d31ef05e8987b7ef3e8ab759b48de755ac8,256,256
diffdetect-hierarchical-calibration-v1,757,cocoglide:000000217614:edited,edited,nebula/CocoGlide,275f045df7caa2544dd28de7fa86b044ab661bd0,calibration,000000217614,cocoglide,000000217614_manipulated.png,6ec4fa85098466cdafcb592afdd1be59c9c474ac09679f9da557522986e86244,9dcda4b93d8c73df7b1240629bec209566cd6119bb7f800c2906b8c3826b8777,5615e499aa510b95ab403df4dd80e40209440c2e6bf3fb71cb135f9b4d06b56b,256,256
diffdetect-hierarchical-calibration-v1,758,cocoglide:000000224051:real,real,nebula/CocoGlide,275f045df7caa2544dd28de7fa86b044ab661bd0,calibration,000000224051,cocoglide,000000224051_real.png,6ec4fa85098466cdafcb592afdd1be59c9c474ac09679f9da557522986e86244,9dcda4b93d8c73df7b1240629bec209566cd6119bb7f800c2906b8c3826b8777,188662b2b4697a1553e7685fb78d52b28b122aa2845548bb752d905fc0da6127,256,256
diffdetect-hierarchical-calibration-v1,759,diffusiondb:02a2bf57-e250-40c4-880b-ce3f2a6de90b.png,synthetic,poloclub/diffusiondb,fb620fbe49fa4420e0734bd9c0df11f51176b61f,part-001800,02a2bf57-e250-40c4-880b-ce3f2a6de90b.png,diffusiondb,02a2bf57-e250-40c4-880b-ce3f2a6de90b.png,eecd341187bc91c07f5994ad0660d40228ea025616fd57a509bef8323677c68f,9dcda4b93d8c73df7b1240629bec209566cd6119bb7f800c2906b8c3826b8777,c8c6d61a37271f7d93f6c16db7421955b9696155a7d89fe196ebf391a3b2f059,640,512
diffdetect-hierarchical-calibration-v1,760,cocoglide:000000172856:edited,edited,nebula/CocoGlide,275f045df7caa2544dd28de7fa86b044ab661bd0,calibration,000000172856,cocoglide,000000172856_manipulated.png,6ec4fa85098466cdafcb592afdd1be59c9c474ac09679f9da557522986e86244,9dcda4b93d8c73df7b1240629bec209566cd6119bb7f800c2906b8c3826b8777,9022e75459dedf6fc4ec9281e24dcad240938968b0a69f08b9c75794f73719fe,256,256
diffdetect-hierarchical-calibration-v1,761,cocoglide:000000340175:edited,edited,nebula/CocoGlide,275f045df7caa2544dd28de7fa86b044ab661bd0,calibration,000000340175,cocoglide,000000340175_manipulated.png,6ec4fa85098466cdafcb592afdd1be59c9c474ac09679f9da557522986e86244,9dcda4b93d8c73df7b1240629bec209566cd6119bb7f800c2906b8c3826b8777,ce70b18ef4470f95810fd66672e1436c129975ab4c736e22fea883a5b628135b,256,256
diffdetect-hierarchical-calibration-v1,762,cocoglide:000000192904:edited,edited,nebula/CocoGlide,275f045df7caa2544dd28de7fa86b044ab661bd0,calibration,000000192904,cocoglide,000000192904_manipulated.png,6ec4fa85098466cdafcb592afdd1be59c9c474ac09679f9da557522986e86244,9dcda4b93d8c73df7b1240629bec209566cd6119bb7f800c2906b8c3826b8777,0540562414d602ca6af52e1fb3288b45d85c279a5205dc0e221819a33b079a00,256,256
diffdetect-hierarchical-calibration-v1,763,cocoglide:000000020247:real,real,nebula/CocoGlide,275f045df7caa2544dd28de7fa86b044ab661bd0,calibration,000000020247,cocoglide,000000020247_real.png,6ec4fa85098466cdafcb592afdd1be59c9c474ac09679f9da557522986e86244,9dcda4b93d8c73df7b1240629bec209566cd6119bb7f800c2906b8c3826b8777,ec7535802bb194f6d0a0e4c38428813b4a36df292301896d63fb1b0a3aa88c20,256,256
diffdetect-hierarchical-calibration-v1,764,diffusiondb:4369f164-5810-4869-9930-05b706a1291d.png,synthetic,poloclub/diffusiondb,fb620fbe49fa4420e0734bd9c0df11f51176b61f,part-001800,4369f164-5810-4869-9930-05b706a1291d.png,diffusiondb,4369f164-5810-4869-9930-05b706a1291d.png,eecd341187bc91c07f5994ad0660d40228ea025616fd57a509bef8323677c68f,9dcda4b93d8c73df7b1240629bec209566cd6119bb7f800c2906b8c3826b8777,a8aa07560ad7d6f52be6d43f42692f67551edc14f798c99fb093cb2699f5fee5,1088,576
diffdetect-hierarchical-calibration-v1,765,cocoglide:000000129135:real,real,nebula/CocoGlide,275f045df7caa2544dd28de7fa86b044ab661bd0,calibration,000000129135,cocoglide,000000129135_real.png,6ec4fa85098466cdafcb592afdd1be59c9c474ac09679f9da557522986e86244,9dcda4b93d8c73df7b1240629bec209566cd6119bb7f800c2906b8c3826b8777,d690881b955c88e3cd22c5a99fb0b4016a372dd1379f791538769105d2245732,256,256
diffdetect-hierarchical-calibration-v1,766,cocoglide:000000283038:real,real,nebula/CocoGlide,275f045df7caa2544dd28de7fa86b044ab661bd0,calibration,000000283038,cocoglide,000000283038_real.png,6ec4fa85098466cdafcb592afdd1be59c9c474ac09679f9da557522986e86244,9dcda4b93d8c73df7b1240629bec209566cd6119bb7f800c2906b8c3826b8777,94d19fa0b6f602330ff9fb0957d976273bd078b64e04a25f4d9122f429dc2bda,256,256
diffdetect-hierarchical-calibration-v1,767,diffusiondb:84ffaf5c-49b0-4b9e-be4c-87f6be4eac9e.png,synthetic,poloclub/diffusiondb,fb620fbe49fa4420e0734bd9c0df11f51176b61f,part-001800,84ffaf5c-49b0-4b9e-be4c-87f6be4eac9e.png,diffusiondb,84ffaf5c-49b0-4b9e-be4c-87f6be4eac9e.png,eecd341187bc91c07f5994ad0660d40228ea025616fd57a509bef8323677c68f,9dcda4b93d8c73df7b1240629bec209566cd6119bb7f800c2906b8c3826b8777,9113b484822d8a8009bd5a49001d24595ca8b6ba7258acafded4d385319839c7,1024,512
diffdetect-hierarchical-calibration-v1,768,cocoglide:000000244411:edited,edited,nebula/CocoGlide,275f045df7caa2544dd28de7fa86b044ab661bd0,calibration,000000244411,cocoglide,000000244411_manipulated.png,6ec4fa85098466cdafcb592afdd1be59c9c474ac09679f9da557522986e86244,9dcda4b93d8c73df7b1240629bec209566cd6119bb7f800c2906b8c3826b8777,e6bd8cbf0b99d092d04f7c47c19ca8e4b8884b9877381d82e744c66448603353,256,256
