manifest_index,sample_id,true_class,source_dataset,source_id,group_id,distildire_score,dinolizer_score,dinolizer_marked_area,baseline_label,baseline_reason,hierarchical_label,hierarchical_reason,hierarchical_inconclusive,p_artificial,p_synthetic_given_artificial,standardized_distildire_score,standardized_dinolizer_score,standardized_dinolizer_marked_area,level1_threshold,level2_threshold,policy_sha256
1,cocoglide:000000147498:real,real,nebula/CocoGlide,000000147498,cocoglide:000000147498,0.9947432279586792,0.23540402948856354,0.0,synthetic,synthetic_evidence,real,level1_real,False,0.08947785588722898,,0.15346010749659672,-0.9925713730496906,-0.8009139685768576,0.73,0.5,c1214e33d698daa7cda082cd2c20ef0e4553d8d63b46ac77494e9685a50a1187
2,cocoglide:000000110211:real,real,nebula/CocoGlide,000000110211,cocoglide:000000110211,0.9959740042686462,0.2905149757862091,0.0002131254262508525,synthetic,synthetic_evidence,real,level1_real,False,0.12965407081281985,,0.16401176040176535,-0.8569210893674125,-0.8002735338388995,0.73,0.5,c1214e33d698daa7cda082cd2c20ef0e4553d8d63b46ac77494e9685a50a1187
3,cocoglide:000000243344:edited,edited,nebula/CocoGlide,000000243344,cocoglide:000000243344,0.9957179427146912,0.9991956353187561,0.32278136431272864,,conflicting_evidence,edited,level2_edited,False,0.9929618919408412,0.2806727839853389,0.1618165015088115,0.8874280638214311,0.16903317526162304,0.73,0.5,c1214e33d698daa7cda082cd2c20ef0e4553d8d63b46ac77494e9685a50a1187
4,cocoglide:000000349152:edited,edited,nebula/CocoGlide,000000349152,cocoglide:000000349152,0.9944478273391724,0.9671316146850586,0.19961908673817347,,conflicting_evidence,edited,level2_edited,False,0.9838968338535856,0.19092640230762495,0.15092758815919463,0.8085055668012465,-0.2010653266033779,0.73,0.5,c1214e33d698daa7cda082cd2c20ef0e4553d8d63b46ac77494e9685a50a1187
5,cocoglide:000000409268:edited,edited,nebula/CocoGlide,000000409268,cocoglide:000000409268,0.9954759478569031,0.9723874926567078,0.512483337466675,,conflicting_evidence,synthetic,level2_synthetic,False,0.9965412350817506,0.5702021205930582,0.1597418387747815,0.8214424039588423,0.7390812244511172,0.73,0.5,c1214e33d698daa7cda082cd2c20ef0e4553d8d63b46ac77494e9685a50a1187
6,cocoglide:000000085665:edited,edited,nebula/CocoGlide,000000085665,cocoglide:000000085665,0.9954022169113159,0.9784010052680969,0.1128276319052638,,conflicting_evidence,edited,level2_edited,False,0.9776957066090479,0.11941350020735486,0.15910973094177783,0.8362440857745789,-0.4618707293688421,0.73,0.5,c1214e33d698daa7cda082cd2c20ef0e4553d8d63b46ac77494e9685a50a1187
7,cocoglide:000000267434:real,real,nebula/CocoGlide,000000267434,cocoglide:000000267434,0.995245635509491,0.5512189269065857,0.014743435736871474,synthetic,synthetic_evidence,,level1_inconclusive,True,0.5283014130566178,,0.15776733217273922,-0.21522343577294578,-0.7566104400451122,0.73,0.5,c1214e33d698daa7cda082cd2c20ef0e4553d8d63b46ac77494e9685a50a1187
8,cocoglide:000000404568:edited,edited,nebula/CocoGlide,000000404568,cocoglide:000000404568,0.9915397763252258,0.9739004969596863,0.1330784224068448,,conflicting_evidence,edited,level2_edited,False,0.9788581778562222,0.1349504618822992,0.12599637630437005,0.8251665182537244,-0.40101778499486185,0.73,0.5,c1214e33d698daa7cda082cd2c20ef0e4553d8d63b46ac77494e9685a50a1187
9,diffusiondb:63ebcba2-4701-4643-ae90-142cfba474e1.png,synthetic,poloclub/diffusiondb,63ebcba2-4701-4643-ae90-142cfba474e1.png,diffusiondb:63ebcba2-4701-4643-ae90-142cfba474e1.png,0.9926823973655701,0.9327425956726074,0.2955894470214844,,conflicting_evidence,edited,level2_edited,False,0.986797602799649,0.3313387049872707,0.13579225921357063,0.7238603103144505,0.0873223783316576,0.73,0.5,c1214e33d698daa7cda082cd2c20ef0e4553d8d63b46ac77494e9685a50a1187
10,cocoglide:000000488075:edited,edited,nebula/CocoGlide,000000488075,cocoglide:000000488075,0.9947748184204102,0.13053172826766968,0.0,synthetic,synthetic_evidence,real,level1_real,False,0.04294361603509097,,0.15373093785350211,-1.2507044367462457,-0.8009139685768576,0.73,0.5,c1214e33d698daa7cda082cd2c20ef0e4553d8d63b46ac77494e9685a50a1187
11,cocoglide:000000324715:edited,edited,nebula/CocoGlide,000000324715,cocoglide:000000324715,0.9955229759216309,0.9784426689147949,0.03094484313968628,,conflicting_evidence,edited,level2_edited,False,0.9672660444438765,0.07883801990472586,0.16014501830609917,0.8363466368261122,-0.7079257556923354,0.73,0.5,c1214e33d698daa7cda082cd2c20ef0e4553d8d63b46ac77494e9685a50a1187
12,cocoglide:000000521282:real,real,nebula/CocoGlide,000000521282,cocoglide:000000521282,0.9939817786216736,0.04390227422118187,0.0,synthetic,synthetic_evidence,real,level1_real,False,0.02289829924870452,,0.14693207389383003,-1.4639344900496303,-0.8009139685768576,0.73,0.5,c1214e33d698daa7cda082cd2c20ef0e4553d8d63b46ac77494e9685a50a1187
13,cocoglide:000000196759:real,real,nebula/CocoGlide,000000196759,cocoglide:000000196759,0.9908968806266785,0.3148737847805023,0.00040590706181412365,synthetic,synthetic_evidence,real,level1_real,False,0.15017419703272591,,0.12048472304100868,-0.7969642283040513,-0.7996942315077464,0.73,0.5,c1214e33d698daa7cda082cd2c20ef0e4553d8d63b46ac77494e9685a50a1187
14,diffusiondb:e6750525-4d25-46d0-8142-98072521ba3a.png,synthetic,poloclub/diffusiondb,e6750525-4d25-46d0-8142-98072521ba3a.png,diffusiondb:e6750525-4d25-46d0-8142-98072521ba3a.png,0.9957172274589539,0.9775727391242981,0.33096059163411456,,conflicting_evidence,edited,level2_edited,False,0.9920543340815675,0.31698584118858,0.1618103695007306,0.8342053884754266,0.19361147827510683,0.73,0.5,c1214e33d698daa7cda082cd2c20ef0e4553d8d63b46ac77494e9685a50a1187
15,cocoglide:000000430286:edited,edited,nebula/CocoGlide,000000430286,cocoglide:000000430286,0.9847842454910278,0.9567553997039795,0.08443448136896274,edited,edited_evidence,edited,level2_edited,False,0.9694102480174337,0.11605050673319327,0.06808007098116273,0.7829655135034898,-0.5471911917998116,0.73,0.5,c1214e33d698daa7cda082cd2c20ef0e4553d8d63b46ac77494e9685a50a1187
16,diffusiondb:54d0297a-948a-40ad-9f0a-26703a918cbc.png,synthetic,poloclub/diffusiondb,54d0297a-948a-40ad-9f0a-26703a918cbc.png,diffusiondb:54d0297a-948a-40ad-9f0a-26703a918cbc.png,0.9949769377708435,0.994218111038208,0.9656815962357954,,conflicting_evidence,synthetic,level2_synthetic,False,0.9996684436974407,0.9370210593091394,0.1554637411370232,0.875176367451619,2.1009267498941315,0.73,0.5,c1214e33d698daa7cda082cd2c20ef0e4553d8d63b46ac77494e9685a50a1187
17,cocoglide:000000138856:edited,edited,nebula/CocoGlide,000000138856,cocoglide:000000138856,0.9907265901565552,0.9957772493362427,0.6306826988653977,,conflicting_evidence,synthetic,level2_synthetic,False,0.9983360823698388,0.6917959789860596,0.11902479411708661,0.879014036129744,1.094266330122667,0.73,0.5,c1214e33d698daa7cda082cd2c20ef0e4553d8d63b46ac77494e9685a50a1187
18,diffusiondb:439d33b2-5e0b-4a7d-98ad-d6d5f866acbe.png,synthetic,poloclub/diffusiondb,439d33b2-5e0b-4a7d-98ad-d6d5f866acbe.png,diffusiondb:439d33b2-5e0b-4a7d-98ad-d6d5f866acbe.png,0.991675078868866,0.9960383176803589,0.9654922485351562,,conflicting_evidence,synthetic,level2_synthetic,False,0.999670006915392,0.9363115212435025,0.12715634783300256,0.879656630701584,2.100357766421934,0.73,0.5,c1214e33d698daa7cda082cd2c20ef0e4553d8d63b46ac77494e9685a50a1187
19,cocoglide:000000359855:real,real,nebula/CocoGlide,000000359855,cocoglide:000000359855,0.993712842464447,0.761103093624115,0.03200465775931552,,conflicting_evidence,edited,level2_edited,False,0.8534572373191132,0.2367395779448079,0.14462643885542037,0.30138621563613743,-0.7047410484044894,0.73,0.5,c1214e33d698daa7cda082cd2c20ef0e4553d8d63b46ac77494e9685a50a1187
20,diffusiondb:08115f7e-6d44-4571-b4c3-003b8abcb242.png,synthetic,poloclub/diffusiondb,08115f7e-6d44-4571-b4c3-003b8abcb242.png,diffusiondb:08115f7e-6d44-4571-b4c3-003b8abcb242.png,0.9926462173461914,0.9532352685928345,0.7561506791548296,,conflicting_evidence,synthetic,level2_synthetic,False,0.9987566458736143,0.8537561563350565,0.13548208180481294,0.7743010499820924,1.4712933910994899,0.73,0.5,c1214e33d698daa7cda082cd2c20ef0e4553d8d63b46ac77494e9685a50a1187
21,cocoglide:000000509131:edited,edited,nebula/CocoGlide,000000509131,cocoglide:000000509131,0.9901756644248962,0.998763918876648,0.08677595480190961,,conflicting_evidence,edited,level2_edited,False,0.9779981400566795,0.09408935930767903,0.11430161489279131,0.8863654354004639,-0.5401551428832448,0.73,0.5,c1214e33d698daa7cda082cd2c20ef0e4553d8d63b46ac77494e9685a50a1187
22,cocoglide:000000267434:edited,edited,nebula/CocoGlide,000000267434,cocoglide:000000267434,0.9955785870552063,0.9667072892189026,0.23210424545849093,,conflicting_evidence,edited,level2_edited,False,0.9861940488586427,0.22115518653132418,0.16062178193438734,0.8074611305553725,-0.10344851720361321,0.73,0.5,c1214e33d698daa7cda082cd2c20ef0e4553d8d63b46ac77494e9685a50a1187
23,cocoglide:000000532575:real,real,nebula/CocoGlide,000000532575,cocoglide:000000532575,0.9753936529159546,0.177066370844841,0.0,real,no_evidence,real,level1_real,False,0.057170539490629065,,-0.012427063112667898,-1.136163898237721,-0.8009139685768576,0.73,0.5,c1214e33d698daa7cda082cd2c20ef0e4553d8d63b46ac77494e9685a50a1187
24,diffusiondb:be9d26ca-b073-46df-b664-e6c066e9e1ce.png,synthetic,poloclub/diffusiondb,be9d26ca-b073-46df-b664-e6c066e9e1ce.png,diffusiondb:be9d26ca-b073-46df-b664-e6c066e9e1ce.png,0.9924261569976807,0.9934260845184326,0.9986686706542969,,conflicting_evidence,synthetic,level2_synthetic,False,0.9997137671058125,0.9473382556218354,0.13359546731859653,0.873226870494859,2.200051799086295,0.73,0.5,c1214e33d698daa7cda082cd2c20ef0e4553d8d63b46ac77494e9685a50a1187
25,cocoglide:000000194724:real,real,nebula/CocoGlide,000000194724,cocoglide:000000194724,0.9953238368034363,0.03189102187752724,0.0,synthetic,synthetic_evidence,real,level1_real,False,0.021039580151631078,,0.1584377650562484,-1.4934990302590547,-0.8009139685768576,0.73,0.5,c1214e33d698daa7cda082cd2c20ef0e4553d8d63b46ac77494e9685a50a1187
26,cocoglide:000000277051:real,real,nebula/CocoGlide,000000277051,cocoglide:000000277051,0.9948235750198364,0.04740065336227417,0.0,synthetic,synthetic_evidence,real,level1_real,False,0.02353746165165604,,0.15414893640434854,-1.4553235669064433,-0.8009139685768576,0.73,0.5,c1214e33d698daa7cda082cd2c20ef0e4553d8d63b46ac77494e9685a50a1187
27,diffusiondb:6e9f113f-730d-481c-b4c7-b33f068660e0.png,synthetic,poloclub/diffusiondb,6e9f113f-730d-481c-b4c7-b33f068660e0.png,diffusiondb:6e9f113f-730d-481c-b4c7-b33f068660e0.png,0.9913910627365112,0.998674213886261,1.0,,conflicting_evidence,synthetic,level2_synthetic,False,0.9997258545341176,0.946152352006842,0.1247214296242211,0.8861446352108249,2.2040523989942935,0.73,0.5,c1214e33d698daa7cda082cd2c20ef0e4553d8d63b46ac77494e9685a50a1187
28,diffusiondb:d0e15333-2735-4b09-8aed-8f8bae12514b.png,synthetic,poloclub/diffusiondb,d0e15333-2735-4b09-8aed-8f8bae12514b.png,diffusiondb:d0e15333-2735-4b09-8aed-8f8bae12514b.png,0.994769275188446,0.999062180519104,1.0,,conflicting_evidence,synthetic,level2_synthetic,False,0.9997288668037058,0.9460441562701349,0.1536834147908753,0.8870995776921275,2.2040523989942935,0.73,0.5,c1214e33d698daa7cda082cd2c20ef0e4553d8d63b46ac77494e9685a50a1187
29,cocoglide:000000134689:edited,edited,nebula/CocoGlide,000000134689,cocoglide:000000134689,0.9940081834793091,0.9685055017471313,0.22456251162502325,,conflicting_evidence,edited,level2_edited,False,0.9858254339056439,0.2121527730221271,0.14715844719214907,0.8118872574133263,-0.12611117372635705,0.73,0.5,c1214e33d698daa7cda082cd2c20ef0e4553d8d63b46ac77494e9685a50a1187
30,cocoglide:000000110638:edited,edited,nebula/CocoGlide,000000110638,cocoglide:000000110638,0.9953354001045227,0.9753850698471069,0.359624937999876,,conflicting_evidence,edited,level2_edited,False,0.9929533923622315,0.35577630020851325,0.15853689918688924,0.8288206513589336,0.2797468750526303,0.73,0.5,c1214e33d698daa7cda082cd2c20ef0e4553d8d63b46ac77494e9685a50a1187
31,diffusiondb:41cf17a1-9611-43bb-a9b9-c572cc290143.png,synthetic,poloclub/diffusiondb,41cf17a1-9611-43bb-a9b9-c572cc290143.png,diffusiondb:41cf17a1-9611-43bb-a9b9-c572cc290143.png,0.9947974681854248,0.9177421927452087,0.6354827880859375,,conflicting_evidence,synthetic,level2_synthetic,False,0.9971183379010958,0.7851440248428972,0.15392511810939655,0.6869382639852073,1.1086904367917298,0.73,0.5,c1214e33d698daa7cda082cd2c20ef0e4553d8d63b46ac77494e9685a50a1187
32,cocoglide:000000191580:edited,edited,nebula/CocoGlide,000000191580,cocoglide:000000191580,0.9957336783409119,0.9815057516098022,0.08548654597309195,,conflicting_evidence,edited,level2_edited,False,0.9752181683289572,0.10248738182064067,0.16195140568659078,0.8438861197135213,-0.5440297730478912,0.73,0.5,c1214e33d698daa7cda082cd2c20ef0e4553d8d63b46ac77494e9685a50a1187
33,cocoglide:000000295231:edited,edited,nebula/CocoGlide,000000295231,cocoglide:000000295231,0.9916182160377502,0.9942179322242737,0.343248186496373,,conflicting_evidence,edited,level2_edited,False,0.9933135891640199,0.31066894331468636,0.12666885319057286,0.8751759273183506,0.23053528757453354,0.73,0.5,c1214e33d698daa7cda082cd2c20ef0e4553d8d63b46ac77494e9685a50a1187
34,diffusiondb:53e422d5-8d7d-47fc-86e8-d23a365f6913.png,synthetic,poloclub/diffusiondb,53e422d5-8d7d-47fc-86e8-d23a365f6913.png,diffusiondb:53e422d5-8d7d-47fc-86e8-d23a365f6913.png,0.9954806566238403,0.9922858476638794,0.8450650301846591,,conflicting_evidence,synthetic,level2_synthetic,False,0.9993990257663552,0.8842922750791247,0.15978220782798064,0.870420287353467,1.7384780255385428,0.73,0.5,c1214e33d698daa7cda082cd2c20ef0e4553d8d63b46ac77494e9685a50a1187
35,cocoglide:000000061471:real,real,nebula/CocoGlide,000000061471,cocoglide:000000061471,0.9947938323020935,0.01781122200191021,0.0,synthetic,synthetic_evidence,real,level1_real,False,0.018953616963960647,,0.15389394706831874,-1.5281551008879626,-0.8009139685768576,0.73,0.5,c1214e33d698daa7cda082cd2c20ef0e4553d8d63b46ac77494e9685a50a1187
36,cocoglide:000000203580:real,real,nebula/CocoGlide,000000203580,cocoglide:000000203580,0.9922837615013123,0.14399947226047516,0.0,synthetic,synthetic_evidence,real,level1_real,False,0.04700747951058033,,0.13237468670982866,-1.2175548826936342,-0.8009139685768576,0.73,0.5,c1214e33d698daa7cda082cd2c20ef0e4553d8d63b46ac77494e9685a50a1187
37,diffusiondb:99e6d2c2-9018-4c5a-b815-5fc94bec6f9a.png,synthetic,poloclub/diffusiondb,99e6d2c2-9018-4c5a-b815-5fc94bec6f9a.png,diffusiondb:99e6d2c2-9018-4c5a-b815-5fc94bec6f9a.png,0.9958875775337219,0.9109535217285156,0.44819895426432294,,conflicting_evidence,synthetic,level2_synthetic,False,0.9925718108645107,0.570491499353757,0.16327080942532607,0.6702286044510283,0.5459088149679935,0.73,0.5,c1214e33d698daa7cda082cd2c20ef0e4553d8d63b46ac77494e9685a50a1187
38,cocoglide:000000348708:edited,edited,nebula/CocoGlide,000000348708,cocoglide:000000348708,0.9957683086395264,0.9991174936294556,0.24515430280860562,,conflicting_evidence,edited,level2_edited,False,0.9897933450571211,0.20152980290219405,0.1622482970778399,0.8872357255831476,-0.06423353377164387,0.73,0.5,c1214e33d698daa7cda082cd2c20ef0e4553d8d63b46ac77494e9685a50a1187
39,diffusiondb:9e96f9c5-99fe-4aec-a1a4-3e95b1289fa5.png,synthetic,poloclub/diffusiondb,9e96f9c5-99fe-4aec-a1a4-3e95b1289fa5.png,diffusiondb:9e96f9c5-99fe-4aec-a1a4-3e95b1289fa5.png,0.9944009184837341,0.8196480870246887,0.4497795104980469,,conflicting_evidence,synthetic,level2_synthetic,False,0.9854635965156749,0.69659317869078,0.1505254306292238,0.44548907534885845,0.5506583332923889,0.73,0.5,c1214e33d698daa7cda082cd2c20ef0e4553d8d63b46ac77494e9685a50a1187
40,diffusiondb:bd9042e4-06c9-44eb-b89f-10f202a32e63.png,synthetic,poloclub/diffusiondb,bd9042e4-06c9-44eb-b89f-10f202a32e63.png,diffusiondb:bd9042e4-06c9-44eb-b89f-10f202a32e63.png,0.9908547401428223,0.9978036284446716,1.0,,conflicting_evidence,synthetic,level2_synthetic,False,0.9997237077222366,0.946411991110616,0.12012344556491036,0.8840017730381551,2.2040523989942935,0.73,0.5,c1214e33d698daa7cda082cd2c20ef0e4553d8d63b46ac77494e9685a50a1187
41,cocoglide:000000475779:real,real,nebula/CocoGlide,000000475779,cocoglide:000000475779,0.9956496357917786,0.004325750283896923,0.0,synthetic,synthetic_evidence,real,level1_real,False,0.017202013503093836,,0.16123089473708777,-1.5613482900278848,-0.8009139685768576,0.73,0.5,c1214e33d698daa7cda082cd2c20ef0e4553d8d63b46ac77494e9685a50a1187
42,diffusiondb:34a90240-91a6-408c-b10c-c07629aed92d.png,synthetic,poloclub/diffusiondb,34a90240-91a6-408c-b10c-c07629aed92d.png,diffusiondb:34a90240-91a6-408c-b10c-c07629aed92d.png,0.995959460735321,0.933370053768158,0.3196525573730469,,conflicting_evidence,edited,level2_edited,False,0.9883730319858397,0.36112315131461137,0.1638870762374542,0.7254047379532081,0.15963121563725613,0.73,0.5,c1214e33d698daa7cda082cd2c20ef0e4553d8d63b46ac77494e9685a50a1187
43,diffusiondb:866f432a-8277-4cd9-a5c3-9dd74d327024.png,synthetic,poloclub/diffusiondb,866f432a-8277-4cd9-a5c3-9dd74d327024.png,diffusiondb:866f432a-8277-4cd9-a5c3-9dd74d327024.png,0.9938663840293884,0.9982918500900269,0.9997291564941406,,conflicting_evidence,synthetic,level2_synthetic,False,0.9997263495270882,0.9461959105792468,0.14594277659011526,0.8852034835719315,2.203238523368311,0.73,0.5,c1214e33d698daa7cda082cd2c20ef0e4553d8d63b46ac77494e9685a50a1187
44,cocoglide:000000415238:real,real,nebula/CocoGlide,000000415238,cocoglide:000000415238,0.9959051609039307,0.06656354665756226,0.0,synthetic,synthetic_evidence,real,level1_real,False,0.027133653597561192,,0.16342155462398097,-1.4081559516446798,-0.8009139685768576,0.73,0.5,c1214e33d698daa7cda082cd2c20ef0e4553d8d63b46ac77494e9685a50a1187
45,cocoglide:000000226883:edited,edited,nebula/CocoGlide,000000226883,cocoglide:000000226883,0.9908115863800049,0.06958869099617004,0.0,synthetic,synthetic_evidence,real,level1_real,False,0.02740756055537762,,0.11975348107736414,-1.4007098503657127,-0.8009139685768576,0.73,0.5,c1214e33d698daa7cda082cd2c20ef0e4553d8d63b46ac77494e9685a50a1187
46,cocoglide:000000080949:real,real,nebula/CocoGlide,000000080949,cocoglide:000000080949,0.9956002235412598,0.009187476709485054,0.0,synthetic,synthetic_evidence,real,level1_real,False,0.01782530355203312,,0.16080727517883386,-1.549381618919484,-0.8009139685768576,0.73,0.5,c1214e33d698daa7cda082cd2c20ef0e4553d8d63b46ac77494e9685a50a1187
47,diffusiondb:ba380776-09f5-4f4a-a073-4cd236d20b1a.png,synthetic,poloclub/diffusiondb,ba380776-09f5-4f4a-a073-4cd236d20b1a.png,diffusiondb:ba380776-09f5-4f4a-a073-4cd236d20b1a.png,0.9804636836051941,0.803196370601654,0.9265645345052084,edited,edited_evidence,synthetic,level2_synthetic,False,0.9982729400227289,0.9735570701058252,0.031039165167953412,0.40499476070232543,1.9833812949955134,0.73,0.5,c1214e33d698daa7cda082cd2c20ef0e4553d8d63b46ac77494e9685a50a1187
48,cocoglide:000000077396:real,real,nebula/CocoGlide,000000077396,cocoglide:000000077396,0.9956050515174866,0.012467811815440655,0.0,synthetic,synthetic_evidence,real,level1_real,False,0.018259978739667847,,0.16084866623337976,-1.5413073901575145,-0.8009139685768576,0.73,0.5,c1214e33d698daa7cda082cd2c20ef0e4553d8d63b46ac77494e9685a50a1187
49,cocoglide:000000174231:edited,edited,nebula/CocoGlide,000000174231,cocoglide:000000174231,0.9954875111579895,0.9923093318939209,0.13310360995721993,,conflicting_evidence,edited,level2_edited,False,0.9817003584268651,0.12280761882075948,0.15984097290542237,0.8704780915227147,-0.4009420972531031,0.73,0.5,c1214e33d698daa7cda082cd2c20ef0e4553d8d63b46ac77494e9685a50a1187
50,diffusiondb:b27b559d-d3d2-4aad-a276-0b3c63a8c6b0.png,synthetic,poloclub/diffusiondb,b27b559d-d3d2-4aad-a276-0b3c63a8c6b0.png,diffusiondb:b27b559d-d3d2-4aad-a276-0b3c63a8c6b0.png,0.9938494563102722,0.9949266910552979,0.6279716491699219,,conflicting_evidence,synthetic,level2_synthetic,False,0.9983161963689516,0.6896468289684854,0.14579765239886783,0.8769204688831332,1.086119716966948,0.73,0.5,c1214e33d698daa7cda082cd2c20ef0e4553d8d63b46ac77494e9685a50a1187
51,cocoglide:000000075393:real,real,nebula/CocoGlide,000000075393,cocoglide:000000075393,0.995863676071167,0.015534112229943275,0.0,synthetic,synthetic_evidence,real,level1_real,False,0.018686930272075828,,0.16306589815529013,-1.5337599871636352,-0.8009139685768576,0.73,0.5,c1214e33d698daa7cda082cd2c20ef0e4553d8d63b46ac77494e9685a50a1187
52,cocoglide:000000570456:real,real,nebula/CocoGlide,000000570456,cocoglide:000000570456,0.9913254380226135,0.1288369596004486,0.00017340659681319362,synthetic,synthetic_evidence,real,level1_real,False,0.042122780547576504,,0.12415881788280066,-1.2548759465084396,-0.800392887585519,0.73,0.5,c1214e33d698daa7cda082cd2c20ef0e4553d8d63b46ac77494e9685a50a1187
53,cocoglide:000000186938:real,real,nebula/CocoGlide,000000186938,cocoglide:000000186938,0.994941771030426,0.011367609724402428,0.0,synthetic,synthetic_evidence,real,level1_real,False,0.01808467237685522,,0.1551622507397134,-1.5440154315863648,-0.8009139685768576,0.73,0.5,c1214e33d698daa7cda082cd2c20ef0e4553d8d63b46ac77494e9685a50a1187
54,cocoglide:000000078959:real,real,nebula/CocoGlide,000000078959,cocoglide:000000078959,0.9948624968528748,0.008719264529645443,0.0,synthetic,synthetic_evidence,real,level1_real,False,0.01773309166307503,,0.1544826198440829,-1.5505340780820562,-0.8009139685768576,0.73,0.5,c1214e33d698daa7cda082cd2c20ef0e4553d8d63b46ac77494e9685a50a1187
55,diffusiondb:29267735-798e-46ba-a24c-231c3f85450e.png,synthetic,poloclub/diffusiondb,29267735-798e-46ba-a24c-231c3f85450e.png,diffusiondb:29267735-798e-46ba-a24c-231c3f85450e.png,0.9933879375457764,0.8882523775100708,0.4009437561035156,,conflicting_evidence,synthetic,level2_synthetic,False,0.9889185252915839,0.5379615158902272,0.1418409741846821,0.6143519254966714,0.40390853380185743,0.73,0.5,c1214e33d698daa7cda082cd2c20ef0e4553d8d63b46ac77494e9685a50a1187
56,diffusiondb:6938895c-9221-46b5-8b7d-40a46fd084d6.png,synthetic,poloclub/diffusiondb,6938895c-9221-46b5-8b7d-40a46fd084d6.png,diffusiondb:6938895c-9221-46b5-8b7d-40a46fd084d6.png,0.9925307631492615,0.9956456422805786,1.0,,conflicting_evidence,synthetic,level2_synthetic,False,0.9997203482902693,0.9470579157984073,0.13449227350042475,0.8786900980442138,2.2040523989942935,0.73,0.5,c1214e33d698daa7cda082cd2c20ef0e4553d8d63b46ac77494e9685a50a1187
57,cocoglide:000000453860:edited,edited,nebula/CocoGlide,000000453860,cocoglide:000000453860,0.9206216931343079,0.9997671246528625,0.5520306978113956,edited,edited_evidence,synthetic,level2_synthetic,False,0.9972080255774475,0.5841157630312841,-0.4819963129199452,0.8888347297471847,0.8579197122132197,0.73,0.5,c1214e33d698daa7cda082cd2c20ef0e4553d8d63b46ac77494e9685a50a1187
58,cocoglide:000000581781:real,real,nebula/CocoGlide,000000581781,cocoglide:000000581781,0.9919188618659973,0.13835744559764862,4.26250852501705e-05,synthetic,synthetic_evidence,real,level1_real,False,0.045124532297779074,,0.12924634058723472,-1.2314421876443042,-0.800785881629266,0.73,0.5,c1214e33d698daa7cda082cd2c20ef0e4553d8d63b46ac77494e9685a50a1187
59,cocoglide:000000133645:edited,edited,nebula/CocoGlide,000000133645,cocoglide:000000133645,0.9942560791969299,0.6571574807167053,0.03702182404364809,,conflicting_evidence,edited,level2_edited,False,0.7330971780134351,0.37065266962419247,0.14928369899284627,0.045534105925207534,-0.6896646324595581,0.73,0.5,c1214e33d698daa7cda082cd2c20ef0e4553d8d63b46ac77494e9685a50a1187
60,diffusiondb:2d2f1711-20bb-46e4-96e1-1c6eb7f444c7.png,synthetic,poloclub/diffusiondb,2d2f1711-20bb-46e4-96e1-1c6eb7f444c7.png,diffusiondb:2d2f1711-20bb-46e4-96e1-1c6eb7f444c7.png,0.992229163646698,0.6453142166137695,0.06312052408854167,,conflicting_evidence,edited,level2_edited,False,0.7393995266085065,0.4223692678847916,0.1319066100929884,0.016383052582543113,-0.6112389165873251,0.73,0.5,c1214e33d698daa7cda082cd2c20ef0e4553d8d63b46ac77494e9685a50a1187
61,cocoglide:000000153632:edited,edited,nebula/CocoGlide,000000153632,cocoglide:000000153632,0.9949411153793335,0.3121578097343445,0.006423794097588195,synthetic,synthetic_evidence,real,level1_real,False,0.15254805315333378,,0.15515662973230596,-0.8036493391619833,-0.781610683361403,0.73,0.5,c1214e33d698daa7cda082cd2c20ef0e4553d8d63b46ac77494e9685a50a1187
62,cocoglide:000000138856:real,real,nebula/CocoGlide,000000138856,cocoglide:000000138856,0.9936780333518982,0.00412924587726593,0.0,synthetic,synthetic_evidence,real,level1_real,False,0.017097066547845513,,0.14432801446215104,-1.5618319666891483,-0.8009139685768576,0.73,0.5,c1214e33d698daa7cda082cd2c20ef0e4553d8d63b46ac77494e9685a50a1187
63,diffusiondb:e70bbfd5-5587-45ab-9d0f-68003cdbc56a.png,synthetic,poloclub/diffusiondb,e70bbfd5-5587-45ab-9d0f-68003cdbc56a.png,diffusiondb:e70bbfd5-5587-45ab-9d0f-68003cdbc56a.png,0.9949245452880859,0.9508660435676575,0.7469291687011719,,conflicting_evidence,synthetic,level2_synthetic,False,0.9986842129274031,0.8489833726914308,0.15501457154509896,0.7684694308871007,1.4435830623280426,0.73,0.5,c1214e33d698daa7cda082cd2c20ef0e4553d8d63b46ac77494e9685a50a1187
64,cocoglide:000000314034:edited,edited,nebula/CocoGlide,000000314034,cocoglide:000000314034,0.9761245250701904,0.6770997643470764,0.03446722518445037,edited,edited_evidence,edited,level2_edited,False,0.7508985490079731,0.34022996405295636,-0.00616117285535869,0.09462011539276512,-0.6973411161140829,0.73,0.5,c1214e33d698daa7cda082cd2c20ef0e4553d8d63b46ac77494e9685a50a1187
65,diffusiondb:d44fa884-718a-4909-b458-27688a2e27c3.png,synthetic,poloclub/diffusiondb,d44fa884-718a-4909-b458-27688a2e27c3.png,diffusiondb:d44fa884-718a-4909-b458-27688a2e27c3.png,0.9911150932312012,0.999262273311615,0.9595623016357422,,conflicting_evidence,synthetic,level2_synthetic,False,0.9996680707653486,0.933117296647474,0.1223554965063495,0.8875920868194487,2.082538475427712,0.73,0.5,c1214e33d698daa7cda082cd2c20ef0e4553d8d63b46ac77494e9685a50a1187
66,diffusiondb:ca3e7881-a4ef-4784-9f54-01fac588d90b.png,synthetic,poloclub/diffusiondb,ca3e7881-a4ef-4784-9f54-01fac588d90b.png,diffusiondb:ca3e7881-a4ef-4784-9f54-01fac588d90b.png,0.994909942150116,0.98592209815979,0.4012489318847656,,conflicting_evidence,edited,level2_edited,False,0.9946572554969259,0.39602184549701747,0.1548893763801144,0.8547565311760567,0.4048255767607109,0.73,0.5,c1214e33d698daa7cda082cd2c20ef0e4553d8d63b46ac77494e9685a50a1187
67,cocoglide:000000125062:edited,edited,nebula/CocoGlide,000000125062,cocoglide:000000125062,0.9909704923629761,0.9859864115715027,0.46844193688387376,,conflicting_evidence,edited,level2_edited,False,0.9960956013093185,0.48871141912295796,0.12111580887266558,0.8549148324415853,0.6067382969190711,0.73,0.5,c1214e33d698daa7cda082cd2c20ef0e4553d8d63b46ac77494e9685a50a1187
68,cocoglide:000000277051:edited,edited,nebula/CocoGlide,000000277051,cocoglide:000000277051,0.9950072765350342,0.9531340003013611,0.059534650319300636,,conflicting_evidence,edited,level2_edited,False,0.9655607476808518,0.1044810565917532,0.15572384047978705,0.774051787841098,-0.6220143466622501,0.73,0.5,c1214e33d698daa7cda082cd2c20ef0e4553d8d63b46ac77494e9685a50a1187
69,cocoglide:000000017031:real,real,nebula/CocoGlide,000000017031,cocoglide:000000017031,0.9956216216087341,0.014092082157731056,0.0,synthetic,synthetic_evidence,real,level1_real,False,0.018479664519323757,,0.16099072442058676,-1.5373094052287415,-0.8009139685768576,0.73,0.5,c1214e33d698daa7cda082cd2c20ef0e4553d8d63b46ac77494e9685a50a1187
70,cocoglide:000000189078:edited,edited,nebula/CocoGlide,000000189078,cocoglide:000000189078,0.9953243136405945,0.9971645474433899,0.1720513128526257,,conflicting_evidence,edited,level2_edited,False,0.9853155461359131,0.1448044121796349,0.15844185306163566,0.8824287367369525,-0.28390555995825517,0.73,0.5,c1214e33d698daa7cda082cd2c20ef0e4553d8d63b46ac77494e9685a50a1187
71,diffusiondb:098b8327-6300-4396-9f6c-099b3008ac5a.png,synthetic,poloclub/diffusiondb,098b8327-6300-4396-9f6c-099b3008ac5a.png,diffusiondb:098b8327-6300-4396-9f6c-099b3008ac5a.png,0.9911579489707947,0.9956482648849487,1.0,,conflicting_evidence,synthetic,level2_synthetic,False,0.9997194261832593,0.9470537506510645,0.1227229059905287,0.87869655333215,2.2040523989942935,0.73,0.5,c1214e33d698daa7cda082cd2c20ef0e4553d8d63b46ac77494e9685a50a1187
72,diffusiondb:abf8133f-9b67-4fc5-a264-43c9cc69f0b0.png,synthetic,poloclub/diffusiondb,abf8133f-9b67-4fc5-a264-43c9cc69f0b0.png,diffusiondb:abf8133f-9b67-4fc5-a264-43c9cc69f0b0.png,0.9935512542724609,0.15317431092262268,0.0,synthetic,synthetic_evidence,real,level1_real,False,0.05032341195173857,,0.14324111602981565,-1.1949719014372842,-0.8009139685768576,0.73,0.5,c1214e33d698daa7cda082cd2c20ef0e4553d8d63b46ac77494e9685a50a1187
73,cocoglide:000000138550:real,real,nebula/CocoGlide,000000138550,cocoglide:000000138550,0.9933868050575256,0.1238245889544487,0.0,synthetic,synthetic_evidence,real,level1_real,False,0.04079810745961254,,0.1418312651718874,-1.267213413848928,-0.8009139685768576,0.73,0.5,c1214e33d698daa7cda082cd2c20ef0e4553d8d63b46ac77494e9685a50a1187
74,cocoglide:000000232489:edited,edited,nebula/CocoGlide,000000232489,cocoglide:000000232489,0.9953069090843201,0.9966737031936646,0.46911812573625145,,conflicting_evidence,edited,level2_edited,False,0.9964433115012532,0.4739793018551105,0.158292640865001,0.8812205709152399,0.6087702216785926,0.73,0.5,c1214e33d698daa7cda082cd2c20ef0e4553d8d63b46ac77494e9685a50a1187
75,cocoglide:000000176232:edited,edited,nebula/CocoGlide,000000176232,cocoglide:000000176232,0.6296819448471069,0.9993477463722229,0.05471220317440635,edited,edited_evidence,edited,level2_edited,False,0.9412686755461723,0.07827490889025289,-2.9762718489236275,0.887802470521736,-0.636505638142047,0.73,0.5,c1214e33d698daa7cda082cd2c20ef0e4553d8d63b46ac77494e9685a50a1187
76,diffusiondb:11233c19-8cff-41d9-9f94-723ef39d9b3b.png,synthetic,poloclub/diffusiondb,11233c19-8cff-41d9-9f94-723ef39d9b3b.png,diffusiondb:11233c19-8cff-41d9-9f94-723ef39d9b3b.png,0.9954019784927368,0.9087206721305847,0.28159332275390625,,conflicting_evidence,edited,level2_edited,False,0.9832675418221918,0.3454807885351445,0.1591076869390842,0.6647326603287237,0.04526449563123891,0.73,0.5,c1214e33d698daa7cda082cd2c20ef0e4553d8d63b46ac77494e9685a50a1187
77,cocoglide:000000532129:real,real,nebula/CocoGlide,000000532129,cocoglide:000000532129,0.9961866736412048,0.04328082874417305,0.0,synthetic,synthetic_evidence,real,level1_real,False,0.022913389682834625,,0.16583501080447938,-1.4654641182072385,-0.8009139685768576,0.73,0.5,c1214e33d698daa7cda082cd2c20ef0e4553d8d63b46ac77494e9685a50a1187
78,cocoglide:000000460379:real,real,nebula/CocoGlide,000000460379,cocoglide:000000460379,0.9953016042709351,0.12225518375635147,0.0,synthetic,synthetic_evidence,real,level1_real,False,0.04052067095627543,,0.15824716180506782,-1.2710763535122127,-0.8009139685768576,0.73,0.5,c1214e33d698daa7cda082cd2c20ef0e4553d8d63b46ac77494e9685a50a1187
79,diffusiondb:4d36c325-a4ce-470f-b3f0-e4b179f4f265.png,synthetic,poloclub/diffusiondb,4d36c325-a4ce-470f-b3f0-e4b179f4f265.png,diffusiondb:4d36c325-a4ce-470f-b3f0-e4b179f4f265.png,0.9946474432945251,0.9991468191146851,1.0,,conflicting_evidence,synthetic,level2_synthetic,False,0.9997289586204879,0.9460183654478899,0.15263892941443263,0.8873079074391624,2.2040523989942935,0.73,0.5,c1214e33d698daa7cda082cd2c20ef0e4553d8d63b46ac77494e9685a50a1187
80,cocoglide:000000039956:edited,edited,nebula/CocoGlide,000000039956,cocoglide:000000039956,0.9958245754241943,0.9979552626609802,0.13376623628247256,,conflicting_evidence,edited,level2_edited,False,0.9825124361266453,0.11965888162599696,0.16273068171353552,0.8843750060497443,-0.3989509274314517,0.73,0.5,c1214e33d698daa7cda082cd2c20ef0e4553d8d63b46ac77494e9685a50a1187
81,diffusiondb:4b4c1a6a-39fe-4e64-80fb-da1f2bb2a849.png,synthetic,poloclub/diffusiondb,4b4c1a6a-39fe-4e64-80fb-da1f2bb2a849.png,diffusiondb:4b4c1a6a-39fe-4e64-80fb-da1f2bb2a849.png,0.9946700930595398,0.8993879556655884,0.4197807312011719,,conflicting_evidence,synthetic,level2_synthetic,False,0.9907013176048257,0.5479408472383012,0.15283310967032707,0.6417610780741634,0.46051301043708975,0.73,0.5,c1214e33d698daa7cda082cd2c20ef0e4553d8d63b46ac77494e9685a50a1187
82,cocoglide:000000288391:edited,edited,nebula/CocoGlide,000000288391,cocoglide:000000288391,0.994755744934082,0.9996591806411743,0.1772273544547089,,conflicting_evidence,edited,level2_edited,False,0.9859144083526854,0.14658907831413465,0.15356741763801207,0.8885690359641706,-0.26835172902684606,0.73,0.5,c1214e33d698daa7cda082cd2c20ef0e4553d8d63b46ac77494e9685a50a1187
83,cocoglide:000000186938:edited,edited,nebula/CocoGlide,000000186938,cocoglide:000000186938,0.9945204854011536,0.9974337220191956,0.17264225153450308,,conflicting_evidence,edited,level2_edited,False,0.9853577812930661,0.14501416680126297,0.15155049798007703,0.8830912840169591,-0.2821298090939169,0.73,0.5,c1214e33d698daa7cda082cd2c20ef0e4553d8d63b46ac77494e9685a50a1187
84,diffusiondb:03b52f8b-4f52-43e6-a579-7de2599d7f91.png,synthetic,poloclub/diffusiondb,03b52f8b-4f52-43e6-a579-7de2599d7f91.png,diffusiondb:03b52f8b-4f52-43e6-a579-7de2599d7f91.png,0.9959388971328735,0.5821475982666016,0.020887340198863635,synthetic,synthetic_evidence,,level1_inconclusive,True,0.5928734417251409,,0.16371078100512898,-0.13909549158481746,-0.7381482137712555,0.73,0.5,c1214e33d698daa7cda082cd2c20ef0e4553d8d63b46ac77494e9685a50a1187
85,cocoglide:000000526392:edited,edited,nebula/CocoGlide,000000526392,cocoglide:000000526392,0.9939939379692078,0.940680205821991,0.044183807117614236,,conflicting_evidence,edited,level2_edited,False,0.9594536350651759,0.10328543555620201,0.14703631803120493,0.7433979728090828,-0.668143114197176,0.73,0.5,c1214e33d698daa7cda082cd2c20ef0e4553d8d63b46ac77494e9685a50a1187
86,cocoglide:000000229997:edited,edited,nebula/CocoGlide,000000229997,cocoglide:000000229997,0.995684027671814,0.8980239629745483,0.04083192541385083,,conflicting_evidence,edited,level2_edited,False,0.9444296143397957,0.12692471627689814,0.16152574212564325,0.6384037415029342,-0.6782154059850621,0.73,0.5,c1214e33d698daa7cda082cd2c20ef0e4553d8d63b46ac77494e9685a50a1187
87,cocoglide:000000579893:real,real,nebula/CocoGlide,000000579893,cocoglide:000000579893,0.9938054084777832,0.2392829954624176,0.0,synthetic,synthetic_evidence,real,level1_real,False,0.09168013910080125,,0.1454200229012205,-0.9830236720919647,-0.8009139685768576,0.73,0.5,c1214e33d698daa7cda082cd2c20ef0e4553d8d63b46ac77494e9685a50a1187
88,cocoglide:000000032285:edited,edited,nebula/CocoGlide,000000032285,cocoglide:000000032285,0.9924615025520325,0.9878966808319092,0.044461838923677846,,conflicting_evidence,edited,level2_edited,False,0.9710989626346481,0.08030509454061172,0.13389849071792653,0.859616776147726,-0.6673076379708398,0.73,0.5,c1214e33d698daa7cda082cd2c20ef0e4553d8d63b46ac77494e9685a50a1187
89,cocoglide:000000077396:edited,edited,nebula/CocoGlide,000000077396,cocoglide:000000077396,0.9958576560020447,0.9972978830337524,0.12976238452476904,,conflicting_evidence,edited,level2_edited,False,0.9820926726545424,0.11771185250348705,0.16301428708727608,0.8827569294440771,-0.4109823673040914,0.73,0.5,c1214e33d698daa7cda082cd2c20ef0e4553d8d63b46ac77494e9685a50a1187
90,diffusiondb:4944ea7e-d731-48c0-9253-c4ece438e4aa.png,synthetic,poloclub/diffusiondb,4944ea7e-d731-48c0-9253-c4ece438e4aa.png,diffusiondb:4944ea7e-d731-48c0-9253-c4ece438e4aa.png,0.9930940866470337,0.968802273273468,0.5313942649147727,,conflicting_evidence,synthetic,level2_synthetic,False,0.9967376688006283,0.6010736545718388,0.1393217408647886,0.8126177319277534,0.7959079254122291,0.73,0.5,c1214e33d698daa7cda082cd2c20ef0e4553d8d63b46ac77494e9685a50a1187
91,cocoglide:000000279145:real,real,nebula/CocoGlide,000000279145,cocoglide:000000279145,0.9932168126106262,0.013280121609568596,0.0,synthetic,synthetic_evidence,real,level1_real,False,0.018265541520508678,,0.14037389125133237,-1.539307967875483,-0.8009139685768576,0.73,0.5,c1214e33d698daa7cda082cd2c20ef0e4553d8d63b46ac77494e9685a50a1187
92,cocoglide:000000091779:real,real,nebula/CocoGlide,000000091779,cocoglide:000000091779,0.994201123714447,0.18472398817539215,0.0,synthetic,synthetic_evidence,real,level1_real,False,0.0629604828555021,,0.14881255637196555,-1.1173154110858323,-0.8009139685768576,0.73,0.5,c1214e33d698daa7cda082cd2c20ef0e4553d8d63b46ac77494e9685a50a1187
93,cocoglide:000000563758:edited,edited,nebula/CocoGlide,000000563758,cocoglide:000000563758,0.993802011013031,0.9894281625747681,0.9333178978857958,,conflicting_evidence,synthetic,level2_synthetic,False,0.9995971851058291,0.9273233021697932,0.14539089586283635,0.8633863708803411,2.0036749248221652,0.73,0.5,c1214e33d698daa7cda082cd2c20ef0e4553d8d63b46ac77494e9685a50a1187
94,cocoglide:000000562197:edited,edited,nebula/CocoGlide,000000562197,cocoglide:000000562197,0.9952108263969421,0.9234840869903564,0.10540699206398413,,conflicting_evidence,edited,level2_edited,False,0.9655638759734848,0.1524095048480686,0.15746890777946987,0.7010713833662693,-0.48416950251774604,0.73,0.5,c1214e33d698daa7cda082cd2c20ef0e4553d8d63b46ac77494e9685a50a1187
95,diffusiondb:b1de599e-9e91-4b32-b08b-7f11db63ad45.png,synthetic,poloclub/diffusiondb,b1de599e-9e91-4b32-b08b-7f11db63ad45.png,diffusiondb:b1de599e-9e91-4b32-b08b-7f11db63ad45.png,0.9914087653160095,0.48855605721473694,0.008433024088541666,synthetic,synthetic_evidence,,level1_inconclusive,True,0.4025536940085882,,0.12487319682422279,-0.36946205116772535,-0.7755730148138725,0.73,0.5,c1214e33d698daa7cda082cd2c20ef0e4553d8d63b46ac77494e9685a50a1187
96,cocoglide:000000505573:real,real,nebula/CocoGlide,000000505573,cocoglide:000000505573,0.9954054355621338,0.5231452584266663,0.014120528241056482,synthetic,synthetic_evidence,,level1_inconclusive,True,0.4752276784372022,,0.15913732497814176,-0.284324065486974,-0.7584822561201443,0.73,0.5,c1214e33d698daa7cda082cd2c20ef0e4553d8d63b46ac77494e9685a50a1187
97,cocoglide:000000272049:real,real,nebula/CocoGlide,000000272049,cocoglide:000000272049,0.9381044507026672,0.010779820382595062,0.0,real,no_evidence,real,level1_real,False,0.015735479731483336,,-0.3321136834017689,-1.5454622184103646,-0.8009139685768576,0.73,0.5,c1214e33d698daa7cda082cd2c20ef0e4553d8d63b46ac77494e9685a50a1187
98,cocoglide:000000057232:real,real,nebula/CocoGlide,000000057232,cocoglide:000000057232,0.9954125285148621,0.13147231936454773,0.0,synthetic,synthetic_evidence,real,level1_real,False,0.04329724472297999,,0.15919813405827712,-1.2483892623990036,-0.8009139685768576,0.73,0.5,c1214e33d698daa7cda082cd2c20ef0e4553d8d63b46ac77494e9685a50a1187
99,diffusiondb:8cb41a77-381f-4cf0-94c9-56615b555cb2.png,synthetic,poloclub/diffusiondb,8cb41a77-381f-4cf0-94c9-56615b555cb2.png,diffusiondb:8cb41a77-381f-4cf0-94c9-56615b555cb2.png,0.9919556379318237,0.975387692451477,0.9952392578125,,conflicting_evidence,synthetic,level2_synthetic,False,0.9996666175230425,0.9515176014302252,0.12956162800272647,0.8288271066468699,2.189746528836179,0.73,0.5,c1214e33d698daa7cda082cd2c20ef0e4553d8d63b46ac77494e9685a50a1187
100,diffusiondb:d764270c-963b-4e4c-8383-313a1ae325b1.png,synthetic,poloclub/diffusiondb,d764270c-963b-4e4c-8383-313a1ae325b1.png,diffusiondb:d764270c-963b-4e4c-8383-313a1ae325b1.png,0.9940178394317627,0.9617818593978882,0.9430251882728484,,conflicting_evidence,synthetic,level2_synthetic,False,0.9995276373735392,0.9406917618285834,0.1472412293012409,0.7953376596777495,2.0328450059555045,0.73,0.5,c1214e33d698daa7cda082cd2c20ef0e4553d8d63b46ac77494e9685a50a1187
101,cocoglide:000000577182:real,real,nebula/CocoGlide,000000577182,cocoglide:000000577182,0.9958732724189758,0.01751992478966713,5.81251162502325e-06,synthetic,synthetic_evidence,real,level1_real,False,0.018962076854236214,,0.16314816926370854,-1.528872100905767,-0.8008965021749134,0.73,0.5,c1214e33d698daa7cda082cd2c20ef0e4553d8d63b46ac77494e9685a50a1187
102,cocoglide:000000132116:real,real,nebula/CocoGlide,000000132116,cocoglide:000000132116,0.9956777691841125,0.1279001235961914,0.0,synthetic,synthetic_evidence,real,level1_real,False,0.04223029839836339,,0.16147208705493557,-1.2571818780570454,-0.8009139685768576,0.73,0.5,c1214e33d698daa7cda082cd2c20ef0e4553d8d63b46ac77494e9685a50a1187
103,cocoglide:000000134689:real,real,nebula/CocoGlide,000000134689,cocoglide:000000134689,0.9943384528160095,0.15808263421058655,0.0,synthetic,synthetic_evidence,real,level1_real,False,0.05220019279580577,,0.1499899019234939,-1.1828905366423366,-0.8009139685768576,0.73,0.5,c1214e33d698daa7cda082cd2c20ef0e4553d8d63b46ac77494e9685a50a1187
104,cocoglide:000000525322:real,real,nebula/CocoGlide,000000525322,cocoglide:000000525322,0.9966915845870972,0.03445088490843773,0.0,synthetic,synthetic_evidence,real,level1_real,False,0.021506728566073604,,0.17016369750890495,-1.4871981740833078,-0.8009139685768576,0.73,0.5,c1214e33d698daa7cda082cd2c20ef0e4553d8d63b46ac77494e9685a50a1187
105,cocoglide:000000220310:edited,edited,nebula/CocoGlide,000000220310,cocoglide:000000220310,0.9385749101638794,0.9671789407730103,0.23098630572261145,edited,edited_evidence,edited,level2_edited,False,0.9841614582466461,0.21911757449122543,-0.3280803550865722,0.8086220554062787,-0.10680788851090244,0.73,0.5,c1214e33d698daa7cda082cd2c20ef0e4553d8d63b46ac77494e9685a50a1187
106,diffusiondb:1640c821-fb43-4fe6-8b7a-8b738c003844.png,synthetic,poloclub/diffusiondb,1640c821-fb43-4fe6-8b7a-8b738c003844.png,diffusiondb:1640c821-fb43-4fe6-8b7a-8b738c003844.png,0.992827832698822,0.6888691186904907,0.07255045572916667,,conflicting_evidence,edited,level2_edited,False,0.804615543901317,0.3735750910611056,0.13703910085668222,0.12358924698449769,-0.582902289158752,0.73,0.5,c1214e33d698daa7cda082cd2c20ef0e4553d8d63b46ac77494e9685a50a1187
107,cocoglide:000000540280:real,real,nebula/CocoGlide,000000540280,cocoglide:000000540280,0.9938620328903198,0.034179676324129105,0.0,synthetic,synthetic_evidence,real,level1_real,False,0.021321170977883035,,0.1459054735409566,-1.4878657278792422,-0.8009139685768576,0.73,0.5,c1214e33d698daa7cda082cd2c20ef0e4553d8d63b46ac77494e9685a50a1187
108,cocoglide:000000533206:edited,edited,nebula/CocoGlide,000000533206,cocoglide:000000533206,0.9948511719703674,0.9847788214683533,0.09713481926963854,,conflicting_evidence,edited,level2_edited,False,0.9770467703527984,0.10680546239067394,0.1543855297161357,0.8519424657691022,-0.5090271035514916,0.73,0.5,c1214e33d698daa7cda082cd2c20ef0e4553d8d63b46ac77494e9685a50a1187
109,cocoglide:000000194724:edited,edited,nebula/CocoGlide,000000194724,cocoglide:000000194724,0.9953717589378357,0.9979418516159058,0.13036494822989647,,conflicting_evidence,edited,level2_edited,False,0.9822074733694496,0.11766652140530734,0.15884860959766714,0.8843419960546156,-0.4091716836358644,0.73,0.5,c1214e33d698daa7cda082cd2c20ef0e4553d8d63b46ac77494e9685a50a1187
110,diffusiondb:2bc866e2-6b55-4523-9448-67b0406e5ac6.png,synthetic,poloclub/diffusiondb,2bc866e2-6b55-4523-9448-67b0406e5ac6.png,diffusiondb:2bc866e2-6b55-4523-9448-67b0406e5ac6.png,0.9943591952323914,0.9596621990203857,0.9916797984730114,,conflicting_evidence,synthetic,level2_synthetic,False,0.9996207568405685,0.9547703793046799,0.15016773015783932,0.7901203199143316,2.179050473234279,0.73,0.5,c1214e33d698daa7cda082cd2c20ef0e4553d8d63b46ac77494e9685a50a1187
111,diffusiondb:15d9448c-37bb-44ac-95de-7d53693ee155.png,synthetic,poloclub/diffusiondb,15d9448c-37bb-44ac-95de-7d53693ee155.png,diffusiondb:15d9448c-37bb-44ac-95de-7d53693ee155.png,0.9949334263801575,0.9356595873832703,0.19243876139322916,,conflicting_evidence,edited,level2_edited,False,0.9790359279616137,0.21438170548372493,0.15509071064543653,0.7310402043215902,-0.22264196277315426,0.73,0.5,c1214e33d698daa7cda082cd2c20ef0e4553d8d63b46ac77494e9685a50a1187
112,diffusiondb:d90e21c0-2dce-487f-8f07-609e040a4d62.png,synthetic,poloclub/diffusiondb,d90e21c0-2dce-487f-8f07-609e040a4d62.png,diffusiondb:d90e21c0-2dce-487f-8f07-609e040a4d62.png,0.995329737663269,0.9754751324653625,0.9697113037109375,,conflicting_evidence,synthetic,level2_synthetic,False,0.9996262492792809,0.9444382739396949,0.15848835412291565,0.8290423318151094,2.1130358853280837,0.73,0.5,c1214e33d698daa7cda082cd2c20ef0e4553d8d63b46ac77494e9685a50a1187
113,diffusiondb:e35f0520-79e8-4dbb-8d6d-29bfe8b1b235.png,synthetic,poloclub/diffusiondb,e35f0520-79e8-4dbb-8d6d-29bfe8b1b235.png,diffusiondb:e35f0520-79e8-4dbb-8d6d-29bfe8b1b235.png,0.994140088558197,0.8478181958198547,0.2727165222167969,,conflicting_evidence,edited,level2_edited,False,0.972678055405865,0.41830665858535554,0.1482892916823974,0.5148270836056348,0.01859000856558771,0.73,0.5,c1214e33d698daa7cda082cd2c20ef0e4553d8d63b46ac77494e9685a50a1187
114,cocoglide:000000096960:edited,edited,nebula/CocoGlide,000000096960,cocoglide:000000096960,1.0,0.8763284087181091,0.22771967418934838,,conflicting_evidence,edited,level2_edited,False,0.9729488467211417,0.32074256647415567,0.19852730088700027,0.5850022253388765,-0.11662400640360532,0.73,0.5,c1214e33d698daa7cda082cd2c20ef0e4553d8d63b46ac77494e9685a50a1187
115,cocoglide:000000287959:real,real,nebula/CocoGlide,000000287959,cocoglide:000000287959,0.9959378242492676,0.0409485399723053,0.0,synthetic,synthetic_evidence,real,level1_real,False,0.022513035685050243,,0.16370158299300766,-1.4712048222739798,-0.8009139685768576,0.73,0.5,c1214e33d698daa7cda082cd2c20ef0e4553d8d63b46ac77494e9685a50a1187
116,diffusiondb:ec67450f-5ef5-4c37-b46d-8ab9fd69d7d4.png,synthetic,poloclub/diffusiondb,ec67450f-5ef5-4c37-b46d-8ab9fd69d7d4.png,diffusiondb:ec67450f-5ef5-4c37-b46d-8ab9fd69d7d4.png,0.9957893490791321,0.8438640236854553,0.6766014099121094,,conflicting_evidence,synthetic,level2_synthetic,False,0.9959092149931067,0.8768178232442427,0.16242868031555235,0.5050942699307813,1.2322505124602534,0.73,0.5,c1214e33d698daa7cda082cd2c20ef0e4553d8d63b46ac77494e9685a50a1187
117,cocoglide:000000567432:edited,edited,nebula/CocoGlide,000000567432,cocoglide:000000567432,0.9928036332130432,0.9795753955841064,0.057884865769731536,,conflicting_evidence,edited,level2_edited,False,0.9711931617429062,0.08999387763727358,0.13683163458327924,0.8391347343702321,-0.6269718937474438,0.73,0.5,c1214e33d698daa7cda082cd2c20ef0e4553d8d63b46ac77494e9685a50a1187
118,cocoglide:000000125062:real,real,nebula/CocoGlide,000000125062,cocoglide:000000125062,0.9923709630966187,0.3484383225440979,0.0019258788517577034,synthetic,synthetic_evidence,real,level1_real,False,0.18672700067545775,,0.13312228069502222,-0.7143483529622268,-0.7951267673993091,0.73,0.5,c1214e33d698daa7cda082cd2c20ef0e4553d8d63b46ac77494e9685a50a1187
119,cocoglide:000000225184:edited,edited,nebula/CocoGlide,000000225184,cocoglide:000000225184,0.9959482550621033,0.8716580867767334,0.01821544268088536,,conflicting_evidence,edited,level2_edited,False,0.9260382099928457,0.13011067160153073,0.1637910081108538,0.5735066779241472,-0.7461771759503769,0.73,0.5,c1214e33d698daa7cda082cd2c20ef0e4553d8d63b46ac77494e9685a50a1187
120,cocoglide:000000322211:edited,edited,nebula/CocoGlide,000000322211,cocoglide:000000322211,0.9960451722145081,0.9846315979957581,0.5936298747597495,,conflicting_evidence,synthetic,level2_synthetic,False,0.9978661671420441,0.6606885824463204,0.16462189520581258,0.851580089378133,0.9829238398616643,0.73,0.5,c1214e33d698daa7cda082cd2c20ef0e4553d8d63b46ac77494e9685a50a1187
121,cocoglide:000000543300:edited,edited,nebula/CocoGlide,000000543300,cocoglide:000000543300,0.9921608567237854,0.9842443466186523,0.22451116777233554,,conflicting_evidence,edited,level2_edited,False,0.9873202514302514,0.19699301495524196,0.13132100332126467,0.8506269074299039,-0.12626546027686514,0.73,0.5,c1214e33d698daa7cda082cd2c20ef0e4553d8d63b46ac77494e9685a50a1187
122,cocoglide:000000203546:edited,edited,nebula/CocoGlide,000000203546,cocoglide:000000203546,0.9951553344726562,0.9912234544754028,0.26186236747473496,,conflicting_evidence,edited,level2_edited,False,0.9899943847825838,0.22506795522696915,0.15699316615252853,0.8678053088949113,-0.014026361382721276,0.73,0.5,c1214e33d698daa7cda082cd2c20ef0e4553d8d63b46ac77494e9685a50a1187
123,cocoglide:000000562197:real,real,nebula/CocoGlide,000000562197,cocoglide:000000562197,0.995342493057251,0.24328838288784027,0.0010365645731291462,synthetic,synthetic_evidence,real,level1_real,False,0.0949501566262703,,0.1585977082670246,-0.9731647969134918,-0.7977991268967887,0.73,0.5,c1214e33d698daa7cda082cd2c20ef0e4553d8d63b46ac77494e9685a50a1187
124,diffusiondb:0e2c3266-c629-44ad-970d-c212fd90ae8d.png,synthetic,poloclub/diffusiondb,0e2c3266-c629-44ad-970d-c212fd90ae8d.png,diffusiondb:0e2c3266-c629-44ad-970d-c212fd90ae8d.png,0.9955543875694275,0.9234756231307983,0.9679010564630682,,conflicting_evidence,synthetic,level2_synthetic,False,0.9994442358323996,0.958097286585027,0.16041431566098432,0.7010505503915658,2.1075961532312486,0.73,0.5,c1214e33d698daa7cda082cd2c20ef0e4553d8d63b46ac77494e9685a50a1187
125,cocoglide:000000348708:real,real,nebula/CocoGlide,000000348708,cocoglide:000000348708,0.9955978989601135,0.019811786711215973,0.0,synthetic,synthetic_evidence,real,level1_real,False,0.01927036022838788,,0.160787346152571,-1.523230903635453,-0.8009139685768576,0.73,0.5,c1214e33d698daa7cda082cd2c20ef0e4553d8d63b46ac77494e9685a50a1187
126,cocoglide:000000562059:real,real,nebula/CocoGlide,000000562059,cocoglide:000000562059,0.9957798719406128,0.1220831349492073,0.0,synthetic,synthetic_evidence,real,level1_real,False,0.04051553040856976,,0.16234743120848072,-1.2714998350719422,-0.8009139685768576,0.73,0.5,c1214e33d698daa7cda082cd2c20ef0e4553d8d63b46ac77494e9685a50a1187
127,diffusiondb:f2167c82-e3f4-4ee4-bdb3-d500192b2b9c.png,synthetic,poloclub/diffusiondb,f2167c82-e3f4-4ee4-bdb3-d500192b2b9c.png,diffusiondb:f2167c82-e3f4-4ee4-bdb3-d500192b2b9c.png,0.9915560483932495,0.9989932179450989,0.9908447265625,,conflicting_evidence,synthetic,level2_synthetic,False,0.999714276440521,0.9433710207736375,0.12613587948821,0.886929832961621,2.1765411102286887,0.73,0.5,c1214e33d698daa7cda082cd2c20ef0e4553d8d63b46ac77494e9685a50a1187
128,cocoglide:000000351331:edited,edited,nebula/CocoGlide,000000351331,cocoglide:000000351331,0.9951717257499695,0.9955500960350037,0.5724984887469775,,conflicting_evidence,synthetic,level2_synthetic,False,0.9978179174752453,0.6185074017342279,0.1571336913377153,0.8784549201678076,0.9194247355931211,0.73,0.5,c1214e33d698daa7cda082cd2c20ef0e4553d8d63b46ac77494e9685a50a1187
129,cocoglide:000000314034:real,real,nebula/CocoGlide,000000314034,cocoglide:000000314034,0.97804856300354,0.0234031043946743,0.0,real,no_evidence,real,level1_real,False,0.01897967356508813,,0.01033392888219972,-1.5143912212260235,-0.8009139685768576,0.73,0.5,c1214e33d698daa7cda082cd2c20ef0e4553d8d63b46ac77494e9685a50a1187
130,cocoglide:000000509131:real,real,nebula/CocoGlide,000000509131,cocoglide:000000509131,0.991236686706543,0.21970127522945404,0.0,synthetic,synthetic_evidence,real,level1_real,False,0.07974025303473875,,0.12339793788009853,-1.0312221895015994,-0.8009139685768576,0.73,0.5,c1214e33d698daa7cda082cd2c20ef0e4553d8d63b46ac77494e9685a50a1187
131,cocoglide:000000196759:edited,edited,nebula/CocoGlide,000000196759,cocoglide:000000196759,0.9904965162277222,0.9914668798446655,0.37024052173104344,,conflicting_evidence,edited,level2_edited,False,0.9939875556837845,0.34769508451656134,0.11705233151773793,0.8684044769842707,0.3116463471369239,0.73,0.5,c1214e33d698daa7cda082cd2c20ef0e4553d8d63b46ac77494e9685a50a1187
132,cocoglide:000000446207:edited,edited,nebula/CocoGlide,000000446207,cocoglide:000000446207,0.9926965832710266,0.9997889399528503,0.29084064418128835,,conflicting_evidence,edited,level2_edited,False,0.9917759318957594,0.24523072573854615,0.13591387737384136,0.8888884260059275,0.07305238551064219,0.73,0.5,c1214e33d698daa7cda082cd2c20ef0e4553d8d63b46ac77494e9685a50a1187
133,cocoglide:000000154947:edited,edited,nebula/CocoGlide,000000154947,cocoglide:000000154947,0.001917798537760973,0.8181622624397278,0.04076314402628805,edited,edited_evidence,,level1_inconclusive,True,0.45951599146760064,,-8.358199762650779,0.4418318613107706,-0.6784220917414031,0.73,0.5,c1214e33d698daa7cda082cd2c20ef0e4553d8d63b46ac77494e9685a50a1187
134,cocoglide:000000390301:edited,edited,nebula/CocoGlide,000000390301,cocoglide:000000390301,0.9958317875862122,0.8840935826301575,0.08104772459544919,,conflicting_evidence,edited,level2_edited,False,0.9489778123489325,0.1651578080445935,0.1627925127950177,0.6041154526516977,-0.5573682819993636,0.73,0.5,c1214e33d698daa7cda082cd2c20ef0e4553d8d63b46ac77494e9685a50a1187
135,diffusiondb:2ff58973-5f0f-4bde-a142-82a6be24d7ea.png,synthetic,poloclub/diffusiondb,2ff58973-5f0f-4bde-a142-82a6be24d7ea.png,diffusiondb:2ff58973-5f0f-4bde-a142-82a6be24d7ea.png,0.9948285222053528,0.7303614616394043,0.1600341796875,,conflicting_evidence,edited,level2_edited,False,0.8958925049951784,0.4328977623515619,0.15419134946024127,0.22571865084673823,-0.3200166409540818,0.73,0.5,c1214e33d698daa7cda082cd2c20ef0e4553d8d63b46ac77494e9685a50a1187
136,cocoglide:000000348216:edited,edited,nebula/CocoGlide,000000348216,cocoglide:000000348216,0.9948124885559082,0.9993051886558533,0.3650480113460227,,conflicting_evidence,edited,level2_edited,False,0.9942446889912095,0.33084405559722607,0.15405389027909494,0.8876977188038607,0.29604302806667276,0.73,0.5,c1214e33d698daa7cda082cd2c20ef0e4553d8d63b46ac77494e9685a50a1187
137,cocoglide:000000562059:edited,edited,nebula/CocoGlide,000000562059,cocoglide:000000562059,0.995757520198822,0.9988795518875122,0.1481502650505301,,conflicting_evidence,edited,level2_edited,False,0.9837735405944142,0.12782684828963964,0.16215580595595333,0.8866500549140186,-0.3557274047532628,0.73,0.5,c1214e33d698daa7cda082cd2c20ef0e4553d8d63b46ac77494e9685a50a1187
138,diffusiondb:49b370da-ea0a-42d5-8b9e-101cf39041e3.png,synthetic,poloclub/diffusiondb,49b370da-ea0a-42d5-8b9e-101cf39041e3.png,diffusiondb:49b370da-ea0a-42d5-8b9e-101cf39041e3.png,0.9956747889518738,0.9902571439743042,0.7510471343994141,,conflicting_evidence,synthetic,level2_synthetic,False,0.9990405246861831,0.8201723837582007,0.16144653702126527,0.8654268287125669,1.455957410754072,0.73,0.5,c1214e33d698daa7cda082cd2c20ef0e4553d8d63b46ac77494e9685a50a1187
139,cocoglide:000000318080:edited,edited,nebula/CocoGlide,000000318080,cocoglide:000000318080,0.9948990941047668,0.9951670169830322,0.2188468751937504,,conflicting_evidence,edited,level2_edited,False,0.9880609680930076,0.1822322024336334,0.15479637425755444,0.8775120079958406,-0.14328646897159633,0.73,0.5,c1214e33d698daa7cda082cd2c20ef0e4553d8d63b46ac77494e9685a50a1187
140,cocoglide:000000232538:real,real,nebula/CocoGlide,000000232538,cocoglide:000000232538,0.9922473430633545,0.8293664455413818,0.01695509641019282,,conflicting_evidence,edited,level2_edited,False,0.8999065035595502,0.16005313624833212,0.13206246529837737,0.46940987835223247,-0.7499644741053018,0.73,0.5,c1214e33d698daa7cda082cd2c20ef0e4553d8d63b46ac77494e9685a50a1187
141,cocoglide:000000290833:edited,edited,nebula/CocoGlide,000000290833,cocoglide:000000290833,0.9943270087242126,0.8337485790252686,0.17430753611507224,,conflicting_evidence,edited,level2_edited,False,0.9522548022409678,0.31011284037679687,0.14989178979419987,0.4801960776494171,-0.2771256849368717,0.73,0.5,c1214e33d698daa7cda082cd2c20ef0e4553d8d63b46ac77494e9685a50a1187
142,cocoglide:000000066635:edited,edited,nebula/CocoGlide,000000066635,cocoglide:000000066635,0.9949147701263428,0.9992784857749939,0.2855183210366421,,conflicting_evidence,edited,level2_edited,False,0.9915767121956715,0.24030775254104064,0.15493076743466033,0.8876319922357822,0.05705898346363466,0.73,0.5,c1214e33d698daa7cda082cd2c20ef0e4553d8d63b46ac77494e9685a50a1187
143,cocoglide:000000222991:real,real,nebula/CocoGlide,000000222991,cocoglide:000000222991,0.9939444661140442,0.05368409678339958,0.0,synthetic,synthetic_evidence,real,level1_real,False,0.02459068694900122,,0.14661218747227764,-1.4398574764137526,-0.8009139685768576,0.73,0.5,c1214e33d698daa7cda082cd2c20ef0e4553d8d63b46ac77494e9685a50a1187
144,diffusiondb:185dc589-7d75-4073-baa4-f9b262c4321d.png,synthetic,poloclub/diffusiondb,185dc589-7d75-4073-baa4-f9b262c4321d.png,diffusiondb:185dc589-7d75-4073-baa4-f9b262c4321d.png,0.9938574433326721,0.9988073110580444,1.0,,conflicting_evidence,synthetic,level2_synthetic,False,0.9997277516691689,0.9461185392947051,0.1458661264891043,0.8864722410735917,2.2040523989942935,0.73,0.5,c1214e33d698daa7cda082cd2c20ef0e4553d8d63b46ac77494e9685a50a1187
145,cocoglide:000000121506:edited,edited,nebula/CocoGlide,000000121506,cocoglide:000000121506,0.9911636114120483,0.9960424304008484,0.12936035247070493,,conflicting_evidence,edited,level2_edited,False,0.9816899341715141,0.1182231795641457,0.1227714510545023,0.8796667537667567,-0.4121904601052396,0.73,0.5,c1214e33d698daa7cda082cd2c20ef0e4553d8d63b46ac77494e9685a50a1187
146,cocoglide:000000402992:edited,edited,nebula/CocoGlide,000000402992,cocoglide:000000402992,0.9957534074783325,0.9895631074905396,0.24206882788765577,,conflicting_evidence,edited,level2_edited,False,0.988883093547144,0.207880504909122,0.1621205469094883,0.8637185247868812,-0.07350528213708242,0.73,0.5,c1214e33d698daa7cda082cd2c20ef0e4553d8d63b46ac77494e9685a50a1187
147,cocoglide:000000348216:real,real,nebula/CocoGlide,000000348216,cocoglide:000000348216,0.9941540360450745,0.02970200404524803,0.0,synthetic,synthetic_evidence,real,level1_real,False,0.0206479844380334,,0.1484088658399745,-1.498887086713947,-0.8009139685768576,0.73,0.5,c1214e33d698daa7cda082cd2c20ef0e4553d8d63b46ac77494e9685a50a1187
148,cocoglide:000000553094:real,real,nebula/CocoGlide,000000553094,cocoglide:000000553094,0.9928070306777954,0.6856098175048828,0.01587203174406349,,conflicting_evidence,edited,level2_edited,False,0.753541492487725,0.30659211550240895,0.1368607616216634,0.11556679119058245,-0.7532190470009251,0.73,0.5,c1214e33d698daa7cda082cd2c20ef0e4553d8d63b46ac77494e9685a50a1187
149,cocoglide:000000233567:edited,edited,nebula/CocoGlide,000000233567,cocoglide:000000233567,0.9959856867790222,0.9962403774261475,0.160379789509579,,conflicting_evidence,edited,level2_edited,False,0.9843969334177044,0.13752122120066396,0.164111916533753,0.8801539812948572,-0.31897809506243213,0.73,0.5,c1214e33d698daa7cda082cd2c20ef0e4553d8d63b46ac77494e9685a50a1187
150,diffusiondb:2d2def4c-bf64-458b-9119-b3325f15779d.png,synthetic,poloclub/diffusiondb,2d2def4c-bf64-458b-9119-b3325f15779d.png,diffusiondb:2d2def4c-bf64-458b-9119-b3325f15779d.png,0.9928007125854492,0.9975545406341553,1.0,,conflicting_evidence,synthetic,level2_synthetic,False,0.9997244892000717,0.9464912963808063,0.13680659555028232,0.883388667395297,2.2040523989942935,0.73,0.5,c1214e33d698daa7cda082cd2c20ef0e4553d8d63b46ac77494e9685a50a1187
151,cocoglide:000000233567:real,real,nebula/CocoGlide,000000233567,cocoglide:000000233567,0.9958488941192627,0.014091001823544502,0.0,synthetic,synthetic_evidence,real,level1_real,False,0.018489467235511866,,0.16293916998828534,-1.537312064367238,-0.8009139685768576,0.73,0.5,c1214e33d698daa7cda082cd2c20ef0e4553d8d63b46ac77494e9685a50a1187
152,cocoglide:000000392228:edited,edited,nebula/CocoGlide,000000392228,cocoglide:000000392228,0.9925192594528198,0.8168359994888306,0.04173480221960444,,conflicting_evidence,edited,level2_edited,False,0.9022686335950149,0.1908164453673831,0.13439365037045733,0.43856739285917035,-0.6755022915497124,0.73,0.5,c1214e33d698daa7cda082cd2c20ef0e4553d8d63b46ac77494e9685a50a1187
153,diffusiondb:d0895971-31e4-4edb-b144-3756fc3304d2.png,synthetic,poloclub/diffusiondb,d0895971-31e4-4edb-b144-3756fc3304d2.png,diffusiondb:d0895971-31e4-4edb-b144-3756fc3304d2.png,0.9947446584701538,0.9507034420967102,0.706939697265625,,conflicting_evidence,synthetic,level2_synthetic,False,0.9984020983499563,0.8180133085474438,0.15347237151275847,0.7680692030350507,1.323416045607277,0.73,0.5,c1214e33d698daa7cda082cd2c20ef0e4553d8d63b46ac77494e9685a50a1187
154,diffusiondb:80cf7f67-44e2-4764-88c8-9901c27d9770.png,synthetic,poloclub/diffusiondb,80cf7f67-44e2-4764-88c8-9901c27d9770.png,diffusiondb:80cf7f67-44e2-4764-88c8-9901c27d9770.png,0.9952033758163452,0.9985538125038147,0.8537445068359375,,conflicting_evidence,synthetic,level2_synthetic,False,0.9994496540235723,0.8854923192295352,0.15740503269529407,0.8858482788101133,1.7645595609637534,0.73,0.5,c1214e33d698daa7cda082cd2c20ef0e4553d8d63b46ac77494e9685a50a1187
155,cocoglide:000000478393:edited,edited,nebula/CocoGlide,000000478393,cocoglide:000000478393,0.9958736300468445,0.998167097568512,0.21416683458366917,,conflicting_evidence,edited,level2_edited,False,0.9880869611114037,0.17577581842321172,0.163151235267749,0.8848964172616893,-0.15734983360375762,0.73,0.5,c1214e33d698daa7cda082cd2c20ef0e4553d8d63b46ac77494e9685a50a1187
156,cocoglide:000000300842:real,real,nebula/CocoGlide,000000300842,cocoglide:000000300842,0.9916163086891174,0.0675736740231514,0.0,synthetic,synthetic_evidence,real,level1_real,False,0.027059922296995498,,0.12665250116902385,-1.4056696204726953,-0.8009139685768576,0.73,0.5,c1214e33d698daa7cda082cd2c20ef0e4553d8d63b46ac77494e9685a50a1187
157,cocoglide:000000393014:real,real,nebula/CocoGlide,000000393014,cocoglide:000000393014,0.9961667656898499,0.08597946912050247,0.0,synthetic,synthetic_evidence,real,level1_real,False,0.03125907121229855,,0.16566433657956164,-1.3603655294692676,-0.8009139685768576,0.73,0.5,c1214e33d698daa7cda082cd2c20ef0e4553d8d63b46ac77494e9685a50a1187
158,cocoglide:000000136772:real,real,nebula/CocoGlide,000000136772,cocoglide:000000136772,0.9953025579452515,0.5803881287574768,0.022008106516213034,synthetic,synthetic_evidence,,level1_inconclusive,True,0.5906308052280014,,0.15825533781584233,-0.14342625623462146,-0.7347803486817139,0.73,0.5,c1214e33d698daa7cda082cd2c20ef0e4553d8d63b46ac77494e9685a50a1187
159,cocoglide:000000389381:edited,edited,nebula/CocoGlide,000000389381,cocoglide:000000389381,0.9962241649627686,0.7094183564186096,0.02712989800979602,,conflicting_evidence,edited,level2_edited,False,0.7954556233353557,0.2904714848030546,0.166156430228052,0.17416921547603828,-0.719389537501785,0.73,0.5,c1214e33d698daa7cda082cd2c20ef0e4553d8d63b46ac77494e9685a50a1187
160,cocoglide:000000133233:real,real,nebula/CocoGlide,000000133233,cocoglide:000000133233,0.9945460557937622,0.01158228237181902,0.0,synthetic,synthetic_evidence,real,level1_real,False,0.018096219737892816,,0.15176971726896837,-1.543487035551145,-0.8009139685768576,0.73,0.5,c1214e33d698daa7cda082cd2c20ef0e4553d8d63b46ac77494e9685a50a1187
161,diffusiondb:34a3e912-fb33-48c5-9ba1-1bf7b8f4b6bd.png,synthetic,poloclub/diffusiondb,34a3e912-fb33-48c5-9ba1-1bf7b8f4b6bd.png,diffusiondb:34a3e912-fb33-48c5-9ba1-1bf7b8f4b6bd.png,0.995644211769104,0.9919356107711792,0.8214550018310547,,conflicting_evidence,synthetic,level2_synthetic,False,0.9993250863653022,0.8702483375425296,0.16118439367580778,0.8695582129917933,1.6675306843985602,0.73,0.5,c1214e33d698daa7cda082cd2c20ef0e4553d8d63b46ac77494e9685a50a1187
162,cocoglide:000000310200:real,real,nebula/CocoGlide,000000310200,cocoglide:000000310200,0.9950178265571594,0.13779398798942566,0.0,synthetic,synthetic_evidence,real,level1_real,False,0.045256542450495214,,0.15581428759897997,-1.232829084250753,-0.8009139685768576,0.73,0.5,c1214e33d698daa7cda082cd2c20ef0e4553d8d63b46ac77494e9685a50a1187
163,cocoglide:000000493334:real,real,nebula/CocoGlide,000000493334,cocoglide:000000493334,0.9929758310317993,0.0420575812458992,0.0,synthetic,synthetic_evidence,real,level1_real,False,0.0225382293408963,,0.13830791552875032,-1.4684750240490345,-0.8009139685768576,0.73,0.5,c1214e33d698daa7cda082cd2c20ef0e4553d8d63b46ac77494e9685a50a1187
164,cocoglide:000000194216:edited,edited,nebula/CocoGlide,000000194216,cocoglide:000000194216,0.9957361221313477,0.8714191913604736,0.030200841651683304,,conflicting_evidence,edited,level2_edited,False,0.9297516450379777,0.1380894238729495,0.16197235671420043,0.5729186598775868,-0.7101614551412073,0.73,0.5,c1214e33d698daa7cda082cd2c20ef0e4553d8d63b46ac77494e9685a50a1187
165,diffusiondb:661edb62-c0b0-4fc5-b87e-bf8f8cc769ea.png,synthetic,poloclub/diffusiondb,661edb62-c0b0-4fc5-b87e-bf8f8cc769ea.png,diffusiondb:661edb62-c0b0-4fc5-b87e-bf8f8cc769ea.png,0.9945709109306335,0.6596306562423706,0.1977816495028409,,conflicting_evidence,synthetic,level2_synthetic,False,0.8587646767369344,0.5888313210748956,0.15198280454977883,0.05162158916021951,-0.20658676369807513,0.73,0.5,c1214e33d698daa7cda082cd2c20ef0e4553d8d63b46ac77494e9685a50a1187
166,cocoglide:000000126592:real,real,nebula/CocoGlide,000000126592,cocoglide:000000126592,0.9944274425506592,0.08212817460298538,0.0,synthetic,synthetic_evidence,real,level1_real,False,0.030275400225159427,,0.15075282592888964,-1.3698451198037112,-0.8009139685768576,0.73,0.5,c1214e33d698daa7cda082cd2c20ef0e4553d8d63b46ac77494e9685a50a1187
167,cocoglide:000000157390:edited,edited,nebula/CocoGlide,000000157390,cocoglide:000000157390,0.9953759908676147,0.943220317363739,0.14937379874759749,,conflicting_evidence,edited,level2_edited,False,0.9757224516673529,0.17005859135392226,0.158884890645479,0.7496502125975597,-0.3520507271439854,0.73,0.5,c1214e33d698daa7cda082cd2c20ef0e4553d8d63b46ac77494e9685a50a1187
168,diffusiondb:72d6440b-1b3f-42d0-b02e-36dd3e0528dc.png,synthetic,poloclub/diffusiondb,72d6440b-1b3f-42d0-b02e-36dd3e0528dc.png,diffusiondb:72d6440b-1b3f-42d0-b02e-36dd3e0528dc.png,0.9962576627731323,0.964137852191925,0.6104164123535156,,conflicting_evidence,synthetic,level2_synthetic,False,0.9977078517211173,0.7071409595855769,0.1664436126065064,0.8011367089108807,1.0333668207589004,0.73,0.5,c1214e33d698daa7cda082cd2c20ef0e4553d8d63b46ac77494e9685a50a1187
169,diffusiondb:8f096a42-207e-40dd-a732-969a43bf30c9.png,synthetic,poloclub/diffusiondb,8f096a42-207e-40dd-a732-969a43bf30c9.png,diffusiondb:8f096a42-207e-40dd-a732-969a43bf30c9.png,0.9941309094429016,0.9454876184463501,0.9715538024902344,,conflicting_evidence,synthetic,level2_synthetic,False,0.9995351617927698,0.9534799851468656,0.14821059757869282,0.7552309557295728,2.118572532192162,0.73,0.5,c1214e33d698daa7cda082cd2c20ef0e4553d8d63b46ac77494e9685a50a1187
170,cocoglide:000000555009:edited,edited,nebula/CocoGlide,000000555009,cocoglide:000000555009,0.9839895367622375,0.9980394244194031,0.36343310186620376,edited,edited_evidence,edited,level2_edited,False,0.9939911406544453,0.33037033672565624,0.06126689900263527,0.8845821621080635,0.29119027939314496,0.73,0.5,c1214e33d698daa7cda082cd2c20ef0e4553d8d63b46ac77494e9685a50a1187
171,cocoglide:000000268375:real,real,nebula/CocoGlide,000000268375,cocoglide:000000268375,0.9953588843345642,0.017111677676439285,0.0,synthetic,synthetic_evidence,real,level1_real,False,0.018881857693793472,,0.15873823345221136,-1.529876961835259,-0.8009139685768576,0.73,0.5,c1214e33d698daa7cda082cd2c20ef0e4553d8d63b46ac77494e9685a50a1187
172,diffusiondb:2735ca70-f337-4020-97b9-dc0aae578b28.png,synthetic,poloclub/diffusiondb,2735ca70-f337-4020-97b9-dc0aae578b28.png,diffusiondb:2735ca70-f337-4020-97b9-dc0aae578b28.png,0.992271900177002,0.9937321543693542,0.8983376242897727,,conflicting_evidence,synthetic,level2_synthetic,False,0.9995365682125611,0.9108704698449505,0.13227299757582078,0.8739802319392421,1.8985603791376782,0.73,0.5,c1214e33d698daa7cda082cd2c20ef0e4553d8d63b46ac77494e9685a50a1187
173,diffusiondb:39669d24-3fcf-438e-8b25-e4dec0529950.png,synthetic,poloclub/diffusiondb,39669d24-3fcf-438e-8b25-e4dec0529950.png,diffusiondb:39669d24-3fcf-438e-8b25-e4dec0529950.png,0.9949924349784851,0.9903304576873779,0.881134033203125,,conflicting_evidence,synthetic,level2_synthetic,False,0.9994869067018451,0.9044656097217516,0.15559660131210884,0.8656072833526042,1.8468641665208552,0.73,0.5,c1214e33d698daa7cda082cd2c20ef0e4553d8d63b46ac77494e9685a50a1187
174,diffusiondb:59c4dcd6-57ce-4c9d-954b-5a21c62bff39.png,synthetic,poloclub/diffusiondb,59c4dcd6-57ce-4c9d-954b-5a21c62bff39.png,diffusiondb:59c4dcd6-57ce-4c9d-954b-5a21c62bff39.png,0.9958338737487793,0.9993672966957092,1.0,,conflicting_evidence,synthetic,level2_synthetic,False,0.9997301782078707,0.9459549135526393,0.16281039781858692,0.8878505917590792,2.2040523989942935,0.73,0.5,c1214e33d698daa7cda082cd2c20ef0e4553d8d63b46ac77494e9685a50a1187
175,cocoglide:000000434297:edited,edited,nebula/CocoGlide,000000434297,cocoglide:000000434297,0.9911590218544006,0.9921467304229736,0.24706661913323827,,conflicting_evidence,edited,level2_edited,False,0.9892330137893255,0.20996524748720624,0.12273210400265,0.8700778636706646,-0.05848708753196547,0.73,0.5,c1214e33d698daa7cda082cd2c20ef0e4553d8d63b46ac77494e9685a50a1187
176,cocoglide:000000409268:real,real,nebula/CocoGlide,000000409268,cocoglide:000000409268,0.9961475133895874,0.2152193784713745,9.68751937503875e-05,synthetic,synthetic_evidence,real,level1_real,False,0.07819907368788415,,0.16549928336205136,-1.0422539464847695,-0.8006228618777858,0.73,0.5,c1214e33d698daa7cda082cd2c20ef0e4553d8d63b46ac77494e9685a50a1187
177,diffusiondb:6815b7d4-b4f2-4e9d-8ecb-d2fa9798029f.png,synthetic,poloclub/diffusiondb,6815b7d4-b4f2-4e9d-8ecb-d2fa9798029f.png,diffusiondb:6815b7d4-b4f2-4e9d-8ecb-d2fa9798029f.png,0.9952593445777893,0.6349477767944336,0.16257476806640625,,conflicting_evidence,synthetic,level2_synthetic,False,0.8103643676631539,0.5761401215624651,0.1578848623276227,-0.009132940096542102,-0.3123822583216264,0.73,0.5,c1214e33d698daa7cda082cd2c20ef0e4553d8d63b46ac77494e9685a50a1187
178,cocoglide:000000486046:edited,edited,nebula/CocoGlide,000000486046,cocoglide:000000486046,0.9946887493133545,0.9952571392059326,0.274753549507099,,conflicting_evidence,edited,level2_edited,False,0.9908586457968375,0.23365917111909199,0.15299305288110326,0.8777338351631059,0.024711207062770236,0.73,0.5,c1214e33d698daa7cda082cd2c20ef0e4553d8d63b46ac77494e9685a50a1187
179,diffusiondb:edc58b4d-3145-4d43-a6d8-6c0f3e1690d2.png,synthetic,poloclub/diffusiondb,edc58b4d-3145-4d43-a6d8-6c0f3e1690d2.png,diffusiondb:edc58b4d-3145-4d43-a6d8-6c0f3e1690d2.png,0.9957482218742371,0.9446853399276733,0.36923980712890625,,conflicting_evidence,edited,level2_edited,False,0.9915575142442822,0.4112839165977749,0.16207608985090194,0.7532562244654256,0.3086392334139643,0.73,0.5,c1214e33d698daa7cda082cd2c20ef0e4553d8d63b46ac77494e9685a50a1187
180,diffusiondb:730fcb75-9f24-434d-8520-c5ccc871a113.png,synthetic,poloclub/diffusiondb,730fcb75-9f24-434d-8520-c5ccc871a113.png,diffusiondb:730fcb75-9f24-434d-8520-c5ccc871a113.png,0.9923377633094788,0.9987180233001709,0.9985542297363281,,conflicting_evidence,synthetic,level2_synthetic,False,0.9997246564652842,0.9457261758848698,0.13283765331993486,0.8862524678615789,2.199707907976725,0.73,0.5,c1214e33d698daa7cda082cd2c20ef0e4553d8d63b46ac77494e9685a50a1187
181,cocoglide:000000288391:real,real,nebula/CocoGlide,000000288391,cocoglide:000000288391,0.9950195550918579,0.07758955657482147,0.0,synthetic,synthetic_evidence,real,level1_real,False,0.029335613022422085,,0.15582910661850877,-1.3810164907273899,-0.8009139685768576,0.73,0.5,c1214e33d698daa7cda082cd2c20ef0e4553d8d63b46ac77494e9685a50a1187
182,cocoglide:000000567432:real,real,nebula/CocoGlide,000000567432,cocoglide:000000567432,0.9922985434532166,0.4936656951904297,0.009826050902101804,synthetic,synthetic_evidence,,level1_inconclusive,True,0.41392325439743527,,0.13250141487683345,-0.35688516966812256,-0.7713870160899995,0.73,0.5,c1214e33d698daa7cda082cd2c20ef0e4553d8d63b46ac77494e9685a50a1187
183,cocoglide:000000066635:real,real,nebula/CocoGlide,000000066635,cocoglide:000000066635,0.992131769657135,0.2760676145553589,0.0,synthetic,synthetic_evidence,real,level1_real,False,0.11687849037503854,,0.13107163499264235,-0.8924818768530904,-0.8009139685768576,0.73,0.5,c1214e33d698daa7cda082cd2c20ef0e4553d8d63b46ac77494e9685a50a1187
184,cocoglide:000000133645:real,real,nebula/CocoGlide,000000133645,cocoglide:000000133645,0.994379460811615,0.075544573366642,0.0,synthetic,synthetic_evidence,real,level1_real,False,0.028860079020476177,,0.1503414703867975,-1.3860500198345989,-0.8009139685768576,0.73,0.5,c1214e33d698daa7cda082cd2c20ef0e4553d8d63b46ac77494e9685a50a1187
185,cocoglide:000000002592:edited,edited,nebula/CocoGlide,000000002592,cocoglide:000000002592,0.9942413568496704,0.9917532801628113,0.10740358980717961,,conflicting_evidence,edited,level2_edited,False,0.979189688760613,0.10839240197752863,0.14915748182651486,0.8691094237691316,-0.4781697934498751,0.73,0.5,c1214e33d698daa7cda082cd2c20ef0e4553d8d63b46ac77494e9685a50a1187
186,cocoglide:000000324715:real,real,nebula/CocoGlide,000000324715,cocoglide:000000324715,0.9954206347465515,0.023161986842751503,0.0,synthetic,synthetic_evidence,real,level1_real,False,0.01974117031341607,,0.1592676301498604,-1.5149847088453878,-0.8009139685768576,0.73,0.5,c1214e33d698daa7cda082cd2c20ef0e4553d8d63b46ac77494e9685a50a1187
187,diffusiondb:c757cd99-67c1-4db1-9e1c-47e0f78915c5.png,synthetic,poloclub/diffusiondb,c757cd99-67c1-4db1-9e1c-47e0f78915c5.png,diffusiondb:c757cd99-67c1-4db1-9e1c-47e0f78915c5.png,0.995444655418396,0.9975314140319824,0.9947842684659091,,conflicting_evidence,synthetic,level2_synthetic,False,0.9997192195661752,0.9450016172534823,0.15947356342124316,0.883331743492586,2.1883793011520702,0.73,0.5,c1214e33d698daa7cda082cd2c20ef0e4553d8d63b46ac77494e9685a50a1187
188,diffusiondb:ad548eed-c325-4969-90e9-f77594f60c0d.png,synthetic,poloclub/diffusiondb,ad548eed-c325-4969-90e9-f77594f60c0d.png,diffusiondb:ad548eed-c325-4969-90e9-f77594f60c0d.png,0.9928990602493286,0.9985621571540833,1.0,,conflicting_evidence,synthetic,level2_synthetic,False,0.9997266211023922,0.9461897917437249,0.13764974666140287,0.8858688183626379,2.2040523989942935,0.73,0.5,c1214e33d698daa7cda082cd2c20ef0e4553d8d63b46ac77494e9685a50a1187
189,diffusiondb:6d92c2e4-4d2f-4d91-9c0d-fb309700ba63.png,synthetic,poloclub/diffusiondb,6d92c2e4-4d2f-4d91-9c0d-fb309700ba63.png,diffusiondb:6d92c2e4-4d2f-4d91-9c0d-fb309700ba63.png,0.9937583208084106,0.9992029070854187,0.9994888305664062,,conflicting_evidence,synthetic,level2_synthetic,False,0.9997278204314398,0.9458523481281732,0.14501633236922945,0.8874459625743454,2.202516352038214,0.73,0.5,c1214e33d698daa7cda082cd2c20ef0e4553d8d63b46ac77494e9685a50a1187
190,diffusiondb:6f81200f-58cf-4998-8cba-d25ff99f1edc.png,synthetic,poloclub/diffusiondb,6f81200f-58cf-4998-8cba-d25ff99f1edc.png,diffusiondb:6f81200f-58cf-4998-8cba-d25ff99f1edc.png,0.9928297400474548,0.998627781867981,0.6302656365569527,,conflicting_evidence,synthetic,level2_synthetic,False,0.9983760825466108,0.6877194453017076,0.13705545287823123,0.8860303472721346,1.0930130719126079,0.73,0.5,c1214e33d698daa7cda082cd2c20ef0e4553d8d63b46ac77494e9685a50a1187
191,diffusiondb:4de474d4-eb99-454e-8db0-7bc94c363d09.png,synthetic,poloclub/diffusiondb,4de474d4-eb99-454e-8db0-7bc94c363d09.png,diffusiondb:4de474d4-eb99-454e-8db0-7bc94c363d09.png,0.9929355978965759,0.9940550327301025,0.9981051358309659,,conflicting_evidence,synthetic,level2_synthetic,False,0.9997146850399087,0.9469954744314099,0.137962990074201,0.8747749659108532,2.198358395895231,0.73,0.5,c1214e33d698daa7cda082cd2c20ef0e4553d8d63b46ac77494e9685a50a1187
192,diffusiondb:6932fdfe-7536-4c6d-b794-8fe6d0a55ce8.png,synthetic,poloclub/diffusiondb,6932fdfe-7536-4c6d-b794-8fe6d0a55ce8.png,diffusiondb:6932fdfe-7536-4c6d-b794-8fe6d0a55ce8.png,0.9959873557090759,0.7917724847793579,0.297222900390625,,conflicting_evidence,synthetic,level2_synthetic,False,0.9635972785213801,0.5345844553519882,0.1641262245526084,0.37687596658510975,0.09223085076892092,0.73,0.5,c1214e33d698daa7cda082cd2c20ef0e4553d8d63b46ac77494e9685a50a1187
193,cocoglide:000000406570:edited,edited,nebula/CocoGlide,000000406570,cocoglide:000000406570,0.9960609078407288,0.9981168508529663,0.10631471262942525,,conflicting_evidence,edited,level2_edited,False,0.9801205473099294,0.10425423369308892,0.1647567993835919,0.8847727398132735,-0.48144183274744273,0.73,0.5,c1214e33d698daa7cda082cd2c20ef0e4553d8d63b46ac77494e9685a50a1187
194,cocoglide:000000355905:edited,edited,nebula/CocoGlide,000000355905,cocoglide:000000355905,0.993884265422821,0.9883148670196533,0.24367889360778722,,conflicting_evidence,edited,level2_edited,False,0.9888161026176523,0.21057974322260947,0.14609607679213718,0.8606461011513855,-0.06866708879850819,0.73,0.5,c1214e33d698daa7cda082cd2c20ef0e4553d8d63b46ac77494e9685a50a1187
195,cocoglide:000000390301:real,real,nebula/CocoGlide,000000390301,cocoglide:000000390301,0.9959514141082764,0.5505598187446594,0.012211118172236345,synthetic,synthetic_evidence,,level1_inconclusive,True,0.5244523872573319,,0.16381809114654433,-0.21684576700020733,-0.7642199691588505,0.73,0.5,c1214e33d698daa7cda082cd2c20ef0e4553d8d63b46ac77494e9685a50a1187
196,cocoglide:000000453860:real,real,nebula/CocoGlide,000000453860,cocoglide:000000453860,0.013273943215608597,0.3857119083404541,6.1031372062744125e-05,real,no_evidence,real,level1_real,False,0.027539501670073883,,-8.260841618842555,-0.6226030133009578,-0.8007305713564423,0.73,0.5,c1214e33d698daa7cda082cd2c20ef0e4553d8d63b46ac77494e9685a50a1187
197,cocoglide:000000328117:edited,edited,nebula/CocoGlide,000000328117,cocoglide:000000328117,0.9954761862754822,0.9501463174819946,0.14933020491040983,,conflicting_evidence,edited,level2_edited,False,0.9769199549842749,0.16433821211273988,0.15974388277747514,0.7666978944818572,-0.35218172515856766,0.73,0.5,c1214e33d698daa7cda082cd2c20ef0e4553d8d63b46ac77494e9685a50a1187
198,cocoglide:000000546826:edited,edited,nebula/CocoGlide,000000546826,cocoglide:000000546826,0.9671919941902161,0.9343234896659851,0.153994745489491,edited,edited_evidence,edited,level2_edited,False,0.9729171432985034,0.1812098486500511,-0.08274126677406117,0.7277515285402288,-0.3381649375982579,0.73,0.5,c1214e33d698daa7cda082cd2c20ef0e4553d8d63b46ac77494e9685a50a1187
199,diffusiondb:c1c49706-8a24-4671-a871-2e276f75e3e3.png,synthetic,poloclub/diffusiondb,c1c49706-8a24-4671-a871-2e276f75e3e3.png,diffusiondb:c1c49706-8a24-4671-a871-2e276f75e3e3.png,0.9935780763626099,0.9972671866416931,0.9126167297363281,,conflicting_evidence,synthetic,level2_synthetic,False,0.9995800028514772,0.9155793231286709,0.1434710663328485,0.8826813732330047,1.9414686107635792,0.73,0.5,c1214e33d698daa7cda082cd2c20ef0e4553d8d63b46ac77494e9685a50a1187
200,cocoglide:000000452084:real,real,nebula/CocoGlide,000000452084,cocoglide:000000452084,0.9954925775527954,0.7737442851066589,0.03521025792051584,,conflicting_evidence,edited,level2_edited,False,0.8671786466797506,0.22669071789138115,0.1598844079626619,0.33250129033341846,-0.6951083277322018,0.73,0.5,c1214e33d698daa7cda082cd2c20ef0e4553d8d63b46ac77494e9685a50a1187
201,cocoglide:000000269866:edited,edited,nebula/CocoGlide,000000269866,cocoglide:000000269866,0.9632747769355774,0.9996399879455566,0.6002028566557133,edited,edited_evidence,synthetic,level2_synthetic,False,0.9979998587018145,0.6486627055001856,-0.1163242310303294,0.888521794993364,1.0026754293936895,0.73,0.5,c1214e33d698daa7cda082cd2c20ef0e4553d8d63b46ac77494e9685a50a1187
202,diffusiondb:a34eff47-4820-4d2c-a112-201dff03f7bf.png,synthetic,poloclub/diffusiondb,a34eff47-4820-4d2c-a112-201dff03f7bf.png,diffusiondb:a34eff47-4820-4d2c-a112-201dff03f7bf.png,0.9962475895881653,0.700615644454956,0.13509178161621094,,conflicting_evidence,edited,level2_edited,False,0.8597399410306258,0.4416007883989128,0.1663572534927007,0.15250218822896663,-0.394967708284877,0.73,0.5,c1214e33d698daa7cda082cd2c20ef0e4553d8d63b46ac77494e9685a50a1187
203,cocoglide:000000512648:real,real,nebula/CocoGlide,000000512648,cocoglide:000000512648,0.9959900975227356,0.027879629284143448,0.0,synthetic,synthetic_evidence,real,level1_real,False,0.020462887053986904,,0.1641497305835851,-1.503372686579791,-0.8009139685768576,0.73,0.5,c1214e33d698daa7cda082cd2c20ef0e4553d8d63b46ac77494e9685a50a1187
204,diffusiondb:2b524a85-24d0-4c3a-8110-de435d1dfdf0.png,synthetic,poloclub/diffusiondb,2b524a85-24d0-4c3a-8110-de435d1dfdf0.png,diffusiondb:2b524a85-24d0-4c3a-8110-de435d1dfdf0.png,0.8281890153884888,0.9992791414260864,0.9951438903808594,edited,edited_evidence,synthetic,level2_synthetic,False,0.9995858584083163,0.9441365183763123,-1.2744372502136656,0.8876336060577662,2.1894599529115375,0.73,0.5,c1214e33d698daa7cda082cd2c20ef0e4553d8d63b46ac77494e9685a50a1187
205,diffusiondb:c5932c35-a644-4cd9-bd50-9171f4560b12.png,synthetic,poloclub/diffusiondb,c5932c35-a644-4cd9-bd50-9171f4560b12.png,diffusiondb:c5932c35-a644-4cd9-bd50-9171f4560b12.png,0.993958592414856,0.47722434997558594,0.0047576904296875,synthetic,synthetic_evidence,,level1_inconclusive,True,0.37962808947593873,,0.14673329463187496,-0.3973539565850894,-0.7866172688483316,0.73,0.5,c1214e33d698daa7cda082cd2c20ef0e4553d8d63b46ac77494e9685a50a1187
206,diffusiondb:d95febdd-4e4b-456f-a56d-ace198ad25dd.png,synthetic,poloclub/diffusiondb,d95febdd-4e4b-456f-a56d-ace198ad25dd.png,diffusiondb:d95febdd-4e4b-456f-a56d-ace198ad25dd.png,0.992609441280365,0.9940356612205505,0.8805770874023438,,conflicting_evidence,synthetic,level2_synthetic,False,0.9994966912640726,0.9022748962549848,0.1351667943893212,0.8747272848067783,1.8451905631209475,0.73,0.5,c1214e33d698daa7cda082cd2c20ef0e4553d8d63b46ac77494e9685a50a1187
207,cocoglide:000000036861:edited,edited,nebula/CocoGlide,000000036861,cocoglide:000000036861,0.9940253496170044,0.989111065864563,0.09521184667369335,,conflicting_evidence,edited,level2_edited,False,0.9775156674041764,0.10338303120273384,0.1473056153860901,0.8626058678844077,-0.5148055715280678,0.73,0.5,c1214e33d698daa7cda082cd2c20ef0e4553d8d63b46ac77494e9685a50a1187
208,cocoglide:000000172330:edited,edited,nebula/CocoGlide,000000172330,cocoglide:000000172330,0.9937002658843994,0.976248025894165,0.5432683365366731,,conflicting_evidence,synthetic,level2_synthetic,False,0.997089301086857,0.6065341344958932,0.14451861771333163,0.8309447345121523,0.8315891112821706,0.73,0.5,c1214e33d698daa7cda082cd2c20ef0e4553d8d63b46ac77494e9685a50a1187
209,diffusiondb:66b871b1-c8a4-4cc8-8192-e65a436ae885.png,synthetic,poloclub/diffusiondb,66b871b1-c8a4-4cc8-8192-e65a436ae885.png,diffusiondb:66b871b1-c8a4-4cc8-8192-e65a436ae885.png,0.9949312806129456,0.937414824962616,0.7060990767045454,,conflicting_evidence,synthetic,level2_synthetic,False,0.9982291353191763,0.8287224526132826,0.1550723146211939,0.7353605524840425,1.320890009093344,0.73,0.5,c1214e33d698daa7cda082cd2c20ef0e4553d8d63b46ac77494e9685a50a1187
210,diffusiondb:2f321372-6bc4-4303-ade7-8c2fb99893f6.png,synthetic,poloclub/diffusiondb,2f321372-6bc4-4303-ade7-8c2fb99893f6.png,diffusiondb:2f321372-6bc4-4303-ade7-8c2fb99893f6.png,0.9953489899635315,0.5325427651405334,0.020763397216796875,synthetic,synthetic_evidence,,level1_inconclusive,True,0.5007476953502189,,0.1586534073404259,-0.2611930082781694,-0.7385206582638626,0.73,0.5,c1214e33d698daa7cda082cd2c20ef0e4553d8d63b46ac77494e9685a50a1187
211,cocoglide:000000244019:real,real,nebula/CocoGlide,000000244019,cocoglide:000000244019,0.9949302077293396,0.17308062314987183,0.0,synthetic,synthetic_evidence,real,level1_real,False,0.058112526054720504,,0.15506311660907257,-1.1459744321122165,-0.8009139685768576,0.73,0.5,c1214e33d698daa7cda082cd2c20ef0e4553d8d63b46ac77494e9685a50a1187
212,cocoglide:000000406570:real,real,nebula/CocoGlide,000000406570,cocoglide:000000406570,0.9960488677024841,0.013782943598926067,0.0,synthetic,synthetic_evidence,real,level1_real,False,0.018456458022571884,,0.1646535772475638,-1.538070320001871,-0.8009139685768576,0.73,0.5,c1214e33d698daa7cda082cd2c20ef0e4553d8d63b46ac77494e9685a50a1187
213,cocoglide:000000209142:edited,edited,nebula/CocoGlide,000000209142,cocoglide:000000209142,0.9949380159378052,0.9969261884689331,0.9920591403682807,,conflicting_evidence,synthetic,level2_synthetic,False,0.9997138662366835,0.9443869349837937,0.15513005769728883,0.8818420390901974,2.180190382871374,0.73,0.5,c1214e33d698daa7cda082cd2c20ef0e4553d8d63b46ac77494e9685a50a1187
214,diffusiondb:2b135804-d86f-4763-9a47-cc8956150aeb.png,synthetic,poloclub/diffusiondb,2b135804-d86f-4763-9a47-cc8956150aeb.png,diffusiondb:2b135804-d86f-4763-9a47-cc8956150aeb.png,0.9951501488685608,0.7236177325248718,0.12273406982421875,,conflicting_evidence,edited,level2_edited,False,0.8724547391523502,0.39178910152221186,0.15694870909394218,0.20911961147401295,-0.4321022165999509,0.73,0.5,c1214e33d698daa7cda082cd2c20ef0e4553d8d63b46ac77494e9685a50a1187
215,cocoglide:000000133778:real,real,nebula/CocoGlide,000000133778,cocoglide:000000133778,0.9960647225379944,0.035609908401966095,0.0,synthetic,synthetic_evidence,real,level1_real,False,0.021657758984110032,,0.16478950342668988,-1.4843453494404062,-0.8009139685768576,0.73,0.5,c1214e33d698daa7cda082cd2c20ef0e4553d8d63b46ac77494e9685a50a1187
216,cocoglide:000000458702:edited,edited,nebula/CocoGlide,000000458702,cocoglide:000000458702,0.9914675951004028,0.9565005898475647,0.06761985398970798,,conflicting_evidence,edited,level2_edited,False,0.9673633640304424,0.1068809218451074,0.12537755448887491,0.7823383235960433,-0.5977185815577132,0.73,0.5,c1214e33d698daa7cda082cd2c20ef0e4553d8d63b46ac77494e9685a50a1187
217,cocoglide:000000131131:edited,edited,nebula/CocoGlide,000000131131,cocoglide:000000131131,0.9925693869590759,0.979616641998291,0.5503218193936388,,conflicting_evidence,synthetic,level2_synthetic,False,0.9972486943548486,0.6112264141558599,0.1348234019367921,0.8392362584441393,0.8527845900415923,0.73,0.5,c1214e33d698daa7cda082cd2c20ef0e4553d8d63b46ac77494e9685a50a1187
218,cocoglide:000000475779:edited,edited,nebula/CocoGlide,000000475779,cocoglide:000000475779,0.995442271232605,0.9836373925209045,0.2748252371504743,,conflicting_evidence,edited,level2_edited,False,0.9900586196643174,0.24623441587363099,0.15945312339430692,0.8491329484059209,0.0249266260200834,0.73,0.5,c1214e33d698daa7cda082cd2c20ef0e4553d8d63b46ac77494e9685a50a1187
219,diffusiondb:95745adf-f3bb-480f-92aa-c8ded7aca178.png,synthetic,poloclub/diffusiondb,95745adf-f3bb-480f-92aa-c8ded7aca178.png,diffusiondb:95745adf-f3bb-480f-92aa-c8ded7aca178.png,0.9944948554039001,0.9497289657592773,0.5895500183105469,,conflicting_evidence,synthetic,level2_synthetic,False,0.9971663386387148,0.7003998262638347,0.15133076769051226,0.7656706234334502,0.9706640084472923,0.73,0.5,c1214e33d698daa7cda082cd2c20ef0e4553d8d63b46ac77494e9685a50a1187
220,cocoglide:000000361571:real,real,nebula/CocoGlide,000000361571,cocoglide:000000361571,0.9949917197227478,0.11547302454710007,0.0,synthetic,synthetic_evidence,real,level1_real,False,0.03856693836065148,,0.15559046930402798,-1.287769984859868,-0.8009139685768576,0.73,0.5,c1214e33d698daa7cda082cd2c20ef0e4553d8d63b46ac77494e9685a50a1187
221,cocoglide:000000126592:edited,edited,nebula/CocoGlide,000000126592,cocoglide:000000126592,0.993961751461029,0.9223248362541199,0.0825270088040176,,conflicting_evidence,edited,level2_edited,False,0.961267144959288,0.13733683295229804,0.14676037766756547,0.6982179993873392,-0.5529230827045365,0.73,0.5,c1214e33d698daa7cda082cd2c20ef0e4553d8d63b46ac77494e9685a50a1187
222,cocoglide:000000426253:edited,edited,nebula/CocoGlide,000000426253,cocoglide:000000426253,0.9928062558174133,0.9991958737373352,0.6979208645917292,,conflicting_evidence,synthetic,level2_synthetic,False,0.9988326067087587,0.7624582188023079,0.1368541186129091,0.8874286506657889,1.2963147567474682,0.73,0.5,c1214e33d698daa7cda082cd2c20ef0e4553d8d63b46ac77494e9685a50a1187
223,diffusiondb:998f62d0-4cbf-427d-a73f-bb91f8eb52c3.png,synthetic,poloclub/diffusiondb,998f62d0-4cbf-427d-a73f-bb91f8eb52c3.png,diffusiondb:998f62d0-4cbf-427d-a73f-bb91f8eb52c3.png,0.9946165680885315,0.902411162853241,0.1721336082175926,,conflicting_evidence,edited,level2_edited,False,0.9705876530783243,0.22851406285962042,0.15237423106560813,0.6492024112427229,-0.2836582651543227,0.73,0.5,c1214e33d698daa7cda082cd2c20ef0e4553d8d63b46ac77494e9685a50a1187
224,cocoglide:000000133233:edited,edited,nebula/CocoGlide,000000133233,cocoglide:000000133233,0.993809163570404,0.7639217972755432,0.03834320168640337,,conflicting_evidence,edited,level2_edited,False,0.859827394415294,0.2401882198571914,0.1454522159436451,0.3083241830567558,-0.685693937084218,0.73,0.5,c1214e33d698daa7cda082cd2c20ef0e4553d8d63b46ac77494e9685a50a1187
225,cocoglide:000000579893:edited,edited,nebula/CocoGlide,000000579893,cocoglide:000000579893,0.99403977394104,0.8183156251907349,0.08060984871969744,,conflicting_evidence,edited,level2_edited,False,0.918708987821069,0.22531258876632837,0.14742927754905444,0.4422093489439542,-0.5586840842791683,0.73,0.5,c1214e33d698daa7cda082cd2c20ef0e4553d8d63b46ac77494e9685a50a1187
226,diffusiondb:e05d8e1f-cb1c-4263-8506-434151801665.png,synthetic,poloclub/diffusiondb,e05d8e1f-cb1c-4263-8506-434151801665.png,diffusiondb:e05d8e1f-cb1c-4263-8506-434151801665.png,0.9914496541023254,0.9656476378440857,0.40100860595703125,,conflicting_evidence,edited,level2_edited,False,0.9937293117650804,0.42457440285385184,0.12522374328617958,0.8048529008069321,0.4041034054306138,0.73,0.5,c1214e33d698daa7cda082cd2c20ef0e4553d8d63b46ac77494e9685a50a1187
227,cocoglide:000000555009:real,real,nebula/CocoGlide,000000555009,cocoglide:000000555009,0.989329993724823,0.005688149482011795,0.0,synthetic,synthetic_evidence,real,level1_real,False,0.01711662159132723,,0.10705153733850138,-1.5579948756859379,-0.8009139685768576,0.73,0.5,c1214e33d698daa7cda082cd2c20ef0e4553d8d63b46ac77494e9685a50a1187
228,diffusiondb:36c81490-e605-44da-886e-8d37a5253d46.png,synthetic,poloclub/diffusiondb,36c81490-e605-44da-886e-8d37a5253d46.png,diffusiondb:36c81490-e605-44da-886e-8d37a5253d46.png,0.9962866306304932,0.5935924053192139,0.11605296415441177,synthetic,synthetic_evidence,,level1_inconclusive,True,0.7153045373057274,,0.1666919589337819,-0.1109252018752009,-0.45217871443590985,0.73,0.5,c1214e33d698daa7cda082cd2c20ef0e4553d8d63b46ac77494e9685a50a1187
229,cocoglide:000000556765:real,real,nebula/CocoGlide,000000556765,cocoglide:000000556765,0.9902474284172058,0.017005732282996178,0.0,synthetic,synthetic_evidence,real,level1_real,False,0.01864023436510379,,0.11491685970357261,-1.5301377362120547,-0.8009139685768576,0.73,0.5,c1214e33d698daa7cda082cd2c20ef0e4553d8d63b46ac77494e9685a50a1187
230,cocoglide:000000369757:edited,edited,nebula/CocoGlide,000000369757,cocoglide:000000369757,0.9941738247871399,0.8924168348312378,0.08149238173476347,,conflicting_evidence,edited,level2_edited,False,0.9518228293027613,0.1588231751005883,0.14857851806354544,0.6246023358951438,-0.5560321022506237,0.73,0.5,c1214e33d698daa7cda082cd2c20ef0e4553d8d63b46ac77494e9685a50a1187
231,diffusiondb:684c5d80-3ed9-46d5-a63c-518ac39fefb2.png,synthetic,poloclub/diffusiondb,684c5d80-3ed9-46d5-a63c-518ac39fefb2.png,diffusiondb:684c5d80-3ed9-46d5-a63c-518ac39fefb2.png,0.994746744632721,0.9909719824790955,0.9977684020996094,,conflicting_evidence,synthetic,level2_synthetic,False,0.9997088347972469,0.9478116469136961,0.1534902565363277,0.8671863348084746,2.1973465223576776,0.73,0.5,c1214e33d698daa7cda082cd2c20ef0e4553d8d63b46ac77494e9685a50a1187
232,cocoglide:000000528524:edited,edited,nebula/CocoGlide,000000528524,cocoglide:000000528524,0.9950339794158936,0.5390744209289551,0.01680978361956724,synthetic,synthetic_evidence,,level1_inconclusive,True,0.5079970664750104,,0.1559527687814731,-0.24511596696174692,-0.7504011341539095,0.73,0.5,c1214e33d698daa7cda082cd2c20ef0e4553d8d63b46ac77494e9685a50a1187
233,cocoglide:000000372260:real,real,nebula/CocoGlide,000000372260,cocoglide:000000372260,0.9945628046989441,0.02207755669951439,0.0,synthetic,synthetic_evidence,real,level1_real,False,0.019545189572877313,,0.15191330845819556,-1.5176539291445503,-0.8009139685768576,0.73,0.5,c1214e33d698daa7cda082cd2c20ef0e4553d8d63b46ac77494e9685a50a1187
234,cocoglide:000000567898:edited,edited,nebula/CocoGlide,000000567898,cocoglide:000000567898,0.9956028461456299,0.9787722826004028,0.07711556048112096,,conflicting_evidence,edited,level2_edited,False,0.9736971220788028,0.09967862747666188,0.16082975920846374,0.8371579491508325,-0.5691843029146901,0.73,0.5,c1214e33d698daa7cda082cd2c20ef0e4553d8d63b46ac77494e9685a50a1187
235,diffusiondb:b5d7e189-bb22-4fef-963b-15a40bb0ac0d.png,synthetic,poloclub/diffusiondb,b5d7e189-bb22-4fef-963b-15a40bb0ac0d.png,diffusiondb:b5d7e189-bb22-4fef-963b-15a40bb0ac0d.png,0.9947327375411987,0.9704736471176147,0.7739969889322916,,conflicting_evidence,synthetic,level2_synthetic,False,0.9990019299079844,0.8535936484235355,0.15337017137807718,0.8167316575873339,1.5249209517660196,0.73,0.5,c1214e33d698daa7cda082cd2c20ef0e4553d8d63b46ac77494e9685a50a1187
236,diffusiondb:372f6a06-cf41-405c-b559-1914244469c5.png,synthetic,poloclub/diffusiondb,372f6a06-cf41-405c-b559-1914244469c5.png,diffusiondb:372f6a06-cf41-405c-b559-1914244469c5.png,0.9961383938789368,0.6675922274589539,0.21123504638671875,,conflicting_evidence,synthetic,level2_synthetic,False,0.8736101052688068,0.5957626124915998,0.16542110025902018,0.07121822951281524,-0.1661597585324357,0.73,0.5,c1214e33d698daa7cda082cd2c20ef0e4553d8d63b46ac77494e9685a50a1187
237,cocoglide:000000196843:real,real,nebula/CocoGlide,000000196843,cocoglide:000000196843,0.9926417469978333,0.01450593862682581,0.0,synthetic,synthetic_evidence,real,level1_real,False,0.018405514821644865,,0.13544375675430748,-1.536290737410315,-0.8009139685768576,0.73,0.5,c1214e33d698daa7cda082cd2c20ef0e4553d8d63b46ac77494e9685a50a1187
238,cocoglide:000000451693:edited,edited,nebula/CocoGlide,000000451693,cocoglide:000000451693,0.994675874710083,0.9624871611595154,0.4331667725835452,,conflicting_evidence,edited,level2_edited,False,0.994540102668912,0.47388239055557246,0.15288267673564748,0.7970736919993434,0.5007376145860372,0.73,0.5,c1214e33d698daa7cda082cd2c20ef0e4553d8d63b46ac77494e9685a50a1187
239,cocoglide:000000013597:real,real,nebula/CocoGlide,000000013597,cocoglide:000000013597,0.9962868690490723,0.3827815353870392,0.0004320633641267282,synthetic,synthetic_evidence,real,level1_real,False,0.2292719549846272,,0.16669400293647552,-0.6298158439476815,-0.7996156326989972,0.73,0.5,c1214e33d698daa7cda082cd2c20ef0e4553d8d63b46ac77494e9685a50a1187
240,cocoglide:000000017031:edited,edited,nebula/CocoGlide,000000017031,cocoglide:000000017031,0.9954023361206055,0.9934567213058472,0.2783234003968008,,conflicting_evidence,edited,level2_edited,False,0.9909081589482177,0.23920268921792093,0.15911075294312463,0.8733022799948421,0.035438488923568094,0.73,0.5,c1214e33d698daa7cda082cd2c20ef0e4553d8d63b46ac77494e9685a50a1187
241,diffusiondb:e60ae8e0-f37e-458e-96b0-9e332f3dcb14.png,synthetic,poloclub/diffusiondb,e60ae8e0-f37e-458e-96b0-9e332f3dcb14.png,diffusiondb:e60ae8e0-f37e-458e-96b0-9e332f3dcb14.png,0.993767261505127,0.976841151714325,0.7678947448730469,,conflicting_evidence,synthetic,level2_synthetic,False,0.9990175989881253,0.8443804055530357,0.1450929824702404,0.8324046565633803,1.506583913601278,0.73,0.5,c1214e33d698daa7cda082cd2c20ef0e4553d8d63b46ac77494e9685a50a1187
242,diffusiondb:a569dd20-e3f2-4a49-b107-aa6d0c741913.png,synthetic,poloclub/diffusiondb,a569dd20-e3f2-4a49-b107-aa6d0c741913.png,diffusiondb:a569dd20-e3f2-4a49-b107-aa6d0c741913.png,0.992041289806366,0.9986667633056641,1.0,,conflicting_evidence,synthetic,level2_synthetic,False,0.9997262689504359,0.9461562218101705,0.13029593597041145,0.8861262963246422,2.2040523989942935,0.73,0.5,c1214e33d698daa7cda082cd2c20ef0e4553d8d63b46ac77494e9685a50a1187
243,cocoglide:000000051961:real,real,nebula/CocoGlide,000000051961,cocoglide:000000051961,0.9944871068000793,0.26758983731269836,0.0,synthetic,synthetic_evidence,real,level1_real,False,0.1110535478812271,,0.15126433760296945,-0.9133491085959645,-0.8009139685768576,0.73,0.5,c1214e33d698daa7cda082cd2c20ef0e4553d8d63b46ac77494e9685a50a1187
244,cocoglide:000000328683:edited,edited,nebula/CocoGlide,000000328683,cocoglide:000000328683,0.9953587651252747,0.9980005025863647,0.0647504107508215,,conflicting_evidence,edited,level2_edited,False,0.975753543338659,0.0844261055179051,0.15873721145086456,0.8844863597666454,-0.6063411619842215,0.73,0.5,c1214e33d698daa7cda082cd2c20ef0e4553d8d63b46ac77494e9685a50a1187
245,cocoglide:000000575500:real,real,nebula/CocoGlide,000000575500,cocoglide:000000575500,0.9925873875617981,0.0764678493142128,0.0,synthetic,synthetic_evidence,real,level1_real,False,0.028932430022689356,,0.13497772414016085,-1.3837774650588455,-0.8009139685768576,0.73,0.5,c1214e33d698daa7cda082cd2c20ef0e4553d8d63b46ac77494e9685a50a1187
246,cocoglide:000000529105:edited,edited,nebula/CocoGlide,000000529105,cocoglide:000000529105,0.9957213401794434,0.9659283757209778,0.1302496667493335,,conflicting_evidence,edited,level2_edited,False,0.9775109133100106,0.13864979539414485,0.16184562854719564,0.8055439100382941,-0.40951810060775995,0.73,0.5,c1214e33d698daa7cda082cd2c20ef0e4553d8d63b46ac77494e9685a50a1187
247,cocoglide:000000317024:edited,edited,nebula/CocoGlide,000000317024,cocoglide:000000317024,0.9947848916053772,0.9689124226570129,0.30135257145514294,,conflicting_evidence,edited,level2_edited,False,0.9902176306796396,0.2925638639245782,0.15381729696730778,0.8128888540210777,0.10464037342692911,0.73,0.5,c1214e33d698daa7cda082cd2c20ef0e4553d8d63b46ac77494e9685a50a1187
248,cocoglide:000000474170:edited,edited,nebula/CocoGlide,000000474170,cocoglide:000000474170,0.9960169196128845,0.8970458507537842,0.04223370946741894,,conflicting_evidence,edited,level2_edited,False,0.9444428585514234,0.12844614475884758,0.16437968088661795,0.6359962125248765,-0.6740030920494924,0.73,0.5,c1214e33d698daa7cda082cd2c20ef0e4553d8d63b46ac77494e9685a50a1187
249,diffusiondb:a396e32d-b183-48a6-9d90-5f90a0ec33a4.png,synthetic,poloclub/diffusiondb,a396e32d-b183-48a6-9d90-5f90a0ec33a4.png,diffusiondb:a396e32d-b183-48a6-9d90-5f90a0ec33a4.png,0.9943369030952454,0.9872291088104248,0.386749267578125,,conflicting_evidence,edited,level2_edited,False,0.9943200016187878,0.3748977988752409,0.14997661590598532,0.857973611945761,0.36125457317818394,0.73,0.5,c1214e33d698daa7cda082cd2c20ef0e4553d8d63b46ac77494e9685a50a1187
250,cocoglide:000000410878:edited,edited,nebula/CocoGlide,000000410878,cocoglide:000000410878,0.9948669672012329,0.9963860511779785,0.3270671228842458,,conflicting_evidence,edited,level2_edited,False,0.9929452020620726,0.2889430776133168,0.1545209448945884,0.8805125431975003,0.18191173562856183,0.73,0.5,c1214e33d698daa7cda082cd2c20ef0e4553d8d63b46ac77494e9685a50a1187
251,cocoglide:000000203546:real,real,nebula/CocoGlide,000000203546,cocoglide:000000203546,0.9946824908256531,0.24492472410202026,0.0,synthetic,synthetic_evidence,real,level1_real,False,0.09543601233015817,,0.1529393978103956,-0.9691371006967422,-0.8009139685768576,0.73,0.5,c1214e33d698daa7cda082cd2c20ef0e4553d8d63b46ac77494e9685a50a1187
252,cocoglide:000000423519:real,real,nebula/CocoGlide,000000423519,cocoglide:000000423519,0.9936960339546204,0.26694127917289734,0.0,synthetic,synthetic_evidence,real,level1_real,False,0.11038820623925791,,0.14448233666551977,-0.9149454719603914,-0.8009139685768576,0.73,0.5,c1214e33d698daa7cda082cd2c20ef0e4553d8d63b46ac77494e9685a50a1187
253,diffusiondb:2178c873-d6a7-4b6b-9e42-a1091aa642a2.png,synthetic,poloclub/diffusiondb,2178c873-d6a7-4b6b-9e42-a1091aa642a2.png,diffusiondb:2178c873-d6a7-4b6b-9e42-a1091aa642a2.png,0.9941744208335876,0.9898014664649963,0.9710464477539062,,conflicting_evidence,synthetic,level2_synthetic,False,0.9996654212088963,0.9402542043294044,0.1485836280702795,0.8643052224336364,2.1170479482730675,0.73,0.5,c1214e33d698daa7cda082cd2c20ef0e4553d8d63b46ac77494e9685a50a1187
254,cocoglide:000000407574:edited,edited,nebula/CocoGlide,000000407574,cocoglide:000000407574,0.9936783909797668,0.9989312291145325,0.3503520444540889,,conflicting_evidence,edited,level2_edited,False,0.993790475810888,0.3132905733505045,0.14433108046619147,0.8867772534285814,0.2518821418174725,0.73,0.5,c1214e33d698daa7cda082cd2c20ef0e4553d8d63b46ac77494e9685a50a1187
255,diffusiondb:0319820b-b929-423b-9713-ee370d2c49b7.png,synthetic,poloclub/diffusiondb,0319820b-b929-423b-9713-ee370d2c49b7.png,diffusiondb:0319820b-b929-423b-9713-ee370d2c49b7.png,0.9934531450271606,0.9075912833213806,0.3006841486150568,,conflicting_evidence,edited,level2_edited,False,0.9845179337799592,0.3716487578153826,0.1424000089213887,0.6619527786056136,0.10263178527315395,0.73,0.5,c1214e33d698daa7cda082cd2c20ef0e4553d8d63b46ac77494e9685a50a1187
256,cocoglide:000000537672:edited,edited,nebula/CocoGlide,000000537672,cocoglide:000000537672,0.9915306568145752,0.9992191791534424,0.6732525652551306,,conflicting_evidence,synthetic,level2_synthetic,False,0.9986814757266166,0.736415642017802,0.12591819320133887,0.8874860147017682,1.2221873468958115,0.73,0.5,c1214e33d698daa7cda082cd2c20ef0e4553d8d63b46ac77494e9685a50a1187
257,cocoglide:000000535156:edited,edited,nebula/CocoGlide,000000535156,cocoglide:000000535156,0.995614767074585,0.9981690645217896,0.3604231895963792,,conflicting_evidence,edited,level2_edited,False,0.9940771354901529,0.32659812401722976,0.16093195934314503,0.8849012587276415,0.2821455942529824,0.73,0.5,c1214e33d698daa7cda082cd2c20ef0e4553d8d63b46ac77494e9685a50a1187
258,diffusiondb:9546fef2-6c7c-42c3-a7c3-2ee45eba529e.png,synthetic,poloclub/diffusiondb,9546fef2-6c7c-42c3-a7c3-2ee45eba529e.png,diffusiondb:9546fef2-6c7c-42c3-a7c3-2ee45eba529e.png,0.9898319244384766,0.9245287775993347,0.5134677886962891,,conflicting_evidence,synthetic,level2_synthetic,False,0.9950169526176791,0.6388024312723675,0.11135467400925664,0.7036427886312551,0.7420394672866216,0.73,0.5,c1214e33d698daa7cda082cd2c20ef0e4553d8d63b46ac77494e9685a50a1187
259,cocoglide:000000232489:real,real,nebula/CocoGlide,000000232489,cocoglide:000000232489,0.9957488775253296,0.30269575119018555,0.0,synthetic,synthetic_evidence,real,level1_real,False,0.14009167023746275,,0.1620817108583094,-0.8269392844806743,-0.8009139685768576,0.73,0.5,c1214e33d698daa7cda082cd2c20ef0e4553d8d63b46ac77494e9685a50a1187
260,cocoglide:000000080949:edited,edited,nebula/CocoGlide,000000080949,cocoglide:000000080949,0.996006429195404,0.9988595247268677,0.520379634509269,,conflicting_evidence,synthetic,level2_synthetic,False,0.9972698127710327,0.5426327630054645,0.16428974476809843,0.8866007599879596,0.762809331492464,0.73,0.5,c1214e33d698daa7cda082cd2c20ef0e4553d8d63b46ac77494e9685a50a1187
261,cocoglide:000000039956:real,real,nebula/CocoGlide,000000039956,cocoglide:000000039956,0.9957869648933411,0.007470376789569855,0.0,synthetic,synthetic_evidence,real,level1_real,False,0.0176097376857887,,0.16240824028861608,-1.5536080949082889,-0.8009139685768576,0.73,0.5,c1214e33d698daa7cda082cd2c20ef0e4553d8d63b46ac77494e9685a50a1187
262,cocoglide:000000050331:real,real,nebula/CocoGlide,000000050331,cocoglide:000000050331,0.9959826469421387,0.09893203526735306,0.0,synthetic,synthetic_evidence,real,level1_real,False,0.03431355568385235,,0.1640858554994093,-1.3284840360406416,-0.8009139685768576,0.73,0.5,c1214e33d698daa7cda082cd2c20ef0e4553d8d63b46ac77494e9685a50a1187
263,diffusiondb:8de73547-2bca-44a3-91a5-b043a7fd6636.png,synthetic,poloclub/diffusiondb,8de73547-2bca-44a3-91a5-b043a7fd6636.png,diffusiondb:8de73547-2bca-44a3-91a5-b043a7fd6636.png,0.9934055805206299,0.9984536170959473,0.9963264465332031,,conflicting_evidence,synthetic,level2_synthetic,False,0.9997218494232454,0.9451637940275276,0.1419922303840104,0.8856016574687291,2.1930134943770945,0.73,0.5,c1214e33d698daa7cda082cd2c20ef0e4553d8d63b46ac77494e9685a50a1187
264,cocoglide:000000232348:real,real,nebula/CocoGlide,000000232348,cocoglide:000000232348,0.9910919070243835,0.07303881645202637,0.0,synthetic,synthetic_evidence,real,level1_real,False,0.028122036544606734,,0.1221567172443944,-1.3922176990188877,-0.8009139685768576,0.73,0.5,c1214e33d698daa7cda082cd2c20ef0e4553d8d63b46ac77494e9685a50a1187
265,cocoglide:000000431140:real,real,nebula/CocoGlide,000000431140,cocoglide:000000431140,0.9944306015968323,0.005156573839485645,0.0,synthetic,synthetic_evidence,real,level1_real,False,0.017257380957428407,,0.15077990896458018,-1.5593032979060504,-0.8009139685768576,0.73,0.5,c1214e33d698daa7cda082cd2c20ef0e4553d8d63b46ac77494e9685a50a1187
266,cocoglide:000000208901:real,real,nebula/CocoGlide,000000208901,cocoglide:000000208901,0.9905070066452026,0.006566109135746956,0.0,synthetic,synthetic_evidence,real,level1_real,False,0.01727554504590914,,0.11714226763625746,-1.555833862600669,-0.8009139685768576,0.73,0.5,c1214e33d698daa7cda082cd2c20ef0e4553d8d63b46ac77494e9685a50a1187
267,diffusiondb:93f4110a-da54-476c-8b4f-4c5bfd29ce18.png,synthetic,poloclub/diffusiondb,93f4110a-da54-476c-8b4f-4c5bfd29ce18.png,diffusiondb:93f4110a-da54-476c-8b4f-4c5bfd29ce18.png,0.9956114888191223,0.5844106674194336,0.11779230291193182,synthetic,synthetic_evidence,,level1_inconclusive,True,0.7025366332879244,,0.16090385430610765,-0.13352516494015607,-0.44695205996774906,0.73,0.5,c1214e33d698daa7cda082cd2c20ef0e4553d8d63b46ac77494e9685a50a1187
268,cocoglide:000000435880:edited,edited,nebula/CocoGlide,000000435880,cocoglide:000000435880,0.9960330128669739,0.9948550462722778,0.18126317502635006,,conflicting_evidence,edited,level2_edited,False,0.985727568270219,0.15309362458309647,0.1645176510684377,0.876744122153601,-0.25622422394351263,0.73,0.5,c1214e33d698daa7cda082cd2c20ef0e4553d8d63b46ac77494e9685a50a1187
269,cocoglide:000000134722:edited,edited,nebula/CocoGlide,000000134722,cocoglide:000000134722,0.9904360175132751,0.9979088306427002,0.2119774552049104,,conflicting_evidence,edited,level2_edited,False,0.9877816843152394,0.1741814659142977,0.11653366583423044,0.8842607181110541,-0.16392884500278154,0.73,0.5,c1214e33d698daa7cda082cd2c20ef0e4553d8d63b46ac77494e9685a50a1187
270,diffusiondb:ff060c6d-2c89-4bb7-be0e-3a9225457352.png,synthetic,poloclub/diffusiondb,ff060c6d-2c89-4bb7-be0e-3a9225457352.png,diffusiondb:ff060c6d-2c89-4bb7-be0e-3a9225457352.png,0.9945960640907288,0.6463309526443481,0.044731987847222224,,conflicting_evidence,,level1_inconclusive,True,0.7246139329302563,,0.15219844683395634,0.01888565034657161,-0.6664958495413534,0.73,0.5,c1214e33d698daa7cda082cd2c20ef0e4553d8d63b46ac77494e9685a50a1187
271,diffusiondb:a284081b-207f-449f-85b6-4d1d81fa3aef.png,synthetic,poloclub/diffusiondb,a284081b-207f-449f-85b6-4d1d81fa3aef.png,diffusiondb:a284081b-207f-449f-85b6-4d1d81fa3aef.png,0.9960464835166931,0.5970759987831116,0.031247225674715908,,conflicting_evidence,,level1_inconclusive,True,0.6312753108572009,,0.16463313722062753,-0.10235067225164331,-0.7070171063444305,0.73,0.5,c1214e33d698daa7cda082cd2c20ef0e4553d8d63b46ac77494e9685a50a1187
272,cocoglide:000000136772:edited,edited,nebula/CocoGlide,000000136772,cocoglide:000000136772,0.9952365756034851,0.9784101843833923,0.27722192944385887,,conflicting_evidence,edited,level2_edited,False,0.9897790669875993,0.2545451381738257,0.15768966007038143,0.8362666792823559,0.03212860575512101,0.73,0.5,c1214e33d698daa7cda082cd2c20ef0e4553d8d63b46ac77494e9685a50a1187
273,diffusiondb:40d4e7d4-f304-4938-891d-c86f3d6bafd0.png,synthetic,poloclub/diffusiondb,40d4e7d4-f304-4938-891d-c86f3d6bafd0.png,diffusiondb:40d4e7d4-f304-4938-891d-c86f3d6bafd0.png,0.9951558113098145,0.786880612373352,0.14386541193181818,,conflicting_evidence,edited,level2_edited,False,0.9239826947966018,0.3331057972167697,0.15699725415791577,0.3648350940508533,-0.36860324426497454,0.73,0.5,c1214e33d698daa7cda082cd2c20ef0e4553d8d63b46ac77494e9685a50a1187
274,diffusiondb:138e8982-ee52-4f4f-be03-4f4b8f7df554.png,synthetic,poloclub/diffusiondb,138e8982-ee52-4f4f-be03-4f4b8f7df554.png,diffusiondb:138e8982-ee52-4f4f-be03-4f4b8f7df554.png,0.9906807541847229,0.7424197196960449,0.1882960001627604,,conflicting_evidence,edited,level2_edited,False,0.9144214216021682,0.454480380449372,0.1186318345992371,0.2553988910890891,-0.23509082093959052,0.73,0.5,c1214e33d698daa7cda082cd2c20ef0e4553d8d63b46ac77494e9685a50a1187
275,cocoglide:000000225532:edited,edited,nebula/CocoGlide,000000225532,cocoglide:000000225532,0.9922093152999878,0.9641335010528564,0.042997085994171985,,conflicting_evidence,edited,level2_edited,False,0.9654178728280837,0.09060177734260974,0.13173644686874408,0.8011259990013502,-0.6717091712608062,0.73,0.5,c1214e33d698daa7cda082cd2c20ef0e4553d8d63b46ac77494e9685a50a1187
276,cocoglide:000000393014:edited,edited,nebula/CocoGlide,000000393014,cocoglide:000000393014,0.9961541295051575,0.9992960691452026,0.1474469511439023,,conflicting_evidence,edited,level2_edited,False,0.9837843666990231,0.12711636605326498,0.1655560044367995,0.8876752720071731,-0.3578408393885245,0.73,0.5,c1214e33d698daa7cda082cd2c20ef0e4553d8d63b46ac77494e9685a50a1187
277,cocoglide:000000148707:real,real,nebula/CocoGlide,000000148707,cocoglide:000000148707,0.9953497648239136,0.056583136320114136,0.0,synthetic,synthetic_evidence,real,level1_real,False,0.02519908923961086,,0.15866005034918018,-1.4327217699528698,-0.8009139685768576,0.73,0.5,c1214e33d698daa7cda082cd2c20ef0e4553d8d63b46ac77494e9685a50a1187
278,cocoglide:000000465430:edited,edited,nebula/CocoGlide,000000465430,cocoglide:000000465430,0.9955458641052246,0.8252988457679749,0.020443572137144275,,conflicting_evidence,edited,level2_edited,False,0.8993988105323889,0.1660223228369091,0.16034124256468724,0.4593978734741344,-0.7394817218717245,0.73,0.5,c1214e33d698daa7cda082cd2c20ef0e4553d8d63b46ac77494e9685a50a1187
279,diffusiondb:9b6b955c-86fc-415c-bee2-5677da0b27bb.png,synthetic,poloclub/diffusiondb,9b6b955c-86fc-415c-bee2-5677da0b27bb.png,diffusiondb:9b6b955c-86fc-415c-bee2-5677da0b27bb.png,0.9937196969985962,0.9069421887397766,0.4773826599121094,,conflicting_evidence,synthetic,level2_synthetic,False,0.9933109062433493,0.6157046408910251,0.1446852039328621,0.6603550948413816,0.633604868920688,0.73,0.5,c1214e33d698daa7cda082cd2c20ef0e4553d8d63b46ac77494e9685a50a1187
280,cocoglide:000000552612:real,real,nebula/CocoGlide,000000552612,cocoglide:000000552612,0.9946792125701904,0.7515178322792053,0.10280783061566123,,conflicting_evidence,edited,level2_edited,False,0.8843382504355954,0.3282079092671216,0.15291129277335824,0.27779301849553023,-0.49197989525384384,0.73,0.5,c1214e33d698daa7cda082cd2c20ef0e4553d8d63b46ac77494e9685a50a1187
281,cocoglide:000000139871:real,real,nebula/CocoGlide,000000139871,cocoglide:000000139871,0.9928638339042664,0.014365371316671371,0.0,synthetic,synthetic_evidence,real,level1_real,False,0.018396212604759796,,0.1373477452634197,-1.5366367302988406,-0.8009139685768576,0.73,0.5,c1214e33d698daa7cda082cd2c20ef0e4553d8d63b46ac77494e9685a50a1187
282,diffusiondb:d682a261-7904-4f31-8452-066a0cc28f07.png,synthetic,poloclub/diffusiondb,d682a261-7904-4f31-8452-066a0cc28f07.png,diffusiondb:d682a261-7904-4f31-8452-066a0cc28f07.png,0.9927898049354553,0.9795034527778625,0.5729904174804688,,conflicting_evidence,synthetic,level2_synthetic,False,0.9975321872714367,0.6411818457764975,0.13671308242704897,0.8389576540852526,0.9209029648925041,0.73,0.5,c1214e33d698daa7cda082cd2c20ef0e4553d8d63b46ac77494e9685a50a1187
283,diffusiondb:3795b52d-f6bf-4a0b-aa9d-fae9898e0e3c.png,synthetic,poloclub/diffusiondb,3795b52d-f6bf-4a0b-aa9d-fae9898e0e3c.png,diffusiondb:3795b52d-f6bf-4a0b-aa9d-fae9898e0e3c.png,0.9958124756813049,0.9870989322662354,0.469142816005609,,conflicting_evidence,edited,level2_edited,False,0.9961854870561225,0.4881154626332822,0.16262694857683402,0.8576531949263778,0.6088444151076182,0.73,0.5,c1214e33d698daa7cda082cd2c20ef0e4553d8d63b46ac77494e9685a50a1187
284,cocoglide:000000393838:real,real,nebula/CocoGlide,000000393838,cocoglide:000000393838,0.9954332113265991,0.04944925382733345,0.0,synthetic,synthetic_evidence,real,level1_real,False,0.02392636974751155,,0.15937545129194913,-1.4502811342699924,-0.8009139685768576,0.73,0.5,c1214e33d698daa7cda082cd2c20ef0e4553d8d63b46ac77494e9685a50a1187
285,cocoglide:000000232348:edited,edited,nebula/CocoGlide,000000232348,cocoglide:000000232348,0.9922726154327393,0.9876072406768799,0.3246539618079236,,conflicting_evidence,edited,level2_edited,False,0.9923353141702879,0.2968308152294417,0.13227912958390167,0.8589043470973026,0.1746602677546819,0.73,0.5,c1214e33d698daa7cda082cd2c20ef0e4553d8d63b46ac77494e9685a50a1187
286,diffusiondb:8c83678a-fdf9-4975-91d0-87183276e547.png,synthetic,poloclub/diffusiondb,8c83678a-fdf9-4975-91d0-87183276e547.png,diffusiondb:8c83678a-fdf9-4975-91d0-87183276e547.png,0.9947819113731384,0.9544593095779419,0.8277257283528646,,conflicting_evidence,synthetic,level2_synthetic,False,0.9991318215468074,0.8965396734404497,0.15379174693363748,0.7773139089152669,1.6863740066968358,0.73,0.5,c1214e33d698daa7cda082cd2c20ef0e4553d8d63b46ac77494e9685a50a1187
287,cocoglide:000000446207:real,real,nebula/CocoGlide,000000446207,cocoglide:000000446207,0.9913051724433899,0.016741903498768806,0.0,synthetic,synthetic_evidence,real,level1_real,False,0.01865084416233633,,0.12398507765384248,-1.5307871253412253,-0.8009139685768576,0.73,0.5,c1214e33d698daa7cda082cd2c20ef0e4553d8d63b46ac77494e9685a50a1187
288,diffusiondb:6acf4add-520b-4ee5-b37c-23d7e5067d88.png,synthetic,poloclub/diffusiondb,6acf4add-520b-4ee5-b37c-23d7e5067d88.png,diffusiondb:6acf4add-520b-4ee5-b37c-23d7e5067d88.png,0.9935071468353271,0.9936556816101074,0.55751953125,,conflicting_evidence,synthetic,level2_synthetic,False,0.9976118876705571,0.6011258545246083,0.1428629755314949,0.8737920016114634,0.8744134720934259,0.73,0.5,c1214e33d698daa7cda082cd2c20ef0e4553d8d63b46ac77494e9685a50a1187
289,cocoglide:000000387098:edited,edited,nebula/CocoGlide,000000387098,cocoglide:000000387098,0.9954625964164734,0.9997125267982483,0.2587061736623473,,conflicting_evidence,edited,level2_edited,False,0.9904681082222909,0.21346702968929646,0.1596273746239385,0.8887003423892383,-0.023510617638482282,0.73,0.5,c1214e33d698daa7cda082cd2c20ef0e4553d8d63b46ac77494e9685a50a1187
290,cocoglide:000000432468:real,real,nebula/CocoGlide,000000432468,cocoglide:000000432468,0.9957463145256042,0.02252507023513317,0.0,synthetic,synthetic_evidence,real,level1_real,False,0.019664380504324452,,0.16205973782935293,-1.5165524177001544,-0.8009139685768576,0.73,0.5,c1214e33d698daa7cda082cd2c20ef0e4553d8d63b46ac77494e9685a50a1187
291,cocoglide:000000131131:real,real,nebula/CocoGlide,000000131131,cocoglide:000000131131,0.9927576780319214,0.2718490660190582,0.0008922205344410689,synthetic,synthetic_evidence,real,level1_real,False,0.11424937660591976,,0.1364376530640829,-0.9028654275652488,-0.7982328758784059,0.73,0.5,c1214e33d698daa7cda082cd2c20ef0e4553d8d63b46ac77494e9685a50a1187
292,diffusiondb:6d446567-093a-4834-b4c0-565d05731c97.png,synthetic,poloclub/diffusiondb,6d446567-093a-4834-b4c0-565d05731c97.png,diffusiondb:6d446567-093a-4834-b4c0-565d05731c97.png,0.9957784414291382,0.8547333478927612,0.3382453918457031,,conflicting_evidence,edited,level2_edited,False,0.9809992278473854,0.49942544142162754,0.16233516719231897,0.5318480640716504,0.21550205790540566,0.73,0.5,c1214e33d698daa7cda082cd2c20ef0e4553d8d63b46ac77494e9685a50a1187
293,diffusiondb:3737d43a-204f-4b62-a122-ec916e8212c8.png,synthetic,poloclub/diffusiondb,3737d43a-204f-4b62-a122-ec916e8212c8.png,diffusiondb:3737d43a-204f-4b62-a122-ec916e8212c8.png,0.990939736366272,0.5347048044204712,0.014193382488905325,synthetic,synthetic_evidence,,level1_inconclusive,True,0.49420642556287026,,0.12085213252518788,-0.2558713569301447,-0.7582633315556238,0.73,0.5,c1214e33d698daa7cda082cd2c20ef0e4553d8d63b46ac77494e9685a50a1187
294,cocoglide:000000208901:edited,edited,nebula/CocoGlide,000000208901,cocoglide:000000208901,0.9910184144973755,0.810930609703064,0.03395184915369831,,conflicting_evidence,edited,level2_edited,False,0.8944834622803418,0.189435125923214,0.12152665341408432,0.4240318449597163,-0.6988898037531451,0.73,0.5,c1214e33d698daa7cda082cd2c20ef0e4553d8d63b46ac77494e9685a50a1187
295,cocoglide:000000366199:edited,edited,nebula/CocoGlide,000000366199,cocoglide:000000366199,0.993682861328125,0.998144805431366,0.5994055738111477,,conflicting_evidence,synthetic,level2_synthetic,False,0.9981130088481907,0.6499915848059109,0.14436940551669697,0.8848415473142308,1.0002796212603284,0.73,0.5,c1214e33d698daa7cda082cd2c20ef0e4553d8d63b46ac77494e9685a50a1187
296,diffusiondb:cf1fc25a-de5b-4bc0-8a81-7d4c8ced5224.png,synthetic,poloclub/diffusiondb,cf1fc25a-de5b-4bc0-8a81-7d4c8ced5224.png,diffusiondb:cf1fc25a-de5b-4bc0-8a81-7d4c8ced5224.png,0.9947102069854736,0.6623204946517944,0.14842640269886365,,conflicting_evidence,synthetic,level2_synthetic,False,0.8302567248448075,0.5164964811796069,0.15317701312352958,0.05824236720542281,-0.35489762040720035,0.73,0.5,c1214e33d698daa7cda082cd2c20ef0e4553d8d63b46ac77494e9685a50a1187
297,cocoglide:000000314914:real,real,nebula/CocoGlide,000000314914,cocoglide:000000314914,0.9948458671569824,0.024410618469119072,0.0,synthetic,synthetic_evidence,real,level1_real,False,0.019895562242399117,,0.15434005065620252,-1.5119113224183676,-0.8009139685768576,0.73,0.5,c1214e33d698daa7cda082cd2c20ef0e4553d8d63b46ac77494e9685a50a1187
298,cocoglide:000000199681:edited,edited,nebula/CocoGlide,000000199681,cocoglide:000000199681,0.9933794736862183,0.9981372356414795,0.15328465031930064,,conflicting_evidence,edited,level2_edited,False,0.9839872982334343,0.13156330392559906,0.1417684120890584,0.8848229150058693,-0.34029874970245466,0.73,0.5,c1214e33d698daa7cda082cd2c20ef0e4553d8d63b46ac77494e9685a50a1187
299,cocoglide:000000402519:real,real,nebula/CocoGlide,000000402519,cocoglide:000000402519,0.9942268133163452,0.7035358548164368,0.017746566743133487,,conflicting_evidence,edited,level2_edited,False,0.7797264143673727,0.28675100826642286,0.1490327976622037,0.15969000463493732,-0.7475861323738847,0.73,0.5,c1214e33d698daa7cda082cd2c20ef0e4553d8d63b46ac77494e9685a50a1187
300,cocoglide:000000246308:real,real,nebula/CocoGlide,000000246308,cocoglide:000000246308,0.9909412264823914,0.007658775895833969,0.0,synthetic,synthetic_evidence,real,level1_real,False,0.017432712297768424,,0.12086490754202305,-1.5531443686628315,-0.8009139685768576,0.73,0.5,c1214e33d698daa7cda082cd2c20ef0e4553d8d63b46ac77494e9685a50a1187
301,cocoglide:000000104669:real,real,nebula/CocoGlide,000000104669,cocoglide:000000104669,0.9952253103256226,0.005205248482525349,0.0,synthetic,synthetic_evidence,real,level1_real,False,0.017296115711554524,,0.15759308094310764,-1.5591834899626191,-0.8009139685768576,0.73,0.5,c1214e33d698daa7cda082cd2c20ef0e4553d8d63b46ac77494e9685a50a1187
302,cocoglide:000000036844:edited,edited,nebula/CocoGlide,000000036844,cocoglide:000000036844,0.9942775368690491,0.23125635087490082,0.0,synthetic,synthetic_evidence,real,level1_real,False,0.08689434210884345,,0.14946765923527255,-1.0027804842764798,-0.8009139685768576,0.73,0.5,c1214e33d698daa7cda082cd2c20ef0e4553d8d63b46ac77494e9685a50a1187
303,cocoglide:000000340272:real,real,nebula/CocoGlide,000000340272,cocoglide:000000340272,0.9950856566429138,0.14654487371444702,0.0,synthetic,synthetic_evidence,real,level1_real,False,0.048176407072032655,,0.15639580636531644,-1.2112896222959677,-0.8009139685768576,0.73,0.5,c1214e33d698daa7cda082cd2c20ef0e4553d8d63b46ac77494e9685a50a1187
304,cocoglide:000000364587:edited,edited,nebula/CocoGlide,000000364587,cocoglide:000000364587,0.9866999387741089,0.9955418109893799,0.27158960567921137,edited,edited_evidence,edited,level2_edited,False,0.9905603713727179,0.23012416046132192,0.08450363262444424,0.8784345273263724,0.015203662271083522,0.73,0.5,c1214e33d698daa7cda082cd2c20ef0e4553d8d63b46ac77494e9685a50a1187
305,cocoglide:000000013597:edited,edited,nebula/CocoGlide,000000013597,cocoglide:000000013597,0.9950283169746399,0.9697155952453613,0.3401859616219232,,conflicting_evidence,edited,level2_edited,False,0.9919279875828421,0.3386023080864871,0.1559042237174995,0.8148657859515668,0.2213334048168721,0.73,0.5,c1214e33d698daa7cda082cd2c20ef0e4553d8d63b46ac77494e9685a50a1187
306,cocoglide:000000317024:real,real,nebula/CocoGlide,000000317024,cocoglide:000000317024,0.9949973821640015,0.03609026223421097,0.0,synthetic,synthetic_evidence,real,level1_real,False,0.02167929176381689,,0.1556390143680016,-1.4831630047704387,-0.8009139685768576,0.73,0.5,c1214e33d698daa7cda082cd2c20ef0e4553d8d63b46ac77494e9685a50a1187
307,cocoglide:000000283113:edited,edited,nebula/CocoGlide,000000283113,cocoglide:000000283113,0.9951887130737305,0.9991313815116882,0.5524714799429599,,conflicting_evidence,synthetic,level2_synthetic,False,0.9976605692459923,0.586518066452827,0.1572793265296361,0.887269909266992,0.8592442476939968,0.73,0.5,c1214e33d698daa7cda082cd2c20ef0e4553d8d63b46ac77494e9685a50a1187
308,cocoglide:000000389381:real,real,nebula/CocoGlide,000000389381,cocoglide:000000389381,0.996253490447998,0.29765966534614563,0.000116250232500465,synthetic,synthetic_evidence,real,level1_real,False,0.1358259184617527,,0.16640784255936794,-0.8393351244958821,-0.8005646405379714,0.73,0.5,c1214e33d698daa7cda082cd2c20ef0e4553d8d63b46ac77494e9685a50a1187
309,diffusiondb:64909e58-b585-4b18-ba67-077fe271c7eb.png,synthetic,poloclub/diffusiondb,64909e58-b585-4b18-ba67-077fe271c7eb.png,diffusiondb:64909e58-b585-4b18-ba67-077fe271c7eb.png,0.9927716851234436,0.9975090622901917,0.9771919250488281,,conflicting_evidence,synthetic,level2_synthetic,False,0.9996923325745523,0.9396332952146235,0.1365577382223334,0.8832767268340381,2.1355149008569803,0.73,0.5,c1214e33d698daa7cda082cd2c20ef0e4553d8d63b46ac77494e9685a50a1187
310,cocoglide:000000430286:real,real,nebula/CocoGlide,000000430286,cocoglide:000000430286,0.9833254814147949,0.03822663426399231,0.0,real,no_evidence,real,level1_real,False,0.021422220912199925,,0.055573840500214626,-1.4779045308853132,-0.8009139685768576,0.73,0.5,c1214e33d698daa7cda082cd2c20ef0e4553d8d63b46ac77494e9685a50a1187
311,diffusiondb:5a344f08-aa28-4b73-a0a3-d0a9425b3233.png,synthetic,poloclub/diffusiondb,5a344f08-aa28-4b73-a0a3-d0a9425b3233.png,diffusiondb:5a344f08-aa28-4b73-a0a3-d0a9425b3233.png,0.9946936964988708,0.9876423478126526,0.9871279093191186,,conflicting_evidence,synthetic,level2_synthetic,False,0.9996857425973497,0.9457899075042636,0.153035465936996,0.8589907599289952,2.1653721994179196,0.73,0.5,c1214e33d698daa7cda082cd2c20ef0e4553d8d63b46ac77494e9685a50a1187
312,cocoglide:000000189436:real,real,nebula/CocoGlide,000000189436,cocoglide:000000189436,0.9953556060791016,0.021124007180333138,0.0,synthetic,synthetic_evidence,real,level1_real,False,0.019445488750467994,,0.158710128415174,-1.5200009993995853,-0.8009139685768576,0.73,0.5,c1214e33d698daa7cda082cd2c20ef0e4553d8d63b46ac77494e9685a50a1187
313,diffusiondb:82841a8f-8042-441e-ac20-37d0c839abd4.png,synthetic,poloclub/diffusiondb,82841a8f-8042-441e-ac20-37d0c839abd4.png,diffusiondb:82841a8f-8042-441e-ac20-37d0c839abd4.png,0.9942529797554016,0.9988914132118225,0.9859848022460938,,conflicting_evidence,synthetic,level2_synthetic,False,0.9997091768925225,0.9419348077320375,0.1492571269578291,0.8866792504208213,2.161937201108947,0.73,0.5,c1214e33d698daa7cda082cd2c20ef0e4553d8d63b46ac77494e9685a50a1187
314,cocoglide:000000160666:edited,edited,nebula/CocoGlide,000000160666,cocoglide:000000160666,0.995395839214325,0.9971616864204407,0.09825663401326802,,conflicting_evidence,edited,level2_edited,False,0.979171309901238,0.1006074781378041,0.15905505386972332,0.8824216946046585,-0.5056560879762396,0.73,0.5,c1214e33d698daa7cda082cd2c20ef0e4553d8d63b46ac77494e9685a50a1187
315,cocoglide:000000189078:real,real,nebula/CocoGlide,000000189078,cocoglide:000000189078,0.9954871535301208,0.018914608284831047,0.0,synthetic,synthetic_evidence,real,level1_real,False,0.019138989935878332,,0.15983790690138192,-1.52543922187763,-0.8009139685768576,0.73,0.5,c1214e33d698daa7cda082cd2c20ef0e4553d8d63b46ac77494e9685a50a1187
316,cocoglide:000000075393:edited,edited,nebula/CocoGlide,000000075393,cocoglide:000000075393,0.995841920375824,0.8928123116493225,0.034122349494698986,,conflicting_evidence,edited,level2_edited,False,0.9405867082202726,0.12615650143744817,0.16287938290949677,0.6255757639737186,-0.6983774559627787,0.73,0.5,c1214e33d698daa7cda082cd2c20ef0e4553d8d63b46ac77494e9685a50a1187
317,cocoglide:000000246308:edited,edited,nebula/CocoGlide,000000246308,cocoglide:000000246308,0.9925974607467651,0.9994041919708252,0.06930548236096472,,conflicting_evidence,edited,level2_edited,False,0.9763565604818027,0.08576326249299202,0.13506408325396652,0.8879414059234557,-0.5926533249938629,0.73,0.5,c1214e33d698daa7cda082cd2c20ef0e4553d8d63b46ac77494e9685a50a1187
318,cocoglide:000000402992:real,real,nebula/CocoGlide,000000402992,cocoglide:000000402992,0.9958082437515259,0.00427217036485672,0.0,synthetic,synthetic_evidence,real,level1_real,False,0.01720171157191315,,0.16259066752902218,-1.5614801718355065,-0.8009139685768576,0.73,0.5,c1214e33d698daa7cda082cd2c20ef0e4553d8d63b46ac77494e9685a50a1187
319,cocoglide:000000170595:real,real,nebula/CocoGlide,000000170595,cocoglide:000000170595,0.995210587978363,0.05934567376971245,0.0,synthetic,synthetic_evidence,real,level1_real,False,0.02570299821609389,,0.15746686377677627,-1.4259220502257395,-0.8009139685768576,0.73,0.5,c1214e33d698daa7cda082cd2c20ef0e4553d8d63b46ac77494e9685a50a1187
320,diffusiondb:651a3c3f-f226-4e6f-a9a6-35784c655cbd.png,synthetic,poloclub/diffusiondb,651a3c3f-f226-4e6f-a9a6-35784c655cbd.png,diffusiondb:651a3c3f-f226-4e6f-a9a6-35784c655cbd.png,0.9953012466430664,0.9977395534515381,0.998870849609375,,conflicting_evidence,synthetic,level2_synthetic,False,0.999725031328938,0.9461197980871502,0.15824409580102738,0.8838440586169843,2.2006593400465357,0.73,0.5,c1214e33d698daa7cda082cd2c20ef0e4553d8d63b46ac77494e9685a50a1187
321,cocoglide:000000216636:real,real,nebula/CocoGlide,000000216636,cocoglide:000000216636,0.9955435395240784,0.1460142433643341,0.0,synthetic,synthetic_evidence,real,level1_real,False,0.048045330896795205,,0.16032131353842438,-1.2125957177698958,-0.8009139685768576,0.73,0.5,c1214e33d698daa7cda082cd2c20ef0e4553d8d63b46ac77494e9685a50a1187
322,diffusiondb:22abc8d8-6eca-44c4-a4b1-34b016f6ea4c.png,synthetic,poloclub/diffusiondb,22abc8d8-6eca-44c4-a4b1-34b016f6ea4c.png,diffusiondb:22abc8d8-6eca-44c4-a4b1-34b016f6ea4c.png,0.9930942058563232,0.9973375201225281,0.9098649458451704,,conflicting_evidence,synthetic,level2_synthetic,False,0.9995741202730858,0.9143423822680647,0.1393227628661354,0.8828544923185688,1.9331995927198264,0.73,0.5,c1214e33d698daa7cda082cd2c20ef0e4553d8d63b46ac77494e9685a50a1187
323,diffusiondb:c049d409-f52d-4da7-8e5f-3002e58f185c.png,synthetic,poloclub/diffusiondb,c049d409-f52d-4da7-8e5f-3002e58f185c.png,diffusiondb:c049d409-f52d-4da7-8e5f-3002e58f185c.png,0.9918151497840881,0.9573046565055847,0.20935185750325522,,conflicting_evidence,edited,level2_edited,False,0.9833676362603427,0.2089112153495115,0.1283571994155076,0.7843174561928743,-0.17181867779102747,0.73,0.5,c1214e33d698daa7cda082cd2c20ef0e4553d8d63b46ac77494e9685a50a1187
324,cocoglide:000000546826:real,real,nebula/CocoGlide,000000546826,cocoglide:000000546826,0.9695138335227966,0.19879934191703796,0.0,real,no_evidence,real,level1_real,False,0.06570859021134116,,-0.06283574654218849,-1.082670284187254,-0.8009139685768576,0.73,0.5,c1214e33d698daa7cda082cd2c20ef0e4553d8d63b46ac77494e9685a50a1187
325,diffusiondb:3d8c8409-259b-450d-a8b8-f52d2f537a3f.png,synthetic,poloclub/diffusiondb,3d8c8409-259b-450d-a8b8-f52d2f537a3f.png,diffusiondb:3d8c8409-259b-450d-a8b8-f52d2f537a3f.png,0.9944210648536682,0.8964052796363831,0.5810089111328125,,conflicting_evidence,synthetic,level2_synthetic,False,0.9956069331164539,0.7531878376809856,0.15069814885683516,0.6344195084464374,0.9449982686363799,0.73,0.5,c1214e33d698daa7cda082cd2c20ef0e4553d8d63b46ac77494e9685a50a1187
326,diffusiondb:062b545f-c696-49f4-a542-446268d57c88.png,synthetic,poloclub/diffusiondb,062b545f-c696-49f4-a542-446268d57c88.png,diffusiondb:062b545f-c696-49f4-a542-446268d57c88.png,0.9935780763626099,0.9573050141334534,0.0933990478515625,,conflicting_evidence,edited,level2_edited,False,0.9713794127860312,0.12101842473665692,0.1434710663328485,0.7843183364594111,-0.5202529710197437,0.73,0.5,c1214e33d698daa7cda082cd2c20ef0e4553d8d63b46ac77494e9685a50a1187
327,diffusiondb:efc58b40-c1e7-421f-a7be-a4370dbeff5c.png,synthetic,poloclub/diffusiondb,efc58b40-c1e7-421f-a7be-a4370dbeff5c.png,diffusiondb:efc58b40-c1e7-421f-a7be-a4370dbeff5c.png,0.9938328266143799,0.9431483745574951,0.4355201721191406,,conflicting_evidence,synthetic,level2_synthetic,False,0.9937542669781981,0.5056653485795737,0.14565508321098744,0.7494731323125801,0.507809501039959,0.73,0.5,c1214e33d698daa7cda082cd2c20ef0e4553d8d63b46ac77494e9685a50a1187
328,cocoglide:000000411665:edited,edited,nebula/CocoGlide,000000411665,cocoglide:000000411665,0.9940658807754517,0.9977055191993713,0.4624114560729121,,conflicting_evidence,edited,level2_edited,False,0.9963440334256324,0.4630673694350343,0.14765309584400646,0.883760286584902,0.5886169049018481,0.73,0.5,c1214e33d698daa7cda082cd2c20ef0e4553d8d63b46ac77494e9685a50a1187
329,diffusiondb:f02115a5-1ec2-42d1-81a7-bcccbbef3b41.png,synthetic,poloclub/diffusiondb,f02115a5-1ec2-42d1-81a7-bcccbbef3b41.png,diffusiondb:f02115a5-1ec2-42d1-81a7-bcccbbef3b41.png,0.9961572289466858,0.6105527877807617,0.13051258433948865,,conflicting_evidence,synthetic,level2_synthetic,False,0.7535279603386523,0.567274236514397,0.16558257647181662,-0.0691788547912063,-0.4087280420919009,0.73,0.5,c1214e33d698daa7cda082cd2c20ef0e4553d8d63b46ac77494e9685a50a1187
330,cocoglide:000000343076:edited,edited,nebula/CocoGlide,000000343076,cocoglide:000000343076,0.9949856996536255,0.9963054060935974,0.12080142910285821,,conflicting_evidence,edited,level2_edited,False,0.9811410544716228,0.11316518560212772,0.15553885823601393,0.8803140430934594,-0.4379097369682378,0.73,0.5,c1214e33d698daa7cda082cd2c20ef0e4553d8d63b46ac77494e9685a50a1187
331,diffusiondb:7be49eb1-f279-4010-bc72-66ea44620edc.png,synthetic,poloclub/diffusiondb,7be49eb1-f279-4010-bc72-66ea44620edc.png,diffusiondb:7be49eb1-f279-4010-bc72-66ea44620edc.png,0.9958590865135193,0.9868888258934021,0.2915840148925781,,conflicting_evidence,edited,level2_edited,False,0.9910508527626557,0.2604167413176034,0.16302655110343783,0.8571360383360273,0.0752861894967054,0.73,0.5,c1214e33d698daa7cda082cd2c20ef0e4553d8d63b46ac77494e9685a50a1187
332,diffusiondb:1a06bbbe-4eff-4804-85fa-a835e68d48a6.png,synthetic,poloclub/diffusiondb,1a06bbbe-4eff-4804-85fa-a835e68d48a6.png,diffusiondb:1a06bbbe-4eff-4804-85fa-a835e68d48a6.png,0.9936105608940125,0.9651142954826355,0.5654335021972656,,conflicting_evidence,synthetic,level2_synthetic,False,0.9971566040200369,0.6508875353029754,0.143749561699855,0.8035401299784335,0.8981946886238943,0.73,0.5,c1214e33d698daa7cda082cd2c20ef0e4553d8d63b46ac77494e9685a50a1187
333,cocoglide:000000543300:real,real,nebula/CocoGlide,000000543300,cocoglide:000000543300,0.9912781119346619,0.011087109334766865,0.0,synthetic,synthetic_evidence,real,level1_real,False,0.017891477319700633,,0.12375308334811598,-1.5447058562657299,-0.8009139685768576,0.73,0.5,c1214e33d698daa7cda082cd2c20ef0e4553d8d63b46ac77494e9685a50a1187
334,diffusiondb:5e3b8507-aa49-4caa-b317-75c98dda92a8.png,synthetic,poloclub/diffusiondb,5e3b8507-aa49-4caa-b317-75c98dda92a8.png,diffusiondb:5e3b8507-aa49-4caa-b317-75c98dda92a8.png,0.990522563457489,0.9091131091117859,0.056138472123579544,,conflicting_evidence,edited,level2_edited,False,0.9515338696557317,0.12919568595856012,0.11727563881201652,0.6656986061417359,-0.6322197479186705,0.73,0.5,c1214e33d698daa7cda082cd2c20ef0e4553d8d63b46ac77494e9685a50a1187
335,diffusiondb:a25eacf8-a226-4532-b27c-effeabeb9686.png,synthetic,poloclub/diffusiondb,a25eacf8-a226-4532-b27c-effeabeb9686.png,diffusiondb:a25eacf8-a226-4532-b27c-effeabeb9686.png,0.9937629103660583,0.988107442855835,0.45307506214488635,,conflicting_evidence,edited,level2_edited,False,0.9958899924506395,0.46409645638137137,0.14505567942108175,0.8601355465600606,0.5605613551537352,0.73,0.5,c1214e33d698daa7cda082cd2c20ef0e4553d8d63b46ac77494e9685a50a1187
336,cocoglide:000000146489:edited,edited,nebula/CocoGlide,000000146489,cocoglide:000000146489,0.9935249090194702,0.9969518184661865,0.23033821067642135,,conflicting_evidence,edited,level2_edited,False,0.9888089546833607,0.1904122794461813,0.14301525373217003,0.8819051248586657,-0.10875539232769313,0.73,0.5,c1214e33d698daa7cda082cd2c20ef0e4553d8d63b46ac77494e9685a50a1187
337,cocoglide:000000092177:real,real,nebula/CocoGlide,000000092177,cocoglide:000000092177,0.9989787340164185,0.22494523227214813,0.0,synthetic,synthetic_evidence,real,level1_real,False,0.08409257402288028,,0.1897718153488551,-1.018314694561896,-0.8009139685768576,0.73,0.5,c1214e33d698daa7cda082cd2c20ef0e4553d8d63b46ac77494e9685a50a1187
338,cocoglide:000000138819:real,real,nebula/CocoGlide,000000138819,cocoglide:000000138819,0.9954991936683655,0.013614962808787823,0.0,synthetic,synthetic_evidence,real,level1_real,False,0.018409738875353486,,0.15994112903741,-1.5384837885297449,-0.8009139685768576,0.73,0.5,c1214e33d698daa7cda082cd2c20ef0e4553d8d63b46ac77494e9685a50a1187
339,cocoglide:000000072813:real,real,nebula/CocoGlide,000000072813,cocoglide:000000072813,0.9954571723937988,0.020030494779348373,0.0,synthetic,synthetic_evidence,real,level1_real,False,0.01929485916170596,,0.15958087356265852,-1.5226925748010045,-0.8009139685768576,0.73,0.5,c1214e33d698daa7cda082cd2c20ef0e4553d8d63b46ac77494e9685a50a1187
340,cocoglide:000000575500:edited,edited,nebula/CocoGlide,000000575500,cocoglide:000000575500,0.9917641282081604,0.9976460337638855,0.09083211916423833,,conflicting_evidence,edited,level2_edited,False,0.9783194598559618,0.09663043558302753,0.1279197828390717,0.8836138689176198,-0.5279665053931064,0.73,0.5,c1214e33d698daa7cda082cd2c20ef0e4553d8d63b46ac77494e9685a50a1187
341,diffusiondb:3f68245c-64f6-4c03-bd1c-a1bf062e7fc2.png,synthetic,poloclub/diffusiondb,3f68245c-64f6-4c03-bd1c-a1bf062e7fc2.png,diffusiondb:3f68245c-64f6-4c03-bd1c-a1bf062e7fc2.png,0.9937904477119446,0.996511697769165,0.9881744384765625,,conflicting_evidence,synthetic,level2_synthetic,False,0.9997067405216545,0.9433573039629177,0.1452917617321955,0.8808218101740845,2.1685169843387206,0.73,0.5,c1214e33d698daa7cda082cd2c20ef0e4553d8d63b46ac77494e9685a50a1187
342,cocoglide:000000521282:edited,edited,nebula/CocoGlide,000000521282,cocoglide:000000521282,0.9949066042900085,0.9994822144508362,0.24616858608717218,,conflicting_evidence,edited,level2_edited,False,0.9898491596374098,0.20209436180627266,0.15486076034240365,0.8881334507395604,-0.06118564663236154,0.73,0.5,c1214e33d698daa7cda082cd2c20ef0e4553d8d63b46ac77494e9685a50a1187
343,cocoglide:000000079034:real,real,nebula/CocoGlide,000000079034,cocoglide:000000079034,0.9957497119903564,0.054682038724422455,0.0,synthetic,synthetic_evidence,real,level1_real,False,0.024875714026108026,,0.1620888648677371,-1.4374011384901197,-0.8009139685768576,0.73,0.5,c1214e33d698daa7cda082cd2c20ef0e4553d8d63b46ac77494e9685a50a1187
344,cocoglide:000000226883:real,real,nebula/CocoGlide,000000226883,cocoglide:000000226883,0.9893402457237244,0.028547771275043488,0.0,synthetic,synthetic_evidence,real,level1_real,False,0.020242562391549923,,0.10713942945432729,-1.501728119453033,-0.8009139685768576,0.73,0.5,c1214e33d698daa7cda082cd2c20ef0e4553d8d63b46ac77494e9685a50a1187
345,cocoglide:000000047769:real,real,nebula/CocoGlide,000000047769,cocoglide:000000047769,0.9949856996536255,0.23835153877735138,0.0,synthetic,synthetic_evidence,real,level1_real,False,0.09133798471499602,,0.15553885823601393,-0.9853163629647467,-0.8009139685768576,0.73,0.5,c1214e33d698daa7cda082cd2c20ef0e4553d8d63b46ac77494e9685a50a1187
346,cocoglide:000000458663:edited,edited,nebula/CocoGlide,000000458663,cocoglide:000000458663,0.9927378296852112,0.08592408895492554,0.0,synthetic,synthetic_evidence,real,level1_real,False,0.03099706073633465,,0.13626748983983858,-1.3605018424102633,-0.8009139685768576,0.73,0.5,c1214e33d698daa7cda082cd2c20ef0e4553d8d63b46ac77494e9685a50a1187
347,diffusiondb:ca32a843-f690-49d1-a6b1-6ce52500b622.png,synthetic,poloclub/diffusiondb,ca32a843-f690-49d1-a6b1-6ce52500b622.png,diffusiondb:ca32a843-f690-49d1-a6b1-6ce52500b622.png,0.9943049550056458,0.9672661423683167,0.5533943176269531,,conflicting_evidence,synthetic,level2_synthetic,False,0.9970399964068593,0.6324292119129821,0.1497027195450395,0.8088366937301604,0.8620173438971237,0.73,0.5,c1214e33d698daa7cda082cd2c20ef0e4553d8d63b46ac77494e9685a50a1187
348,cocoglide:000000050844:real,real,nebula/CocoGlide,000000050844,cocoglide:000000050844,0.9959672689437866,0.01781381107866764,0.0,synthetic,synthetic_evidence,real,level1_real,False,0.01900669719165555,,0.16395401732567044,-1.5281487281250141,-0.8009139685768576,0.73,0.5,c1214e33d698daa7cda082cd2c20ef0e4553d8d63b46ac77494e9685a50a1187
349,diffusiondb:8cd80ec1-64b1-4a35-b5dd-cb2ca7bf8a14.png,synthetic,poloclub/diffusiondb,8cd80ec1-64b1-4a35-b5dd-cb2ca7bf8a14.png,diffusiondb:8cd80ec1-64b1-4a35-b5dd-cb2ca7bf8a14.png,0.9947944283485413,0.6733816266059875,0.0724578857421875,,conflicting_evidence,edited,level2_edited,False,0.7864922661903511,0.3950825602131345,0.1538990570750528,0.08546827763217786,-0.5831804588562709,0.73,0.5,c1214e33d698daa7cda082cd2c20ef0e4553d8d63b46ac77494e9685a50a1187
350,cocoglide:000000431140:edited,edited,nebula/CocoGlide,000000431140,cocoglide:000000431140,0.9948112964630127,0.9995985627174377,0.17202321904643808,,conflicting_evidence,edited,level2_edited,False,0.985556982413877,0.1430134321862341,0.15404367026562682,0.8884198307861886,-0.28398998090098604,0.73,0.5,c1214e33d698daa7cda082cd2c20ef0e4553d8d63b46ac77494e9685a50a1187
351,cocoglide:000000153632:real,real,nebula/CocoGlide,000000153632,cocoglide:000000153632,0.9949889779090881,0.013499359600245953,0.0,synthetic,synthetic_evidence,real,level1_real,False,0.0183719125372692,,0.15556696327305128,-1.538768334687755,-0.8009139685768576,0.73,0.5,c1214e33d698daa7cda082cd2c20ef0e4553d8d63b46ac77494e9685a50a1187
352,diffusiondb:8a48bd5d-2f5a-43ef-9202-22beb8073b32.png,synthetic,poloclub/diffusiondb,8a48bd5d-2f5a-43ef-9202-22beb8073b32.png,diffusiondb:8a48bd5d-2f5a-43ef-9202-22beb8073b32.png,0.9899367094039917,0.9971567392349243,0.9988517761230469,,conflicting_evidence,synthetic,level2_synthetic,False,0.9997202082783092,0.9462758684183833,0.11225301319310507,0.8824095175842331,2.2006020248616074,0.73,0.5,c1214e33d698daa7cda082cd2c20ef0e4553d8d63b46ac77494e9685a50a1187
353,cocoglide:000000170595:edited,edited,nebula/CocoGlide,000000170595,cocoglide:000000170595,0.9948493838310242,0.988866925239563,0.12187965000930003,,conflicting_evidence,edited,level2_edited,False,0.9801789528641287,0.11827248170411644,0.15437019969593352,0.8620049392619747,-0.4346697194075681,0.73,0.5,c1214e33d698daa7cda082cd2c20ef0e4553d8d63b46ac77494e9685a50a1187
354,cocoglide:000000225532:real,real,nebula/CocoGlide,000000225532,cocoglide:000000225532,0.99432772397995,0.1250505894422531,0.0,synthetic,synthetic_evidence,real,level1_real,False,0.04124799283979308,,0.14989792180228073,-1.2641957317886874,-0.8009139685768576,0.73,0.5,c1214e33d698daa7cda082cd2c20ef0e4553d8d63b46ac77494e9685a50a1187
355,cocoglide:000000020059:edited,edited,nebula/CocoGlide,000000020059,cocoglide:000000020059,0.9952665567398071,0.9239986538887024,0.07993462861925724,,conflicting_evidence,edited,level2_edited,False,0.9613845335576363,0.1344749630274775,0.15794669340910486,0.7023379402015876,-0.5607130979716992,0.73,0.5,c1214e33d698daa7cda082cd2c20ef0e4553d8d63b46ac77494e9685a50a1187
356,diffusiondb:226fc7b6-df72-4f74-89bd-aabc436c304e.png,synthetic,poloclub/diffusiondb,226fc7b6-df72-4f74-89bd-aabc436c304e.png,diffusiondb:226fc7b6-df72-4f74-89bd-aabc436c304e.png,0.9956403970718384,0.9961756467819214,1.0,,conflicting_evidence,synthetic,level2_synthetic,False,0.9997235354443195,0.946908677919036,0.16115168963270976,0.8799946530517024,2.2040523989942935,0.73,0.5,c1214e33d698daa7cda082cd2c20ef0e4553d8d63b46ac77494e9685a50a1187
357,cocoglide:000000561366:edited,edited,nebula/CocoGlide,000000561366,cocoglide:000000561366,0.9954942464828491,0.9981294274330139,0.08544973339946679,,conflicting_evidence,edited,level2_edited,False,0.9780345329640381,0.09379598048186168,0.15989871598151728,0.8848036958531499,-0.5441403935935386,0.73,0.5,c1214e33d698daa7cda082cd2c20ef0e4553d8d63b46ac77494e9685a50a1187
358,cocoglide:000000284762:edited,edited,nebula/CocoGlide,000000284762,cocoglide:000000284762,0.9904657602310181,0.9975798726081848,0.24221317192634384,,conflicting_evidence,edited,level2_edited,False,0.9893972236702998,0.20029104128621497,0.11678865517026023,0.883451019608318,-0.07307153315546537,0.73,0.5,c1214e33d698daa7cda082cd2c20ef0e4553d8d63b46ac77494e9685a50a1187
359,cocoglide:000000409630:real,real,nebula/CocoGlide,000000409630,cocoglide:000000409630,0.9954156875610352,0.006295765284448862,0.0,synthetic,synthetic_evidence,real,level1_real,False,0.01744310440032504,,0.15922521709396767,-1.5564992879396258,-0.8009139685768576,0.73,0.5,c1214e33d698daa7cda082cd2c20ef0e4553d8d63b46ac77494e9685a50a1187
360,cocoglide:000000025986:real,real,nebula/CocoGlide,000000025986,cocoglide:000000025986,0.9936792254447937,0.04190311208367348,0.0,synthetic,synthetic_evidence,real,level1_real,False,0.022550181702233708,,0.14433823447561916,-1.4688552350068163,-0.8009139685768576,0.73,0.5,c1214e33d698daa7cda082cd2c20ef0e4553d8d63b46ac77494e9685a50a1187
361,cocoglide:000000051309:real,real,nebula/CocoGlide,000000051309,cocoglide:000000051309,0.9956050515174866,0.010195653885602951,0.0,synthetic,synthetic_evidence,real,level1_real,False,0.01795794617693753,,0.16084866623337976,-1.546900087950958,-0.8009139685768576,0.73,0.5,c1214e33d698daa7cda082cd2c20ef0e4553d8d63b46ac77494e9685a50a1187
362,diffusiondb:c4cc8f95-5b5a-4225-8496-b748341b0234.png,synthetic,poloclub/diffusiondb,c4cc8f95-5b5a-4225-8496-b748341b0234.png,diffusiondb:c4cc8f95-5b5a-4225-8496-b748341b0234.png,0.9951205849647522,0.5968545079231262,0.10401153564453125,,conflicting_evidence,,level1_inconclusive,True,0.7078118561074173,,0.1566952527599326,-0.10289585066008099,-0.4883628021256132,0.73,0.5,c1214e33d698daa7cda082cd2c20ef0e4553d8d63b46ac77494e9685a50a1187
363,cocoglide:000000291861:real,real,nebula/CocoGlide,000000291861,cocoglide:000000291861,0.0024976436980068684,0.1047012060880661,0.0,real,no_evidence,real,level1_real,False,0.0033637296034223075,,-8.353228652287257,-1.3142837779972647,-0.8009139685768576,0.73,0.5,c1214e33d698daa7cda082cd2c20ef0e4553d8d63b46ac77494e9685a50a1187
364,diffusiondb:4a6a9ac1-da04-4c5b-81c2-30991ddf3463.png,synthetic,poloclub/diffusiondb,4a6a9ac1-da04-4c5b-81c2-30991ddf3463.png,diffusiondb:4a6a9ac1-da04-4c5b-81c2-30991ddf3463.png,0.9948470592498779,0.8971042633056641,0.3780403137207031,,conflicting_evidence,edited,level2_edited,False,0.9884626322107862,0.49283539669893817,0.15435027066967066,0.6361399893925485,0.3350844597399022,0.73,0.5,c1214e33d698daa7cda082cd2c20ef0e4553d8d63b46ac77494e9685a50a1187
365,cocoglide:000000544811:real,real,nebula/CocoGlide,000000544811,cocoglide:000000544811,0.9801177382469177,0.8955614566802979,0.22146347417694837,edited,edited_evidence,edited,level2_edited,False,0.9746237394791328,0.2890686493149533,0.0280733172595027,0.6323425195529357,-0.1354236770296656,0.73,0.5,c1214e33d698daa7cda082cd2c20ef0e4553d8d63b46ac77494e9685a50a1187
366,cocoglide:000000383621:real,real,nebula/CocoGlide,000000383621,cocoglide:000000383621,0.9888611435890198,0.013796089217066765,0.0,synthetic,synthetic_evidence,real,level1_real,False,0.01814663326993995,,0.10303200604148668,-1.5380379633295624,-0.8009139685768576,0.73,0.5,c1214e33d698daa7cda082cd2c20ef0e4553d8d63b46ac77494e9685a50a1187
367,diffusiondb:e5d62261-ab45-454b-80a4-4255f03748e4.png,synthetic,poloclub/diffusiondb,e5d62261-ab45-454b-80a4-4255f03748e4.png,diffusiondb:e5d62261-ab45-454b-80a4-4255f03748e4.png,0.9946777820587158,0.9876860976219177,0.6633110046386719,,conflicting_evidence,synthetic,level2_synthetic,False,0.9985038191079575,0.7388000641154574,0.1528990287571965,0.8590984458686597,1.1923132916021835,0.73,0.5,c1214e33d698daa7cda082cd2c20ef0e4553d8d63b46ac77494e9685a50a1187
368,cocoglide:000000458702:real,real,nebula/CocoGlide,000000458702,cocoglide:000000458702,0.9917470216751099,0.059581391513347626,0.0,synthetic,synthetic_evidence,real,level1_real,False,0.025538360164012605,,0.1277731256458041,-1.425341853714136,-0.8009139685768576,0.73,0.5,c1214e33d698daa7cda082cd2c20ef0e4553d8d63b46ac77494e9685a50a1187
369,cocoglide:000000430871:real,real,nebula/CocoGlide,000000430871,cocoglide:000000430871,0.9955490827560425,0.06762166321277618,0.0,synthetic,synthetic_evidence,real,level1_real,False,0.027320411239854087,,0.16036883660105117,-1.4055514997067928,-0.8009139685768576,0.73,0.5,c1214e33d698daa7cda082cd2c20ef0e4553d8d63b46ac77494e9685a50a1187
370,cocoglide:000000410878:real,real,nebula/CocoGlide,000000410878,cocoglide:000000410878,0.9941818118095398,0.021614011377096176,0.0,synthetic,synthetic_evidence,real,level1_real,False,0.01946134062718837,,0.14864699215378188,-1.5187949012872897,-0.8009139685768576,0.73,0.5,c1214e33d698daa7cda082cd2c20ef0e4553d8d63b46ac77494e9685a50a1187
371,cocoglide:000000579091:edited,edited,nebula/CocoGlide,000000579091,cocoglide:000000579091,0.9951202273368835,0.9952606558799744,0.3556588675677351,,conflicting_evidence,edited,level2_edited,False,0.993800559047088,0.32448207406562085,0.15669218675589217,0.8777424911173841,0.2678289667926286,0.73,0.5,c1214e33d698daa7cda082cd2c20ef0e4553d8d63b46ac77494e9685a50a1187
372,diffusiondb:a7c6008d-6d91-45f6-a635-3ba2b8f37184.png,synthetic,poloclub/diffusiondb,a7c6008d-6d91-45f6-a635-3ba2b8f37184.png,diffusiondb:a7c6008d-6d91-45f6-a635-3ba2b8f37184.png,0.9961859583854675,0.9777694940567017,0.203887939453125,,conflicting_evidence,edited,level2_edited,False,0.9854687864385738,0.18502442724529738,0.1658288787963985,0.8346896817817379,-0.18823756776683373,0.73,0.5,c1214e33d698daa7cda082cd2c20ef0e4553d8d63b46ac77494e9685a50a1187
373,cocoglide:000000172330:real,real,nebula/CocoGlide,000000172330,cocoglide:000000172330,0.9931447505950928,0.017695249989628792,0.0,synthetic,synthetic_evidence,real,level1_real,False,0.01886371738231155,,0.13975609143718404,-1.5284405548208386,-0.8009139685768576,0.73,0.5,c1214e33d698daa7cda082cd2c20ef0e4553d8d63b46ac77494e9685a50a1187
374,cocoglide:000000443303:real,real,nebula/CocoGlide,000000443303,cocoglide:000000443303,0.9939972162246704,0.27916428446769714,0.0006442200384400769,synthetic,synthetic_evidence,real,level1_real,False,0.12009099055245462,,0.14706442306824227,-0.8848597222667699,-0.7989781090280298,0.73,0.5,c1214e33d698daa7cda082cd2c20ef0e4553d8d63b46ac77494e9685a50a1187
375,diffusiondb:ef18145b-7f16-48ae-a787-9f49c15dde89.png,synthetic,poloclub/diffusiondb,ef18145b-7f16-48ae-a787-9f49c15dde89.png,diffusiondb:ef18145b-7f16-48ae-a787-9f49c15dde89.png,0.9957542419433594,0.6701788902282715,0.11930465698242188,,conflicting_evidence,edited,level2_edited,False,0.8188013384828444,0.4640908709223399,0.16212770091891598,0.07758505066216127,-0.44240748685006714,0.73,0.5,c1214e33d698daa7cda082cd2c20ef0e4553d8d63b46ac77494e9685a50a1187
376,cocoglide:000000020059:real,real,nebula/CocoGlide,000000020059,cocoglide:000000020059,0.9957115650177002,0.1652713567018509,0.0,synthetic,synthetic_evidence,real,level1_real,False,0.05509626170145436,,0.161761824436757,-1.1651961889534665,-0.8009139685768576,0.73,0.5,c1214e33d698daa7cda082cd2c20ef0e4553d8d63b46ac77494e9685a50a1187
377,cocoglide:000000485130:real,real,nebula/CocoGlide,000000485130,cocoglide:000000485130,0.9954364895820618,0.01755354553461075,0.0,synthetic,synthetic_evidence,real,level1_real,False,0.01894663184730884,,0.15940355632898648,-1.5287893466818678,-0.8009139685768576,0.73,0.5,c1214e33d698daa7cda082cd2c20ef0e4553d8d63b46ac77494e9685a50a1187
378,cocoglide:000000002592:real,real,nebula/CocoGlide,000000002592,cocoglide:000000002592,0.9942997694015503,0.06199111416935921,0.0,synthetic,synthetic_evidence,real,level1_real,False,0.02614692185055613,,0.14965826248645314,-1.4194105536032984,-0.8009139685768576,0.73,0.5,c1214e33d698daa7cda082cd2c20ef0e4553d8d63b46ac77494e9685a50a1187
379,cocoglide:000000383621:edited,edited,nebula/CocoGlide,000000383621,cocoglide:000000383621,0.9892455339431763,0.9985730648040771,0.0830501348502697,,conflicting_evidence,edited,level2_edited,False,0.9775275896812871,0.09241087943183687,0.10632744938428453,0.8858956664920092,-0.5513511065295484,0.73,0.5,c1214e33d698daa7cda082cd2c20ef0e4553d8d63b46ac77494e9685a50a1187
380,diffusiondb:b6b81fc1-7eb6-40ed-8ac8-0d6c77a44b68.png,synthetic,poloclub/diffusiondb,b6b81fc1-7eb6-40ed-8ac8-0d6c77a44b68.png,diffusiondb:b6b81fc1-7eb6-40ed-8ac8-0d6c77a44b68.png,0.9943386912345886,0.9472354054450989,0.26361083984375,,conflicting_evidence,edited,level2_edited,False,0.986240384263944,0.275443812875927,0.14999194592618753,0.7595329650058424,-0.00877226071920362,0.73,0.5,c1214e33d698daa7cda082cd2c20ef0e4553d8d63b46ac77494e9685a50a1187
381,cocoglide:000000293044:edited,edited,nebula/CocoGlide,000000293044,cocoglide:000000293044,0.9940138459205627,0.9865942597389221,0.30146204042408087,,conflicting_evidence,edited,level2_edited,False,0.9914071915503303,0.27157147673536586,0.14720699225612266,0.8564109921319102,0.10496932399688029,0.73,0.5,c1214e33d698daa7cda082cd2c20ef0e4553d8d63b46ac77494e9685a50a1187
382,cocoglide:000000073326:edited,edited,nebula/CocoGlide,000000073326,cocoglide:000000073326,0.9932164549827576,0.9926025867462158,0.47539563829127657,,conflicting_evidence,edited,level2_edited,False,0.9964248346574233,0.4887507053715907,0.1403708252472919,0.8711999100828637,0.6276339357784487,0.73,0.5,c1214e33d698daa7cda082cd2c20ef0e4553d8d63b46ac77494e9685a50a1187
383,diffusiondb:28767ef5-a1cd-4351-90fa-7ed981672dfa.png,synthetic,poloclub/diffusiondb,28767ef5-a1cd-4351-90fa-7ed981672dfa.png,diffusiondb:28767ef5-a1cd-4351-90fa-7ed981672dfa.png,0.9901440143585205,0.9806135892868042,0.6028213500976562,,conflicting_evidence,synthetic,level2_synthetic,False,0.9978662899494151,0.6773031797041471,0.11403027353521251,0.8416901481264667,1.0105439141204338,0.73,0.5,c1214e33d698daa7cda082cd2c20ef0e4553d8d63b46ac77494e9685a50a1187
384,diffusiondb:8608ae39-91dd-4614-a7f9-d92763da19fe.png,synthetic,poloclub/diffusiondb,8608ae39-91dd-4614-a7f9-d92763da19fe.png,diffusiondb:8608ae39-91dd-4614-a7f9-d92763da19fe.png,0.9946211576461792,0.96137934923172,0.5015182495117188,,conflicting_evidence,synthetic,level2_synthetic,False,0.9960344199150098,0.5710050595349289,0.15241357811746042,0.7943469196906182,0.7061315039290142,0.73,0.5,c1214e33d698daa7cda082cd2c20ef0e4553d8d63b46ac77494e9685a50a1187
385,diffusiondb:c36a94f8-23ec-4b4a-a12a-bfbbb974fbd1.png,synthetic,poloclub/diffusiondb,c36a94f8-23ec-4b4a-a12a-bfbbb974fbd1.png,diffusiondb:c36a94f8-23ec-4b4a-a12a-bfbbb974fbd1.png,0.9954256415367126,0.9930997490882874,0.9992901028914991,,conflicting_evidence,synthetic,level2_synthetic,False,0.999715989048032,0.9476151126952752,0.15931055420642654,0.8724236272800592,2.2019191820588127,0.73,0.5,c1214e33d698daa7cda082cd2c20ef0e4553d8d63b46ac77494e9685a50a1187
386,diffusiondb:8f8af90d-7353-4e54-9734-50297765026a.png,synthetic,poloclub/diffusiondb,8f8af90d-7353-4e54-9734-50297765026a.png,diffusiondb:8f8af90d-7353-4e54-9734-50297765026a.png,0.9872331619262695,0.9981998801231384,0.8347969055175781,edited,edited_evidence,synthetic,level2_synthetic,False,0.9993836887772579,0.8744347331953587,0.08907504464873785,0.8849771083608929,1.7076226562559367,0.73,0.5,c1214e33d698daa7cda082cd2c20ef0e4553d8d63b46ac77494e9685a50a1187
387,cocoglide:000000370478:edited,edited,nebula/CocoGlide,000000370478,cocoglide:000000370478,0.9946191310882568,0.9932385087013245,0.09760078895157791,,conflicting_evidence,edited,level2_edited,False,0.9784587316929613,0.10237782279206833,0.1523962040945646,0.8727651706963248,-0.507626880328956,0.73,0.5,c1214e33d698daa7cda082cd2c20ef0e4553d8d63b46ac77494e9685a50a1187
388,diffusiondb:4b5cdeec-92ee-47c4-8b48-3261510c690b.png,synthetic,poloclub/diffusiondb,4b5cdeec-92ee-47c4-8b48-3261510c690b.png,diffusiondb:4b5cdeec-92ee-47c4-8b48-3261510c690b.png,0.9941942095756531,0.7198519706726074,0.2795219421386719,,conflicting_evidence,synthetic,level2_synthetic,False,0.9339275008855646,0.6137666691347758,0.14875328029385043,0.19985055155294623,0.03904006654802078,0.73,0.5,c1214e33d698daa7cda082cd2c20ef0e4553d8d63b46ac77494e9685a50a1187
389,cocoglide:000000389315:edited,edited,nebula/CocoGlide,000000389315,cocoglide:000000389315,0.9941436648368835,0.9974837303161621,0.7836534735569471,,conflicting_evidence,synthetic,level2_synthetic,False,0.9992202616215954,0.8399693158361582,0.1483199517228018,0.883214374621017,1.5539383632920771,0.73,0.5,c1214e33d698daa7cda082cd2c20ef0e4553d8d63b46ac77494e9685a50a1187
390,diffusiondb:04a18d90-cd5f-42d4-97e7-cedc262d5436.png,synthetic,poloclub/diffusiondb,04a18d90-cd5f-42d4-97e7-cedc262d5436.png,diffusiondb:04a18d90-cd5f-42d4-97e7-cedc262d5436.png,0.9953757524490356,0.9732810854911804,0.825592041015625,,conflicting_evidence,synthetic,level2_synthetic,False,0.9992389856339762,0.8845659196113802,0.15888284664278537,0.823641896612044,1.6799623480095178,0.73,0.5,c1214e33d698daa7cda082cd2c20ef0e4553d8d63b46ac77494e9685a50a1187
391,cocoglide:000000194746:edited,edited,nebula/CocoGlide,000000194746,cocoglide:000000194746,0.9949355721473694,0.965362012386322,0.0362003224006448,,conflicting_evidence,edited,level2_edited,False,0.9648450587773636,0.08693842660485292,0.15510910666967914,0.8041498612662341,-0.6921332172676874,0.73,0.5,c1214e33d698daa7cda082cd2c20ef0e4553d8d63b46ac77494e9685a50a1187
392,cocoglide:000000465430:real,real,nebula/CocoGlide,000000465430,cocoglide:000000465430,0.9956654906272888,0.11559844762086868,0.0,synthetic,synthetic_evidence,real,level1_real,False,0.038662100303831576,,0.16136682091621385,-1.2874612680498694,-0.8009139685768576,0.73,0.5,c1214e33d698daa7cda082cd2c20ef0e4553d8d63b46ac77494e9685a50a1187
393,diffusiondb:fcf274e1-fbc8-4431-94c3-5c311aaaa174.png,synthetic,poloclub/diffusiondb,fcf274e1-fbc8-4431-94c3-5c311aaaa174.png,diffusiondb:fcf274e1-fbc8-4431-94c3-5c311aaaa174.png,0.99122554063797,0.8087593913078308,0.4922065734863281,,conflicting_evidence,synthetic,level2_synthetic,False,0.9870296928604907,0.7564905469817876,0.12330238075417155,0.41868760010391454,0.6781502306469969,0.73,0.5,c1214e33d698daa7cda082cd2c20ef0e4553d8d63b46ac77494e9685a50a1187
394,diffusiondb:f85c7a79-ff06-46fe-95d0-a7ab56560320.png,synthetic,poloclub/diffusiondb,f85c7a79-ff06-46fe-95d0-a7ab56560320.png,diffusiondb:f85c7a79-ff06-46fe-95d0-a7ab56560320.png,0.9960676431655884,0.7658721804618835,0.08659744262695312,,conflicting_evidence,edited,level2_edited,False,0.8876184148488812,0.2907067619320818,0.1648145424596868,0.3131248633261039,-0.5406915659651911,0.73,0.5,c1214e33d698daa7cda082cd2c20ef0e4553d8d63b46ac77494e9685a50a1187
395,diffusiondb:b4d07acf-c96d-4469-a58f-69f2b8c0dfbb.png,synthetic,poloclub/diffusiondb,b4d07acf-c96d-4469-a58f-69f2b8c0dfbb.png,diffusiondb:b4d07acf-c96d-4469-a58f-69f2b8c0dfbb.png,0.994721531867981,0.4302447736263275,0.001102447509765625,synthetic,synthetic_evidence,,level1_inconclusive,True,0.29772898727392627,,0.15327410325147678,-0.5129896566986691,-0.7976011508879993,0.73,0.5,c1214e33d698daa7cda082cd2c20ef0e4553d8d63b46ac77494e9685a50a1187
396,cocoglide:000000011813:edited,edited,nebula/CocoGlide,000000011813,cocoglide:000000011813,0.9931881427764893,0.9866734743118286,0.026818928637857276,,conflicting_evidence,edited,level2_edited,False,0.9683868652891102,0.07377655144862073,0.1401280999274239,0.8566059711698041,-0.7203239900058057,0.73,0.5,c1214e33d698daa7cda082cd2c20ef0e4553d8d63b46ac77494e9685a50a1187
397,cocoglide:000000051326:edited,edited,nebula/CocoGlide,000000051326,cocoglide:000000051326,0.9955902099609375,0.9860149621963501,0.2268216411432823,,conflicting_evidence,edited,level2_edited,False,0.9877226353945383,0.19742153615008304,0.16072142706570158,0.8549851070534371,-0.11932256550400139,0.73,0.5,c1214e33d698daa7cda082cd2c20ef0e4553d8d63b46ac77494e9685a50a1187
398,cocoglide:000000121506:real,real,nebula/CocoGlide,000000121506,cocoglide:000000121506,0.9929527640342712,0.4888223707675934,0.009343612437224874,synthetic,synthetic_evidence,,level1_inconclusive,True,0.40498724855549084,,0.13811015826814205,-0.3688065460200129,-0.7728367274513773,0.73,0.5,c1214e33d698daa7cda082cd2c20ef0e4553d8d63b46ac77494e9685a50a1187
399,cocoglide:000000537672:real,real,nebula/CocoGlide,000000537672,cocoglide:000000537672,0.9904488921165466,0.08816460520029068,0.0,synthetic,synthetic_evidence,real,level1_real,False,0.03133606248475318,,0.11664404197968622,-1.3549870275740767,-0.8009139685768576,0.73,0.5,c1214e33d698daa7cda082cd2c20ef0e4553d8d63b46ac77494e9685a50a1187
400,cocoglide:000000486479:real,real,nebula/CocoGlide,000000486479,cocoglide:000000486479,0.9960414171218872,0.35218948125839233,0.0,synthetic,synthetic_evidence,real,level1_real,False,0.1909562468254723,,0.16458970216338797,-0.705115237258078,-0.8009139685768576,0.73,0.5,c1214e33d698daa7cda082cd2c20ef0e4553d8d63b46ac77494e9685a50a1187
401,diffusiondb:3b14fe7c-2ad7-44b2-bc94-67e0f7fd890a.png,synthetic,poloclub/diffusiondb,3b14fe7c-2ad7-44b2-bc94-67e0f7fd890a.png,diffusiondb:3b14fe7c-2ad7-44b2-bc94-67e0f7fd890a.png,0.995451033115387,0.8285974860191345,0.20866902669270834,,conflicting_evidence,edited,level2_edited,False,0.9578275026853227,0.35982566510098485,0.15952824049329764,0.46751715858709403,-0.17387056141146218,0.73,0.5,c1214e33d698daa7cda082cd2c20ef0e4553d8d63b46ac77494e9685a50a1187
402,cocoglide:000000085576:real,real,nebula/CocoGlide,000000085576,cocoglide:000000085576,0.9943453669548035,0.14355847239494324,0.0,synthetic,synthetic_evidence,real,level1_real,False,0.047082685525912465,,0.15004917800160902,-1.218640361366785,-0.8009139685768576,0.73,0.5,c1214e33d698daa7cda082cd2c20ef0e4553d8d63b46ac77494e9685a50a1187
403,diffusiondb:18857702-7b1e-4105-8c0d-cc0d59f0bda9.png,synthetic,poloclub/diffusiondb,18857702-7b1e-4105-8c0d-cc0d59f0bda9.png,diffusiondb:18857702-7b1e-4105-8c0d-cc0d59f0bda9.png,0.9947648048400879,0.9972158074378967,0.6724891662597656,,conflicting_evidence,synthetic,level2_synthetic,False,0.9986671033090927,0.7379047000139731,0.15364508974036983,0.8825549082738892,1.2198933585897025,0.73,0.5,c1214e33d698daa7cda082cd2c20ef0e4553d8d63b46ac77494e9685a50a1187
404,cocoglide:000000028809:real,real,nebula/CocoGlide,000000028809,cocoglide:000000028809,0.9929962754249573,0.5407189130783081,0.0272248356996714,synthetic,synthetic_evidence,,level1_inconclusive,True,0.522386380005497,,0.1384831887597287,-0.24106820800351347,-0.7191042529366947,0.73,0.5,c1214e33d698daa7cda082cd2c20ef0e4553d8d63b46ac77494e9685a50a1187
405,cocoglide:000000245915:edited,edited,nebula/CocoGlide,000000245915,cocoglide:000000245915,0.9949659705162048,0.8164209127426147,0.17594085188170377,,conflicting_evidence,edited,level2_edited,False,0.9464870124354324,0.33443437950548915,0.15536971701311642,0.4375456968321628,-0.27221762599052024,0.73,0.5,c1214e33d698daa7cda082cd2c20ef0e4553d8d63b46ac77494e9685a50a1187
406,cocoglide:000000244019:edited,edited,nebula/CocoGlide,000000244019,cocoglide:000000244019,0.9947456121444702,0.9901752471923828,0.07147451794903589,,conflicting_evidence,edited,level2_edited,False,0.9750932031499854,0.09114110059399791,0.15348054752353296,0.8652252476756473,-0.5861354460016441,0.73,0.5,c1214e33d698daa7cda082cd2c20ef0e4553d8d63b46ac77494e9685a50a1187
407,diffusiondb:daf19c33-6f60-4e47-8e76-1896823de24b.png,synthetic,poloclub/diffusiondb,daf19c33-6f60-4e47-8e76-1896823de24b.png,diffusiondb:daf19c33-6f60-4e47-8e76-1896823de24b.png,0.992782711982727,0.9952966570854187,0.4642957051595052,,conflicting_evidence,edited,level2_edited,False,0.996300001566855,0.46922100682496415,0.1366522733469136,0.8778311046154187,0.594279010035187,0.73,0.5,c1214e33d698daa7cda082cd2c20ef0e4553d8d63b46ac77494e9685a50a1187
408,cocoglide:000000225184:real,real,nebula/CocoGlide,000000225184,cocoglide:000000225184,0.9959267973899841,0.03984183818101883,0.0,synthetic,synthetic_evidence,real,level1_real,False,0.022331099964363325,,0.1636070478684275,-1.4739288620886637,-0.8009139685768576,0.73,0.5,c1214e33d698daa7cda082cd2c20ef0e4553d8d63b46ac77494e9685a50a1187
409,cocoglide:000000036844:real,real,nebula/CocoGlide,000000036844,cocoglide:000000036844,0.9945722222328186,0.030509021133184433,0.0,synthetic,synthetic_evidence,real,level1_real,False,0.020790872720087245,,0.15199404656459378,-1.4969006919181875,-0.8009139685768576,0.73,0.5,c1214e33d698daa7cda082cd2c20ef0e4553d8d63b46ac77494e9685a50a1187
410,cocoglide:000000319617:real,real,nebula/CocoGlide,000000319617,cocoglide:000000319617,0.9945961833000183,0.5794163942337036,0.027918462086924174,synthetic,synthetic_evidence,,level1_inconclusive,True,0.5953466870228111,,0.15219946883530314,-0.1458180871261068,-0.7170199289713401,0.73,0.5,c1214e33d698daa7cda082cd2c20ef0e4553d8d63b46ac77494e9685a50a1187
411,cocoglide:000000051961:edited,edited,nebula/CocoGlide,000000051961,cocoglide:000000051961,0.9943473935127258,0.9958217144012451,0.050154225308450616,,conflicting_evidence,edited,level2_edited,False,0.9735529079980215,0.07922862121472113,0.15006655202450486,0.8791234826024821,-0.6502022083333776,0.73,0.5,c1214e33d698daa7cda082cd2c20ef0e4553d8d63b46ac77494e9685a50a1187
412,cocoglide:000000351331:real,real,nebula/CocoGlide,000000351331,cocoglide:000000351331,0.9955511093139648,0.4086424708366394,0.003083537417074834,synthetic,synthetic_evidence,real,level1_real,False,0.26735640646872566,,0.16038621062394698,-0.5661616433632648,-0.7916480423454005,0.73,0.5,c1214e33d698daa7cda082cd2c20ef0e4553d8d63b46ac77494e9685a50a1187
413,diffusiondb:ebb2840a-502d-40fd-9aea-3585030152cc.png,synthetic,poloclub/diffusiondb,ebb2840a-502d-40fd-9aea-3585030152cc.png,diffusiondb:ebb2840a-502d-40fd-9aea-3585030152cc.png,0.9948616623878479,0.9195876121520996,0.5660667419433594,,conflicting_evidence,synthetic,level2_synthetic,False,0.99603242698712,0.7099313414947284,0.1544754658346552,0.6914805860260143,0.9000975527635153,0.73,0.5,c1214e33d698daa7cda082cd2c20ef0e4553d8d63b46ac77494e9685a50a1187
414,diffusiondb:527e9666-1ee5-4b59-a2f2-d1194d9d83d4.png,synthetic,poloclub/diffusiondb,527e9666-1ee5-4b59-a2f2-d1194d9d83d4.png,diffusiondb:527e9666-1ee5-4b59-a2f2-d1194d9d83d4.png,0.9790038466453552,0.9901634454727173,0.9971507679332386,edited,edited_evidence,synthetic,level2_synthetic,False,0.9996948246899704,0.9478375234971114,0.018523736674884002,0.8651961988799339,2.195490552460271,0.73,0.5,c1214e33d698daa7cda082cd2c20ef0e4553d8d63b46ac77494e9685a50a1187
415,cocoglide:000000174231:real,real,nebula/CocoGlide,000000174231,cocoglide:000000174231,0.9955249428749084,0.008208910934627056,0.0,synthetic,synthetic_evidence,real,level1_real,False,0.017694516046278287,,0.16016188132832157,-1.551790264277238,-0.8009139685768576,0.73,0.5,c1214e33d698daa7cda082cd2c20ef0e4553d8d63b46ac77494e9685a50a1187
416,cocoglide:000000485130:edited,edited,nebula/CocoGlide,000000485130,cocoglide:000000485130,0.994624674320221,0.9942473769187927,0.6603691332382665,,conflicting_evidence,synthetic,level2_synthetic,False,0.9985548211109662,0.728003594826297,0.1524437271571914,0.8752484025965444,1.1834730669862459,0.73,0.5,c1214e33d698daa7cda082cd2c20ef0e4553d8d63b46ac77494e9685a50a1187
417,diffusiondb:da651fc4-9817-450d-a23f-b6bcabc9ae12.png,synthetic,poloclub/diffusiondb,da651fc4-9817-450d-a23f-b6bcabc9ae12.png,diffusiondb:da651fc4-9817-450d-a23f-b6bcabc9ae12.png,0.9961383938789368,0.6675922274589539,0.21123504638671875,,conflicting_evidence,synthetic,level2_synthetic,False,0.8736101052688068,0.5957626124915998,0.16542110025902018,0.07121822951281524,-0.1661597585324357,0.73,0.5,c1214e33d698daa7cda082cd2c20ef0e4553d8d63b46ac77494e9685a50a1187
418,diffusiondb:628a30db-04a6-46fd-a96f-6c2742c9a92e.png,synthetic,poloclub/diffusiondb,628a30db-04a6-46fd-a96f-6c2742c9a92e.png,diffusiondb:628a30db-04a6-46fd-a96f-6c2742c9a92e.png,0.9962413311004639,0.943242073059082,0.5441545758928571,,conflicting_evidence,synthetic,level2_synthetic,False,0.9963161317717432,0.6530605769242069,0.16630359842199302,0.749703762145213,0.8342522307411216,0.73,0.5,c1214e33d698daa7cda082cd2c20ef0e4553d8d63b46ac77494e9685a50a1187
419,diffusiondb:122b7eec-93db-47d3-91a0-609f0423b58e.png,synthetic,poloclub/diffusiondb,122b7eec-93db-47d3-91a0-609f0423b58e.png,diffusiondb:122b7eec-93db-47d3-91a0-609f0423b58e.png,0.993587851524353,0.9977883696556091,0.6016387939453125,,conflicting_evidence,synthetic,level2_synthetic,False,0.9981277883988918,0.6533156009443724,0.14355487044328716,0.883964214999253,1.0069903726548766,0.73,0.5,c1214e33d698daa7cda082cd2c20ef0e4553d8d63b46ac77494e9685a50a1187
420,cocoglide:000000057232:edited,edited,nebula/CocoGlide,000000057232,cocoglide:000000057232,0.99430251121521,0.5739883184432983,0.031834157418314836,synthetic,synthetic_evidence,,level1_inconclusive,True,0.5899386517978316,,0.14968176851742984,-0.15917877262115585,-0.7052533961948558,0.73,0.5,c1214e33d698daa7cda082cd2c20ef0e4553d8d63b46ac77494e9685a50a1187
421,cocoglide:000000026926:edited,edited,nebula/CocoGlide,000000026926,cocoglide:000000026926,0.9954889416694641,0.997611939907074,0.3747248744497489,,conflicting_evidence,edited,level2_edited,False,0.9944451310952066,0.3452492948088438,0.15985323692158412,0.883529950174448,0.3251216762369601,0.73,0.5,c1214e33d698daa7cda082cd2c20ef0e4553d8d63b46ac77494e9685a50a1187
422,cocoglide:000000452122:real,real,nebula/CocoGlide,000000452122,cocoglide:000000452122,0.9893656969070435,0.005564023740589619,0.0,synthetic,synthetic_evidence,real,level1_real,False,0.01710246496663745,,0.10735762674187181,-1.55830039923738,-0.8009139685768576,0.73,0.5,c1214e33d698daa7cda082cd2c20ef0e4553d8d63b46ac77494e9685a50a1187
423,cocoglide:000000104612:real,real,nebula/CocoGlide,000000104612,cocoglide:000000104612,0.9960796236991882,0.12709584832191467,0.0,synthetic,synthetic_evidence,real,level1_real,False,0.04202679014212587,,0.16491725359504147,-1.2591615241426894,-0.8009139685768576,0.73,0.5,c1214e33d698daa7cda082cd2c20ef0e4553d8d63b46ac77494e9685a50a1187
424,diffusiondb:71cc6b41-621f-4d23-bfa8-02d8db0415d5.png,synthetic,poloclub/diffusiondb,71cc6b41-621f-4d23-bfa8-02d8db0415d5.png,diffusiondb:71cc6b41-621f-4d23-bfa8-02d8db0415d5.png,0.986790120601654,0.9734560251235962,0.9188149192116477,edited,edited_evidence,synthetic,level2_synthetic,False,0.9995049462858232,0.9281527957637118,0.08527677664330811,0.8240724936596125,1.960093961676748,0.73,0.5,c1214e33d698daa7cda082cd2c20ef0e4553d8d63b46ac77494e9685a50a1187
425,cocoglide:000000221693:real,real,nebula/CocoGlide,000000221693,cocoglide:000000221693,0.9959802627563477,0.07950743287801743,0.0,synthetic,synthetic_evidence,real,level1_real,False,0.029813632071495146,,0.16406541547247303,-1.3762958230184565,-0.8009139685768576,0.73,0.5,c1214e33d698daa7cda082cd2c20ef0e4553d8d63b46ac77494e9685a50a1187
426,cocoglide:000000535156:real,real,nebula/CocoGlide,000000535156,cocoglide:000000535156,0.9935107827186584,0.011179598048329353,0.0,synthetic,synthetic_evidence,real,level1_real,False,0.017998600726985458,,0.1428941465725727,-1.5444782042097407,-0.8009139685768576,0.73,0.5,c1214e33d698daa7cda082cd2c20ef0e4553d8d63b46ac77494e9685a50a1187
427,diffusiondb:2e55c24c-1db8-47b9-8630-af83209852a3.png,synthetic,poloclub/diffusiondb,2e55c24c-1db8-47b9-8630-af83209852a3.png,diffusiondb:2e55c24c-1db8-47b9-8630-af83209852a3.png,0.9912862181663513,0.9994027614593506,1.0,,conflicting_evidence,synthetic,level2_synthetic,False,0.9997272742661664,0.9459327678034789,0.12382257943969925,0.8879378848573086,2.2040523989942935,0.73,0.5,c1214e33d698daa7cda082cd2c20ef0e4553d8d63b46ac77494e9685a50a1187
428,cocoglide:000000226130:edited,edited,nebula/CocoGlide,000000226130,cocoglide:000000226130,0.9953161478042603,0.9912956953048706,0.6750389438278876,,conflicting_evidence,synthetic,level2_synthetic,False,0.9986257026828308,0.747320291056211,0.15837184596937898,0.8679831227353382,1.2275553544266964,0.73,0.5,c1214e33d698daa7cda082cd2c20ef0e4553d8d63b46ac77494e9685a50a1187
429,cocoglide:000000452084:edited,edited,nebula/CocoGlide,000000452084,cocoglide:000000452084,0.9944674968719482,0.7798116207122803,0.05725905201810404,,conflicting_evidence,edited,level2_edited,False,0.8834462800815643,0.24249341206705005,0.15109621838141873,0.3474354522629385,-0.6288524430234479,0.73,0.5,c1214e33d698daa7cda082cd2c20ef0e4553d8d63b46ac77494e9685a50a1187
430,cocoglide:000000104669:edited,edited,nebula/CocoGlide,000000104669,cocoglide:000000104669,0.9947167038917542,0.6710878014564514,0.0166993458986918,,conflicting_evidence,edited,level2_edited,False,0.7345092261782388,0.32613545134397004,0.15323271219693088,0.07982224806535453,-0.7507329957908515,0.73,0.5,c1214e33d698daa7cda082cd2c20ef0e4553d8d63b46ac77494e9685a50a1187
431,diffusiondb:993d9eee-4bfd-4d96-9903-012f8b181f66.png,synthetic,poloclub/diffusiondb,993d9eee-4bfd-4d96-9903-012f8b181f66.png,diffusiondb:993d9eee-4bfd-4d96-9903-012f8b181f66.png,0.9945406317710876,0.9792801737785339,0.47843170166015625,,conflicting_evidence,synthetic,level2_synthetic,False,0.9961214340717316,0.512668311666231,0.1517232162076884,0.838408074344131,0.636757204091747,0.73,0.5,c1214e33d698daa7cda082cd2c20ef0e4553d8d63b46ac77494e9685a50a1187
432,cocoglide:000000139871:edited,edited,nebula/CocoGlide,000000139871,cocoglide:000000139871,0.9916046857833862,0.9923346042633057,0.2296484592969186,,conflicting_evidence,edited,level2_edited,False,0.9883290022483183,0.1940237878272433,0.1265528560377096,0.8705402970246463,-0.11082807202508471,0.73,0.5,c1214e33d698daa7cda082cd2c20ef0e4553d8d63b46ac77494e9685a50a1187
433,diffusiondb:d636a64d-4059-45a4-8d7f-fd7c9b3dc7fb.png,synthetic,poloclub/diffusiondb,d636a64d-4059-45a4-8d7f-fd7c9b3dc7fb.png,diffusiondb:d636a64d-4059-45a4-8d7f-fd7c9b3dc7fb.png,0.9954397082328796,0.9832196831703186,0.6832923889160156,,conflicting_evidence,synthetic,level2_synthetic,False,0.9985976043827512,0.7646548226133837,0.15943115036535044,0.8481047970909771,1.2523566793331162,0.73,0.5,c1214e33d698daa7cda082cd2c20ef0e4553d8d63b46ac77494e9685a50a1187
434,diffusiondb:5ac8fbcc-d64b-4dbe-bd91-ecd917af3795.png,synthetic,poloclub/diffusiondb,5ac8fbcc-d64b-4dbe-bd91-ecd917af3795.png,diffusiondb:5ac8fbcc-d64b-4dbe-bd91-ecd917af3795.png,0.9940165281295776,0.5934635996818542,0.052530924479166664,synthetic,synthetic_evidence,,level1_inconclusive,True,0.6475870111427182,,0.14722998728642595,-0.11124224453952647,-0.6430603072595417,0.73,0.5,c1214e33d698daa7cda082cd2c20ef0e4553d8d63b46ac77494e9685a50a1187
435,cocoglide:000000417876:edited,edited,nebula/CocoGlide,000000417876,cocoglide:000000417876,0.994198203086853,0.5705267786979675,0.01407984065968132,synthetic,synthetic_evidence,,level1_inconclusive,True,0.5626548685003221,,0.14878751733896864,-0.1676990191416128,-0.7586045209337544,0.73,0.5,c1214e33d698daa7cda082cd2c20ef0e4553d8d63b46ac77494e9685a50a1187
436,cocoglide:000000091779:edited,edited,nebula/CocoGlide,000000091779,cocoglide:000000091779,0.9938176274299622,0.9820767641067505,0.1888020026040052,,conflicting_evidence,edited,level2_edited,False,0.9847909393069287,0.16897079561769926,0.14552477803926883,0.8452916119505592,-0.23357030062174103,0.73,0.5,c1214e33d698daa7cda082cd2c20ef0e4553d8d63b46ac77494e9685a50a1187
437,cocoglide:000000154947:real,real,nebula/CocoGlide,000000154947,cocoglide:000000154947,0.0020080741960555315,0.49699175357818604,0.009333924917849836,real,no_evidence,real,level1_real,False,0.06210931836143087,,-8.357425814205074,-0.3486983974540108,-0.7728658381212845,0.73,0.5,c1214e33d698daa7cda082cd2c20ef0e4553d8d63b46ac77494e9685a50a1187
438,cocoglide:000000110211:edited,edited,nebula/CocoGlide,000000110211,cocoglide:000000110211,0.9960348010063171,0.935824453830719,0.08241947733895467,,conflicting_evidence,edited,level2_edited,False,0.9650064291911896,0.12811800343083804,0.16453298108863987,0.7314460071950398,-0.5532462111405062,0.73,0.5,c1214e33d698daa7cda082cd2c20ef0e4553d8d63b46ac77494e9685a50a1187
439,cocoglide:000000455267:edited,edited,nebula/CocoGlide,000000455267,cocoglide:000000455267,1.0,0.9995330572128296,0.6690743381486763,,conflicting_evidence,synthetic,level2_synthetic,False,0.9986849322901541,0.7315526898766376,0.19852730088700027,0.8882585952988707,1.2096319149648427,0.73,0.5,c1214e33d698daa7cda082cd2c20ef0e4553d8d63b46ac77494e9685a50a1187
440,cocoglide:000000512648:edited,edited,nebula/CocoGlide,000000512648,cocoglide:000000512648,0.9958160519599915,0.9983872175216675,0.0500253813007626,,conflicting_evidence,edited,level2_edited,False,0.974116062303733,0.0780849713532647,0.1626576086172384,0.8854382213150693,-0.6505893802431432,0.73,0.5,c1214e33d698daa7cda082cd2c20ef0e4553d8d63b46ac77494e9685a50a1187
441,diffusiondb:f15918c0-5c79-4e1c-9186-eff153aed978.png,synthetic,poloclub/diffusiondb,f15918c0-5c79-4e1c-9186-eff153aed978.png,diffusiondb:f15918c0-5c79-4e1c-9186-eff153aed978.png,0.9954941272735596,0.7497856020927429,0.07714462280273438,,conflicting_evidence,edited,level2_edited,False,0.8698235320016973,0.299387172568925,0.15989769398017048,0.27352930081360993,-0.5690969716156783,0.73,0.5,c1214e33d698daa7cda082cd2c20ef0e4553d8d63b46ac77494e9685a50a1187
442,cocoglide:000000300842:edited,edited,nebula/CocoGlide,000000300842,cocoglide:000000300842,0.991025984287262,0.9744119644165039,0.1246987181474363,,conflicting_evidence,edited,level2_edited,False,0.9780608270682412,0.1292060996093694,0.12159155049960693,0.8264254461123907,-0.4261985144645771,0.73,0.5,c1214e33d698daa7cda082cd2c20ef0e4553d8d63b46ac77494e9685a50a1187
443,diffusiondb:6a076044-ca62-4727-a8b4-9acc4bce8aad.png,synthetic,poloclub/diffusiondb,6a076044-ca62-4727-a8b4-9acc4bce8aad.png,diffusiondb:6a076044-ca62-4727-a8b4-9acc4bce8aad.png,0.9935799837112427,0.9854311943054199,0.9574470520019531,,conflicting_evidence,synthetic,level2_synthetic,False,0.9996303560019892,0.9373443047866056,0.14348741835439752,0.8535482186432545,2.0761822214191588,0.73,0.5,c1214e33d698daa7cda082cd2c20ef0e4553d8d63b46ac77494e9685a50a1187
444,cocoglide:000000003845:real,real,nebula/CocoGlide,000000003845,cocoglide:000000003845,0.9962843656539917,0.10336887836456299,0.0,synthetic,synthetic_evidence,real,level1_real,False,0.0354547014875663,,0.16667254090819245,-1.3175631743022178,-0.8009139685768576,0.73,0.5,c1214e33d698daa7cda082cd2c20ef0e4553d8d63b46ac77494e9685a50a1187
445,diffusiondb:f6d6e08d-7ef2-4e18-99ab-1734fa61feaa.png,synthetic,poloclub/diffusiondb,f6d6e08d-7ef2-4e18-99ab-1734fa61feaa.png,diffusiondb:f6d6e08d-7ef2-4e18-99ab-1734fa61feaa.png,0.9781670570373535,0.9795414805412292,0.5653419494628906,edited,edited_evidence,synthetic,level2_synthetic,False,0.9973487283036726,0.6310176750856306,0.011349798220931632,0.8390512557603288,0.8979195757362383,0.73,0.5,c1214e33d698daa7cda082cd2c20ef0e4553d8d63b46ac77494e9685a50a1187
446,diffusiondb:91559b3a-da09-4e65-9ca7-0eb5d0c4e161.png,synthetic,poloclub/diffusiondb,91559b3a-da09-4e65-9ca7-0eb5d0c4e161.png,diffusiondb:91559b3a-da09-4e65-9ca7-0eb5d0c4e161.png,0.9948203563690186,0.998859167098999,0.9871132590553977,,conflicting_evidence,synthetic,level2_synthetic,False,0.9997110810915668,0.9422924291768018,0.15412134236798458,0.8865998797214228,2.1653281758681615,0.73,0.5,c1214e33d698daa7cda082cd2c20ef0e4553d8d63b46ac77494e9685a50a1187
447,diffusiondb:ebd2a8f3-ccbe-4643-9dcb-42d5e5cf4881.png,synthetic,poloclub/diffusiondb,ebd2a8f3-ccbe-4643-9dcb-42d5e5cf4881.png,diffusiondb:ebd2a8f3-ccbe-4643-9dcb-42d5e5cf4881.png,0.9830572009086609,0.9951562881469727,0.9939079284667969,edited,edited_evidence,synthetic,level2_synthetic,False,0.9997042746972112,0.9454403794361084,0.05327382646921244,0.8774855999997376,2.1857459289281804,0.73,0.5,c1214e33d698daa7cda082cd2c20ef0e4553d8d63b46ac77494e9685a50a1187
448,cocoglide:000000356498:real,real,nebula/CocoGlide,000000356498,cocoglide:000000356498,0.9961825013160706,0.18258295953273773,0.0004533759067518135,synthetic,synthetic_evidence,real,level1_real,False,0.06242933952898361,,0.16579924075734093,-1.1225853467748221,-0.7995515892252013,0.73,0.5,c1214e33d698daa7cda082cd2c20ef0e4553d8d63b46ac77494e9685a50a1187
449,cocoglide:000000372260:edited,edited,nebula/CocoGlide,000000372260,cocoglide:000000372260,0.9945323467254639,0.9851784110069275,0.08218600812201625,,conflicting_evidence,edited,level2_edited,False,0.975426072223651,0.09884291776162014,0.1516521871140849,0.8529260169128497,-0.5539477782852692,0.73,0.5,c1214e33d698daa7cda082cd2c20ef0e4553d8d63b46ac77494e9685a50a1187
450,cocoglide:000000164115:real,real,nebula/CocoGlide,000000164115,cocoglide:000000164115,0.9957793951034546,0.0750967413187027,0.0,synthetic,synthetic_evidence,real,level1_real,False,0.02886091700819631,,0.1623433432030935,-1.3871523152663792,-0.8009139685768576,0.73,0.5,c1214e33d698daa7cda082cd2c20ef0e4553d8d63b46ac77494e9685a50a1187
451,cocoglide:000000014888:real,real,nebula/CocoGlide,000000014888,cocoglide:000000014888,0.9915658235549927,0.052378758788108826,0.0,synthetic,synthetic_evidence,real,level1_real,False,0.024221676471900155,,0.12621968359864866,-1.4430704401035088,-0.8009139685768576,0.73,0.5,c1214e33d698daa7cda082cd2c20ef0e4553d8d63b46ac77494e9685a50a1187
452,cocoglide:000000571943:real,real,nebula/CocoGlide,000000571943,cocoglide:000000571943,0.9939768314361572,0.01150047779083252,0.0,synthetic,synthetic_evidence,real,level1_real,False,0.01806098172045532,,0.1468896608379373,-1.543688389644348,-0.8009139685768576,0.73,0.5,c1214e33d698daa7cda082cd2c20ef0e4553d8d63b46ac77494e9685a50a1187
453,cocoglide:000000577182:edited,edited,nebula/CocoGlide,000000577182,cocoglide:000000577182,0.9954990744590759,0.9962593913078308,0.45778469681939365,,conflicting_evidence,edited,level2_edited,False,0.9962343492940031,0.4587456153151691,0.1599401070360632,0.8802007821323954,0.5747136489541765,0.73,0.5,c1214e33d698daa7cda082cd2c20ef0e4553d8d63b46ac77494e9685a50a1187
454,cocoglide:000000222094:real,real,nebula/CocoGlide,000000222094,cocoglide:000000222094,0.9915905594825745,0.2870798408985138,0.0008544392088784177,synthetic,synthetic_evidence,real,level1_real,False,0.12595741429758828,,0.1264317488781123,-0.8653763428752382,-0.7983464074910439,0.73,0.5,c1214e33d698daa7cda082cd2c20ef0e4553d8d63b46ac77494e9685a50a1187
455,cocoglide:000000222094:edited,edited,nebula/CocoGlide,000000222094,cocoglide:000000222094,0.9903213381767273,0.2598230838775635,0.00036909448818897637,synthetic,synthetic_evidence,real,level1_real,False,0.10467187478938507,,0.11555050053859654,-0.9324662237526564,-0.7998048520533938,0.73,0.5,c1214e33d698daa7cda082cd2c20ef0e4553d8d63b46ac77494e9685a50a1187
456,diffusiondb:0928dac6-fa0f-447e-b716-a67ec7d8feb5.png,synthetic,poloclub/diffusiondb,0928dac6-fa0f-447e-b716-a67ec7d8feb5.png,diffusiondb:0928dac6-fa0f-447e-b716-a67ec7d8feb5.png,0.9934226870536804,0.9828745126724243,0.8297840465198864,,conflicting_evidence,synthetic,level2_synthetic,False,0.9993025101880563,0.8811405079335525,0.14213888757727805,0.8472551931719075,1.6925591835624967,0.73,0.5,c1214e33d698daa7cda082cd2c20ef0e4553d8d63b46ac77494e9685a50a1187
457,cocoglide:000000245915:real,real,nebula/CocoGlide,000000245915,cocoglide:000000245915,0.9956943988800049,0.09233815222978592,0.0,synthetic,synthetic_evidence,real,level1_real,False,0.03269505455487716,,0.16161465624281596,-1.3447142437344615,-0.8009139685768576,0.73,0.5,c1214e33d698daa7cda082cd2c20ef0e4553d8d63b46ac77494e9685a50a1187
458,cocoglide:000000203580:edited,edited,nebula/CocoGlide,000000203580,cocoglide:000000203580,0.9924623966217041,0.9908335208892822,0.06446753518507037,,conflicting_evidence,edited,level2_edited,False,0.9742443031823461,0.08761261459544203,0.13390615572802764,0.8668455249476563,-0.6071911935455113,0.73,0.5,c1214e33d698daa7cda082cd2c20ef0e4553d8d63b46ac77494e9685a50a1187
459,diffusiondb:ff2529dd-86ff-45d6-b0db-ccf1904205a4.png,synthetic,poloclub/diffusiondb,ff2529dd-86ff-45d6-b0db-ccf1904205a4.png,diffusiondb:ff2529dd-86ff-45d6-b0db-ccf1904205a4.png,0.9941501617431641,0.9983135461807251,0.9759355024857954,,conflicting_evidence,synthetic,level2_synthetic,False,0.9996933397810188,0.9389642193966862,0.1483756507962031,0.8852568864084954,2.131739393311609,0.73,0.5,c1214e33d698daa7cda082cd2c20ef0e4553d8d63b46ac77494e9685a50a1187
460,diffusiondb:20e147de-339c-4192-a7e6-9f8943a2b875.png,synthetic,poloclub/diffusiondb,20e147de-339c-4192-a7e6-9f8943a2b875.png,diffusiondb:20e147de-339c-4192-a7e6-9f8943a2b875.png,0.9920380115509033,0.9923166632652283,0.9229098233309659,,conflicting_evidence,synthetic,level2_synthetic,False,0.9995837321345463,0.9220612943880458,0.1302678309333741,0.8704961369867185,1.9723990108337284,0.73,0.5,c1214e33d698daa7cda082cd2c20ef0e4553d8d63b46ac77494e9685a50a1187
461,cocoglide:000000563758:real,real,nebula/CocoGlide,000000563758,cocoglide:000000563758,0.996228814125061,0.042719997465610504,0.0,synthetic,synthetic_evidence,real,level1_real,False,0.022821975532583017,,0.1661962882805777,-1.466844550356308,-0.8009139685768576,0.73,0.5,c1214e33d698daa7cda082cd2c20ef0e4553d8d63b46ac77494e9685a50a1187
462,diffusiondb:4546076b-92fc-48aa-b095-a29d4edd60ae.png,synthetic,poloclub/diffusiondb,4546076b-92fc-48aa-b095-a29d4edd60ae.png,diffusiondb:4546076b-92fc-48aa-b095-a29d4edd60ae.png,0.9961135387420654,0.9985483288764954,1.0,,conflicting_evidence,synthetic,level2_synthetic,False,0.9997287046643218,0.9462020019451841,0.16520801297820972,0.8858347813898829,2.2040523989942935,0.73,0.5,c1214e33d698daa7cda082cd2c20ef0e4553d8d63b46ac77494e9685a50a1187
463,cocoglide:000000185409:edited,edited,nebula/CocoGlide,000000185409,cocoglide:000000185409,0.9958717226982117,0.9599306583404541,0.2818574074648149,,conflicting_evidence,edited,level2_edited,False,0.988556037436719,0.2810088929987635,0.16313488324619999,0.7907811066612647,0.0460580613057092,0.73,0.5,c1214e33d698daa7cda082cd2c20ef0e4553d8d63b46ac77494e9685a50a1187
464,cocoglide:000000295231:real,real,nebula/CocoGlide,000000295231,cocoglide:000000295231,0.002890388946980238,0.14756545424461365,0.0,real,no_evidence,real,level1_real,False,0.004632868134296616,,-8.34986158102194,-1.208777561666669,-0.8009139685768576,0.73,0.5,c1214e33d698daa7cda082cd2c20ef0e4553d8d63b46ac77494e9685a50a1187
465,cocoglide:000000232538:edited,edited,nebula/CocoGlide,000000232538,cocoglide:000000232538,0.9923204779624939,0.9764346480369568,0.18503162006324012,,conflicting_evidence,edited,level2_edited,False,0.9838023489665051,0.17066516866566916,0.132689463124647,0.8314040869332552,-0.24490017334961758,0.73,0.5,c1214e33d698daa7cda082cd2c20ef0e4553d8d63b46ac77494e9685a50a1187
466,cocoglide:000000051326:real,real,nebula/CocoGlide,000000051326,cocoglide:000000051326,0.9957528114318848,0.07753043621778488,0.0,synthetic,synthetic_evidence,real,level1_real,False,0.0293734310410717,,0.16211543690275423,-1.381162009789249,-0.8009139685768576,0.73,0.5,c1214e33d698daa7cda082cd2c20ef0e4553d8d63b46ac77494e9685a50a1187
467,cocoglide:000000109798:edited,edited,nebula/CocoGlide,000000109798,cocoglide:000000109798,0.9873905181884766,0.9979572296142578,0.4533003441006882,edited,edited_evidence,edited,level2_edited,False,0.9961258972118794,0.4499189797681375,0.09042408642653073,0.8843798475156965,0.5612383198541404,0.73,0.5,c1214e33d698daa7cda082cd2c20ef0e4553d8d63b46ac77494e9685a50a1187
468,diffusiondb:2833acbf-e0c3-480c-9010-d6641d3859cf.png,synthetic,poloclub/diffusiondb,2833acbf-e0c3-480c-9010-d6641d3859cf.png,diffusiondb:2833acbf-e0c3-480c-9010-d6641d3859cf.png,0.9915747046470642,0.9551532864570618,0.6814713911576704,,conflicting_evidence,synthetic,level2_synthetic,False,0.9982392211051593,0.7914139428425697,0.1262958226989862,0.7790220661298631,1.2468846423138664,0.73,0.5,c1214e33d698daa7cda082cd2c20ef0e4553d8d63b46ac77494e9685a50a1187
469,diffusiondb:1f05c1bc-1782-48e0-ba4b-328ffebd8b8a.png,synthetic,poloclub/diffusiondb,1f05c1bc-1782-48e0-ba4b-328ffebd8b8a.png,diffusiondb:1f05c1bc-1782-48e0-ba4b-328ffebd8b8a.png,0.9892886877059937,0.9993807077407837,1.0,,conflicting_evidence,synthetic,level2_synthetic,False,0.9997259117930254,0.9459343887530809,0.10669741387183075,0.887883601754208,2.2040523989942935,0.73,0.5,c1214e33d698daa7cda082cd2c20ef0e4553d8d63b46ac77494e9685a50a1187
470,diffusiondb:2af47a6b-4d5a-4b9b-b79d-834a45a5f68c.png,synthetic,poloclub/diffusiondb,2af47a6b-4d5a-4b9b-b79d-834a45a5f68c.png,diffusiondb:2af47a6b-4d5a-4b9b-b79d-834a45a5f68c.png,0.979213297367096,0.9988241791725159,0.9871978759765625,edited,edited_evidence,synthetic,level2_synthetic,False,0.9997000407894344,0.9422877067473723,0.020319393041234073,0.8865137603119091,2.1655824468703893,0.73,0.5,c1214e33d698daa7cda082cd2c20ef0e4553d8d63b46ac77494e9685a50a1187
471,cocoglide:000000160666:real,real,nebula/CocoGlide,000000160666,cocoglide:000000160666,0.9949917197227478,0.0070439293049275875,0.0,synthetic,synthetic_evidence,real,level1_real,False,0.017521606610841567,,0.15559046930402798,-1.5546577542981839,-0.8009139685768576,0.73,0.5,c1214e33d698daa7cda082cd2c20ef0e4553d8d63b46ac77494e9685a50a1187
472,cocoglide:000000526392:real,real,nebula/CocoGlide,000000526392,cocoglide:000000526392,0.9943857192993164,0.4111438989639282,0.004883478516957034,synthetic,synthetic_evidence,,level1_inconclusive,True,0.27219666322004843,,0.15039512545750516,-0.5600046190718483,-0.7862392798766454,0.73,0.5,c1214e33d698daa7cda082cd2c20ef0e4553d8d63b46ac77494e9685a50a1187
473,cocoglide:000000579091:real,real,nebula/CocoGlide,000000579091,cocoglide:000000579091,0.9959173798561096,0.01959339529275894,0.0,synthetic,synthetic_evidence,real,level1_real,False,0.0192540794434176,,0.16352630976202928,-1.5237684530672386,-0.8009139685768576,0.73,0.5,c1214e33d698daa7cda082cd2c20ef0e4553d8d63b46ac77494e9685a50a1187
474,cocoglide:000000430871:edited,edited,nebula/CocoGlide,000000430871,cocoglide:000000430871,0.9939216375350952,0.9980043768882751,0.12381037262074523,,conflicting_evidence,edited,level2_edited,False,0.9815917493502556,0.1138526393129149,0.146416474214363,0.8844958959874604,-0.42886796289506607,0.73,0.5,c1214e33d698daa7cda082cd2c20ef0e4553d8d63b46ac77494e9685a50a1187
475,cocoglide:000000485424:real,real,nebula/CocoGlide,000000485424,cocoglide:000000485424,0.994195282459259,0.04341986030340195,0.0,synthetic,synthetic_evidence,real,level1_real,False,0.022829235237601726,,0.14876247830597172,-1.4651219054216273,-0.8009139685768576,0.73,0.5,c1214e33d698daa7cda082cd2c20ef0e4553d8d63b46ac77494e9685a50a1187
476,cocoglide:000000138550:edited,edited,nebula/CocoGlide,000000138550,cocoglide:000000138550,0.9938400387763977,0.9882206320762634,0.08020394165788332,,conflicting_evidence,edited,level2_edited,False,0.9757005254584253,0.09628009296268196,0.14571691429246963,0.8604141509189475,-0.5599038213482794,0.73,0.5,c1214e33d698daa7cda082cd2c20ef0e4553d8d63b46ac77494e9685a50a1187
477,diffusiondb:7e0fe380-f1ae-4a90-8ff6-3ec763696595.png,synthetic,poloclub/diffusiondb,7e0fe380-f1ae-4a90-8ff6-3ec763696595.png,diffusiondb:7e0fe380-f1ae-4a90-8ff6-3ec763696595.png,0.9920229911804199,0.9734457731246948,0.7179107666015625,,conflicting_evidence,synthetic,level2_synthetic,False,0.9987125942898918,0.8069518400709755,0.13013905876367568,0.8240472593522252,1.3563837399780603,0.73,0.5,c1214e33d698daa7cda082cd2c20ef0e4553d8d63b46ac77494e9685a50a1187
478,cocoglide:000000279887:real,real,nebula/CocoGlide,000000279887,cocoglide:000000279887,0.9958360195159912,0.08936423808336258,0.0,synthetic,synthetic_evidence,real,level1_real,False,0.03200975890461639,,0.16282879384282956,-1.3520342468320365,-0.8009139685768576,0.73,0.5,c1214e33d698daa7cda082cd2c20ef0e4553d8d63b46ac77494e9685a50a1187
479,cocoglide:000000328286:edited,edited,nebula/CocoGlide,000000328286,cocoglide:000000328286,0.9931139349937439,0.9636663794517517,0.23575740901481804,,conflicting_evidence,edited,level2_edited,False,0.986042654867728,0.227828737731477,0.13949190408903292,0.799976224193243,-0.09247088358161362,0.73,0.5,c1214e33d698daa7cda082cd2c20ef0e4553d8d63b46ac77494e9685a50a1187
480,cocoglide:000000581781:edited,edited,nebula/CocoGlide,000000581781,cocoglide:000000581781,0.9907211065292358,0.9865708351135254,0.3937608500217,,conflicting_evidence,edited,level2_edited,False,0.994432813598775,0.3850500225924235,0.11897778205513322,0.856353334673752,0.38232414260457925,0.73,0.5,c1214e33d698daa7cda082cd2c20ef0e4553d8d63b46ac77494e9685a50a1187
481,diffusiondb:7c6ae144-b136-4c2d-9f12-4c2986c08a3b.png,synthetic,poloclub/diffusiondb,7c6ae144-b136-4c2d-9f12-4c2986c08a3b.png,diffusiondb:7c6ae144-b136-4c2d-9f12-4c2986c08a3b.png,0.9901570081710815,0.9991008639335632,1.0,,conflicting_evidence,synthetic,level2_synthetic,False,0.9997259126292443,0.9460209132353913,0.11414167168201511,0.8871947931891878,2.2040523989942935,0.73,0.5,c1214e33d698daa7cda082cd2c20ef0e4553d8d63b46ac77494e9685a50a1187
482,cocoglide:000000460379:edited,edited,nebula/CocoGlide,000000460379,cocoglide:000000460379,0.995182454586029,0.36420148611068726,0.0005454073408146816,synthetic,synthetic_evidence,real,level1_real,False,0.20530708407348247,,0.15722567145892843,-0.6755488448211491,-0.799275037861083,0.73,0.5,c1214e33d698daa7cda082cd2c20ef0e4553d8d63b46ac77494e9685a50a1187
483,cocoglide:000000416837:edited,edited,nebula/CocoGlide,000000416837,cocoglide:000000416837,0.9938073754310608,0.9089062213897705,0.017768848037696076,,conflicting_evidence,edited,level2_edited,False,0.9425954403746899,0.10695184152864817,0.14543688592344292,0.6651893719502163,-0.7475191778330983,0.73,0.5,c1214e33d698daa7cda082cd2c20ef0e4553d8d63b46ac77494e9685a50a1187
484,cocoglide:000000107554:real,real,nebula/CocoGlide,000000107554,cocoglide:000000107554,0.9948084950447083,0.01926242932677269,0.0,synthetic,synthetic_evidence,real,level1_real,False,0.01915707223384626,,0.1540196532339767,-1.524583093899801,-0.8009139685768576,0.73,0.5,c1214e33d698daa7cda082cd2c20ef0e4553d8d63b46ac77494e9685a50a1187
485,diffusiondb:0e9d77fa-4023-4692-969b-a9bdc722d688.png,synthetic,poloclub/diffusiondb,0e9d77fa-4023-4692-969b-a9bdc722d688.png,diffusiondb:0e9d77fa-4023-4692-969b-a9bdc722d688.png,0.9912419319152832,0.7501142024993896,0.10712623596191406,,conflicting_evidence,edited,level2_edited,False,0.8845470058716096,0.33538406451984565,0.1234429059393583,0.2743381190498093,-0.47900323242681464,0.73,0.5,c1214e33d698daa7cda082cd2c20ef0e4553d8d63b46ac77494e9685a50a1187
486,diffusiondb:60a2e6db-1265-49cd-bd99-a935e056c18a.png,synthetic,poloclub/diffusiondb,60a2e6db-1265-49cd-bd99-a935e056c18a.png,diffusiondb:60a2e6db-1265-49cd-bd99-a935e056c18a.png,0.9344335198402405,0.9990136623382568,0.83978271484375,edited,edited_evidence,synthetic,level2_synthetic,False,0.9993207727091531,0.8766803045811823,-0.3635851928755219,0.8869801548653061,1.7226048455962057,0.73,0.5,c1214e33d698daa7cda082cd2c20ef0e4553d8d63b46ac77494e9685a50a1187
487,diffusiondb:452dc3b2-12ef-42f1-ade7-a8459b77b970.png,synthetic,poloclub/diffusiondb,452dc3b2-12ef-42f1-ade7-a8459b77b970.png,diffusiondb:452dc3b2-12ef-42f1-ade7-a8459b77b970.png,0.99617600440979,0.9850113391876221,0.15412521362304688,,conflicting_evidence,edited,level2_edited,False,0.9825515830266455,0.14125101511493796,0.16574354168393962,0.8525147857290901,-0.3377728852448827,0.73,0.5,c1214e33d698daa7cda082cd2c20ef0e4553d8d63b46ac77494e9685a50a1187
488,cocoglide:000000380203:real,real,nebula/CocoGlide,000000380203,cocoglide:000000380203,0.9959381818771362,0.007146347779780626,0.0,synthetic,synthetic_evidence,real,level1_real,False,0.017574177857896504,,0.16370464899704812,-1.5544056610916348,-0.8009139685768576,0.73,0.5,c1214e33d698daa7cda082cd2c20ef0e4553d8d63b46ac77494e9685a50a1187
489,cocoglide:000000279145:edited,edited,nebula/CocoGlide,000000279145,cocoglide:000000279145,0.9940900206565857,0.9398621320724487,0.12870353865707732,,conflicting_evidence,edited,level2_edited,False,0.9725008160261922,0.1568846200273476,0.14786005111673603,0.7413843631062284,-0.4141641635249467,0.73,0.5,c1214e33d698daa7cda082cd2c20ef0e4553d8d63b46ac77494e9685a50a1187
490,cocoglide:000000092177:edited,edited,nebula/CocoGlide,000000092177,cocoglide:000000092177,0.9989719390869141,0.569717288017273,0.014869373488746977,synthetic,synthetic_evidence,,level1_inconclusive,True,0.5649358805444303,,0.18971356127208677,-0.16969150244758485,-0.7562320013363188,0.73,0.5,c1214e33d698daa7cda082cd2c20ef0e4553d8d63b46ac77494e9685a50a1187
491,cocoglide:000000191580:real,real,nebula/CocoGlide,000000191580,cocoglide:000000191580,0.9957085847854614,0.05130793899297714,0.0,synthetic,synthetic_evidence,real,level1_real,False,0.024268768497974234,,0.1617362744030867,-1.4457061598423373,-0.8009139685768576,0.73,0.5,c1214e33d698daa7cda082cd2c20ef0e4553d8d63b46ac77494e9685a50a1187
492,cocoglide:000000194216:real,real,nebula/CocoGlide,000000194216,cocoglide:000000194216,0.9958165287971497,0.1249333918094635,0.0,synthetic,synthetic_evidence,real,level1_real,False,0.0413555412824673,,0.16266169662262567,-1.2644842024683405,-0.8009139685768576,0.73,0.5,c1214e33d698daa7cda082cd2c20ef0e4553d8d63b46ac77494e9685a50a1187
493,cocoglide:000000349152:real,real,nebula/CocoGlide,000000349152,cocoglide:000000349152,0.9946342706680298,0.07563157379627228,0.0,synthetic,synthetic_evidence,real,level1_real,False,0.028895561299737523,,0.15252599826560984,-1.3858358766606442,-0.8009139685768576,0.73,0.5,c1214e33d698daa7cda082cd2c20ef0e4553d8d63b46ac77494e9685a50a1187
494,cocoglide:000000328683:real,real,nebula/CocoGlide,000000328683,cocoglide:000000328683,0.995154857635498,0.023984061554074287,0.0,synthetic,synthetic_evidence,real,level1_real,False,0.019847972982477837,,0.15698907814714128,-1.5129612511606534,-0.8009139685768576,0.73,0.5,c1214e33d698daa7cda082cd2c20ef0e4553d8d63b46ac77494e9685a50a1187
495,cocoglide:000000079034:edited,edited,nebula/CocoGlide,000000079034,cocoglide:000000079034,0.9958153367042542,0.7879263162612915,0.046471030442060884,,conflicting_evidence,edited,level2_edited,False,0.8846641430317015,0.2231414660611,0.16265147660915752,0.3674089934043599,-0.6612700850320895,0.73,0.5,c1214e33d698daa7cda082cd2c20ef0e4553d8d63b46ac77494e9685a50a1187
496,cocoglide:000000292330:real,real,nebula/CocoGlide,000000292330,cocoglide:000000292330,0.995612621307373,0.0783693715929985,0.0,synthetic,synthetic_evidence,real,level1_real,False,0.029543075057915202,,0.1609135633189024,-1.3790970512050833,-0.8009139685768576,0.73,0.5,c1214e33d698daa7cda082cd2c20ef0e4553d8d63b46ac77494e9685a50a1187
497,diffusiondb:f0b39e82-6b7d-418b-af88-6cece7e9462d.png,synthetic,poloclub/diffusiondb,f0b39e82-6b7d-418b-af88-6cece7e9462d.png,diffusiondb:f0b39e82-6b7d-418b-af88-6cece7e9462d.png,0.9938135147094727,0.9712550044059753,0.49823760986328125,,conflicting_evidence,synthetic,level2_synthetic,False,0.9962497929968417,0.5521205782002231,0.14548951899280377,0.8186548932590803,0.6962732921213391,0.73,0.5,c1214e33d698daa7cda082cd2c20ef0e4553d8d63b46ac77494e9685a50a1187
498,cocoglide:000000533206:real,real,nebula/CocoGlide,000000533206,cocoglide:000000533206,0.9955344200134277,0.05616624280810356,0.0,synthetic,synthetic_evidence,real,level1_real,False,0.025133558337913624,,0.1602431304353932,-1.4337479131597766,-0.8009139685768576,0.73,0.5,c1214e33d698daa7cda082cd2c20ef0e4553d8d63b46ac77494e9685a50a1187
499,cocoglide:000000505573:edited,edited,nebula/CocoGlide,000000505573,cocoglide:000000505573,0.9954352974891663,0.9967538714408875,0.12294721464442929,,conflicting_evidence,edited,level2_edited,False,0.9814127382905783,0.11411523488147542,0.15939333631551836,0.8814178973305652,-0.43146172358379625,0.73,0.5,c1214e33d698daa7cda082cd2c20ef0e4553d8d63b46ac77494e9685a50a1187
500,cocoglide:000000011813:real,real,nebula/CocoGlide,000000011813,cocoglide:000000011813,0.9933626651763916,0.0330672413110733,0.0,synthetic,synthetic_evidence,real,level1_real,False,0.0211233935402824,,0.1416243098991578,-1.4906038794668437,-0.8009139685768576,0.73,0.5,c1214e33d698daa7cda082cd2c20ef0e4553d8d63b46ac77494e9685a50a1187
501,diffusiondb:0f84ce8c-c780-4428-aefc-550ed516f5df.png,synthetic,poloclub/diffusiondb,0f84ce8c-c780-4428-aefc-550ed516f5df.png,diffusiondb:0f84ce8c-c780-4428-aefc-550ed516f5df.png,0.9945634007453918,0.9896950125694275,0.7597732543945312,,conflicting_evidence,synthetic,level2_synthetic,False,0.999073685794488,0.827754840316801,0.15191841846492962,0.8640431964278588,1.4821791078587894,0.73,0.5,c1214e33d698daa7cda082cd2c20ef0e4553d8d63b46ac77494e9685a50a1187
502,cocoglide:000000272049:edited,edited,nebula/CocoGlide,000000272049,cocoglide:000000272049,0.9363994598388672,0.9972428679466248,0.5626424065348131,edited,edited_evidence,synthetic,level2_synthetic,False,0.9973972864673402,0.6022791517920865,-0.3467308576645588,0.8826215151085045,0.8898075400295509,0.73,0.5,c1214e33d698daa7cda082cd2c20ef0e4553d8d63b46ac77494e9685a50a1187
503,cocoglide:000000423519:edited,edited,nebula/CocoGlide,000000423519,cocoglide:000000423519,0.9950252175331116,0.9968289136886597,0.4826380277760556,,conflicting_evidence,edited,level2_edited,False,0.9966687014049759,0.4927121675044275,0.15587765168248238,0.8816026065921968,0.6493970726010606,0.73,0.5,c1214e33d698daa7cda082cd2c20ef0e4553d8d63b46ac77494e9685a50a1187
504,cocoglide:000000068765:real,real,nebula/CocoGlide,000000068765,cocoglide:000000068765,0.9941527247428894,0.03057863563299179,0.0,synthetic,synthetic_evidence,real,level1_real,False,0.020780863461599332,,0.14839762382515956,-1.49672934253514,-0.8009139685768576,0.73,0.5,c1214e33d698daa7cda082cd2c20ef0e4553d8d63b46ac77494e9685a50a1187
505,cocoglide:000000567898:real,real,nebula/CocoGlide,000000567898,cocoglide:000000567898,0.9956525564193726,0.18969976902008057,0.0017689410378820757,synthetic,synthetic_evidence,real,level1_real,False,0.06592834370214375,,0.16125593377008468,-1.105068006015387,-0.7955983602518056,0.73,0.5,c1214e33d698daa7cda082cd2c20ef0e4553d8d63b46ac77494e9685a50a1187
506,cocoglide:000000128598:real,real,nebula/CocoGlide,000000128598,cocoglide:000000128598,0.9958051443099976,0.2918732762336731,0.0,synthetic,synthetic_evidence,real,level1_real,False,0.13064115820909192,,0.16256409549400505,-0.8535777637052269,-0.8009139685768576,0.73,0.5,c1214e33d698daa7cda082cd2c20ef0e4553d8d63b46ac77494e9685a50a1187
507,diffusiondb:70b077a2-f29e-4f9d-8804-69a22eb7c4d0.png,synthetic,poloclub/diffusiondb,70b077a2-f29e-4f9d-8804-69a22eb7c4d0.png,diffusiondb:70b077a2-f29e-4f9d-8804-69a22eb7c4d0.png,0.9932303428649902,0.9977816939353943,0.9787139892578125,,conflicting_evidence,synthetic,level2_synthetic,False,0.999695541110382,0.9400271879555466,0.14048988840419563,0.8839477833572335,2.1400886526142617,0.73,0.5,c1214e33d698daa7cda082cd2c20ef0e4553d8d63b46ac77494e9685a50a1187
508,diffusiondb:20dee6f8-eddd-4d1e-bda8-dc979b9cf8d2.png,synthetic,poloclub/diffusiondb,20dee6f8-eddd-4d1e-bda8-dc979b9cf8d2.png,diffusiondb:20dee6f8-eddd-4d1e-bda8-dc979b9cf8d2.png,0.9946698546409607,0.9972284436225891,0.9745534261067709,,conflicting_evidence,synthetic,level2_synthetic,False,0.9996891654207456,0.9388874113925102,0.15283106566763344,0.8825860110248549,2.1275863002752264,0.73,0.5,c1214e33d698daa7cda082cd2c20ef0e4553d8d63b46ac77494e9685a50a1187
509,cocoglide:000000028809:edited,edited,nebula/CocoGlide,000000028809,cocoglide:000000028809,0.9923292994499207,0.9947437047958374,0.45618722487444974,,conflicting_evidence,edited,level2_edited,False,0.9961329041425547,0.45869798219705543,0.13276509122431115,0.8764700658384875,0.5699132994864816,0.73,0.5,c1214e33d698daa7cda082cd2c20ef0e4553d8d63b46ac77494e9685a50a1187
510,cocoglide:000000556765:edited,edited,nebula/CocoGlide,000000556765,cocoglide:000000556765,0.991517961025238,0.8853753209114075,0.2207737227974456,,conflicting_evidence,edited,level2_edited,False,0.9733061749978893,0.3008710277131061,0.1258093500579033,0.6072703279194706,-0.13749635672705723,0.73,0.5,c1214e33d698daa7cda082cd2c20ef0e4553d8d63b46ac77494e9685a50a1187
511,cocoglide:000000024144:edited,edited,nebula/CocoGlide,000000024144,cocoglide:000000024144,0.9960875511169434,0.9880480170249939,0.5655728811457623,,conflicting_evidence,synthetic,level2_synthetic,False,0.9976193775218012,0.6197762271196223,0.16498521668460453,0.859989275603868,0.8986135176764743,0.73,0.5,c1214e33d698daa7cda082cd2c20ef0e4553d8d63b46ac77494e9685a50a1187
512,cocoglide:000000485424:edited,edited,nebula/CocoGlide,000000485424,cocoglide:000000485424,0.9950186014175415,0.8549808263778687,0.05355454460908922,,conflicting_evidence,edited,level2_edited,False,0.9289653026232902,0.16754260546968053,0.15582093060773425,0.5324572085150931,-0.6399843631959556,0.73,0.5,c1214e33d698daa7cda082cd2c20ef0e4553d8d63b46ac77494e9685a50a1187
513,cocoglide:000000528980:real,real,nebula/CocoGlide,000000528980,cocoglide:000000528980,0.9949414134025574,0.015832073986530304,0.0,synthetic,synthetic_evidence,real,level1_real,False,0.018686971372078077,,0.15515918473567297,-1.5330265830121406,-0.8009139685768576,0.73,0.5,c1214e33d698daa7cda082cd2c20ef0e4553d8d63b46ac77494e9685a50a1187
514,cocoglide:000000561366:real,real,nebula/CocoGlide,000000561366,cocoglide:000000561366,0.9956926703453064,0.011873512528836727,0.0,synthetic,synthetic_evidence,real,level1_real,False,0.018184275952293695,,0.16159983722328716,-1.5427702005833162,-0.8009139685768576,0.73,0.5,c1214e33d698daa7cda082cd2c20ef0e4553d8d63b46ac77494e9685a50a1187
515,cocoglide:000000443303:edited,edited,nebula/CocoGlide,000000443303,cocoglide:000000443303,0.9940874576568604,0.9951420426368713,0.47573760772521545,,conflicting_evidence,edited,level2_edited,False,0.996504921807031,0.48549983609725,0.14783807808777957,0.8774505360493564,0.6286615424261724,0.73,0.5,c1214e33d698daa7cda082cd2c20ef0e4553d8d63b46ac77494e9685a50a1187
516,cocoglide:000000164115:edited,edited,nebula/CocoGlide,000000164115,cocoglide:000000164115,0.9956918358802795,0.812828540802002,0.06381653388306777,,conflicting_evidence,edited,level2_edited,False,0.9094465806318048,0.21469187733118777,0.16159268321385947,0.4287034194703386,-0.6091474305632741,0.73,0.5,c1214e33d698daa7cda082cd2c20ef0e4553d8d63b46ac77494e9685a50a1187
517,cocoglide:000000003501:edited,edited,nebula/CocoGlide,000000003501,cocoglide:000000003501,0.995410144329071,0.8626638054847717,0.08294260338520677,,conflicting_evidence,edited,level2_edited,False,0.9410906006744132,0.18492390466875708,0.15917769403134086,0.5513681212355473,-0.5516742349655182,0.73,0.5,c1214e33d698daa7cda082cd2c20ef0e4553d8d63b46ac77494e9685a50a1187
518,cocoglide:000000226130:real,real,nebula/CocoGlide,000000226130,cocoglide:000000226130,0.9962778687477112,0.013113533146679401,0.0,synthetic,synthetic_evidence,real,level1_real,False,0.018375980023786317,,0.16661684183479114,-1.5397180093240017,-0.8009139685768576,0.73,0.5,c1214e33d698daa7cda082cd2c20ef0e4553d8d63b46ac77494e9685a50a1187
519,diffusiondb:0e36c9a4-f7fc-4295-9c28-7f3eee80f862.png,synthetic,poloclub/diffusiondb,0e36c9a4-f7fc-4295-9c28-7f3eee80f862.png,diffusiondb:0e36c9a4-f7fc-4295-9c28-7f3eee80f862.png,0.9940696954727173,0.9749482274055481,0.6004562377929688,,conflicting_evidence,synthetic,level2_synthetic,False,0.9977698793488876,0.6817277220685292,0.14768579988710445,0.8277454057842727,1.0034368311893191,0.73,0.5,c1214e33d698daa7cda082cd2c20ef0e4553d8d63b46ac77494e9685a50a1187
520,cocoglide:000000051309:edited,edited,nebula/CocoGlide,000000051309,cocoglide:000000051309,0.995452880859375,0.9824656844139099,0.2598812697625395,,conflicting_evidence,edited,level2_edited,False,0.989230848357171,0.23221612213912077,0.15954408151417324,0.8462489018092934,-0.019979493378740776,0.73,0.5,c1214e33d698daa7cda082cd2c20ef0e4553d8d63b46ac77494e9685a50a1187
521,cocoglide:000000478393:real,real,nebula/CocoGlide,000000478393,cocoglide:000000478393,0.9958497285842896,0.04258890077471733,0.0,synthetic,synthetic_evidence,real,level1_real,False,0.022779758261851163,,0.16294632399771303,-1.4671672322281346,-0.8009139685768576,0.73,0.5,c1214e33d698daa7cda082cd2c20ef0e4553d8d63b46ac77494e9685a50a1187
522,cocoglide:000000068765:edited,edited,nebula/CocoGlide,000000068765,cocoglide:000000068765,0.9931343793869019,0.9725806713104248,0.02969515314030628,,conflicting_evidence,edited,level2_edited,False,0.965458618214366,0.08085338427993671,0.13966717732001133,0.8219178945997859,-0.7116810321103624,0.73,0.5,c1214e33d698daa7cda082cd2c20ef0e4553d8d63b46ac77494e9685a50a1187
523,diffusiondb:4f8da995-d277-4767-a5d7-5f915696f959.png,synthetic,poloclub/diffusiondb,4f8da995-d277-4767-a5d7-5f915696f959.png,diffusiondb:4f8da995-d277-4767-a5d7-5f915696f959.png,0.9889748096466064,0.703090488910675,0.18822479248046875,,conflicting_evidence,synthetic,level2_synthetic,False,0.8879899850310456,0.5122155495403091,0.10400648432567268,0.15859377937448355,-0.23530479762998965,0.73,0.5,c1214e33d698daa7cda082cd2c20ef0e4553d8d63b46ac77494e9685a50a1187
524,cocoglide:000000221693:edited,edited,nebula/CocoGlide,000000221693,cocoglide:000000221693,0.9959405660629272,0.9901609420776367,0.043044554839109676,,conflicting_evidence,edited,level2_edited,False,0.9716132897567914,0.07875727212164407,0.16372508902398436,0.8651900370141766,-0.671566528978261,0.73,0.5,c1214e33d698daa7cda082cd2c20ef0e4553d8d63b46ac77494e9685a50a1187
525,diffusiondb:228dd830-5ea2-4a10-9810-8c33b6975a8c.png,synthetic,poloclub/diffusiondb,228dd830-5ea2-4a10-9810-8c33b6975a8c.png,diffusiondb:228dd830-5ea2-4a10-9810-8c33b6975a8c.png,0.9943469166755676,0.9967607855796814,0.489373779296875,,conflicting_evidence,synthetic,level2_synthetic,False,0.996767945934524,0.5022638330565273,0.1500624640191176,0.8814349158169427,0.6696377793814391,0.73,0.5,c1214e33d698daa7cda082cd2c20ef0e4553d8d63b46ac77494e9685a50a1187
526,cocoglide:000000361571:edited,edited,nebula/CocoGlide,000000361571,cocoglide:000000361571,0.9943716526031494,0.9962013363838196,0.5124126185752371,,conflicting_evidence,synthetic,level2_synthetic,False,0.9970949783296933,0.5353868752495612,0.15027452929858126,0.8800578855312602,0.7388687165607946,0.73,0.5,c1214e33d698daa7cda082cd2c20ef0e4553d8d63b46ac77494e9685a50a1187
527,cocoglide:000000452122:edited,edited,nebula/CocoGlide,000000452122,cocoglide:000000452122,0.9890009164810181,0.9987745881080627,0.14251697253394507,,conflicting_evidence,edited,level2_edited,False,0.9830516756274607,0.12437115309561504,0.10423030262062469,0.8863916966854775,-0.3726552593042911,0.73,0.5,c1214e33d698daa7cda082cd2c20ef0e4553d8d63b46ac77494e9685a50a1187
528,cocoglide:000000311518:real,real,nebula/CocoGlide,000000311518,cocoglide:000000311518,0.9944191575050354,0.059547703713178635,0.0,synthetic,synthetic_evidence,real,level1_real,False,0.025693001699610384,,0.15068179683528615,-1.4254247729880107,-0.8009139685768576,0.73,0.5,c1214e33d698daa7cda082cd2c20ef0e4553d8d63b46ac77494e9685a50a1187
529,cocoglide:000000544811:edited,edited,nebula/CocoGlide,000000544811,cocoglide:000000544811,0.9753615856170654,0.8846931457519531,0.2086023234546469,edited,edited_evidence,edited,level2_edited,False,0.9705015212338742,0.2873471963036402,-0.012701981474960537,0.6055912195005876,-0.1740710023984449,0.73,0.5,c1214e33d698daa7cda082cd2c20ef0e4553d8d63b46ac77494e9685a50a1187
530,cocoglide:000000355905:real,real,nebula/CocoGlide,000000355905,cocoglide:000000355905,0.9955092668533325,0.015518831089138985,0.0,synthetic,synthetic_evidence,real,level1_real,False,0.018669162135644093,,0.1600274881512157,-1.5337976002191958,-0.8009139685768576,0.73,0.5,c1214e33d698daa7cda082cd2c20ef0e4553d8d63b46ac77494e9685a50a1187
531,cocoglide:000000552612:edited,edited,nebula/CocoGlide,000000552612,cocoglide:000000552612,0.9897783398628235,0.8299000263214111,0.1665720518941038,,conflicting_evidence,edited,level2_edited,False,0.9486266096953128,0.3056413772620221,0.11089528440386429,0.4707232360250888,-0.3003705548577592,0.73,0.5,c1214e33d698daa7cda082cd2c20ef0e4553d8d63b46ac77494e9685a50a1187
532,diffusiondb:5b803c38-d89e-45d7-8be7-314f9f89984d.png,synthetic,poloclub/diffusiondb,5b803c38-d89e-45d7-8be7-314f9f89984d.png,diffusiondb:5b803c38-d89e-45d7-8be7-314f9f89984d.png,0.9957833290100098,0.8562530875205994,0.71435546875,,conflicting_evidence,synthetic,level2_synthetic,False,0.9968888032120895,0.8910651796633626,0.1623770692475383,0.5355887567196416,1.345700189507417,0.73,0.5,c1214e33d698daa7cda082cd2c20ef0e4553d8d63b46ac77494e9685a50a1187
533,cocoglide:000000416837:real,real,nebula/CocoGlide,000000416837,cocoglide:000000416837,0.9938010573387146,0.06911061704158783,0.0,synthetic,synthetic_evidence,real,level1_real,False,0.02750473504294942,,0.14538271985206183,-1.4018865833365084,-0.8009139685768576,0.73,0.5,c1214e33d698daa7cda082cd2c20ef0e4553d8d63b46ac77494e9685a50a1187
534,cocoglide:000000343076:real,real,nebula/CocoGlide,000000343076,cocoglide:000000343076,0.9953731894493103,0.0031243646517395973,0.0,synthetic,synthetic_evidence,real,level1_real,False,0.01703965133708027,,0.1588608736138289,-1.5643053849928994,-0.8009139685768576,0.73,0.5,c1214e33d698daa7cda082cd2c20ef0e4553d8d63b46ac77494e9685a50a1187
535,diffusiondb:21d08525-daad-4dcf-a739-d70d5f839d40.png,synthetic,poloclub/diffusiondb,21d08525-daad-4dcf-a739-d70d5f839d40.png,diffusiondb:21d08525-daad-4dcf-a739-d70d5f839d40.png,0.994944155216217,0.9270107746124268,0.0618133544921875,,conflicting_evidence,edited,level2_edited,False,0.9588714421180947,0.12115473360830577,0.15518269076664967,0.7097519851075074,-0.615166917261081,0.73,0.5,c1214e33d698daa7cda082cd2c20ef0e4553d8d63b46ac77494e9685a50a1187
536,diffusiondb:815762fb-c5f1-47a0-bde3-e0e6cbfa941a.png,synthetic,poloclub/diffusiondb,815762fb-c5f1-47a0-bde3-e0e6cbfa941a.png,diffusiondb:815762fb-c5f1-47a0-bde3-e0e6cbfa941a.png,0.9951475262641907,0.9626724720001221,0.7348747253417969,,conflicting_evidence,synthetic,level2_synthetic,False,0.9987238896558195,0.8305194909774278,0.15692622506431228,0.7975298167764782,1.4073598654533293,0.73,0.5,c1214e33d698daa7cda082cd2c20ef0e4553d8d63b46ac77494e9685a50a1187
537,cocoglide:000000508639:edited,edited,nebula/CocoGlide,000000508639,cocoglide:000000508639,0.9952269792556763,0.9048281908035278,0.05902024304048608,,conflicting_evidence,edited,level2_edited,False,0.9512201187919553,0.13395902838256984,0.15760738896196302,0.6551516926314626,-0.6235601232343216,0.73,0.5,c1214e33d698daa7cda082cd2c20ef0e4553d8d63b46ac77494e9685a50a1187
538,cocoglide:000000311518:edited,edited,nebula/CocoGlide,000000311518,cocoglide:000000311518,0.9937751293182373,0.983361542224884,0.07645971541943083,,conflicting_evidence,edited,level2_edited,False,0.9743732474837702,0.09694500385484844,0.14516043455913005,0.8484539694838946,-0.5711550952674066,0.73,0.5,c1214e33d698daa7cda082cd2c20ef0e4553d8d63b46ac77494e9685a50a1187
539,cocoglide:000000276284:edited,edited,nebula/CocoGlide,000000276284,cocoglide:000000276284,0.9961250424385071,0.9902169704437256,0.18146176917353835,,conflicting_evidence,edited,level2_edited,False,0.9852485998738961,0.15682186193914138,0.16530663610817717,0.8653279454382701,-0.25562745521041536,0.73,0.5,c1214e33d698daa7cda082cd2c20ef0e4553d8d63b46ac77494e9685a50a1187
540,cocoglide:000000434297:real,real,nebula/CocoGlide,000000434297,cocoglide:000000434297,0.9919092059135437,0.1416386067867279,0.0,synthetic,synthetic_evidence,real,level1_real,False,0.04618327255089255,,0.1291635584781429,-1.2233659255583291,-0.8009139685768576,0.73,0.5,c1214e33d698daa7cda082cd2c20ef0e4553d8d63b46ac77494e9685a50a1187
541,cocoglide:000000274687:edited,edited,nebula/CocoGlide,000000274687,cocoglide:000000274687,0.9958255290985107,0.9730666875839233,0.07637252774505549,,conflicting_evidence,edited,level2_edited,False,0.972500968772232,0.10235609123270611,0.16273885772431002,0.8231141768232523,-0.5714170912965713,0.73,0.5,c1214e33d698daa7cda082cd2c20ef0e4553d8d63b46ac77494e9685a50a1187
542,diffusiondb:a831d430-153e-49e7-88fb-33126a9ca1af.png,synthetic,poloclub/diffusiondb,a831d430-153e-49e7-88fb-33126a9ca1af.png,diffusiondb:a831d430-153e-49e7-88fb-33126a9ca1af.png,0.9925133585929871,0.9847113490104675,1.0,,conflicting_evidence,synthetic,level2_synthetic,False,0.9996965224363682,0.9501993925217164,0.1343430613037901,0.8517763888158321,2.2040523989942935,0.73,0.5,c1214e33d698daa7cda082cd2c20ef0e4553d8d63b46ac77494e9685a50a1187
543,diffusiondb:75cfb08d-0d46-4c21-9fdc-e5ae641a5ca3.png,synthetic,poloclub/diffusiondb,75cfb08d-0d46-4c21-9fdc-e5ae641a5ca3.png,diffusiondb:75cfb08d-0d46-4c21-9fdc-e5ae641a5ca3.png,0.9952541589736938,0.9003055691719055,0.5566062927246094,,conflicting_evidence,synthetic,level2_synthetic,False,0.9952117360969553,0.722247292343259,0.15784040526903634,0.644019695296418,0.8716692210390569,0.73,0.5,c1214e33d698daa7cda082cd2c20ef0e4553d8d63b46ac77494e9685a50a1187
544,cocoglide:000000417876:real,real,nebula/CocoGlide,000000417876,cocoglide:000000417876,0.9953936338424683,0.18372447788715363,0.0,synthetic,synthetic_evidence,real,level1_real,False,0.06268994206180299,,0.1590361468448073,-1.1197756093450066,-0.8009139685768576,0.73,0.5,c1214e33d698daa7cda082cd2c20ef0e4553d8d63b46ac77494e9685a50a1187
545,diffusiondb:98a7ef2b-c591-4116-b258-24b80a815717.png,synthetic,poloclub/diffusiondb,98a7ef2b-c591-4116-b258-24b80a815717.png,diffusiondb:98a7ef2b-c591-4116-b258-24b80a815717.png,0.9868713617324829,0.9983225464820862,0.999969482421875,edited,edited_evidence,synthetic,level2_synthetic,False,0.9997220790071547,0.9462378762247949,0.08597327056116102,0.885279039783004,2.2039606946984085,0.73,0.5,c1214e33d698daa7cda082cd2c20ef0e4553d8d63b46ac77494e9685a50a1187
546,cocoglide:000000229997:real,real,nebula/CocoGlide,000000229997,cocoglide:000000229997,0.995628833770752,0.13330882787704468,0.0,synthetic,synthetic_evidence,real,level1_real,False,0.043891441438535204,,0.16105255550206893,-1.243868873666071,-0.8009139685768576,0.73,0.5,c1214e33d698daa7cda082cd2c20ef0e4553d8d63b46ac77494e9685a50a1187
547,cocoglide:000000276284:real,real,nebula/CocoGlide,000000276284,cocoglide:000000276284,0.9964349269866943,0.07018491625785828,0.0,synthetic,synthetic_evidence,real,level1_real,False,0.027892180000847106,,0.167963328609217,-1.3992422993378328,-0.8009139685768576,0.73,0.5,c1214e33d698daa7cda082cd2c20ef0e4553d8d63b46ac77494e9685a50a1187
548,diffusiondb:9cb5e174-6cb7-4532-9fb7-cd69d846429c.png,synthetic,poloclub/diffusiondb,9cb5e174-6cb7-4532-9fb7-cd69d846429c.png,diffusiondb:9cb5e174-6cb7-4532-9fb7-cd69d846429c.png,0.9940913319587708,0.9974972605705261,0.9365289861505682,,conflicting_evidence,synthetic,level2_synthetic,False,0.9996268443613633,0.9253076396411067,0.14787129313155098,0.8832476780383247,2.0133241370611086,0.73,0.5,c1214e33d698daa7cda082cd2c20ef0e4553d8d63b46ac77494e9685a50a1187
549,cocoglide:000000291861:edited,edited,nebula/CocoGlide,000000291861,cocoglide:000000291861,0.6413189768791199,0.9531443119049072,0.2502790005580011,edited,edited_evidence,edited,level2_edited,False,0.9677118574778013,0.2508088796120917,-2.8765056104497835,0.7740771688595747,-0.04883398939074281,0.73,0.5,c1214e33d698daa7cda082cd2c20ef0e4553d8d63b46ac77494e9685a50a1187
550,cocoglide:000000053994:real,real,nebula/CocoGlide,000000053994,cocoglide:000000053994,0.9937185049057007,0.004508617799729109,0.0,synthetic,synthetic_evidence,real,level1_real,False,0.017146438779613082,,0.14467498391939398,-1.5608981792592376,-0.8009139685768576,0.73,0.5,c1214e33d698daa7cda082cd2c20ef0e4553d8d63b46ac77494e9685a50a1187
551,diffusiondb:355e54f8-ef70-408f-befe-46fc94826ddd.png,synthetic,poloclub/diffusiondb,355e54f8-ef70-408f-befe-46fc94826ddd.png,diffusiondb:355e54f8-ef70-408f-befe-46fc94826ddd.png,0.9940081834793091,0.9167741537094116,0.16980710803952992,,conflicting_evidence,edited,level2_edited,False,0.9731735685370237,0.21173066772996327,0.14715844719214907,0.6845555291812685,-0.2906493199435493,0.73,0.5,c1214e33d698daa7cda082cd2c20ef0e4553d8d63b46ac77494e9685a50a1187
552,diffusiondb:70833333-5714-477e-960e-8637a6fdda14.png,synthetic,poloclub/diffusiondb,70833333-5714-477e-960e-8637a6fdda14.png,diffusiondb:70833333-5714-477e-960e-8637a6fdda14.png,0.9958171248435974,0.8136336803436279,0.11779624537417763,,conflicting_evidence,edited,level2_edited,False,0.9291423411158389,0.269263071827074,0.16266680662935973,0.43068519286678,-0.446940213001295,0.73,0.5,c1214e33d698daa7cda082cd2c20ef0e4553d8d63b46ac77494e9685a50a1187
553,cocoglide:000000293044:real,real,nebula/CocoGlide,000000293044,cocoglide:000000293044,0.9941903352737427,0.08542152494192123,0.0,synthetic,synthetic_evidence,real,level1_real,False,0.030989479647554493,,0.148720065250079,-1.3617388552999412,-0.8009139685768576,0.73,0.5,c1214e33d698daa7cda082cd2c20ef0e4553d8d63b46ac77494e9685a50a1187
554,diffusiondb:ff239397-9307-4cfb-a076-39fd5747b948.png,synthetic,poloclub/diffusiondb,ff239397-9307-4cfb-a076-39fd5747b948.png,diffusiondb:ff239397-9307-4cfb-a076-39fd5747b948.png,0.9940140843391418,0.928503692150116,0.3252000075120192,,conflicting_evidence,edited,level2_edited,False,0.9882073521201783,0.3750236085036424,0.1472090362588163,0.7134266577652411,0.17630111673064594,0.73,0.5,c1214e33d698daa7cda082cd2c20ef0e4553d8d63b46ac77494e9685a50a1187
555,cocoglide:000000415238:edited,edited,nebula/CocoGlide,000000415238,cocoglide:000000415238,0.996019184589386,0.9861944913864136,0.15343771312542626,,conflicting_evidence,edited,level2_edited,False,0.9826396669872387,0.13994033469776013,0.16439909891220741,0.8554270008548942,-0.3398388011179211,0.73,0.5,c1214e33d698daa7cda082cd2c20ef0e4553d8d63b46ac77494e9685a50a1187
556,cocoglide:000000251119:real,real,nebula/CocoGlide,000000251119,cocoglide:000000251119,0.996004045009613,0.05387654900550842,0.0,synthetic,synthetic_evidence,real,level1_real,False,0.02474486553796649,,0.16426930474116216,-1.4393837738142117,-0.8009139685768576,0.73,0.5,c1214e33d698daa7cda082cd2c20ef0e4553d8d63b46ac77494e9685a50a1187
557,cocoglide:000000451693:real,real,nebula/CocoGlide,000000451693,cocoglide:000000451693,0.9956621527671814,0.24596595764160156,0.0,synthetic,synthetic_evidence,real,level1_real,False,0.0963156775618454,,0.1613382048785031,-0.9665742046749451,-0.8009139685768576,0.73,0.5,c1214e33d698daa7cda082cd2c20ef0e4553d8d63b46ac77494e9685a50a1187
558,diffusiondb:d7f7181f-625f-48b0-9cdf-131b10e4bf95.png,synthetic,poloclub/diffusiondb,d7f7181f-625f-48b0-9cdf-131b10e4bf95.png,diffusiondb:d7f7181f-625f-48b0-9cdf-131b10e4bf95.png,0.9949052333831787,0.9798203110694885,0.5906219482421875,,conflicting_evidence,synthetic,level2_synthetic,False,0.997749771999233,0.6632439593391014,0.15484900732691528,0.839737570236828,0.9738851218402651,0.73,0.5,c1214e33d698daa7cda082cd2c20ef0e4553d8d63b46ac77494e9685a50a1187
559,cocoglide:000000222991:edited,edited,nebula/CocoGlide,000000222991,cocoglide:000000222991,0.9940100908279419,0.8547606468200684,0.05927696230392461,,conflicting_evidence,edited,level2_edited,False,0.9305019532927808,0.17225233634692105,0.14717479921369805,0.5319152577506236,-0.6227886904817812,0.73,0.5,c1214e33d698daa7cda082cd2c20ef0e4553d8d63b46ac77494e9685a50a1187
560,cocoglide:000000147498:edited,edited,nebula/CocoGlide,000000147498,cocoglide:000000147498,0.9925724267959595,0.9965348243713379,0.37243861987723975,,conflicting_evidence,edited,level2_edited,False,0.9942989788559063,0.34375092154594117,0.13484946297113584,0.8808787340767954,0.31825155813886435,0.73,0.5,c1214e33d698daa7cda082cd2c20ef0e4553d8d63b46ac77494e9685a50a1187
561,diffusiondb:add6f6d1-2880-4415-be8e-ea6505617c4f.png,synthetic,poloclub/diffusiondb,add6f6d1-2880-4415-be8e-ea6505617c4f.png,diffusiondb:add6f6d1-2880-4415-be8e-ea6505617c4f.png,0.9941046833992004,0.9873359203338623,0.8913612365722656,,conflicting_evidence,synthetic,level2_synthetic,False,0.9994994695084182,0.9107582971051373,0.14798575728239402,0.8582365182180755,1.877596568679433,0.73,0.5,c1214e33d698daa7cda082cd2c20ef0e4553d8d63b46ac77494e9685a50a1187
562,cocoglide:000000545826:edited,edited,nebula/CocoGlide,000000545826,cocoglide:000000545826,0.9924052357673645,0.9840503931045532,0.3645258540517081,,conflicting_evidence,edited,level2_edited,False,0.993500366383541,0.35035972058969556,0.1334161060822309,0.8501495095447973,0.29447396295867545,0.73,0.5,c1214e33d698daa7cda082cd2c20ef0e4553d8d63b46ac77494e9685a50a1187
563,cocoglide:000000528980:edited,edited,nebula/CocoGlide,000000528980,cocoglide:000000528980,0.9944939017295837,0.9986048340797424,0.1235265283030566,,conflicting_evidence,edited,level2_edited,False,0.9816728980986689,0.11333835329460745,0.15132259167973777,0.885973863502692,-0.4297209055233466,0.73,0.5,c1214e33d698daa7cda082cd2c20ef0e4553d8d63b46ac77494e9685a50a1187
564,diffusiondb:ca1d83e3-a0c9-4b18-856d-7af58ccd28cc.png,synthetic,poloclub/diffusiondb,ca1d83e3-a0c9-4b18-856d-7af58ccd28cc.png,diffusiondb:ca1d83e3-a0c9-4b18-856d-7af58ccd28cc.png,0.9936994314193726,0.854002058506012,0.25279998779296875,,conflicting_evidence,edited,level2_edited,False,0.9712923191213924,0.38269922899037784,0.14451146370390394,0.5300480657150514,-0.041258507536588884,0.73,0.5,c1214e33d698daa7cda082cd2c20ef0e4553d8d63b46ac77494e9685a50a1187
565,cocoglide:000000571943:edited,edited,nebula/CocoGlide,000000571943,cocoglide:000000571943,0.993266224861145,0.9910901784896851,0.07937372124744249,,conflicting_evidence,edited,level2_edited,False,0.9760784804030453,0.09441569550365901,0.14079751080958627,0.8674772628988762,-0.5623986057593252,0.73,0.5,c1214e33d698daa7cda082cd2c20ef0e4553d8d63b46ac77494e9685a50a1187
566,cocoglide:000000292330:edited,edited,nebula/CocoGlide,000000292330,cocoglide:000000292330,0.9957981705665588,0.3399165868759155,0.0008089078678157356,synthetic,synthetic_evidence,real,level1_real,False,0.17766533969406403,,0.1625043084152165,-0.7353237841335785,-0.7984832276396077,0.73,0.5,c1214e33d698daa7cda082cd2c20ef0e4553d8d63b46ac77494e9685a50a1187
567,diffusiondb:2f4cde86-49ea-4c83-b3df-2723c769d856.png,synthetic,poloclub/diffusiondb,2f4cde86-49ea-4c83-b3df-2723c769d856.png,diffusiondb:2f4cde86-49ea-4c83-b3df-2723c769d856.png,0.9950321912765503,0.8128566145896912,0.3535041809082031,,conflicting_evidence,synthetic,level2_synthetic,False,0.9759393439192571,0.5818445723889557,0.15593743876127092,0.4287725203934748,0.2613542058480807,0.73,0.5,c1214e33d698daa7cda082cd2c20ef0e4553d8d63b46ac77494e9685a50a1187
568,diffusiondb:dddeaf24-8af5-4f18-b0a6-0032b20ef552.png,synthetic,poloclub/diffusiondb,dddeaf24-8af5-4f18-b0a6-0032b20ef552.png,diffusiondb:dddeaf24-8af5-4f18-b0a6-0032b20ef552.png,0.9903625845909119,0.9992252588272095,0.9728171608664773,,conflicting_evidence,synthetic,level2_synthetic,False,0.9996879699964483,0.9376279230813049,0.11590411300459376,0.8875009792328933,2.122368881622961,0.73,0.5,c1214e33d698daa7cda082cd2c20ef0e4553d8d63b46ac77494e9685a50a1187
569,diffusiondb:83d68072-4081-4496-b287-9d6b1f2ebc01.png,synthetic,poloclub/diffusiondb,83d68072-4081-4496-b287-9d6b1f2ebc01.png,diffusiondb:83d68072-4081-4496-b287-9d6b1f2ebc01.png,0.9943625926971436,0.7478823661804199,0.1292724609375,,conflicting_evidence,edited,level2_edited,False,0.8941527022581848,0.36674573586526255,0.15019685719622347,0.2688446690160256,-0.4124545712065147,0.73,0.5,c1214e33d698daa7cda082cd2c20ef0e4553d8d63b46ac77494e9685a50a1187
570,cocoglide:000000061471:edited,edited,nebula/CocoGlide,000000061471,cocoglide:000000061471,0.9952340722084045,0.9979206323623657,0.1312755750511501,,conflicting_evidence,edited,level2_edited,False,0.9822755285458478,0.11821102186135811,0.15766819804209836,0.8842897669067674,-0.40643528066458906,0.73,0.5,c1214e33d698daa7cda082cd2c20ef0e4553d8d63b46ac77494e9685a50a1187
571,cocoglide:000000003501:real,real,nebula/CocoGlide,000000003501,cocoglide:000000003501,0.995802104473114,0.37223052978515625,0.0,synthetic,synthetic_evidence,real,level1_real,False,0.2150820548794722,,0.1625380344596613,-0.6557861275152833,-0.8009139685768576,0.73,0.5,c1214e33d698daa7cda082cd2c20ef0e4553d8d63b46ac77494e9685a50a1187
572,cocoglide:000000053994:edited,edited,nebula/CocoGlide,000000053994,cocoglide:000000053994,0.9912291765213013,0.9973942041397095,0.2360712846425693,,conflicting_evidence,edited,level2_edited,False,0.9890867954650048,0.19499917634537348,0.12333355179524934,0.8829940145646464,-0.09152769787662081,0.73,0.5,c1214e33d698daa7cda082cd2c20ef0e4553d8d63b46ac77494e9685a50a1187
573,cocoglide:000000107554:edited,edited,nebula/CocoGlide,000000107554,cocoglide:000000107554,0.9953511953353882,0.25452059507369995,0.0005366885733771468,synthetic,synthetic_evidence,real,level1_real,False,0.10219627348047428,,0.15867231436534193,-0.9455177889822108,-0.7993012374639996,0.73,0.5,c1214e33d698daa7cda082cd2c20ef0e4553d8d63b46ac77494e9685a50a1187
574,cocoglide:000000404568:real,real,nebula/CocoGlide,000000404568,cocoglide:000000404568,0.9926636219024658,0.021666135638952255,0.0,synthetic,synthetic_evidence,real,level1_real,False,0.019398971138436156,,0.1356312940014476,-1.5186666024395559,-0.8009139685768576,0.73,0.5,c1214e33d698daa7cda082cd2c20ef0e4553d8d63b46ac77494e9685a50a1187
575,cocoglide:000000407574:real,real,nebula/CocoGlide,000000407574,cocoglide:000000407574,0.9935088157653809,0.0685846284031868,0.0,synthetic,synthetic_evidence,real,level1_real,False,0.02738096350984714,,0.1428772835503503,-1.4031812536843447,-0.8009139685768576,0.73,0.5,c1214e33d698daa7cda082cd2c20ef0e4553d8d63b46ac77494e9685a50a1187
576,diffusiondb:2c8e2c6f-371d-45ab-a9ab-bd2bd6da8cbc.png,synthetic,poloclub/diffusiondb,2c8e2c6f-371d-45ab-a9ab-bd2bd6da8cbc.png,diffusiondb:2c8e2c6f-371d-45ab-a9ab-bd2bd6da8cbc.png,0.9954197406768799,0.8812749981880188,0.6857261657714844,,conflicting_evidence,synthetic,level2_synthetic,False,0.9970344547917329,0.8573253799385759,0.1592599651397593,0.5971777786532583,1.259670096929973,0.73,0.5,c1214e33d698daa7cda082cd2c20ef0e4553d8d63b46ac77494e9685a50a1187
577,cocoglide:000000199681:real,real,nebula/CocoGlide,000000199681,cocoglide:000000199681,0.9943053126335144,0.012186786159873009,0.0,synthetic,synthetic_evidence,real,level1_real,False,0.01816633267974007,,0.14970578554907993,-1.5419991077283552,-0.8009139685768576,0.73,0.5,c1214e33d698daa7cda082cd2c20ef0e4553d8d63b46ac77494e9685a50a1187
578,cocoglide:000000364587:real,real,nebula/CocoGlide,000000364587,cocoglide:000000364587,0.9734459519386292,0.2833058536052704,0.0,real,no_evidence,real,level1_real,False,0.117813380611613,,-0.029125032117568644,-0.8746656489266506,-0.8009139685768576,0.73,0.5,c1214e33d698daa7cda082cd2c20ef0e4553d8d63b46ac77494e9685a50a1187
579,cocoglide:000000279887:edited,edited,nebula/CocoGlide,000000279887,cocoglide:000000279887,0.9952936768531799,0.9735997915267944,0.2704687596875194,,conflicting_evidence,edited,level2_edited,False,0.9890634202327413,0.25273411088763775,0.15817919871550476,0.8244263608073928,0.011835557762822165,0.73,0.5,c1214e33d698daa7cda082cd2c20ef0e4553d8d63b46ac77494e9685a50a1187
580,diffusiondb:20769fce-770e-4f49-af5e-0516d6dec0db.png,synthetic,poloclub/diffusiondb,20769fce-770e-4f49-af5e-0516d6dec0db.png,diffusiondb:20769fce-770e-4f49-af5e-0516d6dec0db.png,0.9895092248916626,0.9991729259490967,0.9638394442471591,,conflicting_evidence,synthetic,level2_synthetic,False,0.9996733664035903,0.9346287412534233,0.10858811636343442,0.8873721668963463,2.0953911451243252,0.73,0.5,c1214e33d698daa7cda082cd2c20ef0e4553d8d63b46ac77494e9685a50a1187
581,cocoglide:000000024144:real,real,nebula/CocoGlide,000000024144,cocoglide:000000024144,0.9949517250061035,0.06930427253246307,0.0,synthetic,synthetic_evidence,real,level1_real,False,0.027617950588843213,,0.1552475878521723,-1.401409919006849,-0.8009139685768576,0.73,0.5,c1214e33d698daa7cda082cd2c20ef0e4553d8d63b46ac77494e9685a50a1187
582,cocoglide:000000453722:real,real,nebula/CocoGlide,000000453722,cocoglide:000000453722,0.9953538179397583,0.0029483854304999113,0.0,synthetic,synthetic_evidence,real,level1_real,False,0.017016847785480238,,0.15869479839497183,-1.5647385408881804,-0.8009139685768576,0.73,0.5,c1214e33d698daa7cda082cd2c20ef0e4553d8d63b46ac77494e9685a50a1187
583,cocoglide:000000455267:real,real,nebula/CocoGlide,000000455267,cocoglide:000000455267,0.9959896206855774,0.017747879028320312,0.0,synthetic,synthetic_evidence,real,level1_real,False,0.01899851404339486,,0.16414564257819783,-1.528311013513566,-0.8009139685768576,0.73,0.5,c1214e33d698daa7cda082cd2c20ef0e4553d8d63b46ac77494e9685a50a1187
584,diffusiondb:e98e4a86-a576-4ffe-a21c-7149423a37e9.png,synthetic,poloclub/diffusiondb,e98e4a86-a576-4ffe-a21c-7149423a37e9.png,diffusiondb:e98e4a86-a576-4ffe-a21c-7149423a37e9.png,0.9927458167076111,0.9972003102302551,0.5112113952636719,,conflicting_evidence,synthetic,level2_synthetic,False,0.9970884573644908,0.5322214982343436,0.13633596393007505,0.8825167633906292,0.7352590809095986,0.73,0.5,c1214e33d698daa7cda082cd2c20ef0e4553d8d63b46ac77494e9685a50a1187
585,diffusiondb:7cf3a115-4a75-4f1b-bce4-db2f1b1ca30f.png,synthetic,poloclub/diffusiondb,7cf3a115-4a75-4f1b-bce4-db2f1b1ca30f.png,diffusiondb:7cf3a115-4a75-4f1b-bce4-db2f1b1ca30f.png,0.9943038821220398,0.9116539359092712,0.4999796549479167,,conflicting_evidence,synthetic,level2_synthetic,False,0.9942121883856587,0.6388887170122122,0.14969352153291818,0.6719526064632864,0.7015080790114613,0.73,0.5,c1214e33d698daa7cda082cd2c20ef0e4553d8d63b46ac77494e9685a50a1187
586,cocoglide:000000328286:real,real,nebula/CocoGlide,000000328286,cocoglide:000000328286,0.9927141070365906,0.935032308101654,0.13350757951515904,,conflicting_evidence,edited,level2_edited,False,0.9720627453281524,0.16435307113772432,0.13606411157182283,0.729496216816101,-0.39972818231797347,0.73,0.5,c1214e33d698daa7cda082cd2c20ef0e4553d8d63b46ac77494e9685a50a1187
587,cocoglide:000000287959:edited,edited,nebula/CocoGlide,000000287959,cocoglide:000000287959,0.9958699345588684,0.9943887591362,0.4095224440448881,,conflicting_evidence,edited,level2_edited,False,0.9951897241909956,0.39520778062725076,0.16311955322599778,0.8755964013007462,0.42968720254356985,0.73,0.5,c1214e33d698daa7cda082cd2c20ef0e4553d8d63b46ac77494e9685a50a1187
588,diffusiondb:2ae4729b-1ab4-4c60-a1d9-9c692e741b49.png,synthetic,poloclub/diffusiondb,2ae4729b-1ab4-4c60-a1d9-9c692e741b49.png,diffusiondb:2ae4729b-1ab4-4c60-a1d9-9c692e741b49.png,0.994575023651123,0.9993784427642822,0.9993095397949219,,conflicting_evidence,synthetic,level2_synthetic,False,0.9997284776165009,0.9457497117909515,0.15201806359624387,0.8878780267328085,2.2019775892998874,0.73,0.5,c1214e33d698daa7cda082cd2c20ef0e4553d8d63b46ac77494e9685a50a1187
589,diffusiondb:4c1436a4-8238-40d4-8b89-734823a63e02.png,synthetic,poloclub/diffusiondb,4c1436a4-8238-40d4-8b89-734823a63e02.png,diffusiondb:4c1436a4-8238-40d4-8b89-734823a63e02.png,0.9932490587234497,0.995121955871582,0.9513397216796875,,conflicting_evidence,synthetic,level2_synthetic,False,0.9996456217429516,0.9317520605857897,0.1406503426156452,0.877401094412208,2.0578298992051027,0.73,0.5,c1214e33d698daa7cda082cd2c20ef0e4553d8d63b46ac77494e9685a50a1187
590,cocoglide:000000101762:edited,edited,nebula/CocoGlide,000000101762,cocoglide:000000101762,0.9951422214508057,0.9991391897201538,0.534512756525513,,conflicting_evidence,synthetic,level2_synthetic,False,0.9974492855155292,0.5618446785036718,0.15688074600437912,0.8872891284197114,0.8052788878200564,0.73,0.5,c1214e33d698daa7cda082cd2c20ef0e4553d8d63b46ac77494e9685a50a1187
591,cocoglide:000000369757:real,real,nebula/CocoGlide,000000369757,cocoglide:000000369757,0.9945694804191589,0.02850375697016716,0.0,synthetic,synthetic_evidence,real,level1_real,False,0.020487720052521377,,0.15197054053361708,-1.501836456423157,-0.8009139685768576,0.73,0.5,c1214e33d698daa7cda082cd2c20ef0e4553d8d63b46ac77494e9685a50a1187
592,cocoglide:000000216636:edited,edited,nebula/CocoGlide,000000216636,cocoglide:000000216636,0.9932069182395935,0.9982041716575623,0.48408340566681135,,conflicting_evidence,edited,level2_edited,False,0.9967111467394645,0.49269215473792355,0.1402890651395469,0.8849876715593341,0.6537403845512126,0.73,0.5,c1214e33d698daa7cda082cd2c20ef0e4553d8d63b46ac77494e9685a50a1187
593,cocoglide:000000432468:edited,edited,nebula/CocoGlide,000000432468,cocoglide:000000432468,0.9953717589378357,0.9984774589538574,0.5962067549135098,,conflicting_evidence,synthetic,level2_synthetic,False,0.9980962336048445,0.6454625309039718,0.15884860959766714,0.8856603419045136,0.9906672780569757,0.73,0.5,c1214e33d698daa7cda082cd2c20ef0e4553d8d63b46ac77494e9685a50a1187
594,cocoglide:000000474170:real,real,nebula/CocoGlide,000000474170,cocoglide:000000474170,0.9961236119270325,0.06417098641395569,0.0,synthetic,synthetic_evidence,real,level1_real,False,0.026679146264233934,,0.16529437209201542,-1.4140450081311955,-0.8009139685768576,0.73,0.5,c1214e33d698daa7cda082cd2c20ef0e4553d8d63b46ac77494e9685a50a1187
595,cocoglide:000000523782:edited,edited,nebula/CocoGlide,000000523782,cocoglide:000000523782,0.9937064051628113,0.9982267022132874,0.8497543245086491,,conflicting_evidence,synthetic,level2_synthetic,False,0.999435558269586,0.8833909569828312,0.14457125078269248,0.8850431283511505,1.7525691972697752,0.73,0.5,c1214e33d698daa7cda082cd2c20ef0e4553d8d63b46ac77494e9685a50a1187
596,diffusiondb:3a7ec1a6-f4d5-4b2b-af34-ab324c569507.png,synthetic,poloclub/diffusiondb,3a7ec1a6-f4d5-4b2b-af34-ab324c569507.png,diffusiondb:3a7ec1a6-f4d5-4b2b-af34-ab324c569507.png,0.9941616654396057,0.6896906495094299,0.09427070617675781,,conflicting_evidence,edited,level2_edited,False,0.8219365306257236,0.40139209163851336,0.14847427392617052,0.1256113659305409,-0.5176336670685184,0.73,0.5,c1214e33d698daa7cda082cd2c20ef0e4553d8d63b46ac77494e9685a50a1187
597,diffusiondb:5589d97e-cd06-421d-8a98-4a8b6ded1686.png,synthetic,poloclub/diffusiondb,5589d97e-cd06-421d-8a98-4a8b6ded1686.png,diffusiondb:5589d97e-cd06-421d-8a98-4a8b6ded1686.png,0.9926978945732117,0.998512327671051,0.9963111877441406,,conflicting_evidence,synthetic,level2_synthetic,False,0.9997214759296474,0.9451395946223637,0.13592511938865628,0.8857461678918483,2.192967642229152,0.73,0.5,c1214e33d698daa7cda082cd2c20ef0e4553d8d63b46ac77494e9685a50a1187
598,diffusiondb:8f08779a-42dc-4bdd-976b-9d6abb0d599f.png,synthetic,poloclub/diffusiondb,8f08779a-42dc-4bdd-976b-9d6abb0d599f.png,diffusiondb:8f08779a-42dc-4bdd-976b-9d6abb0d599f.png,0.9956774115562439,0.998848021030426,0.7533912658691406,,conflicting_evidence,synthetic,level2_synthetic,False,0.9991102701226079,0.8145757744604072,0.16146902105089514,0.8865724447476936,1.4630014469817654,0.73,0.5,c1214e33d698daa7cda082cd2c20ef0e4553d8d63b46ac77494e9685a50a1187
599,diffusiondb:57de3fb5-e0bc-439c-87a7-6de710a2d7da.png,synthetic,poloclub/diffusiondb,57de3fb5-e0bc-439c-87a7-6de710a2d7da.png,diffusiondb:57de3fb5-e0bc-439c-87a7-6de710a2d7da.png,0.9911895990371704,0.9406541585922241,0.2779426574707031,,conflicting_evidence,edited,level2_edited,False,0.986406704111121,0.29985161113297176,0.12299424734810749,0.7433338600629883,0.03429436923595391,0.73,0.5,c1214e33d698daa7cda082cd2c20ef0e4553d8d63b46ac77494e9685a50a1187
600,cocoglide:000000528524:real,real,nebula/CocoGlide,000000528524,cocoglide:000000528524,0.9953939914703369,0.38716381788253784,1.16250232500465e-05,synthetic,synthetic_evidence,real,level1_real,False,0.23436115836805516,,0.15903921284884773,-0.6190292778727733,-0.800879035772969,0.73,0.5,c1214e33d698daa7cda082cd2c20ef0e4553d8d63b46ac77494e9685a50a1187
601,cocoglide:000000523782:real,real,nebula/CocoGlide,000000523782,cocoglide:000000523782,0.9949710369110107,0.016800159588456154,0.0,synthetic,synthetic_evidence,real,level1_real,False,0.018821472278519182,,0.15541315207035597,-1.530643733590163,-0.8009139685768576,0.73,0.5,c1214e33d698daa7cda082cd2c20ef0e4553d8d63b46ac77494e9685a50a1187
602,diffusiondb:d86fc367-6912-47c9-9753-9d50a4088381.png,synthetic,poloclub/diffusiondb,d86fc367-6912-47c9-9753-9d50a4088381.png,diffusiondb:d86fc367-6912-47c9-9753-9d50a4088381.png,0.9948340654373169,0.9521493315696716,0.9086456298828125,,conflicting_evidence,synthetic,level2_synthetic,False,0.9994020577279612,0.9326153288489641,0.15423887252286805,0.7716281206431995,1.9295355892614983,0.73,0.5,c1214e33d698daa7cda082cd2c20ef0e4553d8d63b46ac77494e9685a50a1187
603,cocoglide:000000176232:real,real,nebula/CocoGlide,000000176232,cocoglide:000000176232,0.6727650165557861,0.004003031179308891,0.0,real,no_evidence,real,level1_real,False,0.0079478526456036,,-2.6069134081760583,-1.5621426320058038,-0.8009139685768576,0.73,0.5,c1214e33d698daa7cda082cd2c20ef0e4553d8d63b46ac77494e9685a50a1187
604,cocoglide:000000570456:edited,edited,nebula/CocoGlide,000000570456,cocoglide:000000570456,0.9915696978569031,0.9936590194702148,0.04380696261392523,,conflicting_evidence,edited,level2_edited,False,0.9721403130087058,0.07756399809639329,0.12625289864242006,0.8738002174324733,-0.6692755192565655,0.73,0.5,c1214e33d698daa7cda082cd2c20ef0e4553d8d63b46ac77494e9685a50a1187
605,diffusiondb:4dff7727-2308-4b73-9c70-8472e9ff89e9.png,synthetic,poloclub/diffusiondb,4dff7727-2308-4b73-9c70-8472e9ff89e9.png,diffusiondb:4dff7727-2308-4b73-9c70-8472e9ff89e9.png,1.0,0.9981688261032104,1.0,,conflicting_evidence,synthetic,level2_synthetic,False,0.999730472787327,0.9463255366553552,0.19852730088700027,0.8849006718832837,2.2040523989942935,0.73,0.5,c1214e33d698daa7cda082cd2c20ef0e4553d8d63b46ac77494e9685a50a1187
606,cocoglide:000000393838:edited,edited,nebula/CocoGlide,000000393838,cocoglide:000000393838,0.9936477541923523,0.9752341508865356,0.6052771793043586,,conflicting_evidence,synthetic,level2_synthetic,False,0.9978234607373028,0.6872081831305699,0.1440684261200606,0.8284491788804179,1.0179235982910735,0.73,0.5,c1214e33d698daa7cda082cd2c20ef0e4553d8d63b46ac77494e9685a50a1187
607,cocoglide:000000286849:real,real,nebula/CocoGlide,000000286849,cocoglide:000000286849,0.9953632354736328,0.18875719606876373,0.0,synthetic,synthetic_evidence,real,level1_real,False,0.06493301634121022,,0.15877553650137002,-1.1073880585063534,-0.8009139685768576,0.73,0.5,c1214e33d698daa7cda082cd2c20ef0e4553d8d63b46ac77494e9685a50a1187
608,cocoglide:000000274687:real,real,nebula/CocoGlide,000000274687,cocoglide:000000274687,0.9958885312080383,0.018970584496855736,0.0,synthetic,synthetic_evidence,real,level1_real,False,0.019165044204725503,,0.1632789854361006,-1.5253014418257398,-0.8009139685768576,0.73,0.5,c1214e33d698daa7cda082cd2c20ef0e4553d8d63b46ac77494e9685a50a1187
609,diffusiondb:df9e683e-f491-4939-9247-ff5e055a4e1f.png,synthetic,poloclub/diffusiondb,df9e683e-f491-4939-9247-ff5e055a4e1f.png,diffusiondb:df9e683e-f491-4939-9247-ff5e055a4e1f.png,0.9955611228942871,0.5373401641845703,0.01575261896306818,synthetic,synthetic_evidence,,level1_inconclusive,True,0.5037995334951723,,0.16047205873707926,-0.24938467282070886,-0.7535778783916742,0.73,0.5,c1214e33d698daa7cda082cd2c20ef0e4553d8d63b46ac77494e9685a50a1187
610,diffusiondb:e3c8b963-9927-4046-9362-b674a8997712.png,synthetic,poloclub/diffusiondb,e3c8b963-9927-4046-9362-b674a8997712.png,diffusiondb:e3c8b963-9927-4046-9362-b674a8997712.png,0.0275021493434906,0.9993728995323181,0.9778823852539062,edited,edited_evidence,synthetic,level2_synthetic,False,0.9969034383984127,0.9364581417470876,-8.138860807781427,0.8878643826014886,2.1375897105513864,0.73,0.5,c1214e33d698daa7cda082cd2c20ef0e4553d8d63b46ac77494e9685a50a1187
611,diffusiondb:93cf5bfd-0eef-485e-8163-3912e73561d2.png,synthetic,poloclub/diffusiondb,93cf5bfd-0eef-485e-8163-3912e73561d2.png,diffusiondb:93cf5bfd-0eef-485e-8163-3912e73561d2.png,0.9956138134002686,0.503140389919281,0.011165618896484375,synthetic,synthetic_evidence,,level1_inconclusive,True,0.4347549689385073,,0.1609237833323705,-0.33356412159846577,-0.7673616593198052,0.73,0.5,c1214e33d698daa7cda082cd2c20ef0e4553d8d63b46ac77494e9685a50a1187
612,diffusiondb:e1bac8b7-bde7-4fef-be58-f5b159cd0d4a.png,synthetic,poloclub/diffusiondb,e1bac8b7-bde7-4fef-be58-f5b159cd0d4a.png,diffusiondb:e1bac8b7-bde7-4fef-be58-f5b159cd0d4a.png,0.9959642887115479,0.9962814450263977,0.9718971252441406,,conflicting_evidence,synthetic,level2_synthetic,False,0.9996839107217945,0.9383531113987653,0.1639284672920001,0.880255065235496,2.1196042055208717,0.73,0.5,c1214e33d698daa7cda082cd2c20ef0e4553d8d63b46ac77494e9685a50a1187
613,diffusiondb:fabdd2d1-7f5b-4d27-941b-1b9f8929c568.png,synthetic,poloclub/diffusiondb,fabdd2d1-7f5b-4d27-941b-1b9f8929c568.png,diffusiondb:fabdd2d1-7f5b-4d27-941b-1b9f8929c568.png,0.995062530040741,0.885079026222229,0.22129058837890625,,conflicting_evidence,edited,level2_edited,False,0.9735346500562514,0.3018870523850163,0.15619753810403478,0.6065410270937591,-0.13594319303821284,0.73,0.5,c1214e33d698daa7cda082cd2c20ef0e4553d8d63b46ac77494e9685a50a1187
614,cocoglide:000000157390:real,real,nebula/CocoGlide,000000157390,cocoglide:000000157390,0.9958871006965637,0.02997281774878502,0.0,synthetic,synthetic_evidence,real,level1_real,False,0.020773859859563888,,0.16326672141993884,-1.49822050487898,-0.8009139685768576,0.73,0.5,c1214e33d698daa7cda082cd2c20ef0e4553d8d63b46ac77494e9685a50a1187
615,cocoglide:000000314914:edited,edited,nebula/CocoGlide,000000314914,cocoglide:000000314914,0.9946953654289246,0.027579043060541153,0.0,synthetic,synthetic_evidence,real,level1_real,False,0.020355502333105912,,0.15304977395585137,-1.5041125506039437,-0.8009139685768576,0.73,0.5,c1214e33d698daa7cda082cd2c20ef0e4553d8d63b46ac77494e9685a50a1187
616,diffusiondb:29675ed5-e2c7-45d9-bf18-e6cfa772e6cf.png,synthetic,poloclub/diffusiondb,29675ed5-e2c7-45d9-bf18-e6cfa772e6cf.png,diffusiondb:29675ed5-e2c7-45d9-bf18-e6cfa772e6cf.png,0.9836215376853943,0.9966564178466797,0.7524299621582031,edited,edited_evidence,synthetic,level2_synthetic,False,0.9990645919199801,0.8156203083443174,0.05811198084502419,0.8811780246992962,1.460112761661377,0.73,0.5,c1214e33d698daa7cda082cd2c20ef0e4553d8d63b46ac77494e9685a50a1187
617,diffusiondb:fedb2448-fd42-4e85-85ef-d29258d65f05.png,synthetic,poloclub/diffusiondb,fedb2448-fd42-4e85-85ef-d29258d65f05.png,diffusiondb:fedb2448-fd42-4e85-85ef-d29258d65f05.png,0.9894463419914246,0.9176278114318848,0.27979625355113635,,conflicting_evidence,edited,level2_edited,False,0.9839691884903667,0.33139515212960335,0.10804901065299068,0.6866567254045313,0.039864363116717476,0.73,0.5,c1214e33d698daa7cda082cd2c20ef0e4553d8d63b46ac77494e9685a50a1187
618,diffusiondb:ff62e04f-f4c6-4f82-b76c-c3a8adb7420b.png,synthetic,poloclub/diffusiondb,ff62e04f-f4c6-4f82-b76c-c3a8adb7420b.png,diffusiondb:ff62e04f-f4c6-4f82-b76c-c3a8adb7420b.png,0.9913062453269958,0.9950211048126221,0.4532483033459596,,conflicting_evidence,edited,level2_edited,False,0.9960763685943673,0.4541833599251843,0.1239942756659638,0.8771528592488397,0.561081939136438,0.73,0.5,c1214e33d698daa7cda082cd2c20ef0e4553d8d63b46ac77494e9685a50a1187
619,diffusiondb:ab26ea2d-a7a0-468b-bcde-f1c1fffd527c.png,synthetic,poloclub/diffusiondb,ab26ea2d-a7a0-468b-bcde-f1c1fffd527c.png,diffusiondb:ab26ea2d-a7a0-468b-bcde-f1c1fffd527c.png,0.9940646290779114,0.9981623888015747,0.987274169921875,,conflicting_evidence,synthetic,level2_synthetic,False,0.9997092683504011,0.9425624128413381,0.14764236482986492,0.8848848270856219,2.1658117076101027,0.73,0.5,c1214e33d698daa7cda082cd2c20ef0e4553d8d63b46ac77494e9685a50a1187
620,diffusiondb:d60421ea-71be-4eaa-b9b9-4d895f31a26a.png,synthetic,poloclub/diffusiondb,d60421ea-71be-4eaa-b9b9-4d895f31a26a.png,diffusiondb:d60421ea-71be-4eaa-b9b9-4d895f31a26a.png,0.977354109287262,0.9986988306045532,1.0,edited,edited_evidence,synthetic,level2_synthetic,False,0.999716465156876,0.94610972304308,0.00438026003634182,0.8862052268907723,2.2040523989942935,0.73,0.5,c1214e33d698daa7cda082cd2c20ef0e4553d8d63b46ac77494e9685a50a1187
621,cocoglide:000000540280:edited,edited,nebula/CocoGlide,000000540280,cocoglide:000000540280,0.9888775944709778,0.9959718585014343,0.5651805366110733,,conflicting_evidence,synthetic,level2_synthetic,False,0.9977123936326034,0.6080944481565201,0.10317304222734686,0.8794930478368347,0.8974345355452333,0.73,0.5,c1214e33d698daa7cda082cd2c20ef0e4553d8d63b46ac77494e9685a50a1187
622,cocoglide:000000251119:edited,edited,nebula/CocoGlide,000000251119,cocoglide:000000251119,0.9956201910972595,0.9985829591751099,0.31905457560915124,,conflicting_evidence,edited,level2_edited,False,0.9928008027447012,0.2771876409747003,0.160978460404425,0.8859200205328598,0.15783430054832887,0.73,0.5,c1214e33d698daa7cda082cd2c20ef0e4553d8d63b46ac77494e9685a50a1187
623,diffusiondb:ca16b8fa-1d2a-4092-bc34-b7f3715d929f.png,synthetic,poloclub/diffusiondb,ca16b8fa-1d2a-4092-bc34-b7f3715d929f.png,diffusiondb:ca16b8fa-1d2a-4092-bc34-b7f3715d929f.png,0.9948853850364685,0.971455454826355,0.5102882385253906,,conflicting_evidence,synthetic,level2_synthetic,False,0.9964751911561941,0.5685190919558092,0.15467884410267096,0.8191482826529382,0.7324850259590667,0.73,0.5,c1214e33d698daa7cda082cd2c20ef0e4553d8d63b46ac77494e9685a50a1187
624,cocoglide:000000064495:real,real,nebula/CocoGlide,000000064495,cocoglide:000000064495,0.9944228529930115,0.002682784106582403,0.0,synthetic,synthetic_evidence,real,level1_real,False,0.016946203394561207,,0.15071347887703734,-1.565392292952992,-0.8009139685768576,0.73,0.5,c1214e33d698daa7cda082cd2c20ef0e4553d8d63b46ac77494e9685a50a1187
625,cocoglide:000000003845:edited,edited,nebula/CocoGlide,000000003845,cocoglide:000000003845,0.9964152574539185,0.7480831146240234,0.021349355198710396,,conflicting_evidence,edited,level2_edited,False,0.8347628294638165,0.23983553509736333,0.1677946983869929,0.2693387919653308,-0.7367598742354026,0.73,0.5,c1214e33d698daa7cda082cd2c20ef0e4553d8d63b46ac77494e9685a50a1187
626,diffusiondb:6ea5d5cd-3865-4323-9ca4-f6a285137341.png,synthetic,poloclub/diffusiondb,6ea5d5cd-3865-4323-9ca4-f6a285137341.png,diffusiondb:6ea5d5cd-3865-4323-9ca4-f6a285137341.png,0.992723286151886,0.43359169363975525,0.0008267489346590909,synthetic,synthetic_evidence,,level1_inconclusive,True,0.30168947737545454,,0.13614280567552742,-0.504751535603246,-0.7984296158337817,0.73,0.5,c1214e33d698daa7cda082cd2c20ef0e4553d8d63b46ac77494e9685a50a1187
627,cocoglide:000000104198:real,real,nebula/CocoGlide,000000104198,cocoglide:000000104198,0.793182909488678,0.05209511145949364,0.0,real,no_evidence,real,level1_real,False,0.015115799157315427,,-1.574550500708608,-1.4437686106699252,-0.8009139685768576,0.73,0.5,c1214e33d698daa7cda082cd2c20ef0e4553d8d63b46ac77494e9685a50a1187
628,diffusiondb:276b24cf-1384-4e21-ba67-916116208767.png,synthetic,poloclub/diffusiondb,276b24cf-1384-4e21-ba67-916116208767.png,diffusiondb:276b24cf-1384-4e21-ba67-916116208767.png,0.9891778230667114,0.8809084892272949,0.39359630237926135,,conflicting_evidence,synthetic,level2_synthetic,False,0.9877612689232451,0.5384152597488677,0.10574695261929486,0.5962756521641617,0.38182968247318794,0.73,0.5,c1214e33d698daa7cda082cd2c20ef0e4553d8d63b46ac77494e9685a50a1187
629,cocoglide:000000245764:real,real,nebula/CocoGlide,000000245764,cocoglide:000000245764,0.9944369792938232,0.028879815712571144,0.0,synthetic,synthetic_evidence,real,level1_real,False,0.020537783177713667,,0.15083458603663466,-1.5009108240666957,-0.8009139685768576,0.73,0.5,c1214e33d698daa7cda082cd2c20ef0e4553d8d63b46ac77494e9685a50a1187
630,cocoglide:000000488075:real,real,nebula/CocoGlide,000000488075,cocoglide:000000488075,0.9946742057800293,0.018882397562265396,0.0,synthetic,synthetic_evidence,real,level1_real,False,0.01909768951199994,,0.1528683687167921,-1.525518505467319,-0.8009139685768576,0.73,0.5,c1214e33d698daa7cda082cd2c20ef0e4553d8d63b46ac77494e9685a50a1187
631,diffusiondb:3057eba1-b79f-4b65-850e-ffa8495795a3.png,synthetic,poloclub/diffusiondb,3057eba1-b79f-4b65-850e-ffa8495795a3.png,diffusiondb:3057eba1-b79f-4b65-850e-ffa8495795a3.png,0.9940880537033081,0.6625017523765564,0.21074607155539773,,conflicting_evidence,synthetic,level2_synthetic,False,0.868515964909614,0.602289189591196,0.14784318809451363,0.0586885156284742,-0.16762911145514411,0.73,0.5,c1214e33d698daa7cda082cd2c20ef0e4553d8d63b46ac77494e9685a50a1187
632,cocoglide:000000023023:real,real,nebula/CocoGlide,000000023023,cocoglide:000000023023,0.48656633496284485,0.5877891778945923,0.028281744063488126,real,no_evidence,,level1_inconclusive,True,0.3153211363955037,,-4.203226112327263,-0.1252092869673185,-0.7159282788498207,0.73,0.5,c1214e33d698daa7cda082cd2c20ef0e4553d8d63b46ac77494e9685a50a1187
633,diffusiondb:a7cba203-7e79-42dc-8323-70fab324f2ef.png,synthetic,poloclub/diffusiondb,a7cba203-7e79-42dc-8323-70fab324f2ef.png,diffusiondb:a7cba203-7e79-42dc-8323-70fab324f2ef.png,0.9903910160064697,0.9964502453804016,0.8970565795898438,,conflicting_evidence,synthetic,level2_synthetic,False,0.9995409951795611,0.9089590806265412,0.11614786032580861,0.88067055104085,1.8947108828990364,0.73,0.5,c1214e33d698daa7cda082cd2c20ef0e4553d8d63b46ac77494e9685a50a1187
634,cocoglide:000000340272:edited,edited,nebula/CocoGlide,000000340272,cocoglide:000000340272,0.9949526786804199,0.9781484603881836,0.053540982081964165,,conflicting_evidence,edited,level2_edited,False,0.9704443039224379,0.08870164371003382,0.1552557638629468,0.8356224708885319,-0.6400251181338257,0.73,0.5,c1214e33d698daa7cda082cd2c20ef0e4553d8d63b46ac77494e9685a50a1187
635,cocoglide:000000359855:edited,edited,nebula/CocoGlide,000000359855,cocoglide:000000359855,0.99381422996521,0.9691135883331299,0.2999323811147622,,conflicting_evidence,edited,level2_edited,False,0.9901428735636664,0.2906607879175872,0.14549565100088466,0.8133840039480091,0.10037274921853565,0.73,0.5,c1214e33d698daa7cda082cd2c20ef0e4553d8d63b46ac77494e9685a50a1187
636,cocoglide:000000085665:real,real,nebula/CocoGlide,000000085665,cocoglide:000000085665,0.9954344630241394,0.8715766072273254,0.05920527466054932,,conflicting_evidence,edited,level2_edited,False,0.9383836962949437,0.15852408930183107,0.15938618230609067,0.5733061238648538,-0.6230041094390945,0.73,0.5,c1214e33d698daa7cda082cd2c20ef0e4553d8d63b46ac77494e9685a50a1187
637,diffusiondb:51001511-96ad-46ee-9731-d62e12d8b292.png,synthetic,poloclub/diffusiondb,51001511-96ad-46ee-9731-d62e12d8b292.png,diffusiondb:51001511-96ad-46ee-9731-d62e12d8b292.png,0.9932588338851929,0.9668646454811096,0.3838691711425781,,conflicting_evidence,edited,level2_edited,False,0.9932829758309313,0.3995363260581096,0.14073414672608386,0.80784844783155,0.352599980254004,0.73,0.5,c1214e33d698daa7cda082cd2c20ef0e4553d8d63b46ac77494e9685a50a1187
638,diffusiondb:4d2ec0b8-2318-45d3-9006-76045f8d2574.png,synthetic,poloclub/diffusiondb,4d2ec0b8-2318-45d3-9006-76045f8d2574.png,diffusiondb:4d2ec0b8-2318-45d3-9006-76045f8d2574.png,0.9951748847961426,0.21314896643161774,0.0,synthetic,synthetic_evidence,real,level1_real,False,0.07689061094409025,,0.15716077437340584,-1.0473500662105202,-0.8009139685768576,0.73,0.5,c1214e33d698daa7cda082cd2c20ef0e4553d8d63b46ac77494e9685a50a1187
639,cocoglide:000000508639:real,real,nebula/CocoGlide,000000508639,cocoglide:000000508639,0.9951373934745789,0.04388820752501488,0.0,synthetic,synthetic_evidence,real,level1_real,False,0.022958410119695228,,0.1568393549498332,-1.4639691138667432,-0.8009139685768576,0.73,0.5,c1214e33d698daa7cda082cd2c20ef0e4553d8d63b46ac77494e9685a50a1187
640,cocoglide:000000319617:edited,edited,nebula/CocoGlide,000000319617,cocoglide:000000319617,0.9939594268798828,0.998658299446106,0.16298960722921446,,conflicting_evidence,edited,level2_edited,False,0.984787933954502,0.1375570846058987,0.14674044864130262,0.8861054633499388,-0.31113568058943636,0.73,0.5,c1214e33d698daa7cda082cd2c20ef0e4553d8d63b46ac77494e9685a50a1187
641,cocoglide:000000023023:edited,edited,nebula/CocoGlide,000000023023,cocoglide:000000023023,0.8984051942825317,0.9548795223236084,0.13476695703391406,edited,edited_evidence,edited,level2_edited,False,0.9700074445485825,0.14921069345156376,-0.672462104919384,0.778348222095968,-0.3959437952300394,0.73,0.5,c1214e33d698daa7cda082cd2c20ef0e4553d8d63b46ac77494e9685a50a1187
642,cocoglide:000000027932:real,real,nebula/CocoGlide,000000027932,cocoglide:000000027932,0.9954720735549927,0.06201298534870148,0.0,synthetic,synthetic_evidence,real,level1_real,False,0.026223219763954097,,0.1597086237310101,-1.4193567198029093,-0.8009139685768576,0.73,0.5,c1214e33d698daa7cda082cd2c20ef0e4553d8d63b46ac77494e9685a50a1187
643,diffusiondb:c336fffe-b59b-4d06-82ad-b9c73e1fcef0.png,synthetic,poloclub/diffusiondb,c336fffe-b59b-4d06-82ad-b9c73e1fcef0.png,diffusiondb:c336fffe-b59b-4d06-82ad-b9c73e1fcef0.png,0.9917808175086975,0.9987682700157166,0.8069210052490234,,conflicting_evidence,synthetic,level2_synthetic,False,0.9993056951478382,0.8558229421543203,0.1280628630276255,0.8863761453099945,1.6238565134831622,0.73,0.5,c1214e33d698daa7cda082cd2c20ef0e4553d8d63b46ac77494e9685a50a1187
644,cocoglide:000000529105:real,real,nebula/CocoGlide,000000529105,cocoglide:000000529105,0.9955171942710876,0.707375168800354,0.018349130448260895,,conflicting_evidence,edited,level2_edited,False,0.7856321835714332,0.282841622772803,0.16009545124077876,0.16914010604039914,-0.7457754487056578,0.73,0.5,c1214e33d698daa7cda082cd2c20ef0e4553d8d63b46ac77494e9685a50a1187
645,cocoglide:000000356498:edited,edited,nebula/CocoGlide,000000356498,cocoglide:000000356498,0.9960747957229614,0.9870738387107849,0.12845747566495133,,conflicting_evidence,edited,level2_edited,False,0.980588184043761,0.12332601018806774,0.16487586254049558,0.8575914295577147,-0.41490357454058924,0.73,0.5,c1214e33d698daa7cda082cd2c20ef0e4553d8d63b46ac77494e9685a50a1187
646,cocoglide:000000491725:edited,edited,nebula/CocoGlide,000000491725,cocoglide:000000491725,0.9923120141029358,0.934262752532959,0.04887353524707049,,conflicting_evidence,edited,level2_edited,False,0.9582937633432076,0.10937592462682874,0.1326169010290233,0.727602029940068,-0.6540506388951075,0.73,0.5,c1214e33d698daa7cda082cd2c20ef0e4553d8d63b46ac77494e9685a50a1187
647,cocoglide:000000015497:real,real,nebula/CocoGlide,000000015497,cocoglide:000000015497,0.9951075315475464,0.1140483021736145,0.0,synthetic,synthetic_evidence,real,level1_real,False,0.03818419362711881,,0.1565833436124566,-1.291276801692372,-0.8009139685768576,0.73,0.5,c1214e33d698daa7cda082cd2c20ef0e4553d8d63b46ac77494e9685a50a1187
648,cocoglide:000000015497:edited,edited,nebula/CocoGlide,000000015497,cocoglide:000000015497,0.9935089349746704,0.9682589769363403,0.060284464318928636,,conflicting_evidence,edited,level2_edited,False,0.9691292096810683,0.09678601420550345,0.14287830555169712,0.8112804603473149,-0.6197611808114339,0.73,0.5,c1214e33d698daa7cda082cd2c20ef0e4553d8d63b46ac77494e9685a50a1187
649,diffusiondb:56481764-04b6-4085-97b2-d05de3be618a.png,synthetic,poloclub/diffusiondb,56481764-04b6-4085-97b2-d05de3be618a.png,diffusiondb:56481764-04b6-4085-97b2-d05de3be618a.png,0.9861445426940918,0.32961493730545044,2.002716064453125e-05,real,no_evidence,real,level1_real,False,0.16296110251000215,,0.07974212834964345,-0.7606803018584194,-0.8008537876326829,0.73,0.5,c1214e33d698daa7cda082cd2c20ef0e4553d8d63b46ac77494e9685a50a1187
650,diffusiondb:99d191cd-7c93-4b22-87a3-53cf1bd50be6.png,synthetic,poloclub/diffusiondb,99d191cd-7c93-4b22-87a3-53cf1bd50be6.png,diffusiondb:99d191cd-7c93-4b22-87a3-53cf1bd50be6.png,0.9951834082603455,0.8790165185928345,0.38915252685546875,,conflicting_evidence,synthetic,level2_synthetic,False,0.9875036963975181,0.5350557527245152,0.15723384746970295,0.5916187487624854,0.36847628647915526,0.73,0.5,c1214e33d698daa7cda082cd2c20ef0e4553d8d63b46ac77494e9685a50a1187
651,cocoglide:000000153217:edited,edited,nebula/CocoGlide,000000153217,cocoglide:000000153217,0.9908768534660339,0.9825574159622192,0.3695933954367909,,conflicting_evidence,edited,level2_edited,False,0.9935620261143032,0.358872697172476,0.12031302681474414,0.8464746901759741,0.30970175438712405,0.73,0.5,c1214e33d698daa7cda082cd2c20ef0e4553d8d63b46ac77494e9685a50a1187
652,cocoglide:000000231527:edited,edited,nebula/CocoGlide,000000231527,cocoglide:000000231527,0.9921433925628662,0.9995121955871582,0.29760543896087793,,conflicting_evidence,edited,level2_edited,False,0.9920109197233113,0.25263570420824566,0.1311712801239566,0.8882072464175593,0.09338036630682978,0.73,0.5,c1214e33d698daa7cda082cd2c20ef0e4553d8d63b46ac77494e9685a50a1187
653,cocoglide:000000231527:real,real,nebula/CocoGlide,000000231527,cocoglide:000000231527,0.9931128621101379,0.2998325228691101,0.0,synthetic,synthetic_evidence,real,level1_real,False,0.13678013472459763,,0.1394827060769116,-0.8339868450851201,-0.8009139685768576,0.73,0.5,c1214e33d698daa7cda082cd2c20ef0e4553d8d63b46ac77494e9685a50a1187
654,cocoglide:000000286849:edited,edited,nebula/CocoGlide,000000286849,cocoglide:000000286849,0.9944087862968445,0.5001901984214783,0.010024645049290098,synthetic,synthetic_evidence,,level1_inconclusive,True,0.42728342780519973,,0.15059288271811344,-0.3408257336824354,-0.7707902473569023,0.73,0.5,c1214e33d698daa7cda082cd2c20ef0e4553d8d63b46ac77494e9685a50a1187
655,cocoglide:000000243344:real,real,nebula/CocoGlide,000000243344,cocoglide:000000243344,0.9959853291511536,0.04584914445877075,0.0,synthetic,synthetic_evidence,real,level1_real,False,0.023336147160109465,,0.16410885052971258,-1.4591424565651172,-0.8009139685768576,0.73,0.5,c1214e33d698daa7cda082cd2c20ef0e4553d8d63b46ac77494e9685a50a1187
656,cocoglide:000000392228:real,real,nebula/CocoGlide,000000392228,cocoglide:000000392228,0.9925826787948608,0.09167849272489548,0.0,synthetic,synthetic_evidence,real,level1_real,False,0.03230391018283778,,0.13493735508696172,-1.3463379320393005,-0.8009139685768576,0.73,0.5,c1214e33d698daa7cda082cd2c20ef0e4553d8d63b46ac77494e9685a50a1187
657,cocoglide:000000032285:real,real,nebula/CocoGlide,000000032285,cocoglide:000000032285,0.9922882318496704,0.38266468048095703,0.0023124108748217497,synthetic,synthetic_evidence,real,level1_real,False,0.22901547621310683,,0.13241301176033415,-0.6301034710385701,-0.7939652516700124,0.73,0.5,c1214e33d698daa7cda082cd2c20ef0e4553d8d63b46ac77494e9685a50a1187
658,diffusiondb:d10cfc02-708c-46ff-b423-01b671840461.png,synthetic,poloclub/diffusiondb,d10cfc02-708c-46ff-b423-01b671840461.png,diffusiondb:d10cfc02-708c-46ff-b423-01b671840461.png,0.9948381781578064,0.2293531894683838,0.0,synthetic,synthetic_evidence,real,level1_real,False,0.08587819172062955,,0.15427413156933312,-1.0074649326852023,-0.8009139685768576,0.73,0.5,c1214e33d698daa7cda082cd2c20ef0e4553d8d63b46ac77494e9685a50a1187
659,diffusiondb:b699ef7e-33e9-449e-ab25-eb04b98bdb20.png,synthetic,poloclub/diffusiondb,b699ef7e-33e9-449e-ab25-eb04b98bdb20.png,diffusiondb:b699ef7e-33e9-449e-ab25-eb04b98bdb20.png,0.9953057169914246,0.9320063591003418,0.8918817693536932,,conflicting_evidence,synthetic,level2_synthetic,False,0.9992473123859502,0.9341472418596986,0.15828242085153285,0.7220481349374263,1.8791607521808416,0.73,0.5,c1214e33d698daa7cda082cd2c20ef0e4553d8d63b46ac77494e9685a50a1187
660,diffusiondb:5e284c64-06a7-460b-a0f1-28594bb05dd6.png,synthetic,poloclub/diffusiondb,5e284c64-06a7-460b-a0f1-28594bb05dd6.png,diffusiondb:5e284c64-06a7-460b-a0f1-28594bb05dd6.png,0.9951070547103882,0.5548089742660522,0.027825095436789772,synthetic,synthetic_evidence,,level1_inconclusive,True,0.550559337337506,,0.15657925560706934,-0.20638688014361056,-0.7173004926148469,0.73,0.5,c1214e33d698daa7cda082cd2c20ef0e4553d8d63b46ac77494e9685a50a1187
661,cocoglide:000000357501:real,real,nebula/CocoGlide,000000357501,cocoglide:000000357501,0.9951489567756653,0.0792703777551651,0.0,synthetic,synthetic_evidence,real,level1_real,False,0.029704546216877903,,0.15693848908047403,-1.3768793113601296,-0.8009139685768576,0.73,0.5,c1214e33d698daa7cda082cd2c20ef0e4553d8d63b46ac77494e9685a50a1187
662,cocoglide:000000128598:edited,edited,nebula/CocoGlide,000000128598,cocoglide:000000128598,0.9953254461288452,0.9986813068389893,0.33895758416516836,,conflicting_evidence,edited,level2_edited,False,0.9934556458767294,0.3000126851042794,0.15845156207443037,0.8861620938304707,0.21764217187264118,0.73,0.5,c1214e33d698daa7cda082cd2c20ef0e4553d8d63b46ac77494e9685a50a1187
663,cocoglide:000000318080:real,real,nebula/CocoGlide,000000318080,cocoglide:000000318080,0.9951226115226746,0.004703512880951166,0.0,synthetic,synthetic_evidence,real,level1_real,False,0.017228279854121446,,0.1567126267828284,-1.5604184637973897,-0.8009139685768576,0.73,0.5,c1214e33d698daa7cda082cd2c20ef0e4553d8d63b46ac77494e9685a50a1187
664,diffusiondb:32a2eebd-e782-4f96-a864-bf513cb2c4d4.png,synthetic,poloclub/diffusiondb,32a2eebd-e782-4f96-a864-bf513cb2c4d4.png,diffusiondb:32a2eebd-e782-4f96-a864-bf513cb2c4d4.png,0.9886265397071838,0.7929547429084778,0.6624755859375,,conflicting_evidence,synthetic,level2_synthetic,False,0.9934965862131112,0.8987268259470071,0.10102070739095913,0.3797859810445719,1.189802886502322,0.73,0.5,c1214e33d698daa7cda082cd2c20ef0e4553d8d63b46ac77494e9685a50a1187
665,cocoglide:000000532575:edited,edited,nebula/CocoGlide,000000532575,cocoglide:000000532575,0.9744671583175659,0.9820131659507751,0.3162481012462025,edited,edited_evidence,edited,level2_edited,False,0.9913207939101288,0.2936869070345491,-0.02037005758009689,0.8451350712181042,0.14940093947621727,0.73,0.5,c1214e33d698daa7cda082cd2c20ef0e4553d8d63b46ac77494e9685a50a1187
666,diffusiondb:961cf4e1-a4e0-42ec-ae0c-ad8e061b4699.png,synthetic,poloclub/diffusiondb,961cf4e1-a4e0-42ec-ae0c-ad8e061b4699.png,diffusiondb:961cf4e1-a4e0-42ec-ae0c-ad8e061b4699.png,0.9949225783348083,0.6751261949539185,0.027498685396634616,,conflicting_evidence,edited,level2_edited,False,0.7503351911773555,0.33428823900048754,0.15499770852287656,0.0897623645096166,-0.7182813438075506,0.73,0.5,c1214e33d698daa7cda082cd2c20ef0e4553d8d63b46ac77494e9685a50a1187
667,diffusiondb:ee65ac25-7737-43bd-93c8-6cec8744d556.png,synthetic,poloclub/diffusiondb,ee65ac25-7737-43bd-93c8-6cec8744d556.png,diffusiondb:ee65ac25-7737-43bd-93c8-6cec8744d556.png,0.9939361214637756,0.9729853272438049,0.8693885803222656,,conflicting_evidence,synthetic,level2_synthetic,False,0.9993803059644946,0.9075527023470964,0.14654064737800074,0.8229139161861377,1.811569475641981,0.73,0.5,c1214e33d698daa7cda082cd2c20ef0e4553d8d63b46ac77494e9685a50a1187
668,cocoglide:000000104612:edited,edited,nebula/CocoGlide,000000104612,cocoglide:000000104612,0.9960306286811829,0.9906857013702393,0.28840423305846613,,conflicting_evidence,edited,level2_edited,False,0.9911694588051702,0.25274027911729674,0.16449721104150142,0.8664816814457926,0.06573105202898515,0.73,0.5,c1214e33d698daa7cda082cd2c20ef0e4553d8d63b46ac77494e9685a50a1187
669,cocoglide:000000389315:real,real,nebula/CocoGlide,000000389315,cocoglide:000000389315,0.9930764436721802,0.1983417570590973,0.0,synthetic,synthetic_evidence,real,level1_real,False,0.06906600691845405,,0.1391704846654603,-1.0837965852210474,-0.8009139685768576,0.73,0.5,c1214e33d698daa7cda082cd2c20ef0e4553d8d63b46ac77494e9685a50a1187
670,cocoglide:000000493334:edited,edited,nebula/CocoGlide,000000493334,cocoglide:000000493334,0.9941169023513794,0.9990591406822205,0.7738962040424081,,conflicting_evidence,synthetic,level2_synthetic,False,0.9991922267380494,0.83116309106818,0.14809051242044233,0.8870920954265651,1.5246180965615603,0.73,0.5,c1214e33d698daa7cda082cd2c20ef0e4553d8d63b46ac77494e9685a50a1187
671,diffusiondb:fbebed23-49b9-4105-b60e-df5daf8ed1f3.png,synthetic,poloclub/diffusiondb,fbebed23-49b9-4105-b60e-df5daf8ed1f3.png,diffusiondb:fbebed23-49b9-4105-b60e-df5daf8ed1f3.png,0.9951155185699463,0.9420560598373413,0.6605962117513021,,conflicting_evidence,synthetic,level2_synthetic,False,0.9978714303982399,0.7847575559966538,0.15665181770269307,0.7467845048871148,1.1841554302807158,0.73,0.5,c1214e33d698daa7cda082cd2c20ef0e4553d8d63b46ac77494e9685a50a1187
672,diffusiondb:64a31719-9865-47b3-b806-726976d31386.png,synthetic,poloclub/diffusiondb,64a31719-9865-47b3-b806-726976d31386.png,diffusiondb:64a31719-9865-47b3-b806-726976d31386.png,0.9953012466430664,0.9985995888710022,0.9901351928710938,,conflicting_evidence,synthetic,level2_synthetic,False,0.999715038526899,0.9432918913475934,0.15824409580102738,0.8859609529268195,2.1744089853493542,0.73,0.5,c1214e33d698daa7cda082cd2c20ef0e4553d8d63b46ac77494e9685a50a1187
673,diffusiondb:22bc2068-144a-44d0-9936-553ec43a1c32.png,synthetic,poloclub/diffusiondb,22bc2068-144a-44d0-9936-553ec43a1c32.png,diffusiondb:22bc2068-144a-44d0-9936-553ec43a1c32.png,0.9950683116912842,0.9934089779853821,0.8739873712713068,,conflicting_evidence,synthetic,level2_synthetic,False,0.9994810924449407,0.8993078560904048,0.1562471051693552,0.8731847644121837,1.8253886877753405,0.73,0.5,c1214e33d698daa7cda082cd2c20ef0e4553d8d63b46ac77494e9685a50a1187
674,diffusiondb:1b064569-a610-441b-acfa-b2d0642d41c0.png,synthetic,poloclub/diffusiondb,1b064569-a610-441b-acfa-b2d0642d41c0.png,diffusiondb:1b064569-a610-441b-acfa-b2d0642d41c0.png,0.9937059283256531,0.9001040458679199,0.250579833984375,,conflicting_evidence,edited,level2_edited,False,0.9792740943067474,0.31811224535624544,0.14456716277730525,0.6435236651029498,-0.047929995062248106,0.73,0.5,c1214e33d698daa7cda082cd2c20ef0e4553d8d63b46ac77494e9685a50a1187
675,diffusiondb:bd7b186f-31b6-4975-b6e6-de934c15a29b.png,synthetic,poloclub/diffusiondb,bd7b186f-31b6-4975-b6e6-de934c15a29b.png,diffusiondb:bd7b186f-31b6-4975-b6e6-de934c15a29b.png,0.9963027238845825,0.6756274700164795,0.23461532592773438,,conflicting_evidence,synthetic,level2_synthetic,False,0.8915338462245282,0.6158115695286401,0.16682992911560163,0.09099620477198496,-0.09590280484727187,0.73,0.5,c1214e33d698daa7cda082cd2c20ef0e4553d8d63b46ac77494e9685a50a1187
676,cocoglide:000000189436:edited,edited,nebula/CocoGlide,000000189436,cocoglide:000000189436,0.9954258799552917,0.9828618764877319,0.045175809101618204,,conflicting_evidence,edited,level2_edited,False,0.9703302170456538,0.08284084733543792,0.15931259820912017,0.8472240904209417,-0.6651621815986802,0.73,0.5,c1214e33d698daa7cda082cd2c20ef0e4553d8d63b46ac77494e9685a50a1187
677,cocoglide:000000458663:real,real,nebula/CocoGlide,000000458663,cocoglide:000000458663,0.9925082325935364,0.0471198596060276,0.0,synthetic,synthetic_evidence,real,level1_real,False,0.02336145926578005,,0.13429911524587715,-1.4560147136794517,-0.8009139685768576,0.73,0.5,c1214e33d698daa7cda082cd2c20ef0e4553d8d63b46ac77494e9685a50a1187
678,cocoglide:000000138819:edited,edited,nebula/CocoGlide,000000138819,cocoglide:000000138819,0.9954106211662292,0.9803634285926819,0.03713419926839854,,conflicting_evidence,edited,level2_edited,False,0.9686291729423371,0.08055702608597418,0.15918178203672811,0.8410744016839982,-0.6893269486886348,0.73,0.5,c1214e33d698daa7cda082cd2c20ef0e4553d8d63b46ac77494e9685a50a1187
679,diffusiondb:69b10be4-c7a8-4202-b742-e2d982de96a5.png,synthetic,poloclub/diffusiondb,69b10be4-c7a8-4202-b742-e2d982de96a5.png,diffusiondb:69b10be4-c7a8-4202-b742-e2d982de96a5.png,0.9954604506492615,0.9785338640213013,0.8548140092329546,,conflicting_evidence,synthetic,level2_synthetic,False,0.9993645383703071,0.8974851008594017,0.15960897859969586,0.8365711047929878,1.7677733796968265,0.73,0.5,c1214e33d698daa7cda082cd2c20ef0e4553d8d63b46ac77494e9685a50a1187
680,diffusiondb:0fd778ac-f4f3-4b0d-b66e-aceb4f52e3d4.png,synthetic,poloclub/diffusiondb,0fd778ac-f4f3-4b0d-b66e-aceb4f52e3d4.png,diffusiondb:0fd778ac-f4f3-4b0d-b66e-aceb4f52e3d4.png,0.9961004257202148,0.9329046607017517,0.8545277913411459,,conflicting_evidence,synthetic,level2_synthetic,False,0.9991065833310869,0.919613363347747,0.1650955928300603,0.7242592177666953,1.7669133045581444,0.73,0.5,c1214e33d698daa7cda082cd2c20ef0e4553d8d63b46ac77494e9685a50a1187
681,cocoglide:000000209142:real,real,nebula/CocoGlide,000000209142,cocoglide:000000209142,0.9958112239837646,0.1965532749891281,0.0,synthetic,synthetic_evidence,real,level1_real,False,0.06863186726917582,,0.16261621756269248,-1.0881987614936466,-0.8009139685768576,0.73,0.5,c1214e33d698daa7cda082cd2c20ef0e4553d8d63b46ac77494e9685a50a1187
682,diffusiondb:6657b13b-9ce5-4365-8245-7159e7d27cf9.png,synthetic,poloclub/diffusiondb,6657b13b-9ce5-4365-8245-7159e7d27cf9.png,diffusiondb:6657b13b-9ce5-4365-8245-7159e7d27cf9.png,0.9915747046470642,0.9551532864570618,0.6814713911576704,,conflicting_evidence,synthetic,level2_synthetic,False,0.9982392211051593,0.7914139428425697,0.1262958226989862,0.7790220661298631,1.2468846423138664,0.73,0.5,c1214e33d698daa7cda082cd2c20ef0e4553d8d63b46ac77494e9685a50a1187
683,cocoglide:000000171050:edited,edited,nebula/CocoGlide,000000171050,cocoglide:000000171050,0.9934739470481873,0.9939523339271545,0.21247151869303738,,conflicting_evidence,edited,level2_edited,False,0.9875395902519161,0.17799087641165812,0.14257834815640755,0.8745221827037116,-0.1624442008375151,0.73,0.5,c1214e33d698daa7cda082cd2c20ef0e4553d8d63b46ac77494e9685a50a1187
684,cocoglide:000000366199:real,real,nebula/CocoGlide,000000366199,cocoglide:000000366199,0.9943705201148987,0.8600555658340454,0.16990455855911712,,conflicting_evidence,edited,level2_edited,False,0.9596312049366691,0.272997436303214,0.15026482028578653,0.5449481906718164,-0.2903564844096874,0.73,0.5,c1214e33d698daa7cda082cd2c20ef0e4553d8d63b46ac77494e9685a50a1187
685,cocoglide:000000409630:edited,edited,nebula/CocoGlide,000000409630,cocoglide:000000409630,0.9950996041297913,0.9956158399581909,0.04093751937503875,,conflicting_evidence,edited,level2_edited,False,0.9723912389605085,0.07562009895801867,0.15651538052289354,0.8786167424994832,-0.6778980996830738,0.73,0.5,c1214e33d698daa7cda082cd2c20ef0e4553d8d63b46ac77494e9685a50a1187
686,cocoglide:000000109798:real,real,nebula/CocoGlide,000000109798,cocoglide:000000109798,0.9907258749008179,0.3052700459957123,0.0,synthetic,synthetic_evidence,real,level1_real,False,0.14095224739002615,,0.11901866210900573,-0.8206029058823915,-0.8009139685768576,0.73,0.5,c1214e33d698daa7cda082cd2c20ef0e4553d8d63b46ac77494e9685a50a1187
687,cocoglide:000000014888:edited,edited,nebula/CocoGlide,000000014888,cocoglide:000000014888,0.9936696887016296,0.999484658241272,0.4238057226114452,,conflicting_evidence,edited,level2_edited,False,0.9956527809994408,0.40723854578735,0.14425647436787414,0.8881394658942283,0.47260797425472395,0.73,0.5,c1214e33d698daa7cda082cd2c20ef0e4553d8d63b46ac77494e9685a50a1187
688,cocoglide:000000387098:real,real,nebula/CocoGlide,000000387098,cocoglide:000000387098,0.9957857728004456,0.029784122481942177,0.0,synthetic,synthetic_evidence,real,level1_real,False,0.020740216470470633,,0.16239802027514796,-1.4986849600951633,-0.8009139685768576,0.73,0.5,c1214e33d698daa7cda082cd2c20ef0e4553d8d63b46ac77494e9685a50a1187
689,cocoglide:000000096960:real,real,nebula/CocoGlide,000000096960,cocoglide:000000096960,1.0,0.17401157319545746,0.0,synthetic,synthetic_evidence,real,level1_real,False,0.059171994763078016,,0.19852730088700027,-1.143682988283695,-0.8009139685768576,0.73,0.5,c1214e33d698daa7cda082cd2c20ef0e4553d8d63b46ac77494e9685a50a1187
690,diffusiondb:a55db6f5-32ce-4888-bf2c-d37c051ca0a0.png,synthetic,poloclub/diffusiondb,a55db6f5-32ce-4888-bf2c-d37c051ca0a0.png,diffusiondb:a55db6f5-32ce-4888-bf2c-d37c051ca0a0.png,0.9954009652137756,0.8283788561820984,0.3030548095703125,,conflicting_evidence,edited,level2_edited,False,0.9727855032913711,0.48885453451066413,0.1590989999276363,0.4669790223109505,0.10975554171261136,0.73,0.5,c1214e33d698daa7cda082cd2c20ef0e4553d8d63b46ac77494e9685a50a1187
691,cocoglide:000000411665:real,real,nebula/CocoGlide,000000411665,cocoglide:000000411665,0.9952924251556396,0.08471973240375519,0.0,synthetic,synthetic_evidence,real,level1_real,False,0.030911877375331385,,0.15816846770136322,-1.363466250006143,-0.8009139685768576,0.73,0.5,c1214e33d698daa7cda082cd2c20ef0e4553d8d63b46ac77494e9685a50a1187
692,cocoglide:000000064495:edited,edited,nebula/CocoGlide,000000064495,cocoglide:000000064495,0.9945145845413208,0.9931896328926086,0.1067758385516771,,conflicting_evidence,edited,level2_edited,False,0.9793595529949294,0.10723966027379857,0.15149990891340978,0.8726448676029667,-0.48005616485986075,0.73,0.5,c1214e33d698daa7cda082cd2c20ef0e4553d8d63b46ac77494e9685a50a1187
693,diffusiondb:9c9ce212-2360-4c6f-a923-82315d7b4ca6.png,synthetic,poloclub/diffusiondb,9c9ce212-2360-4c6f-a923-82315d7b4ca6.png,diffusiondb:9c9ce212-2360-4c6f-a923-82315d7b4ca6.png,0.9946804642677307,0.9866582751274109,0.7575607299804688,,conflicting_evidence,synthetic,level2_synthetic,False,0.9990425489772111,0.8285354660864211,0.15292202378749978,0.8565685598419914,1.4755305464071014,0.73,0.5,c1214e33d698daa7cda082cd2c20ef0e4553d8d63b46ac77494e9685a50a1187
694,cocoglide:000000171050:real,real,nebula/CocoGlide,000000171050,cocoglide:000000171050,0.9942494630813599,0.06563769280910492,0.0,synthetic,synthetic_evidence,real,level1_real,False,0.026846964232308944,,0.14922697791809814,-1.4104348516750524,-0.8009139685768576,0.73,0.5,c1214e33d698daa7cda082cd2c20ef0e4553d8d63b46ac77494e9685a50a1187
695,cocoglide:000000133778:edited,edited,nebula/CocoGlide,000000133778,cocoglide:000000133778,0.9951877593994141,0.7863587141036987,0.10866587358174716,,conflicting_evidence,edited,level2_edited,False,0.9108552707046712,0.29134979984939297,0.15727115051886162,0.36355049175153137,-0.4743766731609689,0.73,0.5,c1214e33d698daa7cda082cd2c20ef0e4553d8d63b46ac77494e9685a50a1187
696,diffusiondb:f3bc8fac-e74b-4bed-902c-29536dd33cef.png,synthetic,poloclub/diffusiondb,f3bc8fac-e74b-4bed-902c-29536dd33cef.png,diffusiondb:f3bc8fac-e74b-4bed-902c-29536dd33cef.png,0.9930389523506165,0.9710580706596375,0.9946181470232746,,conflicting_evidence,synthetic,level2_synthetic,False,0.9996555222508408,0.9525268902867269,0.13884906524188767,0.8181701598195006,2.1878801118040214,0.73,0.5,c1214e33d698daa7cda082cd2c20ef0e4553d8d63b46ac77494e9685a50a1187
697,cocoglide:000000283717:edited,edited,nebula/CocoGlide,000000283717,cocoglide:000000283717,0.9953395128250122,0.998138964176178,0.284118474486949,,conflicting_evidence,edited,level2_edited,False,0.9914568847897993,0.2401027979538799,0.1585721582333543,0.8848271696274637,0.05285249166204636,0.73,0.5,c1214e33d698daa7cda082cd2c20ef0e4553d8d63b46ac77494e9685a50a1187
698,cocoglide:000000153217:real,real,nebula/CocoGlide,000000153217,cocoglide:000000153217,0.9942259192466736,0.007646918296813965,0.0,synthetic,synthetic_evidence,real,level1_real,False,0.017567458767478644,,0.14902513265210263,-1.5531735550001913,-0.8009139685768576,0.73,0.5,c1214e33d698daa7cda082cd2c20ef0e4553d8d63b46ac77494e9685a50a1187
699,cocoglide:000000025986:edited,edited,nebula/CocoGlide,000000025986,cocoglide:000000025986,0.9936937689781189,0.24759244918823242,0.0,synthetic,synthetic_evidence,real,level1_real,False,0.0969625801899407,,0.14446291863993033,-0.962570752465729,-0.8009139685768576,0.73,0.5,c1214e33d698daa7cda082cd2c20ef0e4553d8d63b46ac77494e9685a50a1187
700,diffusiondb:25cbbbd0-cc83-460d-9ab6-af0c600a9855.png,synthetic,poloclub/diffusiondb,25cbbbd0-cc83-460d-9ab6-af0c600a9855.png,diffusiondb:25cbbbd0-cc83-460d-9ab6-af0c600a9855.png,0.9954352974891663,0.9957261085510254,0.9968095259232954,,conflicting_evidence,synthetic,level2_synthetic,False,0.9997181649078591,0.9461351137283186,0.15939333631551836,0.8788881580149863,2.194465131697189,0.73,0.5,c1214e33d698daa7cda082cd2c20ef0e4553d8d63b46ac77494e9685a50a1187
701,cocoglide:000000370478:real,real,nebula/CocoGlide,000000370478,cocoglide:000000370478,0.9953408241271973,0.1408032327890396,0.00035165695331390665,synthetic,synthetic_evidence,real,level1_real,False,0.04634790670951159,,0.15858340024816922,-1.2254221181548997,-0.7998572512592268,0.73,0.5,c1214e33d698daa7cda082cd2c20ef0e4553d8d63b46ac77494e9685a50a1187
702,cocoglide:000000380203:edited,edited,nebula/CocoGlide,000000380203,cocoglide:000000380203,0.9958022236824036,0.9937667846679688,0.33578395281790563,,conflicting_evidence,edited,level2_edited,False,0.9931162777725612,0.3023652264975967,0.16253905646100814,0.874065471082219,0.20810551641104716,0.73,0.5,c1214e33d698daa7cda082cd2c20ef0e4553d8d63b46ac77494e9685a50a1187
703,diffusiondb:99472da3-bf1a-47d1-a0f1-e3d1d86a3c0f.png,synthetic,poloclub/diffusiondb,99472da3-bf1a-47d1-a0f1-e3d1d86a3c0f.png,diffusiondb:99472da3-bf1a-47d1-a0f1-e3d1d86a3c0f.png,0.9954127669334412,0.5129985213279724,0.013935089111328125,synthetic,synthetic_evidence,,level1_inconclusive,True,0.4561370214674781,,0.15920017806097075,-0.30929928109030536,-0.7590394944682096,0.73,0.5,c1214e33d698daa7cda082cd2c20ef0e4553d8d63b46ac77494e9685a50a1187
704,cocoglide:000000269866:real,real,nebula/CocoGlide,000000269866,cocoglide:000000269866,0.9501429796218872,0.024744940921664238,0.0,real,no_evidence,real,level1_real,False,0.01794164722551563,,-0.22890534439185917,-1.51108841991758,-0.8009139685768576,0.73,0.5,c1214e33d698daa7cda082cd2c20ef0e4553d8d63b46ac77494e9685a50a1187
705,cocoglide:000000104198:edited,edited,nebula/CocoGlide,000000104198,cocoglide:000000104198,0.7540419101715088,0.9953253269195557,0.17684760369520738,edited,edited_evidence,edited,level2_edited,False,0.9742534366821991,0.1480426091031891,-1.9101128899190989,0.8779016726494495,-0.2694928672872077,0.73,0.5,c1214e33d698daa7cda082cd2c20ef0e4553d8d63b46ac77494e9685a50a1187
706,cocoglide:000000148707:edited,edited,nebula/CocoGlide,000000148707,cocoglide:000000148707,0.9954487681388855,0.8261655569076538,0.016865971231942462,,conflicting_evidence,edited,level2_edited,False,0.8983981092225274,0.162560482559963,0.1595088224677082,0.4615311994259892,-0.7502322922684479,0.73,0.5,c1214e33d698daa7cda082cd2c20ef0e4553d8d63b46ac77494e9685a50a1187
707,cocoglide:000000532129:edited,edited,nebula/CocoGlide,000000532129,cocoglide:000000532129,0.9948948621749878,0.961848795413971,0.6804155170810342,,conflicting_evidence,synthetic,level2_synthetic,False,0.9983299167908483,0.7838449310950717,0.15476009320974257,0.7955024162312143,1.2437117762251844,0.73,0.5,c1214e33d698daa7cda082cd2c20ef0e4553d8d63b46ac77494e9685a50a1187
708,cocoglide:000000196843:edited,edited,nebula/CocoGlide,000000196843,cocoglide:000000196843,0.9925829172134399,0.8762454390525818,0.03673313596627193,,conflicting_evidence,edited,level2_edited,False,0.9335696622193581,0.1390539098404813,0.13493939908965535,0.5847980035023466,-0.6905321304227923,0.73,0.5,c1214e33d698daa7cda082cd2c20ef0e4553d8d63b46ac77494e9685a50a1187
709,cocoglide:000000220310:real,real,nebula/CocoGlide,000000220310,cocoglide:000000220310,0.9764263033866882,0.14425402879714966,0.0,real,no_evidence,real,level1_real,False,0.04540523465451955,,-0.0035739764459021147,-1.216928316308318,-0.8009139685768576,0.73,0.5,c1214e33d698daa7cda082cd2c20ef0e4553d8d63b46ac77494e9685a50a1187
710,cocoglide:000000486046:real,real,nebula/CocoGlide,000000486046,cocoglide:000000486046,0.9952175617218018,0.1527315229177475,0.0,synthetic,synthetic_evidence,real,level1_real,False,0.05035737045051869,,0.1575266508555648,-1.196061781443119,-0.8009139685768576,0.73,0.5,c1214e33d698daa7cda082cd2c20ef0e4553d8d63b46ac77494e9685a50a1187
711,diffusiondb:2141d446-3412-411e-9686-69564174a064.png,synthetic,poloclub/diffusiondb,2141d446-3412-411e-9686-69564174a064.png,diffusiondb:2141d446-3412-411e-9686-69564174a064.png,0.9936614036560059,0.962577760219574,0.3631342107599432,,conflicting_evidence,edited,level2_edited,False,0.9923492998607468,0.37787396518396754,0.14418544527427066,0.7972966928553243,0.2902921216712658,0.73,0.5,c1214e33d698daa7cda082cd2c20ef0e4553d8d63b46ac77494e9685a50a1187
712,cocoglide:000000146489:real,real,nebula/CocoGlide,000000146489,cocoglide:000000146489,0.9943729639053345,0.912436306476593,0.07146967418934838,,conflicting_evidence,edited,level2_edited,False,0.9562820800636626,0.13688942177991073,0.15028577131339618,0.6738783362235535,-0.5861500013365978,0.73,0.5,c1214e33d698daa7cda082cd2c20ef0e4553d8d63b46ac77494e9685a50a1187
713,cocoglide:000000426253:real,real,nebula/CocoGlide,000000426253,cocoglide:000000426253,0.9827502965927124,0.014418942853808403,0.0,real,no_evidence,real,level1_real,False,0.01796775700391917,,0.05064268400184292,-1.5365048691224659,-0.8009139685768576,0.73,0.5,c1214e33d698daa7cda082cd2c20ef0e4553d8d63b46ac77494e9685a50a1187
714,cocoglide:000000268375:edited,edited,nebula/CocoGlide,000000268375,cocoglide:000000268375,0.994523286819458,0.6845471858978271,0.0914007765515531,,conflicting_evidence,edited,level2_edited,False,0.8142854449183833,0.4048154954326138,0.1515745150117271,0.11295122588766887,-0.5262577090695546,0.73,0.5,c1214e33d698daa7cda082cd2c20ef0e4553d8d63b46ac77494e9685a50a1187
715,diffusiondb:e8bca186-832a-4886-9e6d-325cfdcd341f.png,synthetic,poloclub/diffusiondb,e8bca186-832a-4886-9e6d-325cfdcd341f.png,diffusiondb:e8bca186-832a-4886-9e6d-325cfdcd341f.png,0.9941328167915344,0.9780268669128418,0.4030029296875,,conflicting_evidence,edited,level2_edited,False,0.9943712286330255,0.4095824093924792,0.14822694960024183,0.8353231802660311,0.4100962811667214,0.73,0.5,c1214e33d698daa7cda082cd2c20ef0e4553d8d63b46ac77494e9685a50a1187
716,cocoglide:000000134722:real,real,nebula/CocoGlide,000000134722,cocoglide:000000134722,0.9904714822769165,0.03754349797964096,0.0,synthetic,synthetic_evidence,real,level1_real,False,0.021678101530305312,,0.11683771123490724,-1.4795860050205139,-0.8009139685768576,0.73,0.5,c1214e33d698daa7cda082cd2c20ef0e4553d8d63b46ac77494e9685a50a1187
717,cocoglide:000000435880:real,real,nebula/CocoGlide,000000435880,cocoglide:000000435880,0.9961024522781372,0.03501620888710022,0.0,synthetic,synthetic_evidence,real,level1_real,False,0.021565833487620378,,0.16511296685295612,-1.4858066835858703,-0.8009139685768576,0.73,0.5,c1214e33d698daa7cda082cd2c20ef0e4553d8d63b46ac77494e9685a50a1187
718,cocoglide:000000284762:real,real,nebula/CocoGlide,000000284762,cocoglide:000000284762,0.9910682439804077,0.06301833689212799,0.0,synthetic,synthetic_evidence,real,level1_real,False,0.026143922278787805,,0.12195384997705207,-1.4168821438569679,-0.8009139685768576,0.73,0.5,c1214e33d698daa7cda082cd2c20ef0e4553d8d63b46ac77494e9685a50a1187
719,cocoglide:000000078959:edited,edited,nebula/CocoGlide,000000078959,cocoglide:000000078959,0.9946029782295227,0.7128692269325256,0.024310829871659743,,conflicting_evidence,edited,level2_edited,False,0.7968010126871117,0.28305389666332975,0.15225772291207146,0.1826632007114817,-0.7278607424447759,0.73,0.5,c1214e33d698daa7cda082cd2c20ef0e4553d8d63b46ac77494e9685a50a1187
720,cocoglide:000000491725:real,real,nebula/CocoGlide,000000491725,cocoglide:000000491725,0.9924353957176208,0.09818354994058609,0.0,synthetic,synthetic_evidence,real,level1_real,False,0.03384760020454154,,0.13367467242297454,-1.33032636054655,-0.8009139685768576,0.73,0.5,c1214e33d698daa7cda082cd2c20ef0e4553d8d63b46ac77494e9685a50a1187
721,cocoglide:000000047769:edited,edited,nebula/CocoGlide,000000047769,cocoglide:000000047769,0.9953426122665405,0.9997075200080872,0.07711362297724596,,conflicting_evidence,edited,level2_edited,False,0.9774077312969548,0.08913135264202177,0.15859873026837143,0.8886880186577235,-0.5691901250486716,0.73,0.5,c1214e33d698daa7cda082cd2c20ef0e4553d8d63b46ac77494e9685a50a1187
722,diffusiondb:314bb3cd-4bdd-4d04-8259-cd84875c38d8.png,synthetic,poloclub/diffusiondb,314bb3cd-4bdd-4d04-8259-cd84875c38d8.png,diffusiondb:314bb3cd-4bdd-4d04-8259-cd84875c38d8.png,0.9954881072044373,0.8479487895965576,0.42520577566964285,,conflicting_evidence,synthetic,level2_synthetic,False,0.9867722653966775,0.6286030866424633,0.15984608291215643,0.5151485276026442,0.47681508660742294,0.73,0.5,c1214e33d698daa7cda082cd2c20ef0e4553d8d63b46ac77494e9685a50a1187
723,diffusiondb:b4f252b4-4d6e-40a3-9078-aefffcebce2e.png,synthetic,poloclub/diffusiondb,b4f252b4-4d6e-40a3-9078-aefffcebce2e.png,diffusiondb:b4f252b4-4d6e-40a3-9078-aefffcebce2e.png,0.9952477812767029,0.9895919561386108,0.8532447814941406,,conflicting_evidence,synthetic,level2_synthetic,False,0.9994101846058114,0.8904697426928854,0.15778572819698183,0.8637895329541804,1.7630579031186309,0.73,0.5,c1214e33d698daa7cda082cd2c20ef0e4553d8d63b46ac77494e9685a50a1187
724,diffusiondb:ddde3c38-c8fe-4cca-ad71-392c723ae9c4.png,synthetic,poloclub/diffusiondb,ddde3c38-c8fe-4cca-ad71-392c723ae9c4.png,diffusiondb:ddde3c38-c8fe-4cca-ad71-392c723ae9c4.png,0.9912129044532776,0.4848383665084839,0.004856109619140625,synthetic,synthetic_evidence,,level1_inconclusive,True,0.3916563478211655,,0.12319404861140938,-0.37861278859514164,-0.7863215224941013,0.73,0.5,c1214e33d698daa7cda082cd2c20ef0e4553d8d63b46ac77494e9685a50a1187
725,cocoglide:000000050331:edited,edited,nebula/CocoGlide,000000050331,cocoglide:000000050331,0.9959750771522522,0.902414083480835,0.03744129363258727,,conflicting_evidence,edited,level2_edited,False,0.9453237876715331,0.12202934215724712,0.16402095841388667,0.6492096000861066,-0.6884041404525769,0.73,0.5,c1214e33d698daa7cda082cd2c20ef0e4553d8d63b46ac77494e9685a50a1187
726,cocoglide:000000486479:edited,edited,nebula/CocoGlide,000000486479,cocoglide:000000486479,0.9958975315093994,0.8103737831115723,0.17234290718581438,,conflicting_evidence,edited,level2_edited,False,0.9433485207253287,0.33789229090713646,0.16335614653778496,0.4226612699619701,-0.28302932879404885,0.73,0.5,c1214e33d698daa7cda082cd2c20ef0e4553d8d63b46ac77494e9685a50a1187
727,cocoglide:000000322211:real,real,nebula/CocoGlide,000000322211,cocoglide:000000322211,0.9956309795379639,0.021037209779024124,0.0,synthetic,synthetic_evidence,real,level1_real,False,0.019445785234608003,,0.16107095152631157,-1.5202146428388916,-0.8009139685768576,0.73,0.5,c1214e33d698daa7cda082cd2c20ef0e4553d8d63b46ac77494e9685a50a1187
728,diffusiondb:76bf8716-8bda-455c-85b3-1ed98288e3f7.png,synthetic,poloclub/diffusiondb,76bf8716-8bda-455c-85b3-1ed98288e3f7.png,diffusiondb:76bf8716-8bda-455c-85b3-1ed98288e3f7.png,0.9899805188179016,0.8760831952095032,0.38236860795454547,,conflicting_evidence,synthetic,level2_synthetic,False,0.9866466103296427,0.5298109009895063,0.11262859868805877,0.5843986559168333,0.3480908383415506,0.73,0.5,c1214e33d698daa7cda082cd2c20ef0e4553d8d63b46ac77494e9685a50a1187
729,diffusiondb:ca48fbfd-435e-4741-a1c1-8b63a4742363.png,synthetic,poloclub/diffusiondb,ca48fbfd-435e-4741-a1c1-8b63a4742363.png,diffusiondb:ca48fbfd-435e-4741-a1c1-8b63a4742363.png,0.99458247423172,0.6203079223632812,0.032501220703125,,conflicting_evidence,,level1_inconclusive,True,0.6712600087367483,,0.15208193868041966,-0.04516753104563476,-0.7032488934589598,0.73,0.5,c1214e33d698daa7cda082cd2c20ef0e4553d8d63b46ac77494e9685a50a1187
730,diffusiondb:372a35a8-df98-44f8-b8ed-ab233bd31d9a.png,synthetic,poloclub/diffusiondb,372a35a8-df98-44f8-b8ed-ab233bd31d9a.png,diffusiondb:372a35a8-df98-44f8-b8ed-ab233bd31d9a.png,0.9950194358825684,0.9771666526794434,0.5913467407226562,,conflicting_evidence,synthetic,level2_synthetic,False,0.9977134086636469,0.6676357420313744,0.15582808461716194,0.8332058458229277,0.9760630988675422,0.73,0.5,c1214e33d698daa7cda082cd2c20ef0e4553d8d63b46ac77494e9685a50a1187
731,cocoglide:000000185409:real,real,nebula/CocoGlide,000000185409,cocoglide:000000185409,0.9958264231681824,0.030136242508888245,0.0,synthetic,synthetic_evidence,real,level1_real,False,0.020795746289121505,,0.16274652273441112,-1.4978182505800068,-0.8009139685768576,0.73,0.5,c1214e33d698daa7cda082cd2c20ef0e4553d8d63b46ac77494e9685a50a1187
732,cocoglide:000000036861:real,real,nebula/CocoGlide,000000036861,cocoglide:000000036861,0.9942348599433899,0.3537183403968811,0.002736724223448447,synthetic,synthetic_evidence,real,level1_real,False,0.19410763287118601,,0.1491017827531136,-0.7013520978133992,-0.7926902043280777,0.73,0.5,c1214e33d698daa7cda082cd2c20ef0e4553d8d63b46ac77494e9685a50a1187
733,cocoglide:000000027932:edited,edited,nebula/CocoGlide,000000027932,cocoglide:000000027932,0.9951895475387573,0.9970211982727051,0.1456227912455825,,conflicting_evidence,edited,level2_edited,False,0.9833294051115933,0.12746300880487513,0.1572864805390638,0.8820758965667984,-0.3633223785320475,0.73,0.5,c1214e33d698daa7cda082cd2c20ef0e4553d8d63b46ac77494e9685a50a1187
734,cocoglide:000000453722:edited,edited,nebula/CocoGlide,000000453722,cocoglide:000000453722,0.9956687688827515,0.6998980641365051,0.01856709963419927,,conflicting_evidence,edited,level2_edited,False,0.7763140040473965,0.29212573366493444,0.16139492595325122,0.15073593342294372,-0.7451204586327461,0.73,0.5,c1214e33d698daa7cda082cd2c20ef0e4553d8d63b46ac77494e9685a50a1187
735,cocoglide:000000101762:real,real,nebula/CocoGlide,000000101762,cocoglide:000000101762,0.9954193830490112,0.023014694452285767,0.0,synthetic,synthetic_evidence,real,level1_real,False,0.019719814235673906,,0.15925689913571886,-1.515347254871054,-0.8009139685768576,0.73,0.5,c1214e33d698daa7cda082cd2c20ef0e4553d8d63b46ac77494e9685a50a1187
736,diffusiondb:ef95b5d0-936c-4c66-be23-60aa57ce0cd4.png,synthetic,poloclub/diffusiondb,ef95b5d0-936c-4c66-be23-60aa57ce0cd4.png,diffusiondb:ef95b5d0-936c-4c66-be23-60aa57ce0cd4.png,0.9938633441925049,0.9987944960594177,0.9131941361860796,,conflicting_evidence,synthetic,level2_synthetic,False,0.999586208363544,0.9151338732346609,0.14591671555577151,0.8864406981893574,1.9432036977255012,0.73,0.5,c1214e33d698daa7cda082cd2c20ef0e4553d8d63b46ac77494e9685a50a1187
737,cocoglide:000000328117:real,real,nebula/CocoGlide,000000328117,cocoglide:000000328117,0.9954038858413696,0.1296369731426239,0.0,synthetic,synthetic_evidence,real,level1_real,False,0.04273157981746831,,0.15912403896063318,-1.2529067902656918,-0.8009139685768576,0.73,0.5,c1214e33d698daa7cda082cd2c20ef0e4553d8d63b46ac77494e9685a50a1187
738,cocoglide:000000402519:edited,edited,nebula/CocoGlide,000000402519,cocoglide:000000402519,0.9922467470169067,0.996648907661438,0.083875511501023,,conflicting_evidence,edited,level2_edited,False,0.9774580199399052,0.09377282573903484,0.1320573552916433,0.881159539102024,-0.5488708774534562,0.73,0.5,c1214e33d698daa7cda082cd2c20ef0e4553d8d63b46ac77494e9685a50a1187
739,diffusiondb:440dbe78-9f7a-4c03-affd-2db8ffa277a8.png,synthetic,poloclub/diffusiondb,440dbe78-9f7a-4c03-affd-2db8ffa277a8.png,diffusiondb:440dbe78-9f7a-4c03-affd-2db8ffa277a8.png,0.16187763214111328,0.9971738457679749,0.9959297180175781,edited,edited_evidence,synthetic,level2_synthetic,False,0.9979114731885592,0.9432876285411051,-6.986837128122737,0.8824516236669085,2.191821338530585,0.73,0.5,c1214e33d698daa7cda082cd2c20ef0e4553d8d63b46ac77494e9685a50a1187
740,cocoglide:000000322574:edited,edited,nebula/CocoGlide,000000322574,cocoglide:000000322574,0.9956951141357422,0.9913141131401062,0.09299824849649699,,conflicting_evidence,edited,level2_edited,False,0.9777305250469629,0.10105712089619706,0.16162078825089685,0.8680284564619817,-0.5214573596018598,0.73,0.5,c1214e33d698daa7cda082cd2c20ef0e4553d8d63b46ac77494e9685a50a1187
741,cocoglide:000000194746:real,real,nebula/CocoGlide,000000194746,cocoglide:000000194746,0.9952326416969299,0.03650260344147682,0.0,synthetic,synthetic_evidence,real,level1_real,False,0.021756847618286286,,0.1576559340259366,-1.4821480666229896,-0.8009139685768576,0.73,0.5,c1214e33d698daa7cda082cd2c20ef0e4553d8d63b46ac77494e9685a50a1187
742,cocoglide:000000085576:edited,edited,nebula/CocoGlide,000000085576,cocoglide:000000085576,0.9944303631782532,0.9900078177452087,0.052256417012834025,,conflicting_evidence,edited,level2_edited,False,0.9726865197238543,0.08265764358945318,0.15077786496188655,0.8648131362253509,-0.6438851929635184,0.73,0.5,c1214e33d698daa7cda082cd2c20ef0e4553d8d63b46ac77494e9685a50a1187
743,diffusiondb:035b17c4-58f9-423d-9027-cc22851d9c9c.png,synthetic,poloclub/diffusiondb,035b17c4-58f9-423d-9027-cc22851d9c9c.png,diffusiondb:035b17c4-58f9-423d-9027-cc22851d9c9c.png,0.9819185733795166,0.9987940788269043,0.99044189453125,edited,edited_evidence,synthetic,level2_synthetic,False,0.9997065512524482,0.943287451878717,0.043512180605130096,0.8864396712117313,2.1753306135230024,0.73,0.5,c1214e33d698daa7cda082cd2c20ef0e4553d8d63b46ac77494e9685a50a1187
744,diffusiondb:c28700d9-b502-4d86-ba93-274e5f4ae0ec.png,synthetic,poloclub/diffusiondb,c28700d9-b502-4d86-ba93-274e5f4ae0ec.png,diffusiondb:c28700d9-b502-4d86-ba93-274e5f4ae0ec.png,0.9950946569442749,0.9914045333862305,0.8799493963068182,,conflicting_evidence,synthetic,level2_synthetic,False,0.9994882190597166,0.9033377587376469,0.15647296746700082,0.8682510171846943,1.8433043724896696,0.73,0.5,c1214e33d698daa7cda082cd2c20ef0e4553d8d63b46ac77494e9685a50a1187
745,cocoglide:000000525322:edited,edited,nebula/CocoGlide,000000525322,cocoglide:000000525322,0.9979684948921204,0.9775179028511047,0.11366657108314217,,conflicting_evidence,edited,level2_edited,False,0.9777748738737878,0.12047407093468979,0.18111086493529013,0.8340704142731223,-0.4593497453548799,0.73,0.5,c1214e33d698daa7cda082cd2c20ef0e4553d8d63b46ac77494e9685a50a1187
746,diffusiondb:3f9416ab-1632-4be5-88ad-0161f5d5ebbb.png,synthetic,poloclub/diffusiondb,3f9416ab-1632-4be5-88ad-0161f5d5ebbb.png,diffusiondb:3f9416ab-1632-4be5-88ad-0161f5d5ebbb.png,0.9943408966064453,0.9281261563301086,0.7993316650390625,,conflicting_evidence,synthetic,level2_synthetic,False,0.9987868918954638,0.8961458935905934,0.15001085295110356,0.7124973897245941,1.601050801400174,0.73,0.5,c1214e33d698daa7cda082cd2c20ef0e4553d8d63b46ac77494e9685a50a1187
747,diffusiondb:8fcbb8c1-f720-4082-9d9c-8d8cfb997753.png,synthetic,poloclub/diffusiondb,8fcbb8c1-f720-4082-9d9c-8d8cfb997753.png,diffusiondb:8fcbb8c1-f720-4082-9d9c-8d8cfb997753.png,0.9889236092567444,0.8343791961669922,0.4614285555752841,,conflicting_evidence,synthetic,level2_synthetic,False,0.9875013673953199,0.6919868913865592,0.1035675347472166,0.48174828097591615,0.5856633219638071,0.73,0.5,c1214e33d698daa7cda082cd2c20ef0e4553d8d63b46ac77494e9685a50a1187
748,cocoglide:000000322574:real,real,nebula/CocoGlide,000000322574,cocoglide:000000322574,0.9960684776306152,0.03171880543231964,0.0,synthetic,synthetic_evidence,real,level1_real,False,0.02105007162890021,,0.1648216964691145,-1.4939229244437235,-0.8009139685768576,0.73,0.5,c1214e33d698daa7cda082cd2c20ef0e4553d8d63b46ac77494e9685a50a1187
749,diffusiondb:dbec0fc9-fd8c-42df-af3f-035b8aee1de6.png,synthetic,poloclub/diffusiondb,dbec0fc9-fd8c-42df-af3f-035b8aee1de6.png,diffusiondb:dbec0fc9-fd8c-42df-af3f-035b8aee1de6.png,0.9942892789840698,0.9817997217178345,0.7005977630615234,,conflicting_evidence,synthetic,level2_synthetic,False,0.9986923967673423,0.7831141997874649,0.14956832636793363,0.8446096988067437,1.3043587466186026,0.73,0.5,c1214e33d698daa7cda082cd2c20ef0e4553d8d63b46ac77494e9685a50a1187
750,cocoglide:000000026926:real,real,nebula/CocoGlide,000000026926,cocoglide:000000026926,0.9959450364112854,0.007651832420378923,0.0,synthetic,synthetic_evidence,real,level1_real,False,0.01763982911492308,,0.16376341407448985,-1.5531614593585734,-0.8009139685768576,0.73,0.5,c1214e33d698daa7cda082cd2c20ef0e4553d8d63b46ac77494e9685a50a1187
751,diffusiondb:ce59a0ca-9026-4e04-b178-8d253fce0eab.png,synthetic,poloclub/diffusiondb,ce59a0ca-9026-4e04-b178-8d253fce0eab.png,diffusiondb:ce59a0ca-9026-4e04-b178-8d253fce0eab.png,0.9917126893997192,0.9982081651687622,0.9995651245117188,,conflicting_evidence,synthetic,level2_synthetic,False,0.999724534254051,0.9461687166176641,0.127478789257922,0.884997501202328,2.2027456127779272,0.73,0.5,c1214e33d698daa7cda082cd2c20ef0e4553d8d63b46ac77494e9685a50a1187
752,diffusiondb:356c3b67-0a5d-4adb-b921-da4cd4c5a64d.png,synthetic,poloclub/diffusiondb,356c3b67-0a5d-4adb-b921-da4cd4c5a64d.png,diffusiondb:356c3b67-0a5d-4adb-b921-da4cd4c5a64d.png,0.9960087537765503,0.9107117056846619,0.8290960138494318,,conflicting_evidence,synthetic,level2_synthetic,False,0.9988077954414514,0.9187221099625329,0.1643096737943613,0.6696333975610843,1.6904916685279905,0.73,0.5,c1214e33d698daa7cda082cd2c20ef0e4553d8d63b46ac77494e9685a50a1187
753,cocoglide:000000110638:real,real,nebula/CocoGlide,000000110638,cocoglide:000000110638,0.9959567189216614,0.010097194463014603,0.0,synthetic,synthetic_evidence,real,level1_real,False,0.017959929440858214,,0.1638635702064775,-1.5471424363318615,-0.8009139685768576,0.73,0.5,c1214e33d698daa7cda082cd2c20ef0e4553d8d63b46ac77494e9685a50a1187
754,cocoglide:000000357501:edited,edited,nebula/CocoGlide,000000357501,cocoglide:000000357501,0.9951281547546387,0.9966543912887573,0.2005994636989274,,conflicting_evidence,edited,level2_edited,False,0.9871259921629032,0.16623235621939114,0.15676014984545522,0.8811730365222544,-0.1981193268087707,0.73,0.5,c1214e33d698daa7cda082cd2c20ef0e4553d8d63b46ac77494e9685a50a1187
755,cocoglide:000000553094:edited,edited,nebula/CocoGlide,000000553094,cocoglide:000000553094,0.9920090436935425,0.9983476400375366,0.17412056699113398,,conflicting_evidence,edited,level2_edited,False,0.9854713718581016,0.14536061927402877,0.1300194846060986,0.8853408051516671,-0.2776875208660804,0.73,0.5,c1214e33d698daa7cda082cd2c20ef0e4553d8d63b46ac77494e9685a50a1187
756,cocoglide:000000545826:real,real,nebula/CocoGlide,000000545826,cocoglide:000000545826,0.9944931268692017,0.01716683804988861,0.0,synthetic,synthetic_evidence,real,level1_real,False,0.01885082321795173,,0.1513159486709835,-1.5297411898914057,-0.8009139685768576,0.73,0.5,c1214e33d698daa7cda082cd2c20ef0e4553d8d63b46ac77494e9685a50a1187
757,cocoglide:000000073326:real,real,nebula/CocoGlide,000000073326,cocoglide:000000073326,0.9939834475517273,0.09851016104221344,0.0,synthetic,synthetic_evidence,real,level1_real,False,0.03405018319322562,,0.14694638191268541,-1.3295224387929614,-0.8009139685768576,0.73,0.5,c1214e33d698daa7cda082cd2c20ef0e4553d8d63b46ac77494e9685a50a1187
758,cocoglide:000000283717:real,real,nebula/CocoGlide,000000283717,cocoglide:000000283717,0.9952582716941833,0.011416156776249409,0.0,synthetic,synthetic_evidence,real,level1_real,False,0.018104689280080608,,0.15787566431550137,-1.5438959376963595,-0.8009139685768576,0.73,0.5,c1214e33d698daa7cda082cd2c20ef0e4553d8d63b46ac77494e9685a50a1187
759,diffusiondb:d1cd651f-6daf-4484-b38d-5801f7d08127.png,synthetic,poloclub/diffusiondb,d1cd651f-6daf-4484-b38d-5801f7d08127.png,diffusiondb:d1cd651f-6daf-4484-b38d-5801f7d08127.png,0.9956058859825134,0.6453907489776611,0.14774391867897727,,conflicting_evidence,synthetic,level2_synthetic,False,0.8114945175934549,0.5404268802864689,0.16085582024280745,0.016571429621411247,-0.3569484619333637,0.73,0.5,c1214e33d698daa7cda082cd2c20ef0e4553d8d63b46ac77494e9685a50a1187
760,cocoglide:000000310200:edited,edited,nebula/CocoGlide,000000310200,cocoglide:000000310200,0.9950231313705444,0.9793606400489807,0.414497953995908,,conflicting_evidence,edited,level2_edited,False,0.9947370417160699,0.4233743209172254,0.15585976665891316,0.8386061343149036,0.44463844260790025,0.73,0.5,c1214e33d698daa7cda082cd2c20ef0e4553d8d63b46ac77494e9685a50a1187
761,cocoglide:000000283113:real,real,nebula/CocoGlide,000000283113,cocoglide:000000283113,0.9955292344093323,0.08701202273368835,0.0,synthetic,synthetic_evidence,real,level1_real,False,0.0314467890451075,,0.16019867337680685,-1.3578239982498734,-0.8009139685768576,0.73,0.5,c1214e33d698daa7cda082cd2c20ef0e4553d8d63b46ac77494e9685a50a1187
762,cocoglide:000000245764:edited,edited,nebula/CocoGlide,000000245764,cocoglide:000000245764,0.9947023987770081,0.9997850060462952,0.3063183938867878,,conflicting_evidence,edited,level2_edited,False,0.9923994079871868,0.2617023992489728,0.15311007203531335,0.888878743074023,0.11956250282135225,0.73,0.5,c1214e33d698daa7cda082cd2c20ef0e4553d8d63b46ac77494e9685a50a1187
763,cocoglide:000000132116:edited,edited,nebula/CocoGlide,000000132116,cocoglide:000000132116,0.994816243648529,0.8414346575737,0.09096677568355137,,conflicting_evidence,edited,level2_edited,False,0.9339864302797086,0.21197005302897598,0.15408608332151955,0.49911461934652335,-0.5275618670813965,0.73,0.5,c1214e33d698daa7cda082cd2c20ef0e4553d8d63b46ac77494e9685a50a1187
764,cocoglide:000000072813:edited,edited,nebula/CocoGlide,000000072813,cocoglide:000000072813,0.9953887462615967,0.9904802441596985,0.05787808450616901,,conflicting_evidence,edited,level2_edited,False,0.9735486838030973,0.08487114806933849,0.15899424478958796,0.86597596832042,-0.6269922712163788,0.73,0.5,c1214e33d698daa7cda082cd2c20ef0e4553d8d63b46ac77494e9685a50a1187
765,cocoglide:000000050844:edited,edited,nebula/CocoGlide,000000050844,cocoglide:000000050844,0.9957571625709534,0.991719126701355,0.5500525063550127,,conflicting_evidence,synthetic,level2_synthetic,False,0.9975020785769039,0.5938106849846544,0.1621527399519129,0.8690253583148703,0.8519753134181726,0.73,0.5,c1214e33d698daa7cda082cd2c20ef0e4553d8d63b46ac77494e9685a50a1187
766,cocoglide:000000290833:real,real,nebula/CocoGlide,000000290833,cocoglide:000000290833,0.9952764511108398,0.11052138358354568,0.0,synthetic,synthetic_evidence,real,level1_real,False,0.03724214397636112,,0.1580315195208903,-1.2999579719390817,-0.8009139685768576,0.73,0.5,c1214e33d698daa7cda082cd2c20ef0e4553d8d63b46ac77494e9685a50a1187
767,diffusiondb:d7e0916d-3255-420b-8198-0725fb71830f.png,synthetic,poloclub/diffusiondb,d7e0916d-3255-420b-8198-0725fb71830f.png,diffusiondb:d7e0916d-3255-420b-8198-0725fb71830f.png,0.9951125979423523,0.9134528636932373,0.7602958679199219,,conflicting_evidence,synthetic,level2_synthetic,False,0.9983694912066112,0.8831280431994342,0.15662677866969615,0.6763804938543136,1.483749543925826,0.73,0.5,c1214e33d698daa7cda082cd2c20ef0e4553d8d63b46ac77494e9685a50a1187
768,diffusiondb:a186df72-1e2f-4a37-b562-6f55fff9ef43.png,synthetic,poloclub/diffusiondb,a186df72-1e2f-4a37-b562-6f55fff9ef43.png,diffusiondb:a186df72-1e2f-4a37-b562-6f55fff9ef43.png,0.9896907806396484,0.8980034589767456,0.8580398559570312,,conflicting_evidence,synthetic,level2_synthetic,False,0.9988422490749588,0.9347678724235832,0.1101446244146303,0.6383532728881596,1.7774669406096164,0.73,0.5,c1214e33d698daa7cda082cd2c20ef0e4553d8d63b46ac77494e9685a50a1187
